bennett_id,frequency,consonant_class,vowel,plausible,series,reasons
AB 16,45,DENTAL,a,True,medial-dominant,Kober rescue: frequency contradiction overridden by series/triple link
AB 16,45,DENTAL,e,True,medial-dominant,Kober series 'medial-dominant': consonant DENTAL matches; Kober rescue: frequency contradiction overridden by series/triple link
AB 16,45,DENTAL,i,True,medial-dominant,
AB 16,45,DENTAL,o,True,medial-dominant,
AB 16,45,DENTAL,u,True,medial-dominant,
AB 16,45,LABIAL,a,True,medial-dominant,
AB 16,45,LABIAL,e,True,medial-dominant,Kober series 'medial-dominant': consonant LABIAL matches
AB 16,45,LABIAL,i,True,medial-dominant,Kober rescue: frequency contradiction overridden by series/triple link
AB 16,45,LABIAL,o,True,medial-dominant,
AB 16,45,LABIAL,u,True,medial-dominant,
AB 16,45,VELAR,a,True,medial-dominant,
AB 16,45,VELAR,e,True,medial-dominant,Kober series 'medial-dominant': consonant VELAR matches
AB 16,45,VELAR,i,True,medial-dominant,
AB 16,45,VELAR,o,True,medial-dominant,
AB 16,45,VELAR,u,True,medial-dominant,
AB 16,45,SIBILANT,a,True,medial-dominant,Kober rescue: frequency contradiction overridden by series/triple link
AB 16,45,SIBILANT,e,True,medial-dominant,Kober series 'medial-dominant': consonant SIBILANT matches
AB 16,45,SIBILANT,i,True,medial-dominant,
AB 16,45,SIBILANT,o,True,medial-dominant,
AB 16,45,SIBILANT,u,True,medial-dominant,
AB 16,45,LIQUID,a,True,medial-dominant,
AB 16,45,LIQUID,e,True,medial-dominant,Kober series 'medial-dominant': consonant LIQUID matches
AB 16,45,LIQUID,i,True,medial-dominant,
AB 16,45,LIQUID,o,True,medial-dominant,
AB 16,45,LIQUID,u,True,medial-dominant,
AB 16,45,PALATAL,a,True,medial-dominant,"Kober series 'medial-dominant': vowel a matches series partners {'u', 'o', 'a', 'i'}"
AB 16,45,PALATAL,i,True,medial-dominant,"Kober series 'medial-dominant': vowel i matches series partners {'u', 'o', 'a', 'i'}"
AB 16,45,PALATAL,o,True,medial-dominant,"Kober series 'medial-dominant': vowel o matches series partners {'u', 'o', 'a', 'i'}"
AB 16,45,PALATAL,u,True,medial-dominant,"Kober series 'medial-dominant': vowel u matches series partners {'u', 'o', 'a', 'i'}"
AB 16,45,SEMIVOWEL,a,True,medial-dominant,"Kober series 'medial-dominant': vowel a matches series partners {'u', 'o', 'a', 'i'}"
AB 16,45,SEMIVOWEL,i,True,medial-dominant,"Kober series 'medial-dominant': vowel i matches series partners {'u', 'o', 'a', 'i'}"
AB 16,45,SEMIVOWEL,o,True,medial-dominant,"Kober series 'medial-dominant': vowel o matches series partners {'u', 'o', 'a', 'i'}"
AB 16,45,SEMIVOWEL,u,True,medial-dominant,"Kober series 'medial-dominant': vowel u matches series partners {'u', 'o', 'a', 'i'}"
AB 16,45,VOWEL,a,True,medial-dominant,"Kober series 'medial-dominant': vowel a matches series partners {'u', 'o', 'a', 'i'}"
AB 16,45,VOWEL,i,True,medial-dominant,"Kober series 'medial-dominant': vowel i matches series partners {'u', 'o', 'a', 'i'}"
AB 16,45,VOWEL,o,True,medial-dominant,"Kober series 'medial-dominant': vowel o matches series partners {'u', 'o', 'a', 'i'}"
AB 16,45,VOWEL,u,True,medial-dominant,"Kober series 'medial-dominant': vowel u matches series partners {'u', 'o', 'a', 'i'}"
AB 16,45,PALATAL,e,False,medial-dominant,"Kober series 'medial-dominant': neither consonant (PALATAL not in {'LIQUID', 'VELAR', 'LABIAL', 'DENTAL', 'SIBILANT'}) nor vowel (e not in {'u', 'o', 'a', 'i'}) matches series partners"
AB 16,45,SEMIVOWEL,e,False,medial-dominant,"Kober series 'medial-dominant': neither consonant (SEMIVOWEL not in {'LIQUID', 'VELAR', 'LABIAL', 'DENTAL', 'SIBILANT'}) nor vowel (e not in {'u', 'o', 'a', 'i'}) matches series partners"
AB 16,45,VOWEL,e,False,medial-dominant,"Kober series 'medial-dominant': neither consonant (VOWEL not in {'LIQUID', 'VELAR', 'LABIAL', 'DENTAL', 'SIBILANT'}) nor vowel (e not in {'u', 'o', 'a', 'i'}) matches series partners"
AB 19,0,DENTAL,a,True,,zero frequency — no constraint
AB 19,0,DENTAL,e,True,,zero frequency — no constraint
AB 19,0,DENTAL,i,True,,zero frequency — no constraint
AB 19,0,DENTAL,o,True,,zero frequency — no constraint
AB 19,0,DENTAL,u,True,,zero frequency — no constraint
AB 19,0,LABIAL,a,True,,zero frequency — no constraint
AB 19,0,LABIAL,e,True,,zero frequency — no constraint
AB 19,0,LABIAL,i,True,,zero frequency — no constraint
AB 19,0,LABIAL,o,True,,zero frequency — no constraint
AB 19,0,LABIAL,u,True,,zero frequency — no constraint
AB 19,0,VELAR,a,True,,zero frequency — no constraint
AB 19,0,VELAR,e,True,,zero frequency — no constraint
AB 19,0,VELAR,i,True,,zero frequency — no constraint
AB 19,0,VELAR,o,True,,zero frequency — no constraint
AB 19,0,VELAR,u,True,,zero frequency — no constraint
AB 19,0,SIBILANT,a,True,,zero frequency — no constraint
AB 19,0,SIBILANT,e,True,,zero frequency — no constraint
AB 19,0,SIBILANT,i,True,,zero frequency — no constraint
AB 19,0,SIBILANT,o,True,,zero frequency — no constraint
AB 19,0,SIBILANT,u,True,,zero frequency — no constraint
AB 19,0,LIQUID,a,True,,zero frequency — no constraint
AB 19,0,LIQUID,e,True,,zero frequency — no constraint
AB 19,0,LIQUID,i,True,,zero frequency — no constraint
AB 19,0,LIQUID,o,True,,zero frequency — no constraint
AB 19,0,LIQUID,u,True,,zero frequency — no constraint
AB 19,0,PALATAL,a,True,,zero frequency — no constraint
AB 19,0,PALATAL,e,True,,zero frequency — no constraint
AB 19,0,PALATAL,i,True,,zero frequency — no constraint
AB 19,0,PALATAL,o,True,,zero frequency — no constraint
AB 19,0,PALATAL,u,True,,zero frequency — no constraint
AB 19,0,SEMIVOWEL,a,True,,zero frequency — no constraint
AB 19,0,SEMIVOWEL,e,True,,zero frequency — no constraint
AB 19,0,SEMIVOWEL,i,True,,zero frequency — no constraint
AB 19,0,SEMIVOWEL,o,True,,zero frequency — no constraint
AB 19,0,SEMIVOWEL,u,True,,zero frequency — no constraint
AB 19,0,VOWEL,a,True,,zero frequency — no constraint
AB 19,0,VOWEL,e,True,,zero frequency — no constraint
AB 19,0,VOWEL,i,True,,zero frequency — no constraint
AB 19,0,VOWEL,o,True,,zero frequency — no constraint
AB 19,0,VOWEL,u,True,,zero frequency — no constraint
AB 20,2,DENTAL,i,True,,
AB 20,2,DENTAL,u,True,,
AB 20,2,LABIAL,a,True,,
AB 20,2,LABIAL,e,True,,
AB 20,2,LABIAL,o,True,,
AB 20,2,VELAR,a,True,,
AB 20,2,VELAR,i,True,,
AB 20,2,VELAR,o,True,,
AB 20,2,VELAR,u,True,,
AB 20,2,SIBILANT,a,True,,
AB 20,2,SIBILANT,e,True,,
AB 20,2,SIBILANT,i,True,,
AB 20,2,SIBILANT,o,True,,
AB 20,2,SIBILANT,u,True,,
AB 20,2,LIQUID,a,True,,
AB 20,2,LIQUID,e,True,,
AB 20,2,LIQUID,o,True,,
AB 20,2,LIQUID,u,True,,
AB 20,2,PALATAL,a,True,,
AB 20,2,PALATAL,e,True,,
AB 20,2,PALATAL,i,True,,
AB 20,2,PALATAL,o,True,,
AB 20,2,PALATAL,u,True,,
AB 20,2,SEMIVOWEL,a,True,,
AB 20,2,SEMIVOWEL,e,True,,
AB 20,2,SEMIVOWEL,i,True,,
AB 20,2,SEMIVOWEL,o,True,,
AB 20,2,SEMIVOWEL,u,True,,
AB 20,2,VOWEL,a,True,,
AB 20,2,VOWEL,e,True,,
AB 20,2,VOWEL,i,True,,
AB 20,2,VOWEL,o,True,,
AB 20,2,VOWEL,u,True,,
AB 20,2,DENTAL,a,False,,"frequency 2 outside DENTAL/a envelope (mean=148.5, std=9.5)"
AB 20,2,DENTAL,e,False,,"frequency 2 outside DENTAL/e envelope (mean=140.5, std=15.5)"
AB 20,2,DENTAL,o,False,,"frequency 2 outside DENTAL/o envelope (mean=28.5, std=11.5)"
AB 20,2,LABIAL,i,False,,"frequency 2 outside LABIAL/i envelope (mean=6.3, std=1.7)"
AB 20,2,LABIAL,u,False,,"frequency 2 outside LABIAL/u envelope (mean=94.3, std=32.7)"
AB 20,2,VELAR,e,False,,"frequency 2 outside VELAR/e envelope (mean=62.5, std=16.5)"
AB 20,2,LIQUID,i,False,,"frequency 2 outside LIQUID/i envelope (mean=53.0, std=24.0)"
AB 21F,0,DENTAL,a,True,,zero frequency — no constraint
AB 21F,0,DENTAL,e,True,,zero frequency — no constraint
AB 21F,0,DENTAL,i,True,,zero frequency — no constraint
AB 21F,0,DENTAL,o,True,,zero frequency — no constraint
AB 21F,0,DENTAL,u,True,,zero frequency — no constraint
AB 21F,0,LABIAL,a,True,,zero frequency — no constraint
AB 21F,0,LABIAL,e,True,,zero frequency — no constraint
AB 21F,0,LABIAL,i,True,,zero frequency — no constraint
AB 21F,0,LABIAL,o,True,,zero frequency — no constraint
AB 21F,0,LABIAL,u,True,,zero frequency — no constraint
AB 21F,0,VELAR,a,True,,zero frequency — no constraint
AB 21F,0,VELAR,e,True,,zero frequency — no constraint
AB 21F,0,VELAR,i,True,,zero frequency — no constraint
AB 21F,0,VELAR,o,True,,zero frequency — no constraint
AB 21F,0,VELAR,u,True,,zero frequency — no constraint
AB 21F,0,SIBILANT,a,True,,zero frequency — no constraint
AB 21F,0,SIBILANT,e,True,,zero frequency — no constraint
AB 21F,0,SIBILANT,i,True,,zero frequency — no constraint
AB 21F,0,SIBILANT,o,True,,zero frequency — no constraint
AB 21F,0,SIBILANT,u,True,,zero frequency — no constraint
AB 21F,0,LIQUID,a,True,,zero frequency — no constraint
AB 21F,0,LIQUID,e,True,,zero frequency — no constraint
AB 21F,0,LIQUID,i,True,,zero frequency — no constraint
AB 21F,0,LIQUID,o,True,,zero frequency — no constraint
AB 21F,0,LIQUID,u,True,,zero frequency — no constraint
AB 21F,0,PALATAL,a,True,,zero frequency — no constraint
AB 21F,0,PALATAL,e,True,,zero frequency — no constraint
AB 21F,0,PALATAL,i,True,,zero frequency — no constraint
AB 21F,0,PALATAL,o,True,,zero frequency — no constraint
AB 21F,0,PALATAL,u,True,,zero frequency — no constraint
AB 21F,0,SEMIVOWEL,a,True,,zero frequency — no constraint
AB 21F,0,SEMIVOWEL,e,True,,zero frequency — no constraint
AB 21F,0,SEMIVOWEL,i,True,,zero frequency — no constraint
AB 21F,0,SEMIVOWEL,o,True,,zero frequency — no constraint
AB 21F,0,SEMIVOWEL,u,True,,zero frequency — no constraint
AB 21F,0,VOWEL,a,True,,zero frequency — no constraint
AB 21F,0,VOWEL,e,True,,zero frequency — no constraint
AB 21F,0,VOWEL,i,True,,zero frequency — no constraint
AB 21F,0,VOWEL,o,True,,zero frequency — no constraint
AB 21F,0,VOWEL,u,True,,zero frequency — no constraint
AB 37,111,DENTAL,a,True,medial-dominant,Kober triples: consonant class DENTAL matches 21 confirmed partners; Kober triples: vowel a matches confirmed partners; Kober rescue: frequency contradiction overridden by series/triple link
AB 37,111,DENTAL,e,True,medial-dominant,Kober series 'medial-dominant': consonant DENTAL matches; Kober triples: consonant class DENTAL matches 21 confirmed partners; Kober triples: vowel e matches confirmed partners
AB 37,111,DENTAL,i,True,medial-dominant,Kober triples: consonant class DENTAL matches 21 confirmed partners; Kober triples: vowel i matches confirmed partners
AB 37,111,DENTAL,o,True,medial-dominant,Kober triples: consonant class DENTAL matches 21 confirmed partners; Kober triples: vowel o matches confirmed partners; Kober rescue: frequency contradiction overridden by series/triple link
AB 37,111,DENTAL,u,True,medial-dominant,Kober triples: consonant class DENTAL matches 21 confirmed partners; Kober triples: vowel u matches confirmed partners
AB 37,111,LABIAL,a,True,medial-dominant,Kober triples: consonant class LABIAL matches 21 confirmed partners; Kober triples: vowel a matches confirmed partners; Kober rescue: frequency contradiction overridden by series/triple link
AB 37,111,LABIAL,e,True,medial-dominant,Kober series 'medial-dominant': consonant LABIAL matches; Kober triples: consonant class LABIAL matches 21 confirmed partners; Kober triples: vowel e matches confirmed partners
AB 37,111,LABIAL,i,True,medial-dominant,Kober triples: consonant class LABIAL matches 21 confirmed partners; Kober triples: vowel i matches confirmed partners; Kober rescue: frequency contradiction overridden by series/triple link
AB 37,111,LABIAL,o,True,medial-dominant,Kober triples: consonant class LABIAL matches 21 confirmed partners; Kober triples: vowel o matches confirmed partners
AB 37,111,LABIAL,u,True,medial-dominant,Kober triples: consonant class LABIAL matches 21 confirmed partners; Kober triples: vowel u matches confirmed partners
AB 37,111,VELAR,a,True,medial-dominant,Kober triples: consonant class VELAR matches 21 confirmed partners; Kober triples: vowel a matches confirmed partners
AB 37,111,VELAR,e,True,medial-dominant,Kober series 'medial-dominant': consonant VELAR matches; Kober triples: consonant class VELAR matches 21 confirmed partners; Kober triples: vowel e matches confirmed partners; Kober rescue: frequency contradiction overridden by series/triple link
AB 37,111,VELAR,i,True,medial-dominant,Kober triples: consonant class VELAR matches 21 confirmed partners; Kober triples: vowel i matches confirmed partners
AB 37,111,VELAR,o,True,medial-dominant,Kober triples: consonant class VELAR matches 21 confirmed partners; Kober triples: vowel o matches confirmed partners
AB 37,111,VELAR,u,True,medial-dominant,Kober triples: consonant class VELAR matches 21 confirmed partners; Kober triples: vowel u matches confirmed partners
AB 37,111,SIBILANT,a,True,medial-dominant,Kober triples: consonant class SIBILANT matches 21 confirmed partners; Kober triples: vowel a matches confirmed partners; Kober rescue: frequency contradiction overridden by series/triple link
AB 37,111,SIBILANT,e,True,medial-dominant,Kober series 'medial-dominant': consonant SIBILANT matches; Kober triples: consonant class SIBILANT matches 21 confirmed partners; Kober triples: vowel e matches confirmed partners; Kober rescue: frequency contradiction overridden by series/triple link
AB 37,111,SIBILANT,i,True,medial-dominant,Kober triples: consonant class SIBILANT matches 21 confirmed partners; Kober triples: vowel i matches confirmed partners; Kober rescue: frequency contradiction overridden by series/triple link
AB 37,111,SIBILANT,o,True,medial-dominant,Kober triples: consonant class SIBILANT matches 21 confirmed partners; Kober triples: vowel o matches confirmed partners; Kober rescue: frequency contradiction overridden by series/triple link
AB 37,111,SIBILANT,u,True,medial-dominant,Kober triples: consonant class SIBILANT matches 21 confirmed partners; Kober triples: vowel u matches confirmed partners; Kober rescue: frequency contradiction overridden by series/triple link
AB 37,111,LIQUID,a,True,medial-dominant,Kober triples: consonant class LIQUID matches 21 confirmed partners; Kober triples: vowel a matches confirmed partners
AB 37,111,LIQUID,e,True,medial-dominant,Kober series 'medial-dominant': consonant LIQUID matches; Kober triples: consonant class LIQUID matches 21 confirmed partners; Kober triples: vowel e matches confirmed partners
AB 37,111,LIQUID,i,True,medial-dominant,Kober triples: consonant class LIQUID matches 21 confirmed partners; Kober triples: vowel i matches confirmed partners; Kober rescue: frequency contradiction overridden by series/triple link
AB 37,111,LIQUID,o,True,medial-dominant,Kober triples: consonant class LIQUID matches 21 confirmed partners; Kober triples: vowel o matches confirmed partners
AB 37,111,LIQUID,u,True,medial-dominant,Kober triples: consonant class LIQUID matches 21 confirmed partners; Kober triples: vowel u matches confirmed partners
AB 37,111,PALATAL,a,True,medial-dominant,"Kober series 'medial-dominant': vowel a matches series partners {'u', 'o', 'a', 'i'}; Kober triples: consonant class PALATAL matches 21 confirmed partners; Kober triples: vowel a matches confirmed partners"
AB 37,111,PALATAL,i,True,medial-dominant,"Kober series 'medial-dominant': vowel i matches series partners {'u', 'o', 'a', 'i'}; Kober triples: consonant class PALATAL matches 21 confirmed partners; Kober triples: vowel i matches confirmed partners"
AB 37,111,PALATAL,o,True,medial-dominant,"Kober series 'medial-dominant': vowel o matches series partners {'u', 'o', 'a', 'i'}; Kober triples: consonant class PALATAL matches 21 confirmed partners; Kober triples: vowel o matches confirmed partners"
AB 37,111,PALATAL,u,True,medial-dominant,"Kober series 'medial-dominant': vowel u matches series partners {'u', 'o', 'a', 'i'}; Kober triples: consonant class PALATAL matches 21 confirmed partners; Kober triples: vowel u matches confirmed partners"
AB 37,111,SEMIVOWEL,a,True,medial-dominant,"Kober series 'medial-dominant': vowel a matches series partners {'u', 'o', 'a', 'i'}; Kober triples: vowel a matches confirmed partners; Kober rescue: frequency contradiction overridden by series/triple link"
AB 37,111,SEMIVOWEL,i,True,medial-dominant,"Kober series 'medial-dominant': vowel i matches series partners {'u', 'o', 'a', 'i'}; Kober triples: vowel i matches confirmed partners; Kober rescue: frequency contradiction overridden by series/triple link"
AB 37,111,SEMIVOWEL,o,True,medial-dominant,"Kober series 'medial-dominant': vowel o matches series partners {'u', 'o', 'a', 'i'}; Kober triples: vowel o matches confirmed partners; Kober rescue: frequency contradiction overridden by series/triple link"
AB 37,111,SEMIVOWEL,u,True,medial-dominant,"Kober series 'medial-dominant': vowel u matches series partners {'u', 'o', 'a', 'i'}; Kober triples: vowel u matches confirmed partners; Kober rescue: frequency contradiction overridden by series/triple link"
AB 37,111,VOWEL,a,True,medial-dominant,"Kober series 'medial-dominant': vowel a matches series partners {'u', 'o', 'a', 'i'}; Kober triples: consonant class VOWEL matches 21 confirmed partners; Kober triples: vowel a matches confirmed partners"
AB 37,111,VOWEL,i,True,medial-dominant,"Kober series 'medial-dominant': vowel i matches series partners {'u', 'o', 'a', 'i'}; Kober triples: consonant class VOWEL matches 21 confirmed partners; Kober triples: vowel i matches confirmed partners"
AB 37,111,VOWEL,o,True,medial-dominant,"Kober series 'medial-dominant': vowel o matches series partners {'u', 'o', 'a', 'i'}; Kober triples: consonant class VOWEL matches 21 confirmed partners; Kober triples: vowel o matches confirmed partners"
AB 37,111,VOWEL,u,True,medial-dominant,"Kober series 'medial-dominant': vowel u matches series partners {'u', 'o', 'a', 'i'}; Kober triples: consonant class VOWEL matches 21 confirmed partners; Kober triples: vowel u matches confirmed partners"
AB 37,111,PALATAL,e,False,medial-dominant,"Kober series 'medial-dominant': neither consonant (PALATAL not in {'LIQUID', 'VELAR', 'LABIAL', 'DENTAL', 'SIBILANT'}) nor vowel (e not in {'u', 'o', 'a', 'i'}) matches series partners"
AB 37,111,SEMIVOWEL,e,False,medial-dominant,"frequency 111 outside SEMIVOWEL IQR envelope (p50=22.5, IQR=[15.8-29.2]); Kober series 'medial-dominant': neither consonant (SEMIVOWEL not in {'LIQUID', 'VELAR', 'LABIAL', 'DENTAL', 'SIBILANT'}) nor vowel (e not in {'u', 'o', 'a', 'i'}) matches series partners"
AB 37,111,VOWEL,e,False,medial-dominant,"Kober series 'medial-dominant': neither consonant (VOWEL not in {'LIQUID', 'VELAR', 'LABIAL', 'DENTAL', 'SIBILANT'}) nor vowel (e not in {'u', 'o', 'a', 'i'}) matches series partners"
AB 39,58,DENTAL,a,True,medial-dominant,Kober rescue: frequency contradiction overridden by series/triple link
AB 39,58,DENTAL,e,True,medial-dominant,Kober series 'medial-dominant': consonant DENTAL matches; Kober rescue: frequency contradiction overridden by series/triple link
AB 39,58,DENTAL,i,True,medial-dominant,
AB 39,58,DENTAL,o,True,medial-dominant,Kober rescue: frequency contradiction overridden by series/triple link
AB 39,58,DENTAL,u,True,medial-dominant,
AB 39,58,LABIAL,a,True,medial-dominant,
AB 39,58,LABIAL,e,True,medial-dominant,Kober series 'medial-dominant': consonant LABIAL matches
AB 39,58,LABIAL,i,True,medial-dominant,Kober rescue: frequency contradiction overridden by series/triple link
AB 39,58,LABIAL,o,True,medial-dominant,
AB 39,58,LABIAL,u,True,medial-dominant,
AB 39,58,VELAR,a,True,medial-dominant,
AB 39,58,VELAR,e,True,medial-dominant,Kober series 'medial-dominant': consonant VELAR matches
AB 39,58,VELAR,i,True,medial-dominant,
AB 39,58,VELAR,o,True,medial-dominant,
AB 39,58,VELAR,u,True,medial-dominant,
AB 39,58,SIBILANT,a,True,medial-dominant,Kober rescue: frequency contradiction overridden by series/triple link
AB 39,58,SIBILANT,e,True,medial-dominant,Kober series 'medial-dominant': consonant SIBILANT matches
AB 39,58,SIBILANT,i,True,medial-dominant,
AB 39,58,SIBILANT,o,True,medial-dominant,
AB 39,58,SIBILANT,u,True,medial-dominant,
AB 39,58,LIQUID,a,True,medial-dominant,
AB 39,58,LIQUID,e,True,medial-dominant,Kober series 'medial-dominant': consonant LIQUID matches
AB 39,58,LIQUID,i,True,medial-dominant,
AB 39,58,LIQUID,o,True,medial-dominant,
AB 39,58,LIQUID,u,True,medial-dominant,
AB 39,58,PALATAL,a,True,medial-dominant,"Kober series 'medial-dominant': vowel a matches series partners {'u', 'o', 'a', 'i'}"
AB 39,58,PALATAL,i,True,medial-dominant,"Kober series 'medial-dominant': vowel i matches series partners {'u', 'o', 'a', 'i'}"
AB 39,58,PALATAL,o,True,medial-dominant,"Kober series 'medial-dominant': vowel o matches series partners {'u', 'o', 'a', 'i'}"
AB 39,58,PALATAL,u,True,medial-dominant,"Kober series 'medial-dominant': vowel u matches series partners {'u', 'o', 'a', 'i'}"
AB 39,58,SEMIVOWEL,a,True,medial-dominant,"Kober series 'medial-dominant': vowel a matches series partners {'u', 'o', 'a', 'i'}; Kober rescue: frequency contradiction overridden by series/triple link"
AB 39,58,SEMIVOWEL,i,True,medial-dominant,"Kober series 'medial-dominant': vowel i matches series partners {'u', 'o', 'a', 'i'}; Kober rescue: frequency contradiction overridden by series/triple link"
AB 39,58,SEMIVOWEL,o,True,medial-dominant,"Kober series 'medial-dominant': vowel o matches series partners {'u', 'o', 'a', 'i'}; Kober rescue: frequency contradiction overridden by series/triple link"
AB 39,58,SEMIVOWEL,u,True,medial-dominant,"Kober series 'medial-dominant': vowel u matches series partners {'u', 'o', 'a', 'i'}; Kober rescue: frequency contradiction overridden by series/triple link"
AB 39,58,VOWEL,a,True,medial-dominant,"Kober series 'medial-dominant': vowel a matches series partners {'u', 'o', 'a', 'i'}"
AB 39,58,VOWEL,i,True,medial-dominant,"Kober series 'medial-dominant': vowel i matches series partners {'u', 'o', 'a', 'i'}"
AB 39,58,VOWEL,o,True,medial-dominant,"Kober series 'medial-dominant': vowel o matches series partners {'u', 'o', 'a', 'i'}"
AB 39,58,VOWEL,u,True,medial-dominant,"Kober series 'medial-dominant': vowel u matches series partners {'u', 'o', 'a', 'i'}"
AB 39,58,PALATAL,e,False,medial-dominant,"Kober series 'medial-dominant': neither consonant (PALATAL not in {'LIQUID', 'VELAR', 'LABIAL', 'DENTAL', 'SIBILANT'}) nor vowel (e not in {'u', 'o', 'a', 'i'}) matches series partners"
AB 39,58,SEMIVOWEL,e,False,medial-dominant,"frequency 58 outside SEMIVOWEL IQR envelope (p50=22.5, IQR=[15.8-29.2]); Kober series 'medial-dominant': neither consonant (SEMIVOWEL not in {'LIQUID', 'VELAR', 'LABIAL', 'DENTAL', 'SIBILANT'}) nor vowel (e not in {'u', 'o', 'a', 'i'}) matches series partners"
AB 39,58,VOWEL,e,False,medial-dominant,"Kober series 'medial-dominant': neither consonant (VOWEL not in {'LIQUID', 'VELAR', 'LABIAL', 'DENTAL', 'SIBILANT'}) nor vowel (e not in {'u', 'o', 'a', 'i'}) matches series partners"
AB 41,240,DENTAL,e,True,boundary-flexible,"Kober series 'boundary-flexible': vowel e matches series partners {'e', 'o', 'i'}; Kober rescue: frequency contradiction overridden by series/triple link"
AB 41,240,DENTAL,i,True,boundary-flexible,"Kober series 'boundary-flexible': vowel i matches series partners {'e', 'o', 'i'}; Kober rescue: frequency contradiction overridden by series/triple link"
AB 41,240,DENTAL,o,True,boundary-flexible,"Kober series 'boundary-flexible': vowel o matches series partners {'e', 'o', 'i'}; Kober rescue: frequency contradiction overridden by series/triple link"
AB 41,240,LABIAL,a,True,boundary-flexible,Kober series 'boundary-flexible': consonant LABIAL matches; Kober rescue: frequency contradiction overridden by series/triple link
AB 41,240,LABIAL,e,True,boundary-flexible,Kober rescue: frequency contradiction overridden by series/triple link
AB 41,240,LABIAL,i,True,boundary-flexible,Kober rescue: frequency contradiction overridden by series/triple link
AB 41,240,LABIAL,o,True,boundary-flexible,Kober rescue: frequency contradiction overridden by series/triple link
AB 41,240,LABIAL,u,True,boundary-flexible,Kober series 'boundary-flexible': consonant LABIAL matches; Kober rescue: frequency contradiction overridden by series/triple link
AB 41,240,VELAR,e,True,boundary-flexible,"Kober series 'boundary-flexible': vowel e matches series partners {'e', 'o', 'i'}; Kober rescue: frequency contradiction overridden by series/triple link"
AB 41,240,VELAR,i,True,boundary-flexible,"Kober series 'boundary-flexible': vowel i matches series partners {'e', 'o', 'i'}; Kober rescue: frequency contradiction overridden by series/triple link"
AB 41,240,VELAR,o,True,boundary-flexible,"Kober series 'boundary-flexible': vowel o matches series partners {'e', 'o', 'i'}; Kober rescue: frequency contradiction overridden by series/triple link"
AB 41,240,LIQUID,a,True,boundary-flexible,Kober series 'boundary-flexible': consonant LIQUID matches
AB 41,240,LIQUID,e,True,boundary-flexible,
AB 41,240,LIQUID,i,True,boundary-flexible,Kober rescue: frequency contradiction overridden by series/triple link
AB 41,240,LIQUID,o,True,boundary-flexible,
AB 41,240,LIQUID,u,True,boundary-flexible,Kober series 'boundary-flexible': consonant LIQUID matches
AB 41,240,PALATAL,e,True,boundary-flexible,"Kober series 'boundary-flexible': vowel e matches series partners {'e', 'o', 'i'}"
AB 41,240,PALATAL,i,True,boundary-flexible,"Kober series 'boundary-flexible': vowel i matches series partners {'e', 'o', 'i'}"
AB 41,240,PALATAL,o,True,boundary-flexible,"Kober series 'boundary-flexible': vowel o matches series partners {'e', 'o', 'i'}"
AB 41,240,VOWEL,e,True,boundary-flexible,"Kober series 'boundary-flexible': vowel e matches series partners {'e', 'o', 'i'}; Kober rescue: frequency contradiction overridden by series/triple link"
AB 41,240,VOWEL,i,True,boundary-flexible,"Kober series 'boundary-flexible': vowel i matches series partners {'e', 'o', 'i'}; Kober rescue: frequency contradiction overridden by series/triple link"
AB 41,240,VOWEL,o,True,boundary-flexible,"Kober series 'boundary-flexible': vowel o matches series partners {'e', 'o', 'i'}; Kober rescue: frequency contradiction overridden by series/triple link"
AB 41,240,DENTAL,a,False,boundary-flexible,"frequency 240 outside DENTAL/a envelope (mean=148.5, std=9.5); frequency 240 unusually high for a-row (mean=62.9, std=61.8); Kober series 'boundary-flexible': neither consonant (DENTAL not in {'LABIAL', 'LIQUID', 'SIBILANT'}) nor vowel (a not in {'e', 'o', 'i'}) matches series partners"
AB 41,240,DENTAL,u,False,boundary-flexible,"frequency 240 outside DENTAL/u envelope (mean=63.8, std=61.3); frequency 240 unusually high for u-row (mean=83.6, std=60.5); Kober series 'boundary-flexible': neither consonant (DENTAL not in {'LABIAL', 'LIQUID', 'SIBILANT'}) nor vowel (u not in {'e', 'o', 'i'}) matches series partners"
AB 41,240,VELAR,a,False,boundary-flexible,"frequency 240 outside VELAR IQR envelope (p50=24.5, IQR=[2.2-60.2]); frequency 240 unusually high for a-row (mean=62.9, std=61.8); Kober series 'boundary-flexible': neither consonant (VELAR not in {'LABIAL', 'LIQUID', 'SIBILANT'}) nor vowel (a not in {'e', 'o', 'i'}) matches series partners"
AB 41,240,VELAR,u,False,boundary-flexible,"frequency 240 outside VELAR IQR envelope (p50=24.5, IQR=[2.2-60.2]); frequency 240 unusually high for u-row (mean=83.6, std=60.5); Kober series 'boundary-flexible': neither consonant (VELAR not in {'LABIAL', 'LIQUID', 'SIBILANT'}) nor vowel (u not in {'e', 'o', 'i'}) matches series partners"
AB 41,240,SIBILANT,a,False,boundary-flexible,"frequency 240 outside SIBILANT/a envelope (mean=15.0, std=7.0); frequency 240 unusually high for a-row (mean=62.9, std=61.8); frequency 240 incompatible with low-frequency class SIBILANT"
AB 41,240,SIBILANT,e,False,boundary-flexible,"frequency 240 outside SIBILANT/e envelope (mean=33.5, std=33.5); frequency 240 unusually high for e-row (mean=62.0, std=48.9); frequency 240 incompatible with low-frequency class SIBILANT"
AB 41,240,SIBILANT,i,False,boundary-flexible,"frequency 240 outside SIBILANT IQR envelope (p50=8, IQR=[8.0-32.5]); frequency 240 unusually high for i-row (mean=42.8, std=45.5); frequency 240 incompatible with low-frequency class SIBILANT"
AB 41,240,SIBILANT,o,False,boundary-flexible,"frequency 240 outside SIBILANT/o envelope (mean=25.5, std=17.5); frequency 240 unusually high for o-row (mean=59.9, std=79.5); frequency 240 incompatible with low-frequency class SIBILANT"
AB 41,240,SIBILANT,u,False,boundary-flexible,"frequency 240 outside SIBILANT IQR envelope (p50=8, IQR=[8.0-32.5]); frequency 240 unusually high for u-row (mean=83.6, std=60.5); frequency 240 incompatible with low-frequency class SIBILANT"
AB 41,240,PALATAL,a,False,boundary-flexible,"frequency 240 unusually high for a-row (mean=62.9, std=61.8); Kober series 'boundary-flexible': neither consonant (PALATAL not in {'LABIAL', 'LIQUID', 'SIBILANT'}) nor vowel (a not in {'e', 'o', 'i'}) matches series partners"
AB 41,240,PALATAL,u,False,boundary-flexible,"frequency 240 unusually high for u-row (mean=83.6, std=60.5); Kober series 'boundary-flexible': neither consonant (PALATAL not in {'LABIAL', 'LIQUID', 'SIBILANT'}) nor vowel (u not in {'e', 'o', 'i'}) matches series partners"
AB 41,240,SEMIVOWEL,a,False,boundary-flexible,"frequency 240 outside SEMIVOWEL IQR envelope (p50=22.5, IQR=[15.8-29.2]); frequency 240 unusually high for a-row (mean=62.9, std=61.8); Kober series 'boundary-flexible': neither consonant (SEMIVOWEL not in {'LABIAL', 'LIQUID', 'SIBILANT'}) nor vowel (a not in {'e', 'o', 'i'}) matches series partners"
AB 41,240,SEMIVOWEL,e,False,boundary-flexible,"frequency 240 outside SEMIVOWEL IQR envelope (p50=22.5, IQR=[15.8-29.2]); frequency 240 unusually high for e-row (mean=62.0, std=48.9); frequency 240 incompatible with low-frequency class SEMIVOWEL"
AB 41,240,SEMIVOWEL,i,False,boundary-flexible,"frequency 240 outside SEMIVOWEL IQR envelope (p50=22.5, IQR=[15.8-29.2]); frequency 240 unusually high for i-row (mean=42.8, std=45.5); frequency 240 incompatible with low-frequency class SEMIVOWEL"
AB 41,240,SEMIVOWEL,o,False,boundary-flexible,"frequency 240 outside SEMIVOWEL IQR envelope (p50=22.5, IQR=[15.8-29.2]); frequency 240 unusually high for o-row (mean=59.9, std=79.5); frequency 240 incompatible with low-frequency class SEMIVOWEL"
AB 41,240,SEMIVOWEL,u,False,boundary-flexible,"frequency 240 outside SEMIVOWEL IQR envelope (p50=22.5, IQR=[15.8-29.2]); frequency 240 unusually high for u-row (mean=83.6, std=60.5); Kober series 'boundary-flexible': neither consonant (SEMIVOWEL not in {'LABIAL', 'LIQUID', 'SIBILANT'}) nor vowel (u not in {'e', 'o', 'i'}) matches series partners"
AB 41,240,VOWEL,a,False,boundary-flexible,"frequency 240 outside VOWEL IQR envelope (p50=60.0, IQR=[39.2-100.2]); frequency 240 unusually high for a-row (mean=62.9, std=61.8); Kober series 'boundary-flexible': neither consonant (VOWEL not in {'LABIAL', 'LIQUID', 'SIBILANT'}) nor vowel (a not in {'e', 'o', 'i'}) matches series partners"
AB 41,240,VOWEL,u,False,boundary-flexible,"frequency 240 outside VOWEL IQR envelope (p50=60.0, IQR=[39.2-100.2]); frequency 240 unusually high for u-row (mean=83.6, std=60.5); Kober series 'boundary-flexible': neither consonant (VOWEL not in {'LABIAL', 'LIQUID', 'SIBILANT'}) nor vowel (u not in {'e', 'o', 'i'}) matches series partners"
AB 42,0,DENTAL,a,True,,zero frequency — no constraint
AB 42,0,DENTAL,e,True,,zero frequency — no constraint
AB 42,0,DENTAL,i,True,,zero frequency — no constraint
AB 42,0,DENTAL,o,True,,zero frequency — no constraint
AB 42,0,DENTAL,u,True,,zero frequency — no constraint
AB 42,0,LABIAL,a,True,,zero frequency — no constraint
AB 42,0,LABIAL,e,True,,zero frequency — no constraint
AB 42,0,LABIAL,i,True,,zero frequency — no constraint
AB 42,0,LABIAL,o,True,,zero frequency — no constraint
AB 42,0,LABIAL,u,True,,zero frequency — no constraint
AB 42,0,VELAR,a,True,,zero frequency — no constraint
AB 42,0,VELAR,e,True,,zero frequency — no constraint
AB 42,0,VELAR,i,True,,zero frequency — no constraint
AB 42,0,VELAR,o,True,,zero frequency — no constraint
AB 42,0,VELAR,u,True,,zero frequency — no constraint
AB 42,0,SIBILANT,a,True,,zero frequency — no constraint
AB 42,0,SIBILANT,e,True,,zero frequency — no constraint
AB 42,0,SIBILANT,i,True,,zero frequency — no constraint
AB 42,0,SIBILANT,o,True,,zero frequency — no constraint
AB 42,0,SIBILANT,u,True,,zero frequency — no constraint
AB 42,0,LIQUID,a,True,,zero frequency — no constraint
AB 42,0,LIQUID,e,True,,zero frequency — no constraint
AB 42,0,LIQUID,i,True,,zero frequency — no constraint
AB 42,0,LIQUID,o,True,,zero frequency — no constraint
AB 42,0,LIQUID,u,True,,zero frequency — no constraint
AB 42,0,PALATAL,a,True,,zero frequency — no constraint
AB 42,0,PALATAL,e,True,,zero frequency — no constraint
AB 42,0,PALATAL,i,True,,zero frequency — no constraint
AB 42,0,PALATAL,o,True,,zero frequency — no constraint
AB 42,0,PALATAL,u,True,,zero frequency — no constraint
AB 42,0,SEMIVOWEL,a,True,,zero frequency — no constraint
AB 42,0,SEMIVOWEL,e,True,,zero frequency — no constraint
AB 42,0,SEMIVOWEL,i,True,,zero frequency — no constraint
AB 42,0,SEMIVOWEL,o,True,,zero frequency — no constraint
AB 42,0,SEMIVOWEL,u,True,,zero frequency — no constraint
AB 42,0,VOWEL,a,True,,zero frequency — no constraint
AB 42,0,VOWEL,e,True,,zero frequency — no constraint
AB 42,0,VOWEL,i,True,,zero frequency — no constraint
AB 42,0,VOWEL,o,True,,zero frequency — no constraint
AB 42,0,VOWEL,u,True,,zero frequency — no constraint
AB 46,16,DENTAL,e,True,boundary-flexible,"Kober series 'boundary-flexible': vowel e matches series partners {'e', 'o', 'i'}; Kober triples: consonant class DENTAL matches 24 confirmed partners; Kober triples: vowel e matches confirmed partners; Kober rescue: frequency contradiction overridden by series/triple link"
AB 46,16,DENTAL,i,True,boundary-flexible,"Kober series 'boundary-flexible': vowel i matches series partners {'e', 'o', 'i'}; Kober triples: consonant class DENTAL matches 24 confirmed partners; Kober triples: vowel i matches confirmed partners"
AB 46,16,DENTAL,o,True,boundary-flexible,"Kober series 'boundary-flexible': vowel o matches series partners {'e', 'o', 'i'}; Kober triples: consonant class DENTAL matches 24 confirmed partners; Kober triples: vowel o matches confirmed partners"
AB 46,16,LABIAL,a,True,boundary-flexible,Kober series 'boundary-flexible': consonant LABIAL matches; Kober triples: consonant class LABIAL matches 24 confirmed partners; Kober triples: vowel a matches confirmed partners
AB 46,16,LABIAL,e,True,boundary-flexible,Kober triples: consonant class LABIAL matches 24 confirmed partners; Kober triples: vowel e matches confirmed partners
AB 46,16,LABIAL,i,True,boundary-flexible,Kober triples: consonant class LABIAL matches 24 confirmed partners; Kober triples: vowel i matches confirmed partners; Kober rescue: frequency contradiction overridden by series/triple link
AB 46,16,LABIAL,o,True,boundary-flexible,Kober triples: consonant class LABIAL matches 24 confirmed partners; Kober triples: vowel o matches confirmed partners
AB 46,16,LABIAL,u,True,boundary-flexible,Kober series 'boundary-flexible': consonant LABIAL matches; Kober triples: consonant class LABIAL matches 24 confirmed partners; Kober triples: vowel u matches confirmed partners; Kober rescue: frequency contradiction overridden by series/triple link
AB 46,16,VELAR,e,True,boundary-flexible,"Kober series 'boundary-flexible': vowel e matches series partners {'e', 'o', 'i'}; Kober triples: consonant class VELAR matches 24 confirmed partners; Kober triples: vowel e matches confirmed partners; Kober rescue: frequency contradiction overridden by series/triple link"
AB 46,16,VELAR,i,True,boundary-flexible,"Kober series 'boundary-flexible': vowel i matches series partners {'e', 'o', 'i'}; Kober triples: consonant class VELAR matches 24 confirmed partners; Kober triples: vowel i matches confirmed partners"
AB 46,16,VELAR,o,True,boundary-flexible,"Kober series 'boundary-flexible': vowel o matches series partners {'e', 'o', 'i'}; Kober triples: consonant class VELAR matches 24 confirmed partners; Kober triples: vowel o matches confirmed partners"
AB 46,16,SIBILANT,a,True,boundary-flexible,Kober series 'boundary-flexible': consonant SIBILANT matches; Kober triples: consonant class SIBILANT matches 24 confirmed partners; Kober triples: vowel a matches confirmed partners
AB 46,16,SIBILANT,e,True,boundary-flexible,Kober triples: consonant class SIBILANT matches 24 confirmed partners; Kober triples: vowel e matches confirmed partners
AB 46,16,SIBILANT,i,True,boundary-flexible,Kober triples: consonant class SIBILANT matches 24 confirmed partners; Kober triples: vowel i matches confirmed partners
AB 46,16,SIBILANT,o,True,boundary-flexible,Kober triples: consonant class SIBILANT matches 24 confirmed partners; Kober triples: vowel o matches confirmed partners
AB 46,16,SIBILANT,u,True,boundary-flexible,Kober series 'boundary-flexible': consonant SIBILANT matches; Kober triples: consonant class SIBILANT matches 24 confirmed partners; Kober triples: vowel u matches confirmed partners
AB 46,16,LIQUID,a,True,boundary-flexible,Kober series 'boundary-flexible': consonant LIQUID matches; Kober triples: consonant class LIQUID matches 24 confirmed partners; Kober triples: vowel a matches confirmed partners
AB 46,16,LIQUID,e,True,boundary-flexible,Kober triples: consonant class LIQUID matches 24 confirmed partners; Kober triples: vowel e matches confirmed partners
AB 46,16,LIQUID,i,True,boundary-flexible,Kober triples: consonant class LIQUID matches 24 confirmed partners; Kober triples: vowel i matches confirmed partners
AB 46,16,LIQUID,o,True,boundary-flexible,Kober triples: consonant class LIQUID matches 24 confirmed partners; Kober triples: vowel o matches confirmed partners
AB 46,16,LIQUID,u,True,boundary-flexible,Kober series 'boundary-flexible': consonant LIQUID matches; Kober triples: consonant class LIQUID matches 24 confirmed partners; Kober triples: vowel u matches confirmed partners
AB 46,16,PALATAL,e,True,boundary-flexible,"Kober series 'boundary-flexible': vowel e matches series partners {'e', 'o', 'i'}; Kober triples: consonant class PALATAL matches 24 confirmed partners; Kober triples: vowel e matches confirmed partners"
AB 46,16,PALATAL,i,True,boundary-flexible,"Kober series 'boundary-flexible': vowel i matches series partners {'e', 'o', 'i'}; Kober triples: consonant class PALATAL matches 24 confirmed partners; Kober triples: vowel i matches confirmed partners"
AB 46,16,PALATAL,o,True,boundary-flexible,"Kober series 'boundary-flexible': vowel o matches series partners {'e', 'o', 'i'}; Kober triples: consonant class PALATAL matches 24 confirmed partners; Kober triples: vowel o matches confirmed partners"
AB 46,16,SEMIVOWEL,e,True,boundary-flexible,"Kober series 'boundary-flexible': vowel e matches series partners {'e', 'o', 'i'}; Kober triples: vowel e matches confirmed partners"
AB 46,16,SEMIVOWEL,i,True,boundary-flexible,"Kober series 'boundary-flexible': vowel i matches series partners {'e', 'o', 'i'}; Kober triples: vowel i matches confirmed partners"
AB 46,16,SEMIVOWEL,o,True,boundary-flexible,"Kober series 'boundary-flexible': vowel o matches series partners {'e', 'o', 'i'}; Kober triples: vowel o matches confirmed partners"
AB 46,16,VOWEL,e,True,boundary-flexible,"Kober series 'boundary-flexible': vowel e matches series partners {'e', 'o', 'i'}; Kober triples: consonant class VOWEL matches 24 confirmed partners; Kober triples: vowel e matches confirmed partners"
AB 46,16,VOWEL,i,True,boundary-flexible,"Kober series 'boundary-flexible': vowel i matches series partners {'e', 'o', 'i'}; Kober triples: consonant class VOWEL matches 24 confirmed partners; Kober triples: vowel i matches confirmed partners"
AB 46,16,VOWEL,o,True,boundary-flexible,"Kober series 'boundary-flexible': vowel o matches series partners {'e', 'o', 'i'}; Kober triples: consonant class VOWEL matches 24 confirmed partners; Kober triples: vowel o matches confirmed partners"
AB 46,16,DENTAL,a,False,boundary-flexible,"frequency 16 outside DENTAL/a envelope (mean=148.5, std=9.5); Kober series 'boundary-flexible': neither consonant (DENTAL not in {'LABIAL', 'LIQUID', 'SIBILANT'}) nor vowel (a not in {'e', 'o', 'i'}) matches series partners"
AB 46,16,DENTAL,u,False,boundary-flexible,"Kober series 'boundary-flexible': neither consonant (DENTAL not in {'LABIAL', 'LIQUID', 'SIBILANT'}) nor vowel (u not in {'e', 'o', 'i'}) matches series partners"
AB 46,16,VELAR,a,False,boundary-flexible,"Kober series 'boundary-flexible': neither consonant (VELAR not in {'LABIAL', 'LIQUID', 'SIBILANT'}) nor vowel (a not in {'e', 'o', 'i'}) matches series partners"
AB 46,16,VELAR,u,False,boundary-flexible,"Kober series 'boundary-flexible': neither consonant (VELAR not in {'LABIAL', 'LIQUID', 'SIBILANT'}) nor vowel (u not in {'e', 'o', 'i'}) matches series partners"
AB 46,16,PALATAL,a,False,boundary-flexible,"Kober series 'boundary-flexible': neither consonant (PALATAL not in {'LABIAL', 'LIQUID', 'SIBILANT'}) nor vowel (a not in {'e', 'o', 'i'}) matches series partners"
AB 46,16,PALATAL,u,False,boundary-flexible,"Kober series 'boundary-flexible': neither consonant (PALATAL not in {'LABIAL', 'LIQUID', 'SIBILANT'}) nor vowel (u not in {'e', 'o', 'i'}) matches series partners"
AB 46,16,SEMIVOWEL,a,False,boundary-flexible,"Kober series 'boundary-flexible': neither consonant (SEMIVOWEL not in {'LABIAL', 'LIQUID', 'SIBILANT'}) nor vowel (a not in {'e', 'o', 'i'}) matches series partners"
AB 46,16,SEMIVOWEL,u,False,boundary-flexible,"Kober series 'boundary-flexible': neither consonant (SEMIVOWEL not in {'LABIAL', 'LIQUID', 'SIBILANT'}) nor vowel (u not in {'e', 'o', 'i'}) matches series partners"
AB 46,16,VOWEL,a,False,boundary-flexible,"Kober series 'boundary-flexible': neither consonant (VOWEL not in {'LABIAL', 'LIQUID', 'SIBILANT'}) nor vowel (a not in {'e', 'o', 'i'}) matches series partners"
AB 46,16,VOWEL,u,False,boundary-flexible,"Kober series 'boundary-flexible': neither consonant (VOWEL not in {'LABIAL', 'LIQUID', 'SIBILANT'}) nor vowel (u not in {'e', 'o', 'i'}) matches series partners"
AB 48,1,DENTAL,a,True,,Kober triples: consonant class DENTAL matches 24 confirmed partners; Kober triples: vowel a matches confirmed partners; Kober rescue: frequency contradiction overridden by series/triple link
AB 48,1,DENTAL,e,True,,Kober triples: consonant class DENTAL matches 24 confirmed partners; Kober triples: vowel e matches confirmed partners; Kober rescue: frequency contradiction overridden by series/triple link
AB 48,1,DENTAL,i,True,,Kober triples: consonant class DENTAL matches 24 confirmed partners; Kober triples: vowel i matches confirmed partners
AB 48,1,DENTAL,o,True,,Kober triples: consonant class DENTAL matches 24 confirmed partners; Kober triples: vowel o matches confirmed partners; Kober rescue: frequency contradiction overridden by series/triple link
AB 48,1,DENTAL,u,True,,Kober triples: consonant class DENTAL matches 24 confirmed partners; Kober triples: vowel u matches confirmed partners
AB 48,1,LABIAL,a,True,,Kober triples: consonant class LABIAL matches 24 confirmed partners; Kober triples: vowel a matches confirmed partners
AB 48,1,LABIAL,e,True,,Kober triples: consonant class LABIAL matches 24 confirmed partners; Kober triples: vowel e matches confirmed partners
AB 48,1,LABIAL,i,True,,Kober triples: consonant class LABIAL matches 24 confirmed partners; Kober triples: vowel i matches confirmed partners; Kober rescue: frequency contradiction overridden by series/triple link
AB 48,1,LABIAL,o,True,,Kober triples: consonant class LABIAL matches 24 confirmed partners; Kober triples: vowel o matches confirmed partners
AB 48,1,LABIAL,u,True,,Kober triples: consonant class LABIAL matches 24 confirmed partners; Kober triples: vowel u matches confirmed partners; Kober rescue: frequency contradiction overridden by series/triple link
AB 48,1,VELAR,a,True,,Kober triples: consonant class VELAR matches 24 confirmed partners; Kober triples: vowel a matches confirmed partners
AB 48,1,VELAR,e,True,,Kober triples: consonant class VELAR matches 24 confirmed partners; Kober triples: vowel e matches confirmed partners; Kober rescue: frequency contradiction overridden by series/triple link
AB 48,1,VELAR,i,True,,Kober triples: consonant class VELAR matches 24 confirmed partners; Kober triples: vowel i matches confirmed partners
AB 48,1,VELAR,o,True,,Kober triples: consonant class VELAR matches 24 confirmed partners; Kober triples: vowel o matches confirmed partners
AB 48,1,VELAR,u,True,,Kober triples: consonant class VELAR matches 24 confirmed partners; Kober triples: vowel u matches confirmed partners
AB 48,1,SIBILANT,a,True,,Kober triples: consonant class SIBILANT matches 24 confirmed partners; Kober triples: vowel a matches confirmed partners
AB 48,1,SIBILANT,e,True,,Kober triples: consonant class SIBILANT matches 24 confirmed partners; Kober triples: vowel e matches confirmed partners
AB 48,1,SIBILANT,i,True,,Kober triples: consonant class SIBILANT matches 24 confirmed partners; Kober triples: vowel i matches confirmed partners
AB 48,1,SIBILANT,o,True,,Kober triples: consonant class SIBILANT matches 24 confirmed partners; Kober triples: vowel o matches confirmed partners
AB 48,1,SIBILANT,u,True,,Kober triples: consonant class SIBILANT matches 24 confirmed partners; Kober triples: vowel u matches confirmed partners
AB 48,1,LIQUID,a,True,,Kober triples: consonant class LIQUID matches 24 confirmed partners; Kober triples: vowel a matches confirmed partners
AB 48,1,LIQUID,e,True,,Kober triples: consonant class LIQUID matches 24 confirmed partners; Kober triples: vowel e matches confirmed partners
AB 48,1,LIQUID,i,True,,Kober triples: consonant class LIQUID matches 24 confirmed partners; Kober triples: vowel i matches confirmed partners; Kober rescue: frequency contradiction overridden by series/triple link
AB 48,1,LIQUID,o,True,,Kober triples: consonant class LIQUID matches 24 confirmed partners; Kober triples: vowel o matches confirmed partners
AB 48,1,LIQUID,u,True,,Kober triples: consonant class LIQUID matches 24 confirmed partners; Kober triples: vowel u matches confirmed partners
AB 48,1,PALATAL,a,True,,Kober triples: consonant class PALATAL matches 24 confirmed partners; Kober triples: vowel a matches confirmed partners
AB 48,1,PALATAL,e,True,,Kober triples: consonant class PALATAL matches 24 confirmed partners; Kober triples: vowel e matches confirmed partners
AB 48,1,PALATAL,i,True,,Kober triples: consonant class PALATAL matches 24 confirmed partners; Kober triples: vowel i matches confirmed partners
AB 48,1,PALATAL,o,True,,Kober triples: consonant class PALATAL matches 24 confirmed partners; Kober triples: vowel o matches confirmed partners
AB 48,1,PALATAL,u,True,,Kober triples: consonant class PALATAL matches 24 confirmed partners; Kober triples: vowel u matches confirmed partners
AB 48,1,SEMIVOWEL,a,True,,Kober triples: consonant class SEMIVOWEL matches 24 confirmed partners; Kober triples: vowel a matches confirmed partners
AB 48,1,SEMIVOWEL,e,True,,Kober triples: consonant class SEMIVOWEL matches 24 confirmed partners; Kober triples: vowel e matches confirmed partners
AB 48,1,SEMIVOWEL,i,True,,Kober triples: consonant class SEMIVOWEL matches 24 confirmed partners; Kober triples: vowel i matches confirmed partners
AB 48,1,SEMIVOWEL,o,True,,Kober triples: consonant class SEMIVOWEL matches 24 confirmed partners; Kober triples: vowel o matches confirmed partners
AB 48,1,SEMIVOWEL,u,True,,Kober triples: consonant class SEMIVOWEL matches 24 confirmed partners; Kober triples: vowel u matches confirmed partners
AB 48,1,VOWEL,a,True,,Kober triples: consonant class VOWEL matches 24 confirmed partners; Kober triples: vowel a matches confirmed partners
AB 48,1,VOWEL,e,True,,Kober triples: consonant class VOWEL matches 24 confirmed partners; Kober triples: vowel e matches confirmed partners
AB 48,1,VOWEL,i,True,,Kober triples: consonant class VOWEL matches 24 confirmed partners; Kober triples: vowel i matches confirmed partners
AB 48,1,VOWEL,o,True,,Kober triples: consonant class VOWEL matches 24 confirmed partners; Kober triples: vowel o matches confirmed partners
AB 48,1,VOWEL,u,True,,Kober triples: consonant class VOWEL matches 24 confirmed partners; Kober triples: vowel u matches confirmed partners
AB 49,4,DENTAL,a,True,,Kober triples: consonant class DENTAL matches 36 confirmed partners; Kober triples: vowel a matches confirmed partners; Kober rescue: frequency contradiction overridden by series/triple link
AB 49,4,DENTAL,e,True,,Kober triples: consonant class DENTAL matches 36 confirmed partners; Kober triples: vowel e matches confirmed partners; Kober rescue: frequency contradiction overridden by series/triple link
AB 49,4,DENTAL,i,True,,Kober triples: consonant class DENTAL matches 36 confirmed partners; Kober triples: vowel i matches confirmed partners
AB 49,4,DENTAL,o,True,,Kober triples: consonant class DENTAL matches 36 confirmed partners; Kober triples: vowel o matches confirmed partners; Kober rescue: frequency contradiction overridden by series/triple link
AB 49,4,DENTAL,u,True,,Kober triples: consonant class DENTAL matches 36 confirmed partners; Kober triples: vowel u matches confirmed partners
AB 49,4,LABIAL,a,True,,Kober triples: consonant class LABIAL matches 36 confirmed partners; Kober triples: vowel a matches confirmed partners
AB 49,4,LABIAL,e,True,,Kober triples: consonant class LABIAL matches 36 confirmed partners; Kober triples: vowel e matches confirmed partners
AB 49,4,LABIAL,i,True,,Kober triples: consonant class LABIAL matches 36 confirmed partners; Kober triples: vowel i matches confirmed partners
AB 49,4,LABIAL,o,True,,Kober triples: consonant class LABIAL matches 36 confirmed partners; Kober triples: vowel o matches confirmed partners
AB 49,4,LABIAL,u,True,,Kober triples: consonant class LABIAL matches 36 confirmed partners; Kober triples: vowel u matches confirmed partners; Kober rescue: frequency contradiction overridden by series/triple link
AB 49,4,VELAR,a,True,,Kober triples: consonant class VELAR matches 36 confirmed partners; Kober triples: vowel a matches confirmed partners
AB 49,4,VELAR,e,True,,Kober triples: consonant class VELAR matches 36 confirmed partners; Kober triples: vowel e matches confirmed partners; Kober rescue: frequency contradiction overridden by series/triple link
AB 49,4,VELAR,i,True,,Kober triples: consonant class VELAR matches 36 confirmed partners; Kober triples: vowel i matches confirmed partners
AB 49,4,VELAR,o,True,,Kober triples: consonant class VELAR matches 36 confirmed partners; Kober triples: vowel o matches confirmed partners
AB 49,4,VELAR,u,True,,Kober triples: consonant class VELAR matches 36 confirmed partners; Kober triples: vowel u matches confirmed partners
AB 49,4,SIBILANT,a,True,,Kober triples: consonant class SIBILANT matches 36 confirmed partners; Kober triples: vowel a matches confirmed partners
AB 49,4,SIBILANT,e,True,,Kober triples: consonant class SIBILANT matches 36 confirmed partners; Kober triples: vowel e matches confirmed partners
AB 49,4,SIBILANT,i,True,,Kober triples: consonant class SIBILANT matches 36 confirmed partners; Kober triples: vowel i matches confirmed partners
AB 49,4,SIBILANT,o,True,,Kober triples: consonant class SIBILANT matches 36 confirmed partners; Kober triples: vowel o matches confirmed partners
AB 49,4,SIBILANT,u,True,,Kober triples: consonant class SIBILANT matches 36 confirmed partners; Kober triples: vowel u matches confirmed partners
AB 49,4,LIQUID,a,True,,Kober triples: consonant class LIQUID matches 36 confirmed partners; Kober triples: vowel a matches confirmed partners
AB 49,4,LIQUID,e,True,,Kober triples: consonant class LIQUID matches 36 confirmed partners; Kober triples: vowel e matches confirmed partners
AB 49,4,LIQUID,i,True,,Kober triples: consonant class LIQUID matches 36 confirmed partners; Kober triples: vowel i matches confirmed partners; Kober rescue: frequency contradiction overridden by series/triple link
AB 49,4,LIQUID,o,True,,Kober triples: consonant class LIQUID matches 36 confirmed partners; Kober triples: vowel o matches confirmed partners
AB 49,4,LIQUID,u,True,,Kober triples: consonant class LIQUID matches 36 confirmed partners; Kober triples: vowel u matches confirmed partners
AB 49,4,PALATAL,a,True,,Kober triples: consonant class PALATAL matches 36 confirmed partners; Kober triples: vowel a matches confirmed partners
AB 49,4,PALATAL,e,True,,Kober triples: consonant class PALATAL matches 36 confirmed partners; Kober triples: vowel e matches confirmed partners
AB 49,4,PALATAL,i,True,,Kober triples: consonant class PALATAL matches 36 confirmed partners; Kober triples: vowel i matches confirmed partners
AB 49,4,PALATAL,o,True,,Kober triples: consonant class PALATAL matches 36 confirmed partners; Kober triples: vowel o matches confirmed partners
AB 49,4,PALATAL,u,True,,Kober triples: consonant class PALATAL matches 36 confirmed partners; Kober triples: vowel u matches confirmed partners
AB 49,4,SEMIVOWEL,a,True,,Kober triples: consonant class SEMIVOWEL matches 36 confirmed partners; Kober triples: vowel a matches confirmed partners
AB 49,4,SEMIVOWEL,e,True,,Kober triples: consonant class SEMIVOWEL matches 36 confirmed partners; Kober triples: vowel e matches confirmed partners
AB 49,4,SEMIVOWEL,i,True,,Kober triples: consonant class SEMIVOWEL matches 36 confirmed partners; Kober triples: vowel i matches confirmed partners
AB 49,4,SEMIVOWEL,o,True,,Kober triples: consonant class SEMIVOWEL matches 36 confirmed partners; Kober triples: vowel o matches confirmed partners
AB 49,4,SEMIVOWEL,u,True,,Kober triples: consonant class SEMIVOWEL matches 36 confirmed partners; Kober triples: vowel u matches confirmed partners
AB 49,4,VOWEL,a,True,,Kober triples: consonant class VOWEL matches 36 confirmed partners; Kober triples: vowel a matches confirmed partners
AB 49,4,VOWEL,e,True,,Kober triples: consonant class VOWEL matches 36 confirmed partners; Kober triples: vowel e matches confirmed partners
AB 49,4,VOWEL,i,True,,Kober triples: consonant class VOWEL matches 36 confirmed partners; Kober triples: vowel i matches confirmed partners
AB 49,4,VOWEL,o,True,,Kober triples: consonant class VOWEL matches 36 confirmed partners; Kober triples: vowel o matches confirmed partners
AB 49,4,VOWEL,u,True,,Kober triples: consonant class VOWEL matches 36 confirmed partners; Kober triples: vowel u matches confirmed partners
AB 52,0,DENTAL,a,True,,zero frequency — no constraint
AB 52,0,DENTAL,e,True,,zero frequency — no constraint
AB 52,0,DENTAL,i,True,,zero frequency — no constraint
AB 52,0,DENTAL,o,True,,zero frequency — no constraint
AB 52,0,DENTAL,u,True,,zero frequency — no constraint
AB 52,0,LABIAL,a,True,,zero frequency — no constraint
AB 52,0,LABIAL,e,True,,zero frequency — no constraint
AB 52,0,LABIAL,i,True,,zero frequency — no constraint
AB 52,0,LABIAL,o,True,,zero frequency — no constraint
AB 52,0,LABIAL,u,True,,zero frequency — no constraint
AB 52,0,VELAR,a,True,,zero frequency — no constraint
AB 52,0,VELAR,e,True,,zero frequency — no constraint
AB 52,0,VELAR,i,True,,zero frequency — no constraint
AB 52,0,VELAR,o,True,,zero frequency — no constraint
AB 52,0,VELAR,u,True,,zero frequency — no constraint
AB 52,0,SIBILANT,a,True,,zero frequency — no constraint
AB 52,0,SIBILANT,e,True,,zero frequency — no constraint
AB 52,0,SIBILANT,i,True,,zero frequency — no constraint
AB 52,0,SIBILANT,o,True,,zero frequency — no constraint
AB 52,0,SIBILANT,u,True,,zero frequency — no constraint
AB 52,0,LIQUID,a,True,,zero frequency — no constraint
AB 52,0,LIQUID,e,True,,zero frequency — no constraint
AB 52,0,LIQUID,i,True,,zero frequency — no constraint
AB 52,0,LIQUID,o,True,,zero frequency — no constraint
AB 52,0,LIQUID,u,True,,zero frequency — no constraint
AB 52,0,PALATAL,a,True,,zero frequency — no constraint
AB 52,0,PALATAL,e,True,,zero frequency — no constraint
AB 52,0,PALATAL,i,True,,zero frequency — no constraint
AB 52,0,PALATAL,o,True,,zero frequency — no constraint
AB 52,0,PALATAL,u,True,,zero frequency — no constraint
AB 52,0,SEMIVOWEL,a,True,,zero frequency — no constraint
AB 52,0,SEMIVOWEL,e,True,,zero frequency — no constraint
AB 52,0,SEMIVOWEL,i,True,,zero frequency — no constraint
AB 52,0,SEMIVOWEL,o,True,,zero frequency — no constraint
AB 52,0,SEMIVOWEL,u,True,,zero frequency — no constraint
AB 52,0,VOWEL,a,True,,zero frequency — no constraint
AB 52,0,VOWEL,e,True,,zero frequency — no constraint
AB 52,0,VOWEL,i,True,,zero frequency — no constraint
AB 52,0,VOWEL,o,True,,zero frequency — no constraint
AB 52,0,VOWEL,u,True,,zero frequency — no constraint
AB 56,46,DENTAL,a,True,,Kober triples: consonant class DENTAL matches 36 confirmed partners; Kober triples: vowel a matches confirmed partners; Kober rescue: frequency contradiction overridden by series/triple link
AB 56,46,DENTAL,e,True,,Kober triples: consonant class DENTAL matches 36 confirmed partners; Kober triples: vowel e matches confirmed partners; Kober rescue: frequency contradiction overridden by series/triple link
AB 56,46,DENTAL,i,True,,Kober triples: consonant class DENTAL matches 36 confirmed partners; Kober triples: vowel i matches confirmed partners
AB 56,46,DENTAL,o,True,,Kober triples: consonant class DENTAL matches 36 confirmed partners; Kober triples: vowel o matches confirmed partners
AB 56,46,DENTAL,u,True,,Kober triples: consonant class DENTAL matches 36 confirmed partners; Kober triples: vowel u matches confirmed partners
AB 56,46,LABIAL,a,True,,Kober triples: consonant class LABIAL matches 36 confirmed partners; Kober triples: vowel a matches confirmed partners
AB 56,46,LABIAL,e,True,,Kober triples: consonant class LABIAL matches 36 confirmed partners; Kober triples: vowel e matches confirmed partners
AB 56,46,LABIAL,i,True,,Kober triples: consonant class LABIAL matches 36 confirmed partners; Kober triples: vowel i matches confirmed partners; Kober rescue: frequency contradiction overridden by series/triple link
AB 56,46,LABIAL,o,True,,Kober triples: consonant class LABIAL matches 36 confirmed partners; Kober triples: vowel o matches confirmed partners
AB 56,46,LABIAL,u,True,,Kober triples: consonant class LABIAL matches 36 confirmed partners; Kober triples: vowel u matches confirmed partners
AB 56,46,VELAR,a,True,,Kober triples: consonant class VELAR matches 36 confirmed partners; Kober triples: vowel a matches confirmed partners
AB 56,46,VELAR,e,True,,Kober triples: consonant class VELAR matches 36 confirmed partners; Kober triples: vowel e matches confirmed partners
AB 56,46,VELAR,i,True,,Kober triples: consonant class VELAR matches 36 confirmed partners; Kober triples: vowel i matches confirmed partners
AB 56,46,VELAR,o,True,,Kober triples: consonant class VELAR matches 36 confirmed partners; Kober triples: vowel o matches confirmed partners
AB 56,46,VELAR,u,True,,Kober triples: consonant class VELAR matches 36 confirmed partners; Kober triples: vowel u matches confirmed partners
AB 56,46,SIBILANT,a,True,,Kober triples: consonant class SIBILANT matches 36 confirmed partners; Kober triples: vowel a matches confirmed partners; Kober rescue: frequency contradiction overridden by series/triple link
AB 56,46,SIBILANT,e,True,,Kober triples: consonant class SIBILANT matches 36 confirmed partners; Kober triples: vowel e matches confirmed partners
AB 56,46,SIBILANT,i,True,,Kober triples: consonant class SIBILANT matches 36 confirmed partners; Kober triples: vowel i matches confirmed partners
AB 56,46,SIBILANT,o,True,,Kober triples: consonant class SIBILANT matches 36 confirmed partners; Kober triples: vowel o matches confirmed partners
AB 56,46,SIBILANT,u,True,,Kober triples: consonant class SIBILANT matches 36 confirmed partners; Kober triples: vowel u matches confirmed partners
AB 56,46,LIQUID,a,True,,Kober triples: consonant class LIQUID matches 36 confirmed partners; Kober triples: vowel a matches confirmed partners
AB 56,46,LIQUID,e,True,,Kober triples: consonant class LIQUID matches 36 confirmed partners; Kober triples: vowel e matches confirmed partners
AB 56,46,LIQUID,i,True,,Kober triples: consonant class LIQUID matches 36 confirmed partners; Kober triples: vowel i matches confirmed partners
AB 56,46,LIQUID,o,True,,Kober triples: consonant class LIQUID matches 36 confirmed partners; Kober triples: vowel o matches confirmed partners
AB 56,46,LIQUID,u,True,,Kober triples: consonant class LIQUID matches 36 confirmed partners; Kober triples: vowel u matches confirmed partners
AB 56,46,PALATAL,a,True,,Kober triples: consonant class PALATAL matches 36 confirmed partners; Kober triples: vowel a matches confirmed partners
AB 56,46,PALATAL,e,True,,Kober triples: consonant class PALATAL matches 36 confirmed partners; Kober triples: vowel e matches confirmed partners
AB 56,46,PALATAL,i,True,,Kober triples: consonant class PALATAL matches 36 confirmed partners; Kober triples: vowel i matches confirmed partners
AB 56,46,PALATAL,o,True,,Kober triples: consonant class PALATAL matches 36 confirmed partners; Kober triples: vowel o matches confirmed partners
AB 56,46,PALATAL,u,True,,Kober triples: consonant class PALATAL matches 36 confirmed partners; Kober triples: vowel u matches confirmed partners
AB 56,46,SEMIVOWEL,a,True,,Kober triples: consonant class SEMIVOWEL matches 36 confirmed partners; Kober triples: vowel a matches confirmed partners
AB 56,46,SEMIVOWEL,e,True,,Kober triples: consonant class SEMIVOWEL matches 36 confirmed partners; Kober triples: vowel e matches confirmed partners
AB 56,46,SEMIVOWEL,i,True,,Kober triples: consonant class SEMIVOWEL matches 36 confirmed partners; Kober triples: vowel i matches confirmed partners
AB 56,46,SEMIVOWEL,o,True,,Kober triples: consonant class SEMIVOWEL matches 36 confirmed partners; Kober triples: vowel o matches confirmed partners
AB 56,46,SEMIVOWEL,u,True,,Kober triples: consonant class SEMIVOWEL matches 36 confirmed partners; Kober triples: vowel u matches confirmed partners
AB 56,46,VOWEL,a,True,,Kober triples: consonant class VOWEL matches 36 confirmed partners; Kober triples: vowel a matches confirmed partners
AB 56,46,VOWEL,e,True,,Kober triples: consonant class VOWEL matches 36 confirmed partners; Kober triples: vowel e matches confirmed partners
AB 56,46,VOWEL,i,True,,Kober triples: consonant class VOWEL matches 36 confirmed partners; Kober triples: vowel i matches confirmed partners
AB 56,46,VOWEL,o,True,,Kober triples: consonant class VOWEL matches 36 confirmed partners; Kober triples: vowel o matches confirmed partners
AB 56,46,VOWEL,u,True,,Kober triples: consonant class VOWEL matches 36 confirmed partners; Kober triples: vowel u matches confirmed partners
AB 58,55,DENTAL,a,True,,Kober triples: consonant class DENTAL matches 12 confirmed partners; Kober triples: vowel a matches confirmed partners; Kober rescue: frequency contradiction overridden by series/triple link
AB 58,55,DENTAL,e,True,,Kober triples: consonant class DENTAL matches 12 confirmed partners; Kober triples: vowel e matches confirmed partners; Kober rescue: frequency contradiction overridden by series/triple link
AB 58,55,DENTAL,i,True,,Kober triples: consonant class DENTAL matches 12 confirmed partners; Kober triples: vowel i matches confirmed partners
AB 58,55,DENTAL,o,True,,Kober triples: consonant class DENTAL matches 12 confirmed partners; Kober triples: vowel o matches confirmed partners; Kober rescue: frequency contradiction overridden by series/triple link
AB 58,55,DENTAL,u,True,,Kober triples: consonant class DENTAL matches 12 confirmed partners; Kober triples: vowel u matches confirmed partners
AB 58,55,LABIAL,a,True,,Kober triples: consonant class LABIAL matches 12 confirmed partners; Kober triples: vowel a matches confirmed partners
AB 58,55,LABIAL,e,True,,Kober triples: consonant class LABIAL matches 12 confirmed partners; Kober triples: vowel e matches confirmed partners
AB 58,55,LABIAL,i,True,,Kober triples: consonant class LABIAL matches 12 confirmed partners; Kober triples: vowel i matches confirmed partners; Kober rescue: frequency contradiction overridden by series/triple link
AB 58,55,LABIAL,o,True,,Kober triples: consonant class LABIAL matches 12 confirmed partners; Kober triples: vowel o matches confirmed partners
AB 58,55,LABIAL,u,True,,Kober triples: consonant class LABIAL matches 12 confirmed partners; Kober triples: vowel u matches confirmed partners
AB 58,55,VELAR,a,True,,Kober triples: consonant class VELAR matches 12 confirmed partners; Kober triples: vowel a matches confirmed partners
AB 58,55,VELAR,e,True,,Kober triples: consonant class VELAR matches 12 confirmed partners; Kober triples: vowel e matches confirmed partners
AB 58,55,VELAR,i,True,,Kober triples: consonant class VELAR matches 12 confirmed partners; Kober triples: vowel i matches confirmed partners
AB 58,55,VELAR,o,True,,Kober triples: consonant class VELAR matches 12 confirmed partners; Kober triples: vowel o matches confirmed partners
AB 58,55,VELAR,u,True,,Kober triples: consonant class VELAR matches 12 confirmed partners; Kober triples: vowel u matches confirmed partners
AB 58,55,SIBILANT,a,True,,Kober triples: vowel a matches confirmed partners; Kober rescue: frequency contradiction overridden by series/triple link
AB 58,55,SIBILANT,e,True,,Kober triples: vowel e matches confirmed partners
AB 58,55,SIBILANT,i,True,,Kober triples: vowel i matches confirmed partners
AB 58,55,SIBILANT,o,True,,Kober triples: vowel o matches confirmed partners
AB 58,55,SIBILANT,u,True,,Kober triples: vowel u matches confirmed partners
AB 58,55,LIQUID,a,True,,Kober triples: consonant class LIQUID matches 12 confirmed partners; Kober triples: vowel a matches confirmed partners
AB 58,55,LIQUID,e,True,,Kober triples: consonant class LIQUID matches 12 confirmed partners; Kober triples: vowel e matches confirmed partners
AB 58,55,LIQUID,i,True,,Kober triples: consonant class LIQUID matches 12 confirmed partners; Kober triples: vowel i matches confirmed partners
AB 58,55,LIQUID,o,True,,Kober triples: consonant class LIQUID matches 12 confirmed partners; Kober triples: vowel o matches confirmed partners
AB 58,55,LIQUID,u,True,,Kober triples: consonant class LIQUID matches 12 confirmed partners; Kober triples: vowel u matches confirmed partners
AB 58,55,PALATAL,a,True,,Kober triples: consonant class PALATAL matches 12 confirmed partners; Kober triples: vowel a matches confirmed partners
AB 58,55,PALATAL,e,True,,Kober triples: consonant class PALATAL matches 12 confirmed partners; Kober triples: vowel e matches confirmed partners
AB 58,55,PALATAL,i,True,,Kober triples: consonant class PALATAL matches 12 confirmed partners; Kober triples: vowel i matches confirmed partners
AB 58,55,PALATAL,o,True,,Kober triples: consonant class PALATAL matches 12 confirmed partners; Kober triples: vowel o matches confirmed partners
AB 58,55,PALATAL,u,True,,Kober triples: consonant class PALATAL matches 12 confirmed partners; Kober triples: vowel u matches confirmed partners
AB 58,55,SEMIVOWEL,a,True,,Kober triples: vowel a matches confirmed partners; Kober rescue: frequency contradiction overridden by series/triple link
AB 58,55,SEMIVOWEL,e,True,,Kober triples: vowel e matches confirmed partners; Kober rescue: frequency contradiction overridden by series/triple link
AB 58,55,SEMIVOWEL,i,True,,Kober triples: vowel i matches confirmed partners; Kober rescue: frequency contradiction overridden by series/triple link
AB 58,55,SEMIVOWEL,o,True,,Kober triples: vowel o matches confirmed partners; Kober rescue: frequency contradiction overridden by series/triple link
AB 58,55,SEMIVOWEL,u,True,,Kober triples: vowel u matches confirmed partners; Kober rescue: frequency contradiction overridden by series/triple link
AB 58,55,VOWEL,a,True,,Kober triples: consonant class VOWEL matches 12 confirmed partners; Kober triples: vowel a matches confirmed partners
AB 58,55,VOWEL,e,True,,Kober triples: consonant class VOWEL matches 12 confirmed partners; Kober triples: vowel e matches confirmed partners
AB 58,55,VOWEL,i,True,,Kober triples: consonant class VOWEL matches 12 confirmed partners; Kober triples: vowel i matches confirmed partners
AB 58,55,VOWEL,o,True,,Kober triples: consonant class VOWEL matches 12 confirmed partners; Kober triples: vowel o matches confirmed partners
AB 58,55,VOWEL,u,True,,Kober triples: consonant class VOWEL matches 12 confirmed partners; Kober triples: vowel u matches confirmed partners
AB 59,165,DENTAL,a,True,,Kober triples: consonant class DENTAL matches 36 confirmed partners; Kober triples: vowel a matches confirmed partners
AB 59,165,DENTAL,e,True,,Kober triples: consonant class DENTAL matches 36 confirmed partners; Kober triples: vowel e matches confirmed partners
AB 59,165,DENTAL,i,True,,Kober triples: consonant class DENTAL matches 36 confirmed partners; Kober triples: vowel i matches confirmed partners
AB 59,165,DENTAL,o,True,,Kober triples: consonant class DENTAL matches 36 confirmed partners; Kober triples: vowel o matches confirmed partners; Kober rescue: frequency contradiction overridden by series/triple link
AB 59,165,DENTAL,u,True,,Kober triples: consonant class DENTAL matches 36 confirmed partners; Kober triples: vowel u matches confirmed partners
AB 59,165,LABIAL,a,True,,Kober triples: consonant class LABIAL matches 36 confirmed partners; Kober triples: vowel a matches confirmed partners; Kober rescue: frequency contradiction overridden by series/triple link
AB 59,165,LABIAL,e,True,,Kober triples: consonant class LABIAL matches 36 confirmed partners; Kober triples: vowel e matches confirmed partners; Kober rescue: frequency contradiction overridden by series/triple link
AB 59,165,LABIAL,i,True,,Kober triples: consonant class LABIAL matches 36 confirmed partners; Kober triples: vowel i matches confirmed partners; Kober rescue: frequency contradiction overridden by series/triple link
AB 59,165,LABIAL,o,True,,Kober triples: consonant class LABIAL matches 36 confirmed partners; Kober triples: vowel o matches confirmed partners; Kober rescue: frequency contradiction overridden by series/triple link
AB 59,165,LABIAL,u,True,,Kober triples: consonant class LABIAL matches 36 confirmed partners; Kober triples: vowel u matches confirmed partners; Kober rescue: frequency contradiction overridden by series/triple link
AB 59,165,VELAR,a,True,,Kober triples: consonant class VELAR matches 36 confirmed partners; Kober triples: vowel a matches confirmed partners; Kober rescue: frequency contradiction overridden by series/triple link
AB 59,165,VELAR,e,True,,Kober triples: consonant class VELAR matches 36 confirmed partners; Kober triples: vowel e matches confirmed partners; Kober rescue: frequency contradiction overridden by series/triple link
AB 59,165,VELAR,i,True,,Kober triples: consonant class VELAR matches 36 confirmed partners; Kober triples: vowel i matches confirmed partners; Kober rescue: frequency contradiction overridden by series/triple link
AB 59,165,VELAR,o,True,,Kober triples: consonant class VELAR matches 36 confirmed partners; Kober triples: vowel o matches confirmed partners; Kober rescue: frequency contradiction overridden by series/triple link
AB 59,165,VELAR,u,True,,Kober triples: consonant class VELAR matches 36 confirmed partners; Kober triples: vowel u matches confirmed partners; Kober rescue: frequency contradiction overridden by series/triple link
AB 59,165,SIBILANT,a,True,,Kober triples: consonant class SIBILANT matches 36 confirmed partners; Kober triples: vowel a matches confirmed partners; Kober rescue: frequency contradiction overridden by series/triple link
AB 59,165,SIBILANT,e,True,,Kober triples: consonant class SIBILANT matches 36 confirmed partners; Kober triples: vowel e matches confirmed partners; Kober rescue: frequency contradiction overridden by series/triple link
AB 59,165,SIBILANT,i,True,,Kober triples: consonant class SIBILANT matches 36 confirmed partners; Kober triples: vowel i matches confirmed partners; Kober rescue: frequency contradiction overridden by series/triple link
AB 59,165,SIBILANT,o,True,,Kober triples: consonant class SIBILANT matches 36 confirmed partners; Kober triples: vowel o matches confirmed partners; Kober rescue: frequency contradiction overridden by series/triple link
AB 59,165,SIBILANT,u,True,,Kober triples: consonant class SIBILANT matches 36 confirmed partners; Kober triples: vowel u matches confirmed partners; Kober rescue: frequency contradiction overridden by series/triple link
AB 59,165,LIQUID,a,True,,Kober triples: consonant class LIQUID matches 36 confirmed partners; Kober triples: vowel a matches confirmed partners
AB 59,165,LIQUID,e,True,,Kober triples: consonant class LIQUID matches 36 confirmed partners; Kober triples: vowel e matches confirmed partners
AB 59,165,LIQUID,i,True,,Kober triples: consonant class LIQUID matches 36 confirmed partners; Kober triples: vowel i matches confirmed partners; Kober rescue: frequency contradiction overridden by series/triple link
AB 59,165,LIQUID,o,True,,Kober triples: consonant class LIQUID matches 36 confirmed partners; Kober triples: vowel o matches confirmed partners
AB 59,165,LIQUID,u,True,,Kober triples: consonant class LIQUID matches 36 confirmed partners; Kober triples: vowel u matches confirmed partners
AB 59,165,PALATAL,a,True,,Kober triples: consonant class PALATAL matches 36 confirmed partners; Kober triples: vowel a matches confirmed partners
AB 59,165,PALATAL,e,True,,Kober triples: consonant class PALATAL matches 36 confirmed partners; Kober triples: vowel e matches confirmed partners
AB 59,165,PALATAL,i,True,,Kober triples: consonant class PALATAL matches 36 confirmed partners; Kober triples: vowel i matches confirmed partners
AB 59,165,PALATAL,o,True,,Kober triples: consonant class PALATAL matches 36 confirmed partners; Kober triples: vowel o matches confirmed partners
AB 59,165,PALATAL,u,True,,Kober triples: consonant class PALATAL matches 36 confirmed partners; Kober triples: vowel u matches confirmed partners
AB 59,165,SEMIVOWEL,a,True,,Kober triples: consonant class SEMIVOWEL matches 36 confirmed partners; Kober triples: vowel a matches confirmed partners; Kober rescue: frequency contradiction overridden by series/triple link
AB 59,165,SEMIVOWEL,e,True,,Kober triples: consonant class SEMIVOWEL matches 36 confirmed partners; Kober triples: vowel e matches confirmed partners; Kober rescue: frequency contradiction overridden by series/triple link
AB 59,165,SEMIVOWEL,i,True,,Kober triples: consonant class SEMIVOWEL matches 36 confirmed partners; Kober triples: vowel i matches confirmed partners; Kober rescue: frequency contradiction overridden by series/triple link
AB 59,165,SEMIVOWEL,o,True,,Kober triples: consonant class SEMIVOWEL matches 36 confirmed partners; Kober triples: vowel o matches confirmed partners; Kober rescue: frequency contradiction overridden by series/triple link
AB 59,165,SEMIVOWEL,u,True,,Kober triples: consonant class SEMIVOWEL matches 36 confirmed partners; Kober triples: vowel u matches confirmed partners; Kober rescue: frequency contradiction overridden by series/triple link
AB 59,165,VOWEL,a,True,,Kober triples: consonant class VOWEL matches 36 confirmed partners; Kober triples: vowel a matches confirmed partners
AB 59,165,VOWEL,e,True,,Kober triples: consonant class VOWEL matches 36 confirmed partners; Kober triples: vowel e matches confirmed partners
AB 59,165,VOWEL,i,True,,Kober triples: consonant class VOWEL matches 36 confirmed partners; Kober triples: vowel i matches confirmed partners; Kober rescue: frequency contradiction overridden by series/triple link
AB 59,165,VOWEL,o,True,,Kober triples: consonant class VOWEL matches 36 confirmed partners; Kober triples: vowel o matches confirmed partners
AB 59,165,VOWEL,u,True,,Kober triples: consonant class VOWEL matches 36 confirmed partners; Kober triples: vowel u matches confirmed partners
AB 60,117,DENTAL,a,True,medial-dominant,Kober rescue: frequency contradiction overridden by series/triple link
AB 60,117,DENTAL,e,True,medial-dominant,Kober series 'medial-dominant': consonant DENTAL matches
AB 60,117,DENTAL,i,True,medial-dominant,
AB 60,117,DENTAL,o,True,medial-dominant,Kober rescue: frequency contradiction overridden by series/triple link
AB 60,117,DENTAL,u,True,medial-dominant,
AB 60,117,LABIAL,a,True,medial-dominant,Kober rescue: frequency contradiction overridden by series/triple link
AB 60,117,LABIAL,e,True,medial-dominant,Kober series 'medial-dominant': consonant LABIAL matches
AB 60,117,LABIAL,i,True,medial-dominant,Kober rescue: frequency contradiction overridden by series/triple link
AB 60,117,LABIAL,o,True,medial-dominant,
AB 60,117,LABIAL,u,True,medial-dominant,
AB 60,117,VELAR,a,True,medial-dominant,
AB 60,117,VELAR,e,True,medial-dominant,Kober series 'medial-dominant': consonant VELAR matches; Kober rescue: frequency contradiction overridden by series/triple link
AB 60,117,VELAR,i,True,medial-dominant,
AB 60,117,VELAR,o,True,medial-dominant,
AB 60,117,VELAR,u,True,medial-dominant,
AB 60,117,SIBILANT,a,True,medial-dominant,Kober rescue: frequency contradiction overridden by series/triple link
AB 60,117,SIBILANT,e,True,medial-dominant,Kober series 'medial-dominant': consonant SIBILANT matches; Kober rescue: frequency contradiction overridden by series/triple link
AB 60,117,SIBILANT,i,True,medial-dominant,Kober rescue: frequency contradiction overridden by series/triple link
AB 60,117,SIBILANT,o,True,medial-dominant,Kober rescue: frequency contradiction overridden by series/triple link
AB 60,117,SIBILANT,u,True,medial-dominant,Kober rescue: frequency contradiction overridden by series/triple link
AB 60,117,LIQUID,a,True,medial-dominant,
AB 60,117,LIQUID,e,True,medial-dominant,Kober series 'medial-dominant': consonant LIQUID matches
AB 60,117,LIQUID,i,True,medial-dominant,Kober rescue: frequency contradiction overridden by series/triple link
AB 60,117,LIQUID,o,True,medial-dominant,
AB 60,117,LIQUID,u,True,medial-dominant,
AB 60,117,PALATAL,a,True,medial-dominant,"Kober series 'medial-dominant': vowel a matches series partners {'u', 'o', 'a', 'i'}"
AB 60,117,PALATAL,i,True,medial-dominant,"Kober series 'medial-dominant': vowel i matches series partners {'u', 'o', 'a', 'i'}"
AB 60,117,PALATAL,o,True,medial-dominant,"Kober series 'medial-dominant': vowel o matches series partners {'u', 'o', 'a', 'i'}"
AB 60,117,PALATAL,u,True,medial-dominant,"Kober series 'medial-dominant': vowel u matches series partners {'u', 'o', 'a', 'i'}"
AB 60,117,SEMIVOWEL,a,True,medial-dominant,"Kober series 'medial-dominant': vowel a matches series partners {'u', 'o', 'a', 'i'}; Kober rescue: frequency contradiction overridden by series/triple link"
AB 60,117,SEMIVOWEL,i,True,medial-dominant,"Kober series 'medial-dominant': vowel i matches series partners {'u', 'o', 'a', 'i'}; Kober rescue: frequency contradiction overridden by series/triple link"
AB 60,117,SEMIVOWEL,o,True,medial-dominant,"Kober series 'medial-dominant': vowel o matches series partners {'u', 'o', 'a', 'i'}; Kober rescue: frequency contradiction overridden by series/triple link"
AB 60,117,SEMIVOWEL,u,True,medial-dominant,"Kober series 'medial-dominant': vowel u matches series partners {'u', 'o', 'a', 'i'}; Kober rescue: frequency contradiction overridden by series/triple link"
AB 60,117,VOWEL,a,True,medial-dominant,"Kober series 'medial-dominant': vowel a matches series partners {'u', 'o', 'a', 'i'}"
AB 60,117,VOWEL,i,True,medial-dominant,"Kober series 'medial-dominant': vowel i matches series partners {'u', 'o', 'a', 'i'}"
AB 60,117,VOWEL,o,True,medial-dominant,"Kober series 'medial-dominant': vowel o matches series partners {'u', 'o', 'a', 'i'}"
AB 60,117,VOWEL,u,True,medial-dominant,"Kober series 'medial-dominant': vowel u matches series partners {'u', 'o', 'a', 'i'}"
AB 60,117,PALATAL,e,False,medial-dominant,"Kober series 'medial-dominant': neither consonant (PALATAL not in {'LIQUID', 'VELAR', 'LABIAL', 'DENTAL', 'SIBILANT'}) nor vowel (e not in {'u', 'o', 'a', 'i'}) matches series partners"
AB 60,117,SEMIVOWEL,e,False,medial-dominant,"frequency 117 outside SEMIVOWEL IQR envelope (p50=22.5, IQR=[15.8-29.2]); Kober series 'medial-dominant': neither consonant (SEMIVOWEL not in {'LIQUID', 'VELAR', 'LABIAL', 'DENTAL', 'SIBILANT'}) nor vowel (e not in {'u', 'o', 'a', 'i'}) matches series partners"
AB 60,117,VOWEL,e,False,medial-dominant,"Kober series 'medial-dominant': neither consonant (VOWEL not in {'LIQUID', 'VELAR', 'LABIAL', 'DENTAL', 'SIBILANT'}) nor vowel (e not in {'u', 'o', 'a', 'i'}) matches series partners"
AB 62,0,DENTAL,a,True,,zero frequency — no constraint
AB 62,0,DENTAL,e,True,,zero frequency — no constraint
AB 62,0,DENTAL,i,True,,zero frequency — no constraint
AB 62,0,DENTAL,o,True,,zero frequency — no constraint
AB 62,0,DENTAL,u,True,,zero frequency — no constraint
AB 62,0,LABIAL,a,True,,zero frequency — no constraint
AB 62,0,LABIAL,e,True,,zero frequency — no constraint
AB 62,0,LABIAL,i,True,,zero frequency — no constraint
AB 62,0,LABIAL,o,True,,zero frequency — no constraint
AB 62,0,LABIAL,u,True,,zero frequency — no constraint
AB 62,0,VELAR,a,True,,zero frequency — no constraint
AB 62,0,VELAR,e,True,,zero frequency — no constraint
AB 62,0,VELAR,i,True,,zero frequency — no constraint
AB 62,0,VELAR,o,True,,zero frequency — no constraint
AB 62,0,VELAR,u,True,,zero frequency — no constraint
AB 62,0,SIBILANT,a,True,,zero frequency — no constraint
AB 62,0,SIBILANT,e,True,,zero frequency — no constraint
AB 62,0,SIBILANT,i,True,,zero frequency — no constraint
AB 62,0,SIBILANT,o,True,,zero frequency — no constraint
AB 62,0,SIBILANT,u,True,,zero frequency — no constraint
AB 62,0,LIQUID,a,True,,zero frequency — no constraint
AB 62,0,LIQUID,e,True,,zero frequency — no constraint
AB 62,0,LIQUID,i,True,,zero frequency — no constraint
AB 62,0,LIQUID,o,True,,zero frequency — no constraint
AB 62,0,LIQUID,u,True,,zero frequency — no constraint
AB 62,0,PALATAL,a,True,,zero frequency — no constraint
AB 62,0,PALATAL,e,True,,zero frequency — no constraint
AB 62,0,PALATAL,i,True,,zero frequency — no constraint
AB 62,0,PALATAL,o,True,,zero frequency — no constraint
AB 62,0,PALATAL,u,True,,zero frequency — no constraint
AB 62,0,SEMIVOWEL,a,True,,zero frequency — no constraint
AB 62,0,SEMIVOWEL,e,True,,zero frequency — no constraint
AB 62,0,SEMIVOWEL,i,True,,zero frequency — no constraint
AB 62,0,SEMIVOWEL,o,True,,zero frequency — no constraint
AB 62,0,SEMIVOWEL,u,True,,zero frequency — no constraint
AB 62,0,VOWEL,a,True,,zero frequency — no constraint
AB 62,0,VOWEL,e,True,,zero frequency — no constraint
AB 62,0,VOWEL,i,True,,zero frequency — no constraint
AB 62,0,VOWEL,o,True,,zero frequency — no constraint
AB 62,0,VOWEL,u,True,,zero frequency — no constraint
AB 64,0,DENTAL,a,True,,zero frequency — no constraint
AB 64,0,DENTAL,e,True,,zero frequency — no constraint
AB 64,0,DENTAL,i,True,,zero frequency — no constraint
AB 64,0,DENTAL,o,True,,zero frequency — no constraint
AB 64,0,DENTAL,u,True,,zero frequency — no constraint
AB 64,0,LABIAL,a,True,,zero frequency — no constraint
AB 64,0,LABIAL,e,True,,zero frequency — no constraint
AB 64,0,LABIAL,i,True,,zero frequency — no constraint
AB 64,0,LABIAL,o,True,,zero frequency — no constraint
AB 64,0,LABIAL,u,True,,zero frequency — no constraint
AB 64,0,VELAR,a,True,,zero frequency — no constraint
AB 64,0,VELAR,e,True,,zero frequency — no constraint
AB 64,0,VELAR,i,True,,zero frequency — no constraint
AB 64,0,VELAR,o,True,,zero frequency — no constraint
AB 64,0,VELAR,u,True,,zero frequency — no constraint
AB 64,0,SIBILANT,a,True,,zero frequency — no constraint
AB 64,0,SIBILANT,e,True,,zero frequency — no constraint
AB 64,0,SIBILANT,i,True,,zero frequency — no constraint
AB 64,0,SIBILANT,o,True,,zero frequency — no constraint
AB 64,0,SIBILANT,u,True,,zero frequency — no constraint
AB 64,0,LIQUID,a,True,,zero frequency — no constraint
AB 64,0,LIQUID,e,True,,zero frequency — no constraint
AB 64,0,LIQUID,i,True,,zero frequency — no constraint
AB 64,0,LIQUID,o,True,,zero frequency — no constraint
AB 64,0,LIQUID,u,True,,zero frequency — no constraint
AB 64,0,PALATAL,a,True,,zero frequency — no constraint
AB 64,0,PALATAL,e,True,,zero frequency — no constraint
AB 64,0,PALATAL,i,True,,zero frequency — no constraint
AB 64,0,PALATAL,o,True,,zero frequency — no constraint
AB 64,0,PALATAL,u,True,,zero frequency — no constraint
AB 64,0,SEMIVOWEL,a,True,,zero frequency — no constraint
AB 64,0,SEMIVOWEL,e,True,,zero frequency — no constraint
AB 64,0,SEMIVOWEL,i,True,,zero frequency — no constraint
AB 64,0,SEMIVOWEL,o,True,,zero frequency — no constraint
AB 64,0,SEMIVOWEL,u,True,,zero frequency — no constraint
AB 64,0,VOWEL,a,True,,zero frequency — no constraint
AB 64,0,VOWEL,e,True,,zero frequency — no constraint
AB 64,0,VOWEL,i,True,,zero frequency — no constraint
AB 64,0,VOWEL,o,True,,zero frequency — no constraint
AB 64,0,VOWEL,u,True,,zero frequency — no constraint
AB 66,17,DENTAL,a,True,medial-dominant,Kober triples: consonant class DENTAL matches 36 confirmed partners; Kober triples: vowel a matches confirmed partners; Kober rescue: frequency contradiction overridden by series/triple link
AB 66,17,DENTAL,e,True,medial-dominant,Kober series 'medial-dominant': consonant DENTAL matches; Kober triples: consonant class DENTAL matches 36 confirmed partners; Kober triples: vowel e matches confirmed partners; Kober rescue: frequency contradiction overridden by series/triple link
AB 66,17,DENTAL,i,True,medial-dominant,Kober triples: consonant class DENTAL matches 36 confirmed partners; Kober triples: vowel i matches confirmed partners
AB 66,17,DENTAL,o,True,medial-dominant,Kober triples: consonant class DENTAL matches 36 confirmed partners; Kober triples: vowel o matches confirmed partners
AB 66,17,DENTAL,u,True,medial-dominant,Kober triples: consonant class DENTAL matches 36 confirmed partners; Kober triples: vowel u matches confirmed partners
AB 66,17,LABIAL,a,True,medial-dominant,Kober triples: consonant class LABIAL matches 36 confirmed partners; Kober triples: vowel a matches confirmed partners
AB 66,17,LABIAL,e,True,medial-dominant,Kober series 'medial-dominant': consonant LABIAL matches; Kober triples: consonant class LABIAL matches 36 confirmed partners; Kober triples: vowel e matches confirmed partners
AB 66,17,LABIAL,i,True,medial-dominant,Kober triples: consonant class LABIAL matches 36 confirmed partners; Kober triples: vowel i matches confirmed partners; Kober rescue: frequency contradiction overridden by series/triple link
AB 66,17,LABIAL,o,True,medial-dominant,Kober triples: consonant class LABIAL matches 36 confirmed partners; Kober triples: vowel o matches confirmed partners
AB 66,17,LABIAL,u,True,medial-dominant,Kober triples: consonant class LABIAL matches 36 confirmed partners; Kober triples: vowel u matches confirmed partners; Kober rescue: frequency contradiction overridden by series/triple link
AB 66,17,VELAR,a,True,medial-dominant,Kober triples: consonant class VELAR matches 36 confirmed partners; Kober triples: vowel a matches confirmed partners
AB 66,17,VELAR,e,True,medial-dominant,Kober series 'medial-dominant': consonant VELAR matches; Kober triples: consonant class VELAR matches 36 confirmed partners; Kober triples: vowel e matches confirmed partners; Kober rescue: frequency contradiction overridden by series/triple link
AB 66,17,VELAR,i,True,medial-dominant,Kober triples: consonant class VELAR matches 36 confirmed partners; Kober triples: vowel i matches confirmed partners
AB 66,17,VELAR,o,True,medial-dominant,Kober triples: consonant class VELAR matches 36 confirmed partners; Kober triples: vowel o matches confirmed partners
AB 66,17,VELAR,u,True,medial-dominant,Kober triples: consonant class VELAR matches 36 confirmed partners; Kober triples: vowel u matches confirmed partners
AB 66,17,SIBILANT,a,True,medial-dominant,Kober triples: consonant class SIBILANT matches 36 confirmed partners; Kober triples: vowel a matches confirmed partners
AB 66,17,SIBILANT,e,True,medial-dominant,Kober series 'medial-dominant': consonant SIBILANT matches; Kober triples: consonant class SIBILANT matches 36 confirmed partners; Kober triples: vowel e matches confirmed partners
AB 66,17,SIBILANT,i,True,medial-dominant,Kober triples: consonant class SIBILANT matches 36 confirmed partners; Kober triples: vowel i matches confirmed partners
AB 66,17,SIBILANT,o,True,medial-dominant,Kober triples: consonant class SIBILANT matches 36 confirmed partners; Kober triples: vowel o matches confirmed partners
AB 66,17,SIBILANT,u,True,medial-dominant,Kober triples: consonant class SIBILANT matches 36 confirmed partners; Kober triples: vowel u matches confirmed partners
AB 66,17,LIQUID,a,True,medial-dominant,Kober triples: consonant class LIQUID matches 36 confirmed partners; Kober triples: vowel a matches confirmed partners
AB 66,17,LIQUID,e,True,medial-dominant,Kober series 'medial-dominant': consonant LIQUID matches; Kober triples: consonant class LIQUID matches 36 confirmed partners; Kober triples: vowel e matches confirmed partners
AB 66,17,LIQUID,i,True,medial-dominant,Kober triples: consonant class LIQUID matches 36 confirmed partners; Kober triples: vowel i matches confirmed partners
AB 66,17,LIQUID,o,True,medial-dominant,Kober triples: consonant class LIQUID matches 36 confirmed partners; Kober triples: vowel o matches confirmed partners
AB 66,17,LIQUID,u,True,medial-dominant,Kober triples: consonant class LIQUID matches 36 confirmed partners; Kober triples: vowel u matches confirmed partners
AB 66,17,PALATAL,a,True,medial-dominant,"Kober series 'medial-dominant': vowel a matches series partners {'u', 'o', 'a', 'i'}; Kober triples: consonant class PALATAL matches 36 confirmed partners; Kober triples: vowel a matches confirmed partners"
AB 66,17,PALATAL,i,True,medial-dominant,"Kober series 'medial-dominant': vowel i matches series partners {'u', 'o', 'a', 'i'}; Kober triples: consonant class PALATAL matches 36 confirmed partners; Kober triples: vowel i matches confirmed partners"
AB 66,17,PALATAL,o,True,medial-dominant,"Kober series 'medial-dominant': vowel o matches series partners {'u', 'o', 'a', 'i'}; Kober triples: consonant class PALATAL matches 36 confirmed partners; Kober triples: vowel o matches confirmed partners"
AB 66,17,PALATAL,u,True,medial-dominant,"Kober series 'medial-dominant': vowel u matches series partners {'u', 'o', 'a', 'i'}; Kober triples: consonant class PALATAL matches 36 confirmed partners; Kober triples: vowel u matches confirmed partners"
AB 66,17,SEMIVOWEL,a,True,medial-dominant,"Kober series 'medial-dominant': vowel a matches series partners {'u', 'o', 'a', 'i'}; Kober triples: consonant class SEMIVOWEL matches 36 confirmed partners; Kober triples: vowel a matches confirmed partners"
AB 66,17,SEMIVOWEL,i,True,medial-dominant,"Kober series 'medial-dominant': vowel i matches series partners {'u', 'o', 'a', 'i'}; Kober triples: consonant class SEMIVOWEL matches 36 confirmed partners; Kober triples: vowel i matches confirmed partners"
AB 66,17,SEMIVOWEL,o,True,medial-dominant,"Kober series 'medial-dominant': vowel o matches series partners {'u', 'o', 'a', 'i'}; Kober triples: consonant class SEMIVOWEL matches 36 confirmed partners; Kober triples: vowel o matches confirmed partners"
AB 66,17,SEMIVOWEL,u,True,medial-dominant,"Kober series 'medial-dominant': vowel u matches series partners {'u', 'o', 'a', 'i'}; Kober triples: consonant class SEMIVOWEL matches 36 confirmed partners; Kober triples: vowel u matches confirmed partners"
AB 66,17,VOWEL,a,True,medial-dominant,"Kober series 'medial-dominant': vowel a matches series partners {'u', 'o', 'a', 'i'}; Kober triples: consonant class VOWEL matches 36 confirmed partners; Kober triples: vowel a matches confirmed partners"
AB 66,17,VOWEL,i,True,medial-dominant,"Kober series 'medial-dominant': vowel i matches series partners {'u', 'o', 'a', 'i'}; Kober triples: consonant class VOWEL matches 36 confirmed partners; Kober triples: vowel i matches confirmed partners"
AB 66,17,VOWEL,o,True,medial-dominant,"Kober series 'medial-dominant': vowel o matches series partners {'u', 'o', 'a', 'i'}; Kober triples: consonant class VOWEL matches 36 confirmed partners; Kober triples: vowel o matches confirmed partners"
AB 66,17,VOWEL,u,True,medial-dominant,"Kober series 'medial-dominant': vowel u matches series partners {'u', 'o', 'a', 'i'}; Kober triples: consonant class VOWEL matches 36 confirmed partners; Kober triples: vowel u matches confirmed partners"
AB 66,17,PALATAL,e,False,medial-dominant,"Kober series 'medial-dominant': neither consonant (PALATAL not in {'LIQUID', 'VELAR', 'LABIAL', 'DENTAL', 'SIBILANT'}) nor vowel (e not in {'u', 'o', 'a', 'i'}) matches series partners"
AB 66,17,SEMIVOWEL,e,False,medial-dominant,"Kober series 'medial-dominant': neither consonant (SEMIVOWEL not in {'LIQUID', 'VELAR', 'LABIAL', 'DENTAL', 'SIBILANT'}) nor vowel (e not in {'u', 'o', 'a', 'i'}) matches series partners"
AB 66,17,VOWEL,e,False,medial-dominant,"Kober series 'medial-dominant': neither consonant (VOWEL not in {'LIQUID', 'VELAR', 'LABIAL', 'DENTAL', 'SIBILANT'}) nor vowel (e not in {'u', 'o', 'a', 'i'}) matches series partners"
AB 71,0,DENTAL,a,True,,zero frequency — no constraint
AB 71,0,DENTAL,e,True,,zero frequency — no constraint
AB 71,0,DENTAL,i,True,,zero frequency — no constraint
AB 71,0,DENTAL,o,True,,zero frequency — no constraint
AB 71,0,DENTAL,u,True,,zero frequency — no constraint
AB 71,0,LABIAL,a,True,,zero frequency — no constraint
AB 71,0,LABIAL,e,True,,zero frequency — no constraint
AB 71,0,LABIAL,i,True,,zero frequency — no constraint
AB 71,0,LABIAL,o,True,,zero frequency — no constraint
AB 71,0,LABIAL,u,True,,zero frequency — no constraint
AB 71,0,VELAR,a,True,,zero frequency — no constraint
AB 71,0,VELAR,e,True,,zero frequency — no constraint
AB 71,0,VELAR,i,True,,zero frequency — no constraint
AB 71,0,VELAR,o,True,,zero frequency — no constraint
AB 71,0,VELAR,u,True,,zero frequency — no constraint
AB 71,0,SIBILANT,a,True,,zero frequency — no constraint
AB 71,0,SIBILANT,e,True,,zero frequency — no constraint
AB 71,0,SIBILANT,i,True,,zero frequency — no constraint
AB 71,0,SIBILANT,o,True,,zero frequency — no constraint
AB 71,0,SIBILANT,u,True,,zero frequency — no constraint
AB 71,0,LIQUID,a,True,,zero frequency — no constraint
AB 71,0,LIQUID,e,True,,zero frequency — no constraint
AB 71,0,LIQUID,i,True,,zero frequency — no constraint
AB 71,0,LIQUID,o,True,,zero frequency — no constraint
AB 71,0,LIQUID,u,True,,zero frequency — no constraint
AB 71,0,PALATAL,a,True,,zero frequency — no constraint
AB 71,0,PALATAL,e,True,,zero frequency — no constraint
AB 71,0,PALATAL,i,True,,zero frequency — no constraint
AB 71,0,PALATAL,o,True,,zero frequency — no constraint
AB 71,0,PALATAL,u,True,,zero frequency — no constraint
AB 71,0,SEMIVOWEL,a,True,,zero frequency — no constraint
AB 71,0,SEMIVOWEL,e,True,,zero frequency — no constraint
AB 71,0,SEMIVOWEL,i,True,,zero frequency — no constraint
AB 71,0,SEMIVOWEL,o,True,,zero frequency — no constraint
AB 71,0,SEMIVOWEL,u,True,,zero frequency — no constraint
AB 71,0,VOWEL,a,True,,zero frequency — no constraint
AB 71,0,VOWEL,e,True,,zero frequency — no constraint
AB 71,0,VOWEL,i,True,,zero frequency — no constraint
AB 71,0,VOWEL,o,True,,zero frequency — no constraint
AB 71,0,VOWEL,u,True,,zero frequency — no constraint
AB 72,26,DENTAL,a,True,,Kober triples: consonant class DENTAL matches 24 confirmed partners; Kober triples: vowel a matches confirmed partners; Kober rescue: frequency contradiction overridden by series/triple link
AB 72,26,DENTAL,e,True,,Kober triples: consonant class DENTAL matches 24 confirmed partners; Kober triples: vowel e matches confirmed partners; Kober rescue: frequency contradiction overridden by series/triple link
AB 72,26,DENTAL,i,True,,Kober triples: consonant class DENTAL matches 24 confirmed partners; Kober triples: vowel i matches confirmed partners
AB 72,26,DENTAL,o,True,,Kober triples: consonant class DENTAL matches 24 confirmed partners; Kober triples: vowel o matches confirmed partners
AB 72,26,DENTAL,u,True,,Kober triples: consonant class DENTAL matches 24 confirmed partners; Kober triples: vowel u matches confirmed partners
AB 72,26,LABIAL,a,True,,Kober triples: consonant class LABIAL matches 24 confirmed partners; Kober triples: vowel a matches confirmed partners
AB 72,26,LABIAL,e,True,,Kober triples: consonant class LABIAL matches 24 confirmed partners; Kober triples: vowel e matches confirmed partners
AB 72,26,LABIAL,i,True,,Kober triples: consonant class LABIAL matches 24 confirmed partners; Kober triples: vowel i matches confirmed partners; Kober rescue: frequency contradiction overridden by series/triple link
AB 72,26,LABIAL,o,True,,Kober triples: consonant class LABIAL matches 24 confirmed partners; Kober triples: vowel o matches confirmed partners
AB 72,26,LABIAL,u,True,,Kober triples: consonant class LABIAL matches 24 confirmed partners; Kober triples: vowel u matches confirmed partners; Kober rescue: frequency contradiction overridden by series/triple link
AB 72,26,VELAR,a,True,,Kober triples: consonant class VELAR matches 24 confirmed partners; Kober triples: vowel a matches confirmed partners
AB 72,26,VELAR,e,True,,Kober triples: consonant class VELAR matches 24 confirmed partners; Kober triples: vowel e matches confirmed partners; Kober rescue: frequency contradiction overridden by series/triple link
AB 72,26,VELAR,i,True,,Kober triples: consonant class VELAR matches 24 confirmed partners; Kober triples: vowel i matches confirmed partners
AB 72,26,VELAR,o,True,,Kober triples: consonant class VELAR matches 24 confirmed partners; Kober triples: vowel o matches confirmed partners
AB 72,26,VELAR,u,True,,Kober triples: consonant class VELAR matches 24 confirmed partners; Kober triples: vowel u matches confirmed partners
AB 72,26,SIBILANT,a,True,,Kober triples: consonant class SIBILANT matches 24 confirmed partners; Kober triples: vowel a matches confirmed partners
AB 72,26,SIBILANT,e,True,,Kober triples: consonant class SIBILANT matches 24 confirmed partners; Kober triples: vowel e matches confirmed partners
AB 72,26,SIBILANT,i,True,,Kober triples: consonant class SIBILANT matches 24 confirmed partners; Kober triples: vowel i matches confirmed partners
AB 72,26,SIBILANT,o,True,,Kober triples: consonant class SIBILANT matches 24 confirmed partners; Kober triples: vowel o matches confirmed partners
AB 72,26,SIBILANT,u,True,,Kober triples: consonant class SIBILANT matches 24 confirmed partners; Kober triples: vowel u matches confirmed partners
AB 72,26,LIQUID,a,True,,Kober triples: consonant class LIQUID matches 24 confirmed partners; Kober triples: vowel a matches confirmed partners
AB 72,26,LIQUID,e,True,,Kober triples: consonant class LIQUID matches 24 confirmed partners; Kober triples: vowel e matches confirmed partners
AB 72,26,LIQUID,i,True,,Kober triples: consonant class LIQUID matches 24 confirmed partners; Kober triples: vowel i matches confirmed partners
AB 72,26,LIQUID,o,True,,Kober triples: consonant class LIQUID matches 24 confirmed partners; Kober triples: vowel o matches confirmed partners
AB 72,26,LIQUID,u,True,,Kober triples: consonant class LIQUID matches 24 confirmed partners; Kober triples: vowel u matches confirmed partners
AB 72,26,PALATAL,a,True,,Kober triples: consonant class PALATAL matches 24 confirmed partners; Kober triples: vowel a matches confirmed partners
AB 72,26,PALATAL,e,True,,Kober triples: consonant class PALATAL matches 24 confirmed partners; Kober triples: vowel e matches confirmed partners
AB 72,26,PALATAL,i,True,,Kober triples: consonant class PALATAL matches 24 confirmed partners; Kober triples: vowel i matches confirmed partners
AB 72,26,PALATAL,o,True,,Kober triples: consonant class PALATAL matches 24 confirmed partners; Kober triples: vowel o matches confirmed partners
AB 72,26,PALATAL,u,True,,Kober triples: consonant class PALATAL matches 24 confirmed partners; Kober triples: vowel u matches confirmed partners
AB 72,26,SEMIVOWEL,a,True,,Kober triples: vowel a matches confirmed partners
AB 72,26,SEMIVOWEL,e,True,,Kober triples: vowel e matches confirmed partners
AB 72,26,SEMIVOWEL,i,True,,Kober triples: vowel i matches confirmed partners
AB 72,26,SEMIVOWEL,o,True,,Kober triples: vowel o matches confirmed partners
AB 72,26,SEMIVOWEL,u,True,,Kober triples: vowel u matches confirmed partners
AB 72,26,VOWEL,a,True,,Kober triples: consonant class VOWEL matches 24 confirmed partners; Kober triples: vowel a matches confirmed partners
AB 72,26,VOWEL,e,True,,Kober triples: consonant class VOWEL matches 24 confirmed partners; Kober triples: vowel e matches confirmed partners
AB 72,26,VOWEL,i,True,,Kober triples: consonant class VOWEL matches 24 confirmed partners; Kober triples: vowel i matches confirmed partners
AB 72,26,VOWEL,o,True,,Kober triples: consonant class VOWEL matches 24 confirmed partners; Kober triples: vowel o matches confirmed partners
AB 72,26,VOWEL,u,True,,Kober triples: consonant class VOWEL matches 24 confirmed partners; Kober triples: vowel u matches confirmed partners
AB 73,96,DENTAL,a,True,,Kober triples: consonant class DENTAL matches 30 confirmed partners; Kober triples: vowel a matches confirmed partners; Kober rescue: frequency contradiction overridden by series/triple link
AB 73,96,DENTAL,e,True,,Kober triples: consonant class DENTAL matches 30 confirmed partners; Kober triples: vowel e matches confirmed partners; Kober rescue: frequency contradiction overridden by series/triple link
AB 73,96,DENTAL,i,True,,Kober triples: consonant class DENTAL matches 30 confirmed partners; Kober triples: vowel i matches confirmed partners
AB 73,96,DENTAL,o,True,,Kober triples: consonant class DENTAL matches 30 confirmed partners; Kober triples: vowel o matches confirmed partners; Kober rescue: frequency contradiction overridden by series/triple link
AB 73,96,DENTAL,u,True,,Kober triples: consonant class DENTAL matches 30 confirmed partners; Kober triples: vowel u matches confirmed partners
AB 73,96,LABIAL,a,True,,Kober triples: consonant class LABIAL matches 30 confirmed partners; Kober triples: vowel a matches confirmed partners
AB 73,96,LABIAL,e,True,,Kober triples: consonant class LABIAL matches 30 confirmed partners; Kober triples: vowel e matches confirmed partners
AB 73,96,LABIAL,i,True,,Kober triples: consonant class LABIAL matches 30 confirmed partners; Kober triples: vowel i matches confirmed partners; Kober rescue: frequency contradiction overridden by series/triple link
AB 73,96,LABIAL,o,True,,Kober triples: consonant class LABIAL matches 30 confirmed partners; Kober triples: vowel o matches confirmed partners
AB 73,96,LABIAL,u,True,,Kober triples: consonant class LABIAL matches 30 confirmed partners; Kober triples: vowel u matches confirmed partners
AB 73,96,VELAR,a,True,,Kober triples: consonant class VELAR matches 30 confirmed partners; Kober triples: vowel a matches confirmed partners
AB 73,96,VELAR,e,True,,Kober triples: consonant class VELAR matches 30 confirmed partners; Kober triples: vowel e matches confirmed partners; Kober rescue: frequency contradiction overridden by series/triple link
AB 73,96,VELAR,i,True,,Kober triples: consonant class VELAR matches 30 confirmed partners; Kober triples: vowel i matches confirmed partners
AB 73,96,VELAR,o,True,,Kober triples: consonant class VELAR matches 30 confirmed partners; Kober triples: vowel o matches confirmed partners
AB 73,96,VELAR,u,True,,Kober triples: consonant class VELAR matches 30 confirmed partners; Kober triples: vowel u matches confirmed partners
AB 73,96,SIBILANT,a,True,,Kober triples: consonant class SIBILANT matches 30 confirmed partners; Kober triples: vowel a matches confirmed partners; Kober rescue: frequency contradiction overridden by series/triple link
AB 73,96,SIBILANT,e,True,,Kober triples: consonant class SIBILANT matches 30 confirmed partners; Kober triples: vowel e matches confirmed partners
AB 73,96,SIBILANT,i,True,,Kober triples: consonant class SIBILANT matches 30 confirmed partners; Kober triples: vowel i matches confirmed partners; Kober rescue: frequency contradiction overridden by series/triple link
AB 73,96,SIBILANT,o,True,,Kober triples: consonant class SIBILANT matches 30 confirmed partners; Kober triples: vowel o matches confirmed partners; Kober rescue: frequency contradiction overridden by series/triple link
AB 73,96,SIBILANT,u,True,,Kober triples: consonant class SIBILANT matches 30 confirmed partners; Kober triples: vowel u matches confirmed partners; Kober rescue: frequency contradiction overridden by series/triple link
AB 73,96,LIQUID,a,True,,Kober triples: consonant class LIQUID matches 30 confirmed partners; Kober triples: vowel a matches confirmed partners
AB 73,96,LIQUID,e,True,,Kober triples: consonant class LIQUID matches 30 confirmed partners; Kober triples: vowel e matches confirmed partners
AB 73,96,LIQUID,i,True,,Kober triples: consonant class LIQUID matches 30 confirmed partners; Kober triples: vowel i matches confirmed partners
AB 73,96,LIQUID,o,True,,Kober triples: consonant class LIQUID matches 30 confirmed partners; Kober triples: vowel o matches confirmed partners
AB 73,96,LIQUID,u,True,,Kober triples: consonant class LIQUID matches 30 confirmed partners; Kober triples: vowel u matches confirmed partners
AB 73,96,PALATAL,a,True,,Kober triples: consonant class PALATAL matches 30 confirmed partners; Kober triples: vowel a matches confirmed partners
AB 73,96,PALATAL,e,True,,Kober triples: consonant class PALATAL matches 30 confirmed partners; Kober triples: vowel e matches confirmed partners
AB 73,96,PALATAL,i,True,,Kober triples: consonant class PALATAL matches 30 confirmed partners; Kober triples: vowel i matches confirmed partners
AB 73,96,PALATAL,o,True,,Kober triples: consonant class PALATAL matches 30 confirmed partners; Kober triples: vowel o matches confirmed partners
AB 73,96,PALATAL,u,True,,Kober triples: consonant class PALATAL matches 30 confirmed partners; Kober triples: vowel u matches confirmed partners
AB 73,96,SEMIVOWEL,a,True,,Kober triples: vowel a matches confirmed partners; Kober rescue: frequency contradiction overridden by series/triple link
AB 73,96,SEMIVOWEL,e,True,,Kober triples: vowel e matches confirmed partners; Kober rescue: frequency contradiction overridden by series/triple link
AB 73,96,SEMIVOWEL,i,True,,Kober triples: vowel i matches confirmed partners; Kober rescue: frequency contradiction overridden by series/triple link
AB 73,96,SEMIVOWEL,o,True,,Kober triples: vowel o matches confirmed partners; Kober rescue: frequency contradiction overridden by series/triple link
AB 73,96,SEMIVOWEL,u,True,,Kober triples: vowel u matches confirmed partners; Kober rescue: frequency contradiction overridden by series/triple link
AB 73,96,VOWEL,a,True,,Kober triples: consonant class VOWEL matches 30 confirmed partners; Kober triples: vowel a matches confirmed partners
AB 73,96,VOWEL,e,True,,Kober triples: consonant class VOWEL matches 30 confirmed partners; Kober triples: vowel e matches confirmed partners
AB 73,96,VOWEL,i,True,,Kober triples: consonant class VOWEL matches 30 confirmed partners; Kober triples: vowel i matches confirmed partners
AB 73,96,VOWEL,o,True,,Kober triples: consonant class VOWEL matches 30 confirmed partners; Kober triples: vowel o matches confirmed partners
AB 73,96,VOWEL,u,True,,Kober triples: consonant class VOWEL matches 30 confirmed partners; Kober triples: vowel u matches confirmed partners
AB 75,27,DENTAL,a,True,neutral,"Kober series 'neutral': vowel a matches series partners {'e', 'a', 'i'}; Kober triples: consonant class DENTAL matches 20 confirmed partners; Kober triples: vowel a matches confirmed partners; Kober rescue: frequency contradiction overridden by series/triple link"
AB 75,27,DENTAL,e,True,neutral,"Kober series 'neutral': vowel e matches series partners {'e', 'a', 'i'}; Kober triples: consonant class DENTAL matches 20 confirmed partners; Kober triples: vowel e matches confirmed partners; Kober rescue: frequency contradiction overridden by series/triple link"
AB 75,27,DENTAL,i,True,neutral,"Kober series 'neutral': vowel i matches series partners {'e', 'a', 'i'}; Kober triples: consonant class DENTAL matches 20 confirmed partners; Kober triples: vowel i matches confirmed partners"
AB 75,27,LABIAL,a,True,neutral,Kober triples: consonant class LABIAL matches 20 confirmed partners; Kober triples: vowel a matches confirmed partners
AB 75,27,LABIAL,e,True,neutral,Kober triples: consonant class LABIAL matches 20 confirmed partners; Kober triples: vowel e matches confirmed partners
AB 75,27,LABIAL,i,True,neutral,Kober triples: consonant class LABIAL matches 20 confirmed partners; Kober triples: vowel i matches confirmed partners; Kober rescue: frequency contradiction overridden by series/triple link
AB 75,27,LABIAL,o,True,neutral,Kober series 'neutral': consonant LABIAL matches; Kober triples: consonant class LABIAL matches 20 confirmed partners; Kober triples: vowel o matches confirmed partners
AB 75,27,LABIAL,u,True,neutral,Kober series 'neutral': consonant LABIAL matches; Kober triples: consonant class LABIAL matches 20 confirmed partners; Kober triples: vowel u matches confirmed partners; Kober rescue: frequency contradiction overridden by series/triple link
AB 75,27,VELAR,a,True,neutral,"Kober series 'neutral': vowel a matches series partners {'e', 'a', 'i'}; Kober triples: consonant class VELAR matches 20 confirmed partners; Kober triples: vowel a matches confirmed partners"
AB 75,27,VELAR,e,True,neutral,"Kober series 'neutral': vowel e matches series partners {'e', 'a', 'i'}; Kober triples: consonant class VELAR matches 20 confirmed partners; Kober triples: vowel e matches confirmed partners; Kober rescue: frequency contradiction overridden by series/triple link"
AB 75,27,VELAR,i,True,neutral,"Kober series 'neutral': vowel i matches series partners {'e', 'a', 'i'}; Kober triples: consonant class VELAR matches 20 confirmed partners; Kober triples: vowel i matches confirmed partners"
AB 75,27,SIBILANT,a,True,neutral,"Kober series 'neutral': vowel a matches series partners {'e', 'a', 'i'}; Kober triples: consonant class SIBILANT matches 20 confirmed partners; Kober triples: vowel a matches confirmed partners"
AB 75,27,SIBILANT,e,True,neutral,"Kober series 'neutral': vowel e matches series partners {'e', 'a', 'i'}; Kober triples: consonant class SIBILANT matches 20 confirmed partners; Kober triples: vowel e matches confirmed partners"
AB 75,27,SIBILANT,i,True,neutral,"Kober series 'neutral': vowel i matches series partners {'e', 'a', 'i'}; Kober triples: consonant class SIBILANT matches 20 confirmed partners; Kober triples: vowel i matches confirmed partners"
AB 75,27,LIQUID,a,True,neutral,Kober triples: consonant class LIQUID matches 20 confirmed partners; Kober triples: vowel a matches confirmed partners
AB 75,27,LIQUID,e,True,neutral,Kober triples: consonant class LIQUID matches 20 confirmed partners; Kober triples: vowel e matches confirmed partners
AB 75,27,LIQUID,i,True,neutral,Kober triples: consonant class LIQUID matches 20 confirmed partners; Kober triples: vowel i matches confirmed partners
AB 75,27,LIQUID,o,True,neutral,Kober series 'neutral': consonant LIQUID matches; Kober triples: consonant class LIQUID matches 20 confirmed partners; Kober triples: vowel o matches confirmed partners
AB 75,27,LIQUID,u,True,neutral,Kober series 'neutral': consonant LIQUID matches; Kober triples: consonant class LIQUID matches 20 confirmed partners; Kober triples: vowel u matches confirmed partners
AB 75,27,PALATAL,a,True,neutral,"Kober series 'neutral': vowel a matches series partners {'e', 'a', 'i'}; Kober triples: consonant class PALATAL matches 20 confirmed partners; Kober triples: vowel a matches confirmed partners"
AB 75,27,PALATAL,e,True,neutral,"Kober series 'neutral': vowel e matches series partners {'e', 'a', 'i'}; Kober triples: consonant class PALATAL matches 20 confirmed partners; Kober triples: vowel e matches confirmed partners"
AB 75,27,PALATAL,i,True,neutral,"Kober series 'neutral': vowel i matches series partners {'e', 'a', 'i'}; Kober triples: consonant class PALATAL matches 20 confirmed partners; Kober triples: vowel i matches confirmed partners"
AB 75,27,SEMIVOWEL,a,True,neutral,"Kober series 'neutral': vowel a matches series partners {'e', 'a', 'i'}; Kober triples: vowel a matches confirmed partners"
AB 75,27,SEMIVOWEL,e,True,neutral,"Kober series 'neutral': vowel e matches series partners {'e', 'a', 'i'}; Kober triples: vowel e matches confirmed partners"
AB 75,27,SEMIVOWEL,i,True,neutral,"Kober series 'neutral': vowel i matches series partners {'e', 'a', 'i'}; Kober triples: vowel i matches confirmed partners"
AB 75,27,VOWEL,a,True,neutral,Kober triples: consonant class VOWEL matches 20 confirmed partners; Kober triples: vowel a matches confirmed partners
AB 75,27,VOWEL,e,True,neutral,Kober triples: consonant class VOWEL matches 20 confirmed partners; Kober triples: vowel e matches confirmed partners
AB 75,27,VOWEL,i,True,neutral,Kober triples: consonant class VOWEL matches 20 confirmed partners; Kober triples: vowel i matches confirmed partners
AB 75,27,VOWEL,o,True,neutral,Kober series 'neutral': consonant VOWEL matches; Kober triples: consonant class VOWEL matches 20 confirmed partners; Kober triples: vowel o matches confirmed partners
AB 75,27,VOWEL,u,True,neutral,Kober series 'neutral': consonant VOWEL matches; Kober triples: consonant class VOWEL matches 20 confirmed partners; Kober triples: vowel u matches confirmed partners
AB 75,27,DENTAL,o,False,neutral,"Kober series 'neutral': neither consonant (DENTAL not in {'VOWEL', 'LABIAL', 'LIQUID'}) nor vowel (o not in {'e', 'a', 'i'}) matches series partners"
AB 75,27,DENTAL,u,False,neutral,"Kober series 'neutral': neither consonant (DENTAL not in {'VOWEL', 'LABIAL', 'LIQUID'}) nor vowel (u not in {'e', 'a', 'i'}) matches series partners"
AB 75,27,VELAR,o,False,neutral,"Kober series 'neutral': neither consonant (VELAR not in {'VOWEL', 'LABIAL', 'LIQUID'}) nor vowel (o not in {'e', 'a', 'i'}) matches series partners"
AB 75,27,VELAR,u,False,neutral,"Kober series 'neutral': neither consonant (VELAR not in {'VOWEL', 'LABIAL', 'LIQUID'}) nor vowel (u not in {'e', 'a', 'i'}) matches series partners"
AB 75,27,SIBILANT,o,False,neutral,"Kober series 'neutral': neither consonant (SIBILANT not in {'VOWEL', 'LABIAL', 'LIQUID'}) nor vowel (o not in {'e', 'a', 'i'}) matches series partners"
AB 75,27,SIBILANT,u,False,neutral,"Kober series 'neutral': neither consonant (SIBILANT not in {'VOWEL', 'LABIAL', 'LIQUID'}) nor vowel (u not in {'e', 'a', 'i'}) matches series partners"
AB 75,27,PALATAL,o,False,neutral,"Kober series 'neutral': neither consonant (PALATAL not in {'VOWEL', 'LABIAL', 'LIQUID'}) nor vowel (o not in {'e', 'a', 'i'}) matches series partners"
AB 75,27,PALATAL,u,False,neutral,"Kober series 'neutral': neither consonant (PALATAL not in {'VOWEL', 'LABIAL', 'LIQUID'}) nor vowel (u not in {'e', 'a', 'i'}) matches series partners"
AB 75,27,SEMIVOWEL,o,False,neutral,"Kober series 'neutral': neither consonant (SEMIVOWEL not in {'VOWEL', 'LABIAL', 'LIQUID'}) nor vowel (o not in {'e', 'a', 'i'}) matches series partners"
AB 75,27,SEMIVOWEL,u,False,neutral,"Kober series 'neutral': neither consonant (SEMIVOWEL not in {'VOWEL', 'LABIAL', 'LIQUID'}) nor vowel (u not in {'e', 'a', 'i'}) matches series partners"
AB 78,46,DENTAL,a,True,medial-dominant,Kober rescue: frequency contradiction overridden by series/triple link
AB 78,46,DENTAL,e,True,medial-dominant,Kober series 'medial-dominant': consonant DENTAL matches; Kober rescue: frequency contradiction overridden by series/triple link
AB 78,46,DENTAL,i,True,medial-dominant,
AB 78,46,DENTAL,o,True,medial-dominant,
AB 78,46,DENTAL,u,True,medial-dominant,
AB 78,46,LABIAL,a,True,medial-dominant,
AB 78,46,LABIAL,e,True,medial-dominant,Kober series 'medial-dominant': consonant LABIAL matches
AB 78,46,LABIAL,i,True,medial-dominant,Kober rescue: frequency contradiction overridden by series/triple link
AB 78,46,LABIAL,o,True,medial-dominant,
AB 78,46,LABIAL,u,True,medial-dominant,
AB 78,46,VELAR,a,True,medial-dominant,
AB 78,46,VELAR,e,True,medial-dominant,Kober series 'medial-dominant': consonant VELAR matches
AB 78,46,VELAR,i,True,medial-dominant,
AB 78,46,VELAR,o,True,medial-dominant,
AB 78,46,VELAR,u,True,medial-dominant,
AB 78,46,SIBILANT,a,True,medial-dominant,Kober rescue: frequency contradiction overridden by series/triple link
AB 78,46,SIBILANT,e,True,medial-dominant,Kober series 'medial-dominant': consonant SIBILANT matches
AB 78,46,SIBILANT,i,True,medial-dominant,
AB 78,46,SIBILANT,o,True,medial-dominant,
AB 78,46,SIBILANT,u,True,medial-dominant,
AB 78,46,LIQUID,a,True,medial-dominant,
AB 78,46,LIQUID,e,True,medial-dominant,Kober series 'medial-dominant': consonant LIQUID matches
AB 78,46,LIQUID,i,True,medial-dominant,
AB 78,46,LIQUID,o,True,medial-dominant,
AB 78,46,LIQUID,u,True,medial-dominant,
AB 78,46,PALATAL,a,True,medial-dominant,"Kober series 'medial-dominant': vowel a matches series partners {'u', 'o', 'a', 'i'}"
AB 78,46,PALATAL,i,True,medial-dominant,"Kober series 'medial-dominant': vowel i matches series partners {'u', 'o', 'a', 'i'}"
AB 78,46,PALATAL,o,True,medial-dominant,"Kober series 'medial-dominant': vowel o matches series partners {'u', 'o', 'a', 'i'}"
AB 78,46,PALATAL,u,True,medial-dominant,"Kober series 'medial-dominant': vowel u matches series partners {'u', 'o', 'a', 'i'}"
AB 78,46,SEMIVOWEL,a,True,medial-dominant,"Kober series 'medial-dominant': vowel a matches series partners {'u', 'o', 'a', 'i'}"
AB 78,46,SEMIVOWEL,i,True,medial-dominant,"Kober series 'medial-dominant': vowel i matches series partners {'u', 'o', 'a', 'i'}"
AB 78,46,SEMIVOWEL,o,True,medial-dominant,"Kober series 'medial-dominant': vowel o matches series partners {'u', 'o', 'a', 'i'}"
AB 78,46,SEMIVOWEL,u,True,medial-dominant,"Kober series 'medial-dominant': vowel u matches series partners {'u', 'o', 'a', 'i'}"
AB 78,46,VOWEL,a,True,medial-dominant,"Kober series 'medial-dominant': vowel a matches series partners {'u', 'o', 'a', 'i'}"
AB 78,46,VOWEL,i,True,medial-dominant,"Kober series 'medial-dominant': vowel i matches series partners {'u', 'o', 'a', 'i'}"
AB 78,46,VOWEL,o,True,medial-dominant,"Kober series 'medial-dominant': vowel o matches series partners {'u', 'o', 'a', 'i'}"
AB 78,46,VOWEL,u,True,medial-dominant,"Kober series 'medial-dominant': vowel u matches series partners {'u', 'o', 'a', 'i'}"
AB 78,46,PALATAL,e,False,medial-dominant,"Kober series 'medial-dominant': neither consonant (PALATAL not in {'LIQUID', 'VELAR', 'LABIAL', 'DENTAL', 'SIBILANT'}) nor vowel (e not in {'u', 'o', 'a', 'i'}) matches series partners"
AB 78,46,SEMIVOWEL,e,False,medial-dominant,"Kober series 'medial-dominant': neither consonant (SEMIVOWEL not in {'LIQUID', 'VELAR', 'LABIAL', 'DENTAL', 'SIBILANT'}) nor vowel (e not in {'u', 'o', 'a', 'i'}) matches series partners"
AB 78,46,VOWEL,e,False,medial-dominant,"Kober series 'medial-dominant': neither consonant (VOWEL not in {'LIQUID', 'VELAR', 'LABIAL', 'DENTAL', 'SIBILANT'}) nor vowel (e not in {'u', 'o', 'a', 'i'}) matches series partners"
AB 79,32,DENTAL,a,True,medial-dominant,Kober rescue: frequency contradiction overridden by series/triple link
AB 79,32,DENTAL,e,True,medial-dominant,Kober series 'medial-dominant': consonant DENTAL matches; Kober rescue: frequency contradiction overridden by series/triple link
AB 79,32,DENTAL,i,True,medial-dominant,
AB 79,32,DENTAL,o,True,medial-dominant,
AB 79,32,DENTAL,u,True,medial-dominant,
AB 79,32,LABIAL,a,True,medial-dominant,
AB 79,32,LABIAL,e,True,medial-dominant,Kober series 'medial-dominant': consonant LABIAL matches
AB 79,32,LABIAL,i,True,medial-dominant,Kober rescue: frequency contradiction overridden by series/triple link
AB 79,32,LABIAL,o,True,medial-dominant,
AB 79,32,LABIAL,u,True,medial-dominant,
AB 79,32,VELAR,a,True,medial-dominant,
AB 79,32,VELAR,e,True,medial-dominant,Kober series 'medial-dominant': consonant VELAR matches
AB 79,32,VELAR,i,True,medial-dominant,
AB 79,32,VELAR,o,True,medial-dominant,
AB 79,32,VELAR,u,True,medial-dominant,
AB 79,32,SIBILANT,a,True,medial-dominant,Kober rescue: frequency contradiction overridden by series/triple link
AB 79,32,SIBILANT,e,True,medial-dominant,Kober series 'medial-dominant': consonant SIBILANT matches
AB 79,32,SIBILANT,i,True,medial-dominant,
AB 79,32,SIBILANT,o,True,medial-dominant,
AB 79,32,SIBILANT,u,True,medial-dominant,
AB 79,32,LIQUID,a,True,medial-dominant,
AB 79,32,LIQUID,e,True,medial-dominant,Kober series 'medial-dominant': consonant LIQUID matches
AB 79,32,LIQUID,i,True,medial-dominant,
AB 79,32,LIQUID,o,True,medial-dominant,
AB 79,32,LIQUID,u,True,medial-dominant,
AB 79,32,PALATAL,a,True,medial-dominant,"Kober series 'medial-dominant': vowel a matches series partners {'u', 'o', 'a', 'i'}"
AB 79,32,PALATAL,i,True,medial-dominant,"Kober series 'medial-dominant': vowel i matches series partners {'u', 'o', 'a', 'i'}"
AB 79,32,PALATAL,o,True,medial-dominant,"Kober series 'medial-dominant': vowel o matches series partners {'u', 'o', 'a', 'i'}"
AB 79,32,PALATAL,u,True,medial-dominant,"Kober series 'medial-dominant': vowel u matches series partners {'u', 'o', 'a', 'i'}"
AB 79,32,SEMIVOWEL,a,True,medial-dominant,"Kober series 'medial-dominant': vowel a matches series partners {'u', 'o', 'a', 'i'}"
AB 79,32,SEMIVOWEL,i,True,medial-dominant,"Kober series 'medial-dominant': vowel i matches series partners {'u', 'o', 'a', 'i'}"
AB 79,32,SEMIVOWEL,o,True,medial-dominant,"Kober series 'medial-dominant': vowel o matches series partners {'u', 'o', 'a', 'i'}"
AB 79,32,SEMIVOWEL,u,True,medial-dominant,"Kober series 'medial-dominant': vowel u matches series partners {'u', 'o', 'a', 'i'}"
AB 79,32,VOWEL,a,True,medial-dominant,"Kober series 'medial-dominant': vowel a matches series partners {'u', 'o', 'a', 'i'}"
AB 79,32,VOWEL,i,True,medial-dominant,"Kober series 'medial-dominant': vowel i matches series partners {'u', 'o', 'a', 'i'}"
AB 79,32,VOWEL,o,True,medial-dominant,"Kober series 'medial-dominant': vowel o matches series partners {'u', 'o', 'a', 'i'}"
AB 79,32,VOWEL,u,True,medial-dominant,"Kober series 'medial-dominant': vowel u matches series partners {'u', 'o', 'a', 'i'}"
AB 79,32,PALATAL,e,False,medial-dominant,"Kober series 'medial-dominant': neither consonant (PALATAL not in {'LIQUID', 'VELAR', 'LABIAL', 'DENTAL', 'SIBILANT'}) nor vowel (e not in {'u', 'o', 'a', 'i'}) matches series partners"
AB 79,32,SEMIVOWEL,e,False,medial-dominant,"Kober series 'medial-dominant': neither consonant (SEMIVOWEL not in {'LIQUID', 'VELAR', 'LABIAL', 'DENTAL', 'SIBILANT'}) nor vowel (e not in {'u', 'o', 'a', 'i'}) matches series partners"
AB 79,32,VOWEL,e,False,medial-dominant,"Kober series 'medial-dominant': neither consonant (VOWEL not in {'LIQUID', 'VELAR', 'LABIAL', 'DENTAL', 'SIBILANT'}) nor vowel (e not in {'u', 'o', 'a', 'i'}) matches series partners"
AB 80,119,DENTAL,a,True,medial-dominant,Kober rescue: frequency contradiction overridden by series/triple link
AB 80,119,DENTAL,e,True,medial-dominant,Kober series 'medial-dominant': consonant DENTAL matches
AB 80,119,DENTAL,i,True,medial-dominant,
AB 80,119,DENTAL,o,True,medial-dominant,Kober rescue: frequency contradiction overridden by series/triple link
AB 80,119,DENTAL,u,True,medial-dominant,
AB 80,119,LABIAL,a,True,medial-dominant,Kober rescue: frequency contradiction overridden by series/triple link
AB 80,119,LABIAL,e,True,medial-dominant,Kober series 'medial-dominant': consonant LABIAL matches
AB 80,119,LABIAL,i,True,medial-dominant,Kober rescue: frequency contradiction overridden by series/triple link
AB 80,119,LABIAL,o,True,medial-dominant,
AB 80,119,LABIAL,u,True,medial-dominant,
AB 80,119,VELAR,a,True,medial-dominant,
AB 80,119,VELAR,e,True,medial-dominant,Kober series 'medial-dominant': consonant VELAR matches; Kober rescue: frequency contradiction overridden by series/triple link
AB 80,119,VELAR,i,True,medial-dominant,
AB 80,119,VELAR,o,True,medial-dominant,
AB 80,119,VELAR,u,True,medial-dominant,
AB 80,119,SIBILANT,a,True,medial-dominant,Kober rescue: frequency contradiction overridden by series/triple link
AB 80,119,SIBILANT,e,True,medial-dominant,Kober series 'medial-dominant': consonant SIBILANT matches; Kober rescue: frequency contradiction overridden by series/triple link
AB 80,119,SIBILANT,i,True,medial-dominant,Kober rescue: frequency contradiction overridden by series/triple link
AB 80,119,SIBILANT,o,True,medial-dominant,Kober rescue: frequency contradiction overridden by series/triple link
AB 80,119,SIBILANT,u,True,medial-dominant,Kober rescue: frequency contradiction overridden by series/triple link
AB 80,119,LIQUID,a,True,medial-dominant,
AB 80,119,LIQUID,e,True,medial-dominant,Kober series 'medial-dominant': consonant LIQUID matches
AB 80,119,LIQUID,i,True,medial-dominant,Kober rescue: frequency contradiction overridden by series/triple link
AB 80,119,LIQUID,o,True,medial-dominant,
AB 80,119,LIQUID,u,True,medial-dominant,
AB 80,119,PALATAL,a,True,medial-dominant,"Kober series 'medial-dominant': vowel a matches series partners {'u', 'o', 'a', 'i'}"
AB 80,119,PALATAL,i,True,medial-dominant,"Kober series 'medial-dominant': vowel i matches series partners {'u', 'o', 'a', 'i'}"
AB 80,119,PALATAL,o,True,medial-dominant,"Kober series 'medial-dominant': vowel o matches series partners {'u', 'o', 'a', 'i'}"
AB 80,119,PALATAL,u,True,medial-dominant,"Kober series 'medial-dominant': vowel u matches series partners {'u', 'o', 'a', 'i'}"
AB 80,119,SEMIVOWEL,a,True,medial-dominant,"Kober series 'medial-dominant': vowel a matches series partners {'u', 'o', 'a', 'i'}; Kober rescue: frequency contradiction overridden by series/triple link"
AB 80,119,SEMIVOWEL,i,True,medial-dominant,"Kober series 'medial-dominant': vowel i matches series partners {'u', 'o', 'a', 'i'}; Kober rescue: frequency contradiction overridden by series/triple link"
AB 80,119,SEMIVOWEL,o,True,medial-dominant,"Kober series 'medial-dominant': vowel o matches series partners {'u', 'o', 'a', 'i'}; Kober rescue: frequency contradiction overridden by series/triple link"
AB 80,119,SEMIVOWEL,u,True,medial-dominant,"Kober series 'medial-dominant': vowel u matches series partners {'u', 'o', 'a', 'i'}; Kober rescue: frequency contradiction overridden by series/triple link"
AB 80,119,VOWEL,a,True,medial-dominant,"Kober series 'medial-dominant': vowel a matches series partners {'u', 'o', 'a', 'i'}"
AB 80,119,VOWEL,i,True,medial-dominant,"Kober series 'medial-dominant': vowel i matches series partners {'u', 'o', 'a', 'i'}"
AB 80,119,VOWEL,o,True,medial-dominant,"Kober series 'medial-dominant': vowel o matches series partners {'u', 'o', 'a', 'i'}"
AB 80,119,VOWEL,u,True,medial-dominant,"Kober series 'medial-dominant': vowel u matches series partners {'u', 'o', 'a', 'i'}"
AB 80,119,PALATAL,e,False,medial-dominant,"Kober series 'medial-dominant': neither consonant (PALATAL not in {'LIQUID', 'VELAR', 'LABIAL', 'DENTAL', 'SIBILANT'}) nor vowel (e not in {'u', 'o', 'a', 'i'}) matches series partners"
AB 80,119,SEMIVOWEL,e,False,medial-dominant,"frequency 119 outside SEMIVOWEL IQR envelope (p50=22.5, IQR=[15.8-29.2]); Kober series 'medial-dominant': neither consonant (SEMIVOWEL not in {'LIQUID', 'VELAR', 'LABIAL', 'DENTAL', 'SIBILANT'}) nor vowel (e not in {'u', 'o', 'a', 'i'}) matches series partners"
AB 80,119,VOWEL,e,False,medial-dominant,"Kober series 'medial-dominant': neither consonant (VOWEL not in {'LIQUID', 'VELAR', 'LABIAL', 'DENTAL', 'SIBILANT'}) nor vowel (e not in {'u', 'o', 'a', 'i'}) matches series partners"
AB 82,3,DENTAL,e,True,boundary-flexible,"Kober series 'boundary-flexible': vowel e matches series partners {'e', 'o', 'i'}; Kober rescue: frequency contradiction overridden by series/triple link"
AB 82,3,DENTAL,i,True,boundary-flexible,"Kober series 'boundary-flexible': vowel i matches series partners {'e', 'o', 'i'}"
AB 82,3,DENTAL,o,True,boundary-flexible,"Kober series 'boundary-flexible': vowel o matches series partners {'e', 'o', 'i'}; Kober rescue: frequency contradiction overridden by series/triple link"
AB 82,3,LABIAL,a,True,boundary-flexible,Kober series 'boundary-flexible': consonant LABIAL matches
AB 82,3,LABIAL,e,True,boundary-flexible,
AB 82,3,LABIAL,i,True,boundary-flexible,
AB 82,3,LABIAL,o,True,boundary-flexible,
AB 82,3,LABIAL,u,True,boundary-flexible,Kober series 'boundary-flexible': consonant LABIAL matches; Kober rescue: frequency contradiction overridden by series/triple link
AB 82,3,VELAR,e,True,boundary-flexible,"Kober series 'boundary-flexible': vowel e matches series partners {'e', 'o', 'i'}; Kober rescue: frequency contradiction overridden by series/triple link"
AB 82,3,VELAR,i,True,boundary-flexible,"Kober series 'boundary-flexible': vowel i matches series partners {'e', 'o', 'i'}"
AB 82,3,VELAR,o,True,boundary-flexible,"Kober series 'boundary-flexible': vowel o matches series partners {'e', 'o', 'i'}"
AB 82,3,SIBILANT,a,True,boundary-flexible,Kober series 'boundary-flexible': consonant SIBILANT matches
AB 82,3,SIBILANT,e,True,boundary-flexible,
AB 82,3,SIBILANT,i,True,boundary-flexible,
AB 82,3,SIBILANT,o,True,boundary-flexible,
AB 82,3,SIBILANT,u,True,boundary-flexible,Kober series 'boundary-flexible': consonant SIBILANT matches
AB 82,3,LIQUID,a,True,boundary-flexible,Kober series 'boundary-flexible': consonant LIQUID matches
AB 82,3,LIQUID,e,True,boundary-flexible,
AB 82,3,LIQUID,i,True,boundary-flexible,Kober rescue: frequency contradiction overridden by series/triple link
AB 82,3,LIQUID,o,True,boundary-flexible,
AB 82,3,LIQUID,u,True,boundary-flexible,Kober series 'boundary-flexible': consonant LIQUID matches
AB 82,3,PALATAL,e,True,boundary-flexible,"Kober series 'boundary-flexible': vowel e matches series partners {'e', 'o', 'i'}"
AB 82,3,PALATAL,i,True,boundary-flexible,"Kober series 'boundary-flexible': vowel i matches series partners {'e', 'o', 'i'}"
AB 82,3,PALATAL,o,True,boundary-flexible,"Kober series 'boundary-flexible': vowel o matches series partners {'e', 'o', 'i'}"
AB 82,3,SEMIVOWEL,e,True,boundary-flexible,"Kober series 'boundary-flexible': vowel e matches series partners {'e', 'o', 'i'}"
AB 82,3,SEMIVOWEL,i,True,boundary-flexible,"Kober series 'boundary-flexible': vowel i matches series partners {'e', 'o', 'i'}"
AB 82,3,SEMIVOWEL,o,True,boundary-flexible,"Kober series 'boundary-flexible': vowel o matches series partners {'e', 'o', 'i'}"
AB 82,3,VOWEL,e,True,boundary-flexible,"Kober series 'boundary-flexible': vowel e matches series partners {'e', 'o', 'i'}"
AB 82,3,VOWEL,i,True,boundary-flexible,"Kober series 'boundary-flexible': vowel i matches series partners {'e', 'o', 'i'}"
AB 82,3,VOWEL,o,True,boundary-flexible,"Kober series 'boundary-flexible': vowel o matches series partners {'e', 'o', 'i'}"
AB 82,3,DENTAL,a,False,boundary-flexible,"frequency 3 outside DENTAL/a envelope (mean=148.5, std=9.5); Kober series 'boundary-flexible': neither consonant (DENTAL not in {'LABIAL', 'LIQUID', 'SIBILANT'}) nor vowel (a not in {'e', 'o', 'i'}) matches series partners"
AB 82,3,DENTAL,u,False,boundary-flexible,"Kober series 'boundary-flexible': neither consonant (DENTAL not in {'LABIAL', 'LIQUID', 'SIBILANT'}) nor vowel (u not in {'e', 'o', 'i'}) matches series partners"
AB 82,3,VELAR,a,False,boundary-flexible,"Kober series 'boundary-flexible': neither consonant (VELAR not in {'LABIAL', 'LIQUID', 'SIBILANT'}) nor vowel (a not in {'e', 'o', 'i'}) matches series partners"
AB 82,3,VELAR,u,False,boundary-flexible,"Kober series 'boundary-flexible': neither consonant (VELAR not in {'LABIAL', 'LIQUID', 'SIBILANT'}) nor vowel (u not in {'e', 'o', 'i'}) matches series partners"
AB 82,3,PALATAL,a,False,boundary-flexible,"Kober series 'boundary-flexible': neither consonant (PALATAL not in {'LABIAL', 'LIQUID', 'SIBILANT'}) nor vowel (a not in {'e', 'o', 'i'}) matches series partners"
AB 82,3,PALATAL,u,False,boundary-flexible,"Kober series 'boundary-flexible': neither consonant (PALATAL not in {'LABIAL', 'LIQUID', 'SIBILANT'}) nor vowel (u not in {'e', 'o', 'i'}) matches series partners"
AB 82,3,SEMIVOWEL,a,False,boundary-flexible,"Kober series 'boundary-flexible': neither consonant (SEMIVOWEL not in {'LABIAL', 'LIQUID', 'SIBILANT'}) nor vowel (a not in {'e', 'o', 'i'}) matches series partners"
AB 82,3,SEMIVOWEL,u,False,boundary-flexible,"Kober series 'boundary-flexible': neither consonant (SEMIVOWEL not in {'LABIAL', 'LIQUID', 'SIBILANT'}) nor vowel (u not in {'e', 'o', 'i'}) matches series partners"
AB 82,3,VOWEL,a,False,boundary-flexible,"Kober series 'boundary-flexible': neither consonant (VOWEL not in {'LABIAL', 'LIQUID', 'SIBILANT'}) nor vowel (a not in {'e', 'o', 'i'}) matches series partners"
AB 82,3,VOWEL,u,False,boundary-flexible,"Kober series 'boundary-flexible': neither consonant (VOWEL not in {'LABIAL', 'LIQUID', 'SIBILANT'}) nor vowel (u not in {'e', 'o', 'i'}) matches series partners"
AB 84,1,DENTAL,i,True,,
AB 84,1,DENTAL,u,True,,
AB 84,1,LABIAL,a,True,,
AB 84,1,LABIAL,e,True,,
AB 84,1,LABIAL,o,True,,
AB 84,1,VELAR,a,True,,
AB 84,1,VELAR,i,True,,
AB 84,1,VELAR,o,True,,
AB 84,1,VELAR,u,True,,
AB 84,1,SIBILANT,a,True,,
AB 84,1,SIBILANT,e,True,,
AB 84,1,SIBILANT,i,True,,
AB 84,1,SIBILANT,o,True,,
AB 84,1,SIBILANT,u,True,,
AB 84,1,LIQUID,a,True,,
AB 84,1,LIQUID,e,True,,
AB 84,1,LIQUID,o,True,,
AB 84,1,LIQUID,u,True,,
AB 84,1,PALATAL,a,True,,
AB 84,1,PALATAL,e,True,,
AB 84,1,PALATAL,i,True,,
AB 84,1,PALATAL,o,True,,
AB 84,1,PALATAL,u,True,,
AB 84,1,SEMIVOWEL,a,True,,
AB 84,1,SEMIVOWEL,e,True,,
AB 84,1,SEMIVOWEL,i,True,,
AB 84,1,SEMIVOWEL,o,True,,
AB 84,1,SEMIVOWEL,u,True,,
AB 84,1,VOWEL,a,True,,
AB 84,1,VOWEL,e,True,,
AB 84,1,VOWEL,i,True,,
AB 84,1,VOWEL,o,True,,
AB 84,1,VOWEL,u,True,,
AB 84,1,DENTAL,a,False,,"frequency 1 outside DENTAL/a envelope (mean=148.5, std=9.5)"
AB 84,1,DENTAL,e,False,,"frequency 1 outside DENTAL/e envelope (mean=140.5, std=15.5)"
AB 84,1,DENTAL,o,False,,"frequency 1 outside DENTAL/o envelope (mean=28.5, std=11.5)"
AB 84,1,LABIAL,i,False,,"frequency 1 outside LABIAL/i envelope (mean=6.3, std=1.7)"
AB 84,1,LABIAL,u,False,,"frequency 1 outside LABIAL/u envelope (mean=94.3, std=32.7)"
AB 84,1,VELAR,e,False,,"frequency 1 outside VELAR/e envelope (mean=62.5, std=16.5)"
AB 84,1,LIQUID,i,False,,"frequency 1 outside LIQUID/i envelope (mean=53.0, std=24.0)"
AB 85,8,DENTAL,a,True,,Kober triples: consonant class DENTAL matches 21 confirmed partners; Kober triples: vowel a matches confirmed partners; Kober rescue: frequency contradiction overridden by series/triple link
AB 85,8,DENTAL,e,True,,Kober triples: consonant class DENTAL matches 21 confirmed partners; Kober triples: vowel e matches confirmed partners; Kober rescue: frequency contradiction overridden by series/triple link
AB 85,8,DENTAL,i,True,,Kober triples: consonant class DENTAL matches 21 confirmed partners; Kober triples: vowel i matches confirmed partners
AB 85,8,DENTAL,o,True,,Kober triples: consonant class DENTAL matches 21 confirmed partners; Kober triples: vowel o matches confirmed partners
AB 85,8,DENTAL,u,True,,Kober triples: consonant class DENTAL matches 21 confirmed partners; Kober triples: vowel u matches confirmed partners
AB 85,8,LABIAL,a,True,,Kober triples: consonant class LABIAL matches 21 confirmed partners; Kober triples: vowel a matches confirmed partners
AB 85,8,LABIAL,e,True,,Kober triples: consonant class LABIAL matches 21 confirmed partners; Kober triples: vowel e matches confirmed partners
AB 85,8,LABIAL,i,True,,Kober triples: consonant class LABIAL matches 21 confirmed partners; Kober triples: vowel i matches confirmed partners
AB 85,8,LABIAL,o,True,,Kober triples: consonant class LABIAL matches 21 confirmed partners; Kober triples: vowel o matches confirmed partners
AB 85,8,LABIAL,u,True,,Kober triples: consonant class LABIAL matches 21 confirmed partners; Kober triples: vowel u matches confirmed partners; Kober rescue: frequency contradiction overridden by series/triple link
AB 85,8,VELAR,a,True,,Kober triples: consonant class VELAR matches 21 confirmed partners; Kober triples: vowel a matches confirmed partners
AB 85,8,VELAR,e,True,,Kober triples: consonant class VELAR matches 21 confirmed partners; Kober triples: vowel e matches confirmed partners; Kober rescue: frequency contradiction overridden by series/triple link
AB 85,8,VELAR,i,True,,Kober triples: consonant class VELAR matches 21 confirmed partners; Kober triples: vowel i matches confirmed partners
AB 85,8,VELAR,o,True,,Kober triples: consonant class VELAR matches 21 confirmed partners; Kober triples: vowel o matches confirmed partners
AB 85,8,VELAR,u,True,,Kober triples: consonant class VELAR matches 21 confirmed partners; Kober triples: vowel u matches confirmed partners
AB 85,8,SIBILANT,a,True,,Kober triples: consonant class SIBILANT matches 21 confirmed partners; Kober triples: vowel a matches confirmed partners
AB 85,8,SIBILANT,e,True,,Kober triples: consonant class SIBILANT matches 21 confirmed partners; Kober triples: vowel e matches confirmed partners
AB 85,8,SIBILANT,i,True,,Kober triples: consonant class SIBILANT matches 21 confirmed partners; Kober triples: vowel i matches confirmed partners
AB 85,8,SIBILANT,o,True,,Kober triples: consonant class SIBILANT matches 21 confirmed partners; Kober triples: vowel o matches confirmed partners
AB 85,8,SIBILANT,u,True,,Kober triples: consonant class SIBILANT matches 21 confirmed partners; Kober triples: vowel u matches confirmed partners
AB 85,8,LIQUID,a,True,,Kober triples: consonant class LIQUID matches 21 confirmed partners; Kober triples: vowel a matches confirmed partners
AB 85,8,LIQUID,e,True,,Kober triples: consonant class LIQUID matches 21 confirmed partners; Kober triples: vowel e matches confirmed partners
AB 85,8,LIQUID,i,True,,Kober triples: consonant class LIQUID matches 21 confirmed partners; Kober triples: vowel i matches confirmed partners
AB 85,8,LIQUID,o,True,,Kober triples: consonant class LIQUID matches 21 confirmed partners; Kober triples: vowel o matches confirmed partners
AB 85,8,LIQUID,u,True,,Kober triples: consonant class LIQUID matches 21 confirmed partners; Kober triples: vowel u matches confirmed partners
AB 85,8,PALATAL,a,True,,Kober triples: consonant class PALATAL matches 21 confirmed partners; Kober triples: vowel a matches confirmed partners
AB 85,8,PALATAL,e,True,,Kober triples: consonant class PALATAL matches 21 confirmed partners; Kober triples: vowel e matches confirmed partners
AB 85,8,PALATAL,i,True,,Kober triples: consonant class PALATAL matches 21 confirmed partners; Kober triples: vowel i matches confirmed partners
AB 85,8,PALATAL,o,True,,Kober triples: consonant class PALATAL matches 21 confirmed partners; Kober triples: vowel o matches confirmed partners
AB 85,8,PALATAL,u,True,,Kober triples: consonant class PALATAL matches 21 confirmed partners; Kober triples: vowel u matches confirmed partners
AB 85,8,SEMIVOWEL,a,True,,Kober triples: vowel a matches confirmed partners
AB 85,8,SEMIVOWEL,e,True,,Kober triples: vowel e matches confirmed partners
AB 85,8,SEMIVOWEL,i,True,,Kober triples: vowel i matches confirmed partners
AB 85,8,SEMIVOWEL,o,True,,Kober triples: vowel o matches confirmed partners
AB 85,8,SEMIVOWEL,u,True,,Kober triples: vowel u matches confirmed partners
AB 85,8,VOWEL,a,True,,Kober triples: consonant class VOWEL matches 21 confirmed partners; Kober triples: vowel a matches confirmed partners
AB 85,8,VOWEL,e,True,,Kober triples: consonant class VOWEL matches 21 confirmed partners; Kober triples: vowel e matches confirmed partners
AB 85,8,VOWEL,i,True,,Kober triples: consonant class VOWEL matches 21 confirmed partners; Kober triples: vowel i matches confirmed partners
AB 85,8,VOWEL,o,True,,Kober triples: consonant class VOWEL matches 21 confirmed partners; Kober triples: vowel o matches confirmed partners
AB 85,8,VOWEL,u,True,,Kober triples: consonant class VOWEL matches 21 confirmed partners; Kober triples: vowel u matches confirmed partners
AB 86,13,DENTAL,a,True,neutral,"Kober series 'neutral': vowel a matches series partners {'e', 'a', 'i'}; Kober triples: consonant class DENTAL matches 9 confirmed partners; Kober triples: vowel a matches confirmed partners; Kober rescue: frequency contradiction overridden by series/triple link"
AB 86,13,DENTAL,e,True,neutral,"Kober series 'neutral': vowel e matches series partners {'e', 'a', 'i'}; Kober triples: consonant class DENTAL matches 9 confirmed partners; Kober triples: vowel e matches confirmed partners; Kober rescue: frequency contradiction overridden by series/triple link"
AB 86,13,DENTAL,i,True,neutral,"Kober series 'neutral': vowel i matches series partners {'e', 'a', 'i'}; Kober triples: consonant class DENTAL matches 9 confirmed partners; Kober triples: vowel i matches confirmed partners"
AB 86,13,LABIAL,a,True,neutral,Kober triples: consonant class LABIAL matches 9 confirmed partners; Kober triples: vowel a matches confirmed partners
AB 86,13,LABIAL,e,True,neutral,Kober triples: consonant class LABIAL matches 9 confirmed partners; Kober triples: vowel e matches confirmed partners
AB 86,13,LABIAL,i,True,neutral,Kober triples: consonant class LABIAL matches 9 confirmed partners; Kober triples: vowel i matches confirmed partners; Kober rescue: frequency contradiction overridden by series/triple link
AB 86,13,LABIAL,o,True,neutral,Kober series 'neutral': consonant LABIAL matches; Kober triples: consonant class LABIAL matches 9 confirmed partners; Kober triples: vowel o matches confirmed partners
AB 86,13,LABIAL,u,True,neutral,Kober series 'neutral': consonant LABIAL matches; Kober triples: consonant class LABIAL matches 9 confirmed partners; Kober triples: vowel u matches confirmed partners; Kober rescue: frequency contradiction overridden by series/triple link
AB 86,13,VELAR,a,True,neutral,"Kober series 'neutral': vowel a matches series partners {'e', 'a', 'i'}; Kober triples: vowel a matches confirmed partners"
AB 86,13,VELAR,e,True,neutral,"Kober series 'neutral': vowel e matches series partners {'e', 'a', 'i'}; Kober triples: vowel e matches confirmed partners; Kober rescue: frequency contradiction overridden by series/triple link"
AB 86,13,VELAR,i,True,neutral,"Kober series 'neutral': vowel i matches series partners {'e', 'a', 'i'}; Kober triples: vowel i matches confirmed partners"
AB 86,13,SIBILANT,a,True,neutral,"Kober series 'neutral': vowel a matches series partners {'e', 'a', 'i'}; Kober triples: vowel a matches confirmed partners"
AB 86,13,SIBILANT,e,True,neutral,"Kober series 'neutral': vowel e matches series partners {'e', 'a', 'i'}; Kober triples: vowel e matches confirmed partners"
AB 86,13,SIBILANT,i,True,neutral,"Kober series 'neutral': vowel i matches series partners {'e', 'a', 'i'}; Kober triples: vowel i matches confirmed partners"
AB 86,13,LIQUID,a,True,neutral,Kober triples: consonant class LIQUID matches 9 confirmed partners; Kober triples: vowel a matches confirmed partners
AB 86,13,LIQUID,e,True,neutral,Kober triples: consonant class LIQUID matches 9 confirmed partners; Kober triples: vowel e matches confirmed partners
AB 86,13,LIQUID,i,True,neutral,Kober triples: consonant class LIQUID matches 9 confirmed partners; Kober triples: vowel i matches confirmed partners
AB 86,13,LIQUID,o,True,neutral,Kober series 'neutral': consonant LIQUID matches; Kober triples: consonant class LIQUID matches 9 confirmed partners; Kober triples: vowel o matches confirmed partners
AB 86,13,LIQUID,u,True,neutral,Kober series 'neutral': consonant LIQUID matches; Kober triples: consonant class LIQUID matches 9 confirmed partners; Kober triples: vowel u matches confirmed partners
AB 86,13,PALATAL,a,True,neutral,"Kober series 'neutral': vowel a matches series partners {'e', 'a', 'i'}; Kober triples: consonant class PALATAL matches 9 confirmed partners; Kober triples: vowel a matches confirmed partners"
AB 86,13,PALATAL,e,True,neutral,"Kober series 'neutral': vowel e matches series partners {'e', 'a', 'i'}; Kober triples: consonant class PALATAL matches 9 confirmed partners; Kober triples: vowel e matches confirmed partners"
AB 86,13,PALATAL,i,True,neutral,"Kober series 'neutral': vowel i matches series partners {'e', 'a', 'i'}; Kober triples: consonant class PALATAL matches 9 confirmed partners; Kober triples: vowel i matches confirmed partners"
AB 86,13,SEMIVOWEL,a,True,neutral,"Kober series 'neutral': vowel a matches series partners {'e', 'a', 'i'}; Kober triples: vowel a matches confirmed partners"
AB 86,13,SEMIVOWEL,e,True,neutral,"Kober series 'neutral': vowel e matches series partners {'e', 'a', 'i'}; Kober triples: vowel e matches confirmed partners"
AB 86,13,SEMIVOWEL,i,True,neutral,"Kober series 'neutral': vowel i matches series partners {'e', 'a', 'i'}; Kober triples: vowel i matches confirmed partners"
AB 86,13,VOWEL,a,True,neutral,Kober triples: consonant class VOWEL matches 9 confirmed partners; Kober triples: vowel a matches confirmed partners
AB 86,13,VOWEL,e,True,neutral,Kober triples: consonant class VOWEL matches 9 confirmed partners; Kober triples: vowel e matches confirmed partners
AB 86,13,VOWEL,i,True,neutral,Kober triples: consonant class VOWEL matches 9 confirmed partners; Kober triples: vowel i matches confirmed partners
AB 86,13,VOWEL,o,True,neutral,Kober series 'neutral': consonant VOWEL matches; Kober triples: consonant class VOWEL matches 9 confirmed partners; Kober triples: vowel o matches confirmed partners
AB 86,13,VOWEL,u,True,neutral,Kober series 'neutral': consonant VOWEL matches; Kober triples: consonant class VOWEL matches 9 confirmed partners; Kober triples: vowel u matches confirmed partners
AB 86,13,DENTAL,o,False,neutral,"Kober series 'neutral': neither consonant (DENTAL not in {'VOWEL', 'LABIAL', 'LIQUID'}) nor vowel (o not in {'e', 'a', 'i'}) matches series partners"
AB 86,13,DENTAL,u,False,neutral,"Kober series 'neutral': neither consonant (DENTAL not in {'VOWEL', 'LABIAL', 'LIQUID'}) nor vowel (u not in {'e', 'a', 'i'}) matches series partners"
AB 86,13,VELAR,o,False,neutral,"Kober series 'neutral': neither consonant (VELAR not in {'VOWEL', 'LABIAL', 'LIQUID'}) nor vowel (o not in {'e', 'a', 'i'}) matches series partners"
AB 86,13,VELAR,u,False,neutral,"Kober series 'neutral': neither consonant (VELAR not in {'VOWEL', 'LABIAL', 'LIQUID'}) nor vowel (u not in {'e', 'a', 'i'}) matches series partners"
AB 86,13,SIBILANT,o,False,neutral,"Kober series 'neutral': neither consonant (SIBILANT not in {'VOWEL', 'LABIAL', 'LIQUID'}) nor vowel (o not in {'e', 'a', 'i'}) matches series partners"
AB 86,13,SIBILANT,u,False,neutral,"Kober series 'neutral': neither consonant (SIBILANT not in {'VOWEL', 'LABIAL', 'LIQUID'}) nor vowel (u not in {'e', 'a', 'i'}) matches series partners"
AB 86,13,PALATAL,o,False,neutral,"Kober series 'neutral': neither consonant (PALATAL not in {'VOWEL', 'LABIAL', 'LIQUID'}) nor vowel (o not in {'e', 'a', 'i'}) matches series partners"
AB 86,13,PALATAL,u,False,neutral,"Kober series 'neutral': neither consonant (PALATAL not in {'VOWEL', 'LABIAL', 'LIQUID'}) nor vowel (u not in {'e', 'a', 'i'}) matches series partners"
AB 86,13,SEMIVOWEL,o,False,neutral,"Kober series 'neutral': neither consonant (SEMIVOWEL not in {'VOWEL', 'LABIAL', 'LIQUID'}) nor vowel (o not in {'e', 'a', 'i'}) matches series partners"
AB 86,13,SEMIVOWEL,u,False,neutral,"Kober series 'neutral': neither consonant (SEMIVOWEL not in {'VOWEL', 'LABIAL', 'LIQUID'}) nor vowel (u not in {'e', 'a', 'i'}) matches series partners"
AB 87,2,DENTAL,a,True,,Kober triples: consonant class DENTAL matches 24 confirmed partners; Kober triples: vowel a matches confirmed partners; Kober rescue: frequency contradiction overridden by series/triple link
AB 87,2,DENTAL,e,True,,Kober triples: consonant class DENTAL matches 24 confirmed partners; Kober triples: vowel e matches confirmed partners; Kober rescue: frequency contradiction overridden by series/triple link
AB 87,2,DENTAL,i,True,,Kober triples: consonant class DENTAL matches 24 confirmed partners; Kober triples: vowel i matches confirmed partners
AB 87,2,DENTAL,o,True,,Kober triples: consonant class DENTAL matches 24 confirmed partners; Kober triples: vowel o matches confirmed partners; Kober rescue: frequency contradiction overridden by series/triple link
AB 87,2,DENTAL,u,True,,Kober triples: consonant class DENTAL matches 24 confirmed partners; Kober triples: vowel u matches confirmed partners
AB 87,2,LABIAL,a,True,,Kober triples: consonant class LABIAL matches 24 confirmed partners; Kober triples: vowel a matches confirmed partners
AB 87,2,LABIAL,e,True,,Kober triples: consonant class LABIAL matches 24 confirmed partners; Kober triples: vowel e matches confirmed partners
AB 87,2,LABIAL,i,True,,Kober triples: consonant class LABIAL matches 24 confirmed partners; Kober triples: vowel i matches confirmed partners; Kober rescue: frequency contradiction overridden by series/triple link
AB 87,2,LABIAL,o,True,,Kober triples: consonant class LABIAL matches 24 confirmed partners; Kober triples: vowel o matches confirmed partners
AB 87,2,LABIAL,u,True,,Kober triples: consonant class LABIAL matches 24 confirmed partners; Kober triples: vowel u matches confirmed partners; Kober rescue: frequency contradiction overridden by series/triple link
AB 87,2,VELAR,a,True,,Kober triples: consonant class VELAR matches 24 confirmed partners; Kober triples: vowel a matches confirmed partners
AB 87,2,VELAR,e,True,,Kober triples: consonant class VELAR matches 24 confirmed partners; Kober triples: vowel e matches confirmed partners; Kober rescue: frequency contradiction overridden by series/triple link
AB 87,2,VELAR,i,True,,Kober triples: consonant class VELAR matches 24 confirmed partners; Kober triples: vowel i matches confirmed partners
AB 87,2,VELAR,o,True,,Kober triples: consonant class VELAR matches 24 confirmed partners; Kober triples: vowel o matches confirmed partners
AB 87,2,VELAR,u,True,,Kober triples: consonant class VELAR matches 24 confirmed partners; Kober triples: vowel u matches confirmed partners
AB 87,2,SIBILANT,a,True,,Kober triples: consonant class SIBILANT matches 24 confirmed partners; Kober triples: vowel a matches confirmed partners
AB 87,2,SIBILANT,e,True,,Kober triples: consonant class SIBILANT matches 24 confirmed partners; Kober triples: vowel e matches confirmed partners
AB 87,2,SIBILANT,i,True,,Kober triples: consonant class SIBILANT matches 24 confirmed partners; Kober triples: vowel i matches confirmed partners
AB 87,2,SIBILANT,o,True,,Kober triples: consonant class SIBILANT matches 24 confirmed partners; Kober triples: vowel o matches confirmed partners
AB 87,2,SIBILANT,u,True,,Kober triples: consonant class SIBILANT matches 24 confirmed partners; Kober triples: vowel u matches confirmed partners
AB 87,2,LIQUID,a,True,,Kober triples: consonant class LIQUID matches 24 confirmed partners; Kober triples: vowel a matches confirmed partners
AB 87,2,LIQUID,e,True,,Kober triples: consonant class LIQUID matches 24 confirmed partners; Kober triples: vowel e matches confirmed partners
AB 87,2,LIQUID,i,True,,Kober triples: consonant class LIQUID matches 24 confirmed partners; Kober triples: vowel i matches confirmed partners; Kober rescue: frequency contradiction overridden by series/triple link
AB 87,2,LIQUID,o,True,,Kober triples: consonant class LIQUID matches 24 confirmed partners; Kober triples: vowel o matches confirmed partners
AB 87,2,LIQUID,u,True,,Kober triples: consonant class LIQUID matches 24 confirmed partners; Kober triples: vowel u matches confirmed partners
AB 87,2,PALATAL,a,True,,Kober triples: consonant class PALATAL matches 24 confirmed partners; Kober triples: vowel a matches confirmed partners
AB 87,2,PALATAL,e,True,,Kober triples: consonant class PALATAL matches 24 confirmed partners; Kober triples: vowel e matches confirmed partners
AB 87,2,PALATAL,i,True,,Kober triples: consonant class PALATAL matches 24 confirmed partners; Kober triples: vowel i matches confirmed partners
AB 87,2,PALATAL,o,True,,Kober triples: consonant class PALATAL matches 24 confirmed partners; Kober triples: vowel o matches confirmed partners
AB 87,2,PALATAL,u,True,,Kober triples: consonant class PALATAL matches 24 confirmed partners; Kober triples: vowel u matches confirmed partners
AB 87,2,SEMIVOWEL,a,True,,Kober triples: vowel a matches confirmed partners
AB 87,2,SEMIVOWEL,e,True,,Kober triples: vowel e matches confirmed partners
AB 87,2,SEMIVOWEL,i,True,,Kober triples: vowel i matches confirmed partners
AB 87,2,SEMIVOWEL,o,True,,Kober triples: vowel o matches confirmed partners
AB 87,2,SEMIVOWEL,u,True,,Kober triples: vowel u matches confirmed partners
AB 87,2,VOWEL,a,True,,Kober triples: consonant class VOWEL matches 24 confirmed partners; Kober triples: vowel a matches confirmed partners
AB 87,2,VOWEL,e,True,,Kober triples: consonant class VOWEL matches 24 confirmed partners; Kober triples: vowel e matches confirmed partners
AB 87,2,VOWEL,i,True,,Kober triples: consonant class VOWEL matches 24 confirmed partners; Kober triples: vowel i matches confirmed partners
AB 87,2,VOWEL,o,True,,Kober triples: consonant class VOWEL matches 24 confirmed partners; Kober triples: vowel o matches confirmed partners
AB 87,2,VOWEL,u,True,,Kober triples: consonant class VOWEL matches 24 confirmed partners; Kober triples: vowel u matches confirmed partners
AB 88,0,DENTAL,a,True,,zero frequency — no constraint
AB 88,0,DENTAL,e,True,,zero frequency — no constraint
AB 88,0,DENTAL,i,True,,zero frequency — no constraint
AB 88,0,DENTAL,o,True,,zero frequency — no constraint
AB 88,0,DENTAL,u,True,,zero frequency — no constraint
AB 88,0,LABIAL,a,True,,zero frequency — no constraint
AB 88,0,LABIAL,e,True,,zero frequency — no constraint
AB 88,0,LABIAL,i,True,,zero frequency — no constraint
AB 88,0,LABIAL,o,True,,zero frequency — no constraint
AB 88,0,LABIAL,u,True,,zero frequency — no constraint
AB 88,0,VELAR,a,True,,zero frequency — no constraint
AB 88,0,VELAR,e,True,,zero frequency — no constraint
AB 88,0,VELAR,i,True,,zero frequency — no constraint
AB 88,0,VELAR,o,True,,zero frequency — no constraint
AB 88,0,VELAR,u,True,,zero frequency — no constraint
AB 88,0,SIBILANT,a,True,,zero frequency — no constraint
AB 88,0,SIBILANT,e,True,,zero frequency — no constraint
AB 88,0,SIBILANT,i,True,,zero frequency — no constraint
AB 88,0,SIBILANT,o,True,,zero frequency — no constraint
AB 88,0,SIBILANT,u,True,,zero frequency — no constraint
AB 88,0,LIQUID,a,True,,zero frequency — no constraint
AB 88,0,LIQUID,e,True,,zero frequency — no constraint
AB 88,0,LIQUID,i,True,,zero frequency — no constraint
AB 88,0,LIQUID,o,True,,zero frequency — no constraint
AB 88,0,LIQUID,u,True,,zero frequency — no constraint
AB 88,0,PALATAL,a,True,,zero frequency — no constraint
AB 88,0,PALATAL,e,True,,zero frequency — no constraint
AB 88,0,PALATAL,i,True,,zero frequency — no constraint
AB 88,0,PALATAL,o,True,,zero frequency — no constraint
AB 88,0,PALATAL,u,True,,zero frequency — no constraint
AB 88,0,SEMIVOWEL,a,True,,zero frequency — no constraint
AB 88,0,SEMIVOWEL,e,True,,zero frequency — no constraint
AB 88,0,SEMIVOWEL,i,True,,zero frequency — no constraint
AB 88,0,SEMIVOWEL,o,True,,zero frequency — no constraint
AB 88,0,SEMIVOWEL,u,True,,zero frequency — no constraint
AB 88,0,VOWEL,a,True,,zero frequency — no constraint
AB 88,0,VOWEL,e,True,,zero frequency — no constraint
AB 88,0,VOWEL,i,True,,zero frequency — no constraint
AB 88,0,VOWEL,o,True,,zero frequency — no constraint
AB 88,0,VOWEL,u,True,,zero frequency — no constraint
AB 89,0,DENTAL,a,True,,zero frequency — no constraint
AB 89,0,DENTAL,e,True,,zero frequency — no constraint
AB 89,0,DENTAL,i,True,,zero frequency — no constraint
AB 89,0,DENTAL,o,True,,zero frequency — no constraint
AB 89,0,DENTAL,u,True,,zero frequency — no constraint
AB 89,0,LABIAL,a,True,,zero frequency — no constraint
AB 89,0,LABIAL,e,True,,zero frequency — no constraint
AB 89,0,LABIAL,i,True,,zero frequency — no constraint
AB 89,0,LABIAL,o,True,,zero frequency — no constraint
AB 89,0,LABIAL,u,True,,zero frequency — no constraint
AB 89,0,VELAR,a,True,,zero frequency — no constraint
AB 89,0,VELAR,e,True,,zero frequency — no constraint
AB 89,0,VELAR,i,True,,zero frequency — no constraint
AB 89,0,VELAR,o,True,,zero frequency — no constraint
AB 89,0,VELAR,u,True,,zero frequency — no constraint
AB 89,0,SIBILANT,a,True,,zero frequency — no constraint
AB 89,0,SIBILANT,e,True,,zero frequency — no constraint
AB 89,0,SIBILANT,i,True,,zero frequency — no constraint
AB 89,0,SIBILANT,o,True,,zero frequency — no constraint
AB 89,0,SIBILANT,u,True,,zero frequency — no constraint
AB 89,0,LIQUID,a,True,,zero frequency — no constraint
AB 89,0,LIQUID,e,True,,zero frequency — no constraint
AB 89,0,LIQUID,i,True,,zero frequency — no constraint
AB 89,0,LIQUID,o,True,,zero frequency — no constraint
AB 89,0,LIQUID,u,True,,zero frequency — no constraint
AB 89,0,PALATAL,a,True,,zero frequency — no constraint
AB 89,0,PALATAL,e,True,,zero frequency — no constraint
AB 89,0,PALATAL,i,True,,zero frequency — no constraint
AB 89,0,PALATAL,o,True,,zero frequency — no constraint
AB 89,0,PALATAL,u,True,,zero frequency — no constraint
AB 89,0,SEMIVOWEL,a,True,,zero frequency — no constraint
AB 89,0,SEMIVOWEL,e,True,,zero frequency — no constraint
AB 89,0,SEMIVOWEL,i,True,,zero frequency — no constraint
AB 89,0,SEMIVOWEL,o,True,,zero frequency — no constraint
AB 89,0,SEMIVOWEL,u,True,,zero frequency — no constraint
AB 89,0,VOWEL,a,True,,zero frequency — no constraint
AB 89,0,VOWEL,e,True,,zero frequency — no constraint
AB 89,0,VOWEL,i,True,,zero frequency — no constraint
AB 89,0,VOWEL,o,True,,zero frequency — no constraint
AB 89,0,VOWEL,u,True,,zero frequency — no constraint
AB 90,0,DENTAL,a,True,,zero frequency — no constraint
AB 90,0,DENTAL,e,True,,zero frequency — no constraint
AB 90,0,DENTAL,i,True,,zero frequency — no constraint
AB 90,0,DENTAL,o,True,,zero frequency — no constraint
AB 90,0,DENTAL,u,True,,zero frequency — no constraint
AB 90,0,LABIAL,a,True,,zero frequency — no constraint
AB 90,0,LABIAL,e,True,,zero frequency — no constraint
AB 90,0,LABIAL,i,True,,zero frequency — no constraint
AB 90,0,LABIAL,o,True,,zero frequency — no constraint
AB 90,0,LABIAL,u,True,,zero frequency — no constraint
AB 90,0,VELAR,a,True,,zero frequency — no constraint
AB 90,0,VELAR,e,True,,zero frequency — no constraint
AB 90,0,VELAR,i,True,,zero frequency — no constraint
AB 90,0,VELAR,o,True,,zero frequency — no constraint
AB 90,0,VELAR,u,True,,zero frequency — no constraint
AB 90,0,SIBILANT,a,True,,zero frequency — no constraint
AB 90,0,SIBILANT,e,True,,zero frequency — no constraint
AB 90,0,SIBILANT,i,True,,zero frequency — no constraint
AB 90,0,SIBILANT,o,True,,zero frequency — no constraint
AB 90,0,SIBILANT,u,True,,zero frequency — no constraint
AB 90,0,LIQUID,a,True,,zero frequency — no constraint
AB 90,0,LIQUID,e,True,,zero frequency — no constraint
AB 90,0,LIQUID,i,True,,zero frequency — no constraint
AB 90,0,LIQUID,o,True,,zero frequency — no constraint
AB 90,0,LIQUID,u,True,,zero frequency — no constraint
AB 90,0,PALATAL,a,True,,zero frequency — no constraint
AB 90,0,PALATAL,e,True,,zero frequency — no constraint
AB 90,0,PALATAL,i,True,,zero frequency — no constraint
AB 90,0,PALATAL,o,True,,zero frequency — no constraint
AB 90,0,PALATAL,u,True,,zero frequency — no constraint
AB 90,0,SEMIVOWEL,a,True,,zero frequency — no constraint
AB 90,0,SEMIVOWEL,e,True,,zero frequency — no constraint
AB 90,0,SEMIVOWEL,i,True,,zero frequency — no constraint
AB 90,0,SEMIVOWEL,o,True,,zero frequency — no constraint
AB 90,0,SEMIVOWEL,u,True,,zero frequency — no constraint
AB 90,0,VOWEL,a,True,,zero frequency — no constraint
AB 90,0,VOWEL,e,True,,zero frequency — no constraint
AB 90,0,VOWEL,i,True,,zero frequency — no constraint
AB 90,0,VOWEL,o,True,,zero frequency — no constraint
AB 90,0,VOWEL,u,True,,zero frequency — no constraint
AB 91,0,DENTAL,a,True,,zero frequency — no constraint
AB 91,0,DENTAL,e,True,,zero frequency — no constraint
AB 91,0,DENTAL,i,True,,zero frequency — no constraint
AB 91,0,DENTAL,o,True,,zero frequency — no constraint
AB 91,0,DENTAL,u,True,,zero frequency — no constraint
AB 91,0,LABIAL,a,True,,zero frequency — no constraint
AB 91,0,LABIAL,e,True,,zero frequency — no constraint
AB 91,0,LABIAL,i,True,,zero frequency — no constraint
AB 91,0,LABIAL,o,True,,zero frequency — no constraint
AB 91,0,LABIAL,u,True,,zero frequency — no constraint
AB 91,0,VELAR,a,True,,zero frequency — no constraint
AB 91,0,VELAR,e,True,,zero frequency — no constraint
AB 91,0,VELAR,i,True,,zero frequency — no constraint
AB 91,0,VELAR,o,True,,zero frequency — no constraint
AB 91,0,VELAR,u,True,,zero frequency — no constraint
AB 91,0,SIBILANT,a,True,,zero frequency — no constraint
AB 91,0,SIBILANT,e,True,,zero frequency — no constraint
AB 91,0,SIBILANT,i,True,,zero frequency — no constraint
AB 91,0,SIBILANT,o,True,,zero frequency — no constraint
AB 91,0,SIBILANT,u,True,,zero frequency — no constraint
AB 91,0,LIQUID,a,True,,zero frequency — no constraint
AB 91,0,LIQUID,e,True,,zero frequency — no constraint
AB 91,0,LIQUID,i,True,,zero frequency — no constraint
AB 91,0,LIQUID,o,True,,zero frequency — no constraint
AB 91,0,LIQUID,u,True,,zero frequency — no constraint
AB 91,0,PALATAL,a,True,,zero frequency — no constraint
AB 91,0,PALATAL,e,True,,zero frequency — no constraint
AB 91,0,PALATAL,i,True,,zero frequency — no constraint
AB 91,0,PALATAL,o,True,,zero frequency — no constraint
AB 91,0,PALATAL,u,True,,zero frequency — no constraint
AB 91,0,SEMIVOWEL,a,True,,zero frequency — no constraint
AB 91,0,SEMIVOWEL,e,True,,zero frequency — no constraint
AB 91,0,SEMIVOWEL,i,True,,zero frequency — no constraint
AB 91,0,SEMIVOWEL,o,True,,zero frequency — no constraint
AB 91,0,SEMIVOWEL,u,True,,zero frequency — no constraint
AB 91,0,VOWEL,a,True,,zero frequency — no constraint
AB 91,0,VOWEL,e,True,,zero frequency — no constraint
AB 91,0,VOWEL,i,True,,zero frequency — no constraint
AB 91,0,VOWEL,o,True,,zero frequency — no constraint
AB 91,0,VOWEL,u,True,,zero frequency — no constraint
AB 92,0,DENTAL,a,True,,zero frequency — no constraint
AB 92,0,DENTAL,e,True,,zero frequency — no constraint
AB 92,0,DENTAL,i,True,,zero frequency — no constraint
AB 92,0,DENTAL,o,True,,zero frequency — no constraint
AB 92,0,DENTAL,u,True,,zero frequency — no constraint
AB 92,0,LABIAL,a,True,,zero frequency — no constraint
AB 92,0,LABIAL,e,True,,zero frequency — no constraint
AB 92,0,LABIAL,i,True,,zero frequency — no constraint
AB 92,0,LABIAL,o,True,,zero frequency — no constraint
AB 92,0,LABIAL,u,True,,zero frequency — no constraint
AB 92,0,VELAR,a,True,,zero frequency — no constraint
AB 92,0,VELAR,e,True,,zero frequency — no constraint
AB 92,0,VELAR,i,True,,zero frequency — no constraint
AB 92,0,VELAR,o,True,,zero frequency — no constraint
AB 92,0,VELAR,u,True,,zero frequency — no constraint
AB 92,0,SIBILANT,a,True,,zero frequency — no constraint
AB 92,0,SIBILANT,e,True,,zero frequency — no constraint
AB 92,0,SIBILANT,i,True,,zero frequency — no constraint
AB 92,0,SIBILANT,o,True,,zero frequency — no constraint
AB 92,0,SIBILANT,u,True,,zero frequency — no constraint
AB 92,0,LIQUID,a,True,,zero frequency — no constraint
AB 92,0,LIQUID,e,True,,zero frequency — no constraint
AB 92,0,LIQUID,i,True,,zero frequency — no constraint
AB 92,0,LIQUID,o,True,,zero frequency — no constraint
AB 92,0,LIQUID,u,True,,zero frequency — no constraint
AB 92,0,PALATAL,a,True,,zero frequency — no constraint
AB 92,0,PALATAL,e,True,,zero frequency — no constraint
AB 92,0,PALATAL,i,True,,zero frequency — no constraint
AB 92,0,PALATAL,o,True,,zero frequency — no constraint
AB 92,0,PALATAL,u,True,,zero frequency — no constraint
AB 92,0,SEMIVOWEL,a,True,,zero frequency — no constraint
AB 92,0,SEMIVOWEL,e,True,,zero frequency — no constraint
AB 92,0,SEMIVOWEL,i,True,,zero frequency — no constraint
AB 92,0,SEMIVOWEL,o,True,,zero frequency — no constraint
AB 92,0,SEMIVOWEL,u,True,,zero frequency — no constraint
AB 92,0,VOWEL,a,True,,zero frequency — no constraint
AB 92,0,VOWEL,e,True,,zero frequency — no constraint
AB 92,0,VOWEL,i,True,,zero frequency — no constraint
AB 92,0,VOWEL,o,True,,zero frequency — no constraint
AB 92,0,VOWEL,u,True,,zero frequency — no constraint
AB 93,0,DENTAL,a,True,,zero frequency — no constraint
AB 93,0,DENTAL,e,True,,zero frequency — no constraint
AB 93,0,DENTAL,i,True,,zero frequency — no constraint
AB 93,0,DENTAL,o,True,,zero frequency — no constraint
AB 93,0,DENTAL,u,True,,zero frequency — no constraint
AB 93,0,LABIAL,a,True,,zero frequency — no constraint
AB 93,0,LABIAL,e,True,,zero frequency — no constraint
AB 93,0,LABIAL,i,True,,zero frequency — no constraint
AB 93,0,LABIAL,o,True,,zero frequency — no constraint
AB 93,0,LABIAL,u,True,,zero frequency — no constraint
AB 93,0,VELAR,a,True,,zero frequency — no constraint
AB 93,0,VELAR,e,True,,zero frequency — no constraint
AB 93,0,VELAR,i,True,,zero frequency — no constraint
AB 93,0,VELAR,o,True,,zero frequency — no constraint
AB 93,0,VELAR,u,True,,zero frequency — no constraint
AB 93,0,SIBILANT,a,True,,zero frequency — no constraint
AB 93,0,SIBILANT,e,True,,zero frequency — no constraint
AB 93,0,SIBILANT,i,True,,zero frequency — no constraint
AB 93,0,SIBILANT,o,True,,zero frequency — no constraint
AB 93,0,SIBILANT,u,True,,zero frequency — no constraint
AB 93,0,LIQUID,a,True,,zero frequency — no constraint
AB 93,0,LIQUID,e,True,,zero frequency — no constraint
AB 93,0,LIQUID,i,True,,zero frequency — no constraint
AB 93,0,LIQUID,o,True,,zero frequency — no constraint
AB 93,0,LIQUID,u,True,,zero frequency — no constraint
AB 93,0,PALATAL,a,True,,zero frequency — no constraint
AB 93,0,PALATAL,e,True,,zero frequency — no constraint
AB 93,0,PALATAL,i,True,,zero frequency — no constraint
AB 93,0,PALATAL,o,True,,zero frequency — no constraint
AB 93,0,PALATAL,u,True,,zero frequency — no constraint
AB 93,0,SEMIVOWEL,a,True,,zero frequency — no constraint
AB 93,0,SEMIVOWEL,e,True,,zero frequency — no constraint
AB 93,0,SEMIVOWEL,i,True,,zero frequency — no constraint
AB 93,0,SEMIVOWEL,o,True,,zero frequency — no constraint
AB 93,0,SEMIVOWEL,u,True,,zero frequency — no constraint
AB 93,0,VOWEL,a,True,,zero frequency — no constraint
AB 93,0,VOWEL,e,True,,zero frequency — no constraint
AB 93,0,VOWEL,i,True,,zero frequency — no constraint
AB 93,0,VOWEL,o,True,,zero frequency — no constraint
AB 93,0,VOWEL,u,True,,zero frequency — no constraint
AB 94,0,DENTAL,a,True,,zero frequency — no constraint
AB 94,0,DENTAL,e,True,,zero frequency — no constraint
AB 94,0,DENTAL,i,True,,zero frequency — no constraint
AB 94,0,DENTAL,o,True,,zero frequency — no constraint
AB 94,0,DENTAL,u,True,,zero frequency — no constraint
AB 94,0,LABIAL,a,True,,zero frequency — no constraint
AB 94,0,LABIAL,e,True,,zero frequency — no constraint
AB 94,0,LABIAL,i,True,,zero frequency — no constraint
AB 94,0,LABIAL,o,True,,zero frequency — no constraint
AB 94,0,LABIAL,u,True,,zero frequency — no constraint
AB 94,0,VELAR,a,True,,zero frequency — no constraint
AB 94,0,VELAR,e,True,,zero frequency — no constraint
AB 94,0,VELAR,i,True,,zero frequency — no constraint
AB 94,0,VELAR,o,True,,zero frequency — no constraint
AB 94,0,VELAR,u,True,,zero frequency — no constraint
AB 94,0,SIBILANT,a,True,,zero frequency — no constraint
AB 94,0,SIBILANT,e,True,,zero frequency — no constraint
AB 94,0,SIBILANT,i,True,,zero frequency — no constraint
AB 94,0,SIBILANT,o,True,,zero frequency — no constraint
AB 94,0,SIBILANT,u,True,,zero frequency — no constraint
AB 94,0,LIQUID,a,True,,zero frequency — no constraint
AB 94,0,LIQUID,e,True,,zero frequency — no constraint
AB 94,0,LIQUID,i,True,,zero frequency — no constraint
AB 94,0,LIQUID,o,True,,zero frequency — no constraint
AB 94,0,LIQUID,u,True,,zero frequency — no constraint
AB 94,0,PALATAL,a,True,,zero frequency — no constraint
AB 94,0,PALATAL,e,True,,zero frequency — no constraint
AB 94,0,PALATAL,i,True,,zero frequency — no constraint
AB 94,0,PALATAL,o,True,,zero frequency — no constraint
AB 94,0,PALATAL,u,True,,zero frequency — no constraint
AB 94,0,SEMIVOWEL,a,True,,zero frequency — no constraint
AB 94,0,SEMIVOWEL,e,True,,zero frequency — no constraint
AB 94,0,SEMIVOWEL,i,True,,zero frequency — no constraint
AB 94,0,SEMIVOWEL,o,True,,zero frequency — no constraint
AB 94,0,SEMIVOWEL,u,True,,zero frequency — no constraint
AB 94,0,VOWEL,a,True,,zero frequency — no constraint
AB 94,0,VOWEL,e,True,,zero frequency — no constraint
AB 94,0,VOWEL,i,True,,zero frequency — no constraint
AB 94,0,VOWEL,o,True,,zero frequency — no constraint
AB 94,0,VOWEL,u,True,,zero frequency — no constraint
AB 95,0,DENTAL,a,True,,zero frequency — no constraint
AB 95,0,DENTAL,e,True,,zero frequency — no constraint
AB 95,0,DENTAL,i,True,,zero frequency — no constraint
AB 95,0,DENTAL,o,True,,zero frequency — no constraint
AB 95,0,DENTAL,u,True,,zero frequency — no constraint
AB 95,0,LABIAL,a,True,,zero frequency — no constraint
AB 95,0,LABIAL,e,True,,zero frequency — no constraint
AB 95,0,LABIAL,i,True,,zero frequency — no constraint
AB 95,0,LABIAL,o,True,,zero frequency — no constraint
AB 95,0,LABIAL,u,True,,zero frequency — no constraint
AB 95,0,VELAR,a,True,,zero frequency — no constraint
AB 95,0,VELAR,e,True,,zero frequency — no constraint
AB 95,0,VELAR,i,True,,zero frequency — no constraint
AB 95,0,VELAR,o,True,,zero frequency — no constraint
AB 95,0,VELAR,u,True,,zero frequency — no constraint
AB 95,0,SIBILANT,a,True,,zero frequency — no constraint
AB 95,0,SIBILANT,e,True,,zero frequency — no constraint
AB 95,0,SIBILANT,i,True,,zero frequency — no constraint
AB 95,0,SIBILANT,o,True,,zero frequency — no constraint
AB 95,0,SIBILANT,u,True,,zero frequency — no constraint
AB 95,0,LIQUID,a,True,,zero frequency — no constraint
AB 95,0,LIQUID,e,True,,zero frequency — no constraint
AB 95,0,LIQUID,i,True,,zero frequency — no constraint
AB 95,0,LIQUID,o,True,,zero frequency — no constraint
AB 95,0,LIQUID,u,True,,zero frequency — no constraint
AB 95,0,PALATAL,a,True,,zero frequency — no constraint
AB 95,0,PALATAL,e,True,,zero frequency — no constraint
AB 95,0,PALATAL,i,True,,zero frequency — no constraint
AB 95,0,PALATAL,o,True,,zero frequency — no constraint
AB 95,0,PALATAL,u,True,,zero frequency — no constraint
AB 95,0,SEMIVOWEL,a,True,,zero frequency — no constraint
AB 95,0,SEMIVOWEL,e,True,,zero frequency — no constraint
AB 95,0,SEMIVOWEL,i,True,,zero frequency — no constraint
AB 95,0,SEMIVOWEL,o,True,,zero frequency — no constraint
AB 95,0,SEMIVOWEL,u,True,,zero frequency — no constraint
AB 95,0,VOWEL,a,True,,zero frequency — no constraint
AB 95,0,VOWEL,e,True,,zero frequency — no constraint
AB 95,0,VOWEL,i,True,,zero frequency — no constraint
AB 95,0,VOWEL,o,True,,zero frequency — no constraint
AB 95,0,VOWEL,u,True,,zero frequency — no constraint
AB 96,0,DENTAL,a,True,,zero frequency — no constraint
AB 96,0,DENTAL,e,True,,zero frequency — no constraint
AB 96,0,DENTAL,i,True,,zero frequency — no constraint
AB 96,0,DENTAL,o,True,,zero frequency — no constraint
AB 96,0,DENTAL,u,True,,zero frequency — no constraint
AB 96,0,LABIAL,a,True,,zero frequency — no constraint
AB 96,0,LABIAL,e,True,,zero frequency — no constraint
AB 96,0,LABIAL,i,True,,zero frequency — no constraint
AB 96,0,LABIAL,o,True,,zero frequency — no constraint
AB 96,0,LABIAL,u,True,,zero frequency — no constraint
AB 96,0,VELAR,a,True,,zero frequency — no constraint
AB 96,0,VELAR,e,True,,zero frequency — no constraint
AB 96,0,VELAR,i,True,,zero frequency — no constraint
AB 96,0,VELAR,o,True,,zero frequency — no constraint
AB 96,0,VELAR,u,True,,zero frequency — no constraint
AB 96,0,SIBILANT,a,True,,zero frequency — no constraint
AB 96,0,SIBILANT,e,True,,zero frequency — no constraint
AB 96,0,SIBILANT,i,True,,zero frequency — no constraint
AB 96,0,SIBILANT,o,True,,zero frequency — no constraint
AB 96,0,SIBILANT,u,True,,zero frequency — no constraint
AB 96,0,LIQUID,a,True,,zero frequency — no constraint
AB 96,0,LIQUID,e,True,,zero frequency — no constraint
AB 96,0,LIQUID,i,True,,zero frequency — no constraint
AB 96,0,LIQUID,o,True,,zero frequency — no constraint
AB 96,0,LIQUID,u,True,,zero frequency — no constraint
AB 96,0,PALATAL,a,True,,zero frequency — no constraint
AB 96,0,PALATAL,e,True,,zero frequency — no constraint
AB 96,0,PALATAL,i,True,,zero frequency — no constraint
AB 96,0,PALATAL,o,True,,zero frequency — no constraint
AB 96,0,PALATAL,u,True,,zero frequency — no constraint
AB 96,0,SEMIVOWEL,a,True,,zero frequency — no constraint
AB 96,0,SEMIVOWEL,e,True,,zero frequency — no constraint
AB 96,0,SEMIVOWEL,i,True,,zero frequency — no constraint
AB 96,0,SEMIVOWEL,o,True,,zero frequency — no constraint
AB 96,0,SEMIVOWEL,u,True,,zero frequency — no constraint
AB 96,0,VOWEL,a,True,,zero frequency — no constraint
AB 96,0,VOWEL,e,True,,zero frequency — no constraint
AB 96,0,VOWEL,i,True,,zero frequency — no constraint
AB 96,0,VOWEL,o,True,,zero frequency — no constraint
AB 96,0,VOWEL,u,True,,zero frequency — no constraint
AB 97,0,DENTAL,a,True,,zero frequency — no constraint
AB 97,0,DENTAL,e,True,,zero frequency — no constraint
AB 97,0,DENTAL,i,True,,zero frequency — no constraint
AB 97,0,DENTAL,o,True,,zero frequency — no constraint
AB 97,0,DENTAL,u,True,,zero frequency — no constraint
AB 97,0,LABIAL,a,True,,zero frequency — no constraint
AB 97,0,LABIAL,e,True,,zero frequency — no constraint
AB 97,0,LABIAL,i,True,,zero frequency — no constraint
AB 97,0,LABIAL,o,True,,zero frequency — no constraint
AB 97,0,LABIAL,u,True,,zero frequency — no constraint
AB 97,0,VELAR,a,True,,zero frequency — no constraint
AB 97,0,VELAR,e,True,,zero frequency — no constraint
AB 97,0,VELAR,i,True,,zero frequency — no constraint
AB 97,0,VELAR,o,True,,zero frequency — no constraint
AB 97,0,VELAR,u,True,,zero frequency — no constraint
AB 97,0,SIBILANT,a,True,,zero frequency — no constraint
AB 97,0,SIBILANT,e,True,,zero frequency — no constraint
AB 97,0,SIBILANT,i,True,,zero frequency — no constraint
AB 97,0,SIBILANT,o,True,,zero frequency — no constraint
AB 97,0,SIBILANT,u,True,,zero frequency — no constraint
AB 97,0,LIQUID,a,True,,zero frequency — no constraint
AB 97,0,LIQUID,e,True,,zero frequency — no constraint
AB 97,0,LIQUID,i,True,,zero frequency — no constraint
AB 97,0,LIQUID,o,True,,zero frequency — no constraint
AB 97,0,LIQUID,u,True,,zero frequency — no constraint
AB 97,0,PALATAL,a,True,,zero frequency — no constraint
AB 97,0,PALATAL,e,True,,zero frequency — no constraint
AB 97,0,PALATAL,i,True,,zero frequency — no constraint
AB 97,0,PALATAL,o,True,,zero frequency — no constraint
AB 97,0,PALATAL,u,True,,zero frequency — no constraint
AB 97,0,SEMIVOWEL,a,True,,zero frequency — no constraint
AB 97,0,SEMIVOWEL,e,True,,zero frequency — no constraint
AB 97,0,SEMIVOWEL,i,True,,zero frequency — no constraint
AB 97,0,SEMIVOWEL,o,True,,zero frequency — no constraint
AB 97,0,SEMIVOWEL,u,True,,zero frequency — no constraint
AB 97,0,VOWEL,a,True,,zero frequency — no constraint
AB 97,0,VOWEL,e,True,,zero frequency — no constraint
AB 97,0,VOWEL,i,True,,zero frequency — no constraint
AB 97,0,VOWEL,o,True,,zero frequency — no constraint
AB 97,0,VOWEL,u,True,,zero frequency — no constraint
AB 98,0,DENTAL,a,True,,zero frequency — no constraint
AB 98,0,DENTAL,e,True,,zero frequency — no constraint
AB 98,0,DENTAL,i,True,,zero frequency — no constraint
AB 98,0,DENTAL,o,True,,zero frequency — no constraint
AB 98,0,DENTAL,u,True,,zero frequency — no constraint
AB 98,0,LABIAL,a,True,,zero frequency — no constraint
AB 98,0,LABIAL,e,True,,zero frequency — no constraint
AB 98,0,LABIAL,i,True,,zero frequency — no constraint
AB 98,0,LABIAL,o,True,,zero frequency — no constraint
AB 98,0,LABIAL,u,True,,zero frequency — no constraint
AB 98,0,VELAR,a,True,,zero frequency — no constraint
AB 98,0,VELAR,e,True,,zero frequency — no constraint
AB 98,0,VELAR,i,True,,zero frequency — no constraint
AB 98,0,VELAR,o,True,,zero frequency — no constraint
AB 98,0,VELAR,u,True,,zero frequency — no constraint
AB 98,0,SIBILANT,a,True,,zero frequency — no constraint
AB 98,0,SIBILANT,e,True,,zero frequency — no constraint
AB 98,0,SIBILANT,i,True,,zero frequency — no constraint
AB 98,0,SIBILANT,o,True,,zero frequency — no constraint
AB 98,0,SIBILANT,u,True,,zero frequency — no constraint
AB 98,0,LIQUID,a,True,,zero frequency — no constraint
AB 98,0,LIQUID,e,True,,zero frequency — no constraint
AB 98,0,LIQUID,i,True,,zero frequency — no constraint
AB 98,0,LIQUID,o,True,,zero frequency — no constraint
AB 98,0,LIQUID,u,True,,zero frequency — no constraint
AB 98,0,PALATAL,a,True,,zero frequency — no constraint
AB 98,0,PALATAL,e,True,,zero frequency — no constraint
AB 98,0,PALATAL,i,True,,zero frequency — no constraint
AB 98,0,PALATAL,o,True,,zero frequency — no constraint
AB 98,0,PALATAL,u,True,,zero frequency — no constraint
AB 98,0,SEMIVOWEL,a,True,,zero frequency — no constraint
AB 98,0,SEMIVOWEL,e,True,,zero frequency — no constraint
AB 98,0,SEMIVOWEL,i,True,,zero frequency — no constraint
AB 98,0,SEMIVOWEL,o,True,,zero frequency — no constraint
AB 98,0,SEMIVOWEL,u,True,,zero frequency — no constraint
AB 98,0,VOWEL,a,True,,zero frequency — no constraint
AB 98,0,VOWEL,e,True,,zero frequency — no constraint
AB 98,0,VOWEL,i,True,,zero frequency — no constraint
AB 98,0,VOWEL,o,True,,zero frequency — no constraint
AB 98,0,VOWEL,u,True,,zero frequency — no constraint
AB 99,0,DENTAL,a,True,,zero frequency — no constraint
AB 99,0,DENTAL,e,True,,zero frequency — no constraint
AB 99,0,DENTAL,i,True,,zero frequency — no constraint
AB 99,0,DENTAL,o,True,,zero frequency — no constraint
AB 99,0,DENTAL,u,True,,zero frequency — no constraint
AB 99,0,LABIAL,a,True,,zero frequency — no constraint
AB 99,0,LABIAL,e,True,,zero frequency — no constraint
AB 99,0,LABIAL,i,True,,zero frequency — no constraint
AB 99,0,LABIAL,o,True,,zero frequency — no constraint
AB 99,0,LABIAL,u,True,,zero frequency — no constraint
AB 99,0,VELAR,a,True,,zero frequency — no constraint
AB 99,0,VELAR,e,True,,zero frequency — no constraint
AB 99,0,VELAR,i,True,,zero frequency — no constraint
AB 99,0,VELAR,o,True,,zero frequency — no constraint
AB 99,0,VELAR,u,True,,zero frequency — no constraint
AB 99,0,SIBILANT,a,True,,zero frequency — no constraint
AB 99,0,SIBILANT,e,True,,zero frequency — no constraint
AB 99,0,SIBILANT,i,True,,zero frequency — no constraint
AB 99,0,SIBILANT,o,True,,zero frequency — no constraint
AB 99,0,SIBILANT,u,True,,zero frequency — no constraint
AB 99,0,LIQUID,a,True,,zero frequency — no constraint
AB 99,0,LIQUID,e,True,,zero frequency — no constraint
AB 99,0,LIQUID,i,True,,zero frequency — no constraint
AB 99,0,LIQUID,o,True,,zero frequency — no constraint
AB 99,0,LIQUID,u,True,,zero frequency — no constraint
AB 99,0,PALATAL,a,True,,zero frequency — no constraint
AB 99,0,PALATAL,e,True,,zero frequency — no constraint
AB 99,0,PALATAL,i,True,,zero frequency — no constraint
AB 99,0,PALATAL,o,True,,zero frequency — no constraint
AB 99,0,PALATAL,u,True,,zero frequency — no constraint
AB 99,0,SEMIVOWEL,a,True,,zero frequency — no constraint
AB 99,0,SEMIVOWEL,e,True,,zero frequency — no constraint
AB 99,0,SEMIVOWEL,i,True,,zero frequency — no constraint
AB 99,0,SEMIVOWEL,o,True,,zero frequency — no constraint
AB 99,0,SEMIVOWEL,u,True,,zero frequency — no constraint
AB 99,0,VOWEL,a,True,,zero frequency — no constraint
AB 99,0,VOWEL,e,True,,zero frequency — no constraint
AB 99,0,VOWEL,i,True,,zero frequency — no constraint
AB 99,0,VOWEL,o,True,,zero frequency — no constraint
AB 99,0,VOWEL,u,True,,zero frequency — no constraint
AB 100,0,DENTAL,a,True,,zero frequency — no constraint
AB 100,0,DENTAL,e,True,,zero frequency — no constraint
AB 100,0,DENTAL,i,True,,zero frequency — no constraint
AB 100,0,DENTAL,o,True,,zero frequency — no constraint
AB 100,0,DENTAL,u,True,,zero frequency — no constraint
AB 100,0,LABIAL,a,True,,zero frequency — no constraint
AB 100,0,LABIAL,e,True,,zero frequency — no constraint
AB 100,0,LABIAL,i,True,,zero frequency — no constraint
AB 100,0,LABIAL,o,True,,zero frequency — no constraint
AB 100,0,LABIAL,u,True,,zero frequency — no constraint
AB 100,0,VELAR,a,True,,zero frequency — no constraint
AB 100,0,VELAR,e,True,,zero frequency — no constraint
AB 100,0,VELAR,i,True,,zero frequency — no constraint
AB 100,0,VELAR,o,True,,zero frequency — no constraint
AB 100,0,VELAR,u,True,,zero frequency — no constraint
AB 100,0,SIBILANT,a,True,,zero frequency — no constraint
AB 100,0,SIBILANT,e,True,,zero frequency — no constraint
AB 100,0,SIBILANT,i,True,,zero frequency — no constraint
AB 100,0,SIBILANT,o,True,,zero frequency — no constraint
AB 100,0,SIBILANT,u,True,,zero frequency — no constraint
AB 100,0,LIQUID,a,True,,zero frequency — no constraint
AB 100,0,LIQUID,e,True,,zero frequency — no constraint
AB 100,0,LIQUID,i,True,,zero frequency — no constraint
AB 100,0,LIQUID,o,True,,zero frequency — no constraint
AB 100,0,LIQUID,u,True,,zero frequency — no constraint
AB 100,0,PALATAL,a,True,,zero frequency — no constraint
AB 100,0,PALATAL,e,True,,zero frequency — no constraint
AB 100,0,PALATAL,i,True,,zero frequency — no constraint
AB 100,0,PALATAL,o,True,,zero frequency — no constraint
AB 100,0,PALATAL,u,True,,zero frequency — no constraint
AB 100,0,SEMIVOWEL,a,True,,zero frequency — no constraint
AB 100,0,SEMIVOWEL,e,True,,zero frequency — no constraint
AB 100,0,SEMIVOWEL,i,True,,zero frequency — no constraint
AB 100,0,SEMIVOWEL,o,True,,zero frequency — no constraint
AB 100,0,SEMIVOWEL,u,True,,zero frequency — no constraint
AB 100,0,VOWEL,a,True,,zero frequency — no constraint
AB 100,0,VOWEL,e,True,,zero frequency — no constraint
AB 100,0,VOWEL,i,True,,zero frequency — no constraint
AB 100,0,VOWEL,o,True,,zero frequency — no constraint
AB 100,0,VOWEL,u,True,,zero frequency — no constraint
AB 101,0,DENTAL,a,True,,zero frequency — no constraint
AB 101,0,DENTAL,e,True,,zero frequency — no constraint
AB 101,0,DENTAL,i,True,,zero frequency — no constraint
AB 101,0,DENTAL,o,True,,zero frequency — no constraint
AB 101,0,DENTAL,u,True,,zero frequency — no constraint
AB 101,0,LABIAL,a,True,,zero frequency — no constraint
AB 101,0,LABIAL,e,True,,zero frequency — no constraint
AB 101,0,LABIAL,i,True,,zero frequency — no constraint
AB 101,0,LABIAL,o,True,,zero frequency — no constraint
AB 101,0,LABIAL,u,True,,zero frequency — no constraint
AB 101,0,VELAR,a,True,,zero frequency — no constraint
AB 101,0,VELAR,e,True,,zero frequency — no constraint
AB 101,0,VELAR,i,True,,zero frequency — no constraint
AB 101,0,VELAR,o,True,,zero frequency — no constraint
AB 101,0,VELAR,u,True,,zero frequency — no constraint
AB 101,0,SIBILANT,a,True,,zero frequency — no constraint
AB 101,0,SIBILANT,e,True,,zero frequency — no constraint
AB 101,0,SIBILANT,i,True,,zero frequency — no constraint
AB 101,0,SIBILANT,o,True,,zero frequency — no constraint
AB 101,0,SIBILANT,u,True,,zero frequency — no constraint
AB 101,0,LIQUID,a,True,,zero frequency — no constraint
AB 101,0,LIQUID,e,True,,zero frequency — no constraint
AB 101,0,LIQUID,i,True,,zero frequency — no constraint
AB 101,0,LIQUID,o,True,,zero frequency — no constraint
AB 101,0,LIQUID,u,True,,zero frequency — no constraint
AB 101,0,PALATAL,a,True,,zero frequency — no constraint
AB 101,0,PALATAL,e,True,,zero frequency — no constraint
AB 101,0,PALATAL,i,True,,zero frequency — no constraint
AB 101,0,PALATAL,o,True,,zero frequency — no constraint
AB 101,0,PALATAL,u,True,,zero frequency — no constraint
AB 101,0,SEMIVOWEL,a,True,,zero frequency — no constraint
AB 101,0,SEMIVOWEL,e,True,,zero frequency — no constraint
AB 101,0,SEMIVOWEL,i,True,,zero frequency — no constraint
AB 101,0,SEMIVOWEL,o,True,,zero frequency — no constraint
AB 101,0,SEMIVOWEL,u,True,,zero frequency — no constraint
AB 101,0,VOWEL,a,True,,zero frequency — no constraint
AB 101,0,VOWEL,e,True,,zero frequency — no constraint
AB 101,0,VOWEL,i,True,,zero frequency — no constraint
AB 101,0,VOWEL,o,True,,zero frequency — no constraint
AB 101,0,VOWEL,u,True,,zero frequency — no constraint
AB 102,0,DENTAL,a,True,,zero frequency — no constraint
AB 102,0,DENTAL,e,True,,zero frequency — no constraint
AB 102,0,DENTAL,i,True,,zero frequency — no constraint
AB 102,0,DENTAL,o,True,,zero frequency — no constraint
AB 102,0,DENTAL,u,True,,zero frequency — no constraint
AB 102,0,LABIAL,a,True,,zero frequency — no constraint
AB 102,0,LABIAL,e,True,,zero frequency — no constraint
AB 102,0,LABIAL,i,True,,zero frequency — no constraint
AB 102,0,LABIAL,o,True,,zero frequency — no constraint
AB 102,0,LABIAL,u,True,,zero frequency — no constraint
AB 102,0,VELAR,a,True,,zero frequency — no constraint
AB 102,0,VELAR,e,True,,zero frequency — no constraint
AB 102,0,VELAR,i,True,,zero frequency — no constraint
AB 102,0,VELAR,o,True,,zero frequency — no constraint
AB 102,0,VELAR,u,True,,zero frequency — no constraint
AB 102,0,SIBILANT,a,True,,zero frequency — no constraint
AB 102,0,SIBILANT,e,True,,zero frequency — no constraint
AB 102,0,SIBILANT,i,True,,zero frequency — no constraint
AB 102,0,SIBILANT,o,True,,zero frequency — no constraint
AB 102,0,SIBILANT,u,True,,zero frequency — no constraint
AB 102,0,LIQUID,a,True,,zero frequency — no constraint
AB 102,0,LIQUID,e,True,,zero frequency — no constraint
AB 102,0,LIQUID,i,True,,zero frequency — no constraint
AB 102,0,LIQUID,o,True,,zero frequency — no constraint
AB 102,0,LIQUID,u,True,,zero frequency — no constraint
AB 102,0,PALATAL,a,True,,zero frequency — no constraint
AB 102,0,PALATAL,e,True,,zero frequency — no constraint
AB 102,0,PALATAL,i,True,,zero frequency — no constraint
AB 102,0,PALATAL,o,True,,zero frequency — no constraint
AB 102,0,PALATAL,u,True,,zero frequency — no constraint
AB 102,0,SEMIVOWEL,a,True,,zero frequency — no constraint
AB 102,0,SEMIVOWEL,e,True,,zero frequency — no constraint
AB 102,0,SEMIVOWEL,i,True,,zero frequency — no constraint
AB 102,0,SEMIVOWEL,o,True,,zero frequency — no constraint
AB 102,0,SEMIVOWEL,u,True,,zero frequency — no constraint
AB 102,0,VOWEL,a,True,,zero frequency — no constraint
AB 102,0,VOWEL,e,True,,zero frequency — no constraint
AB 102,0,VOWEL,i,True,,zero frequency — no constraint
AB 102,0,VOWEL,o,True,,zero frequency — no constraint
AB 102,0,VOWEL,u,True,,zero frequency — no constraint
AB 103,0,DENTAL,a,True,,zero frequency — no constraint
AB 103,0,DENTAL,e,True,,zero frequency — no constraint
AB 103,0,DENTAL,i,True,,zero frequency — no constraint
AB 103,0,DENTAL,o,True,,zero frequency — no constraint
AB 103,0,DENTAL,u,True,,zero frequency — no constraint
AB 103,0,LABIAL,a,True,,zero frequency — no constraint
AB 103,0,LABIAL,e,True,,zero frequency — no constraint
AB 103,0,LABIAL,i,True,,zero frequency — no constraint
AB 103,0,LABIAL,o,True,,zero frequency — no constraint
AB 103,0,LABIAL,u,True,,zero frequency — no constraint
AB 103,0,VELAR,a,True,,zero frequency — no constraint
AB 103,0,VELAR,e,True,,zero frequency — no constraint
AB 103,0,VELAR,i,True,,zero frequency — no constraint
AB 103,0,VELAR,o,True,,zero frequency — no constraint
AB 103,0,VELAR,u,True,,zero frequency — no constraint
AB 103,0,SIBILANT,a,True,,zero frequency — no constraint
AB 103,0,SIBILANT,e,True,,zero frequency — no constraint
AB 103,0,SIBILANT,i,True,,zero frequency — no constraint
AB 103,0,SIBILANT,o,True,,zero frequency — no constraint
AB 103,0,SIBILANT,u,True,,zero frequency — no constraint
AB 103,0,LIQUID,a,True,,zero frequency — no constraint
AB 103,0,LIQUID,e,True,,zero frequency — no constraint
AB 103,0,LIQUID,i,True,,zero frequency — no constraint
AB 103,0,LIQUID,o,True,,zero frequency — no constraint
AB 103,0,LIQUID,u,True,,zero frequency — no constraint
AB 103,0,PALATAL,a,True,,zero frequency — no constraint
AB 103,0,PALATAL,e,True,,zero frequency — no constraint
AB 103,0,PALATAL,i,True,,zero frequency — no constraint
AB 103,0,PALATAL,o,True,,zero frequency — no constraint
AB 103,0,PALATAL,u,True,,zero frequency — no constraint
AB 103,0,SEMIVOWEL,a,True,,zero frequency — no constraint
AB 103,0,SEMIVOWEL,e,True,,zero frequency — no constraint
AB 103,0,SEMIVOWEL,i,True,,zero frequency — no constraint
AB 103,0,SEMIVOWEL,o,True,,zero frequency — no constraint
AB 103,0,SEMIVOWEL,u,True,,zero frequency — no constraint
AB 103,0,VOWEL,a,True,,zero frequency — no constraint
AB 103,0,VOWEL,e,True,,zero frequency — no constraint
AB 103,0,VOWEL,i,True,,zero frequency — no constraint
AB 103,0,VOWEL,o,True,,zero frequency — no constraint
AB 103,0,VOWEL,u,True,,zero frequency — no constraint
AB 104,0,DENTAL,a,True,,zero frequency — no constraint
AB 104,0,DENTAL,e,True,,zero frequency — no constraint
AB 104,0,DENTAL,i,True,,zero frequency — no constraint
AB 104,0,DENTAL,o,True,,zero frequency — no constraint
AB 104,0,DENTAL,u,True,,zero frequency — no constraint
AB 104,0,LABIAL,a,True,,zero frequency — no constraint
AB 104,0,LABIAL,e,True,,zero frequency — no constraint
AB 104,0,LABIAL,i,True,,zero frequency — no constraint
AB 104,0,LABIAL,o,True,,zero frequency — no constraint
AB 104,0,LABIAL,u,True,,zero frequency — no constraint
AB 104,0,VELAR,a,True,,zero frequency — no constraint
AB 104,0,VELAR,e,True,,zero frequency — no constraint
AB 104,0,VELAR,i,True,,zero frequency — no constraint
AB 104,0,VELAR,o,True,,zero frequency — no constraint
AB 104,0,VELAR,u,True,,zero frequency — no constraint
AB 104,0,SIBILANT,a,True,,zero frequency — no constraint
AB 104,0,SIBILANT,e,True,,zero frequency — no constraint
AB 104,0,SIBILANT,i,True,,zero frequency — no constraint
AB 104,0,SIBILANT,o,True,,zero frequency — no constraint
AB 104,0,SIBILANT,u,True,,zero frequency — no constraint
AB 104,0,LIQUID,a,True,,zero frequency — no constraint
AB 104,0,LIQUID,e,True,,zero frequency — no constraint
AB 104,0,LIQUID,i,True,,zero frequency — no constraint
AB 104,0,LIQUID,o,True,,zero frequency — no constraint
AB 104,0,LIQUID,u,True,,zero frequency — no constraint
AB 104,0,PALATAL,a,True,,zero frequency — no constraint
AB 104,0,PALATAL,e,True,,zero frequency — no constraint
AB 104,0,PALATAL,i,True,,zero frequency — no constraint
AB 104,0,PALATAL,o,True,,zero frequency — no constraint
AB 104,0,PALATAL,u,True,,zero frequency — no constraint
AB 104,0,SEMIVOWEL,a,True,,zero frequency — no constraint
AB 104,0,SEMIVOWEL,e,True,,zero frequency — no constraint
AB 104,0,SEMIVOWEL,i,True,,zero frequency — no constraint
AB 104,0,SEMIVOWEL,o,True,,zero frequency — no constraint
AB 104,0,SEMIVOWEL,u,True,,zero frequency — no constraint
AB 104,0,VOWEL,a,True,,zero frequency — no constraint
AB 104,0,VOWEL,e,True,,zero frequency — no constraint
AB 104,0,VOWEL,i,True,,zero frequency — no constraint
AB 104,0,VOWEL,o,True,,zero frequency — no constraint
AB 104,0,VOWEL,u,True,,zero frequency — no constraint
AB 105,0,DENTAL,a,True,,zero frequency — no constraint
AB 105,0,DENTAL,e,True,,zero frequency — no constraint
AB 105,0,DENTAL,i,True,,zero frequency — no constraint
AB 105,0,DENTAL,o,True,,zero frequency — no constraint
AB 105,0,DENTAL,u,True,,zero frequency — no constraint
AB 105,0,LABIAL,a,True,,zero frequency — no constraint
AB 105,0,LABIAL,e,True,,zero frequency — no constraint
AB 105,0,LABIAL,i,True,,zero frequency — no constraint
AB 105,0,LABIAL,o,True,,zero frequency — no constraint
AB 105,0,LABIAL,u,True,,zero frequency — no constraint
AB 105,0,VELAR,a,True,,zero frequency — no constraint
AB 105,0,VELAR,e,True,,zero frequency — no constraint
AB 105,0,VELAR,i,True,,zero frequency — no constraint
AB 105,0,VELAR,o,True,,zero frequency — no constraint
AB 105,0,VELAR,u,True,,zero frequency — no constraint
AB 105,0,SIBILANT,a,True,,zero frequency — no constraint
AB 105,0,SIBILANT,e,True,,zero frequency — no constraint
AB 105,0,SIBILANT,i,True,,zero frequency — no constraint
AB 105,0,SIBILANT,o,True,,zero frequency — no constraint
AB 105,0,SIBILANT,u,True,,zero frequency — no constraint
AB 105,0,LIQUID,a,True,,zero frequency — no constraint
AB 105,0,LIQUID,e,True,,zero frequency — no constraint
AB 105,0,LIQUID,i,True,,zero frequency — no constraint
AB 105,0,LIQUID,o,True,,zero frequency — no constraint
AB 105,0,LIQUID,u,True,,zero frequency — no constraint
AB 105,0,PALATAL,a,True,,zero frequency — no constraint
AB 105,0,PALATAL,e,True,,zero frequency — no constraint
AB 105,0,PALATAL,i,True,,zero frequency — no constraint
AB 105,0,PALATAL,o,True,,zero frequency — no constraint
AB 105,0,PALATAL,u,True,,zero frequency — no constraint
AB 105,0,SEMIVOWEL,a,True,,zero frequency — no constraint
AB 105,0,SEMIVOWEL,e,True,,zero frequency — no constraint
AB 105,0,SEMIVOWEL,i,True,,zero frequency — no constraint
AB 105,0,SEMIVOWEL,o,True,,zero frequency — no constraint
AB 105,0,SEMIVOWEL,u,True,,zero frequency — no constraint
AB 105,0,VOWEL,a,True,,zero frequency — no constraint
AB 105,0,VOWEL,e,True,,zero frequency — no constraint
AB 105,0,VOWEL,i,True,,zero frequency — no constraint
AB 105,0,VOWEL,o,True,,zero frequency — no constraint
AB 105,0,VOWEL,u,True,,zero frequency — no constraint
AB 106,0,DENTAL,a,True,,zero frequency — no constraint
AB 106,0,DENTAL,e,True,,zero frequency — no constraint
AB 106,0,DENTAL,i,True,,zero frequency — no constraint
AB 106,0,DENTAL,o,True,,zero frequency — no constraint
AB 106,0,DENTAL,u,True,,zero frequency — no constraint
AB 106,0,LABIAL,a,True,,zero frequency — no constraint
AB 106,0,LABIAL,e,True,,zero frequency — no constraint
AB 106,0,LABIAL,i,True,,zero frequency — no constraint
AB 106,0,LABIAL,o,True,,zero frequency — no constraint
AB 106,0,LABIAL,u,True,,zero frequency — no constraint
AB 106,0,VELAR,a,True,,zero frequency — no constraint
AB 106,0,VELAR,e,True,,zero frequency — no constraint
AB 106,0,VELAR,i,True,,zero frequency — no constraint
AB 106,0,VELAR,o,True,,zero frequency — no constraint
AB 106,0,VELAR,u,True,,zero frequency — no constraint
AB 106,0,SIBILANT,a,True,,zero frequency — no constraint
AB 106,0,SIBILANT,e,True,,zero frequency — no constraint
AB 106,0,SIBILANT,i,True,,zero frequency — no constraint
AB 106,0,SIBILANT,o,True,,zero frequency — no constraint
AB 106,0,SIBILANT,u,True,,zero frequency — no constraint
AB 106,0,LIQUID,a,True,,zero frequency — no constraint
AB 106,0,LIQUID,e,True,,zero frequency — no constraint
AB 106,0,LIQUID,i,True,,zero frequency — no constraint
AB 106,0,LIQUID,o,True,,zero frequency — no constraint
AB 106,0,LIQUID,u,True,,zero frequency — no constraint
AB 106,0,PALATAL,a,True,,zero frequency — no constraint
AB 106,0,PALATAL,e,True,,zero frequency — no constraint
AB 106,0,PALATAL,i,True,,zero frequency — no constraint
AB 106,0,PALATAL,o,True,,zero frequency — no constraint
AB 106,0,PALATAL,u,True,,zero frequency — no constraint
AB 106,0,SEMIVOWEL,a,True,,zero frequency — no constraint
AB 106,0,SEMIVOWEL,e,True,,zero frequency — no constraint
AB 106,0,SEMIVOWEL,i,True,,zero frequency — no constraint
AB 106,0,SEMIVOWEL,o,True,,zero frequency — no constraint
AB 106,0,SEMIVOWEL,u,True,,zero frequency — no constraint
AB 106,0,VOWEL,a,True,,zero frequency — no constraint
AB 106,0,VOWEL,e,True,,zero frequency — no constraint
AB 106,0,VOWEL,i,True,,zero frequency — no constraint
AB 106,0,VOWEL,o,True,,zero frequency — no constraint
AB 106,0,VOWEL,u,True,,zero frequency — no constraint
AB 107,0,DENTAL,a,True,,zero frequency — no constraint
AB 107,0,DENTAL,e,True,,zero frequency — no constraint
AB 107,0,DENTAL,i,True,,zero frequency — no constraint
AB 107,0,DENTAL,o,True,,zero frequency — no constraint
AB 107,0,DENTAL,u,True,,zero frequency — no constraint
AB 107,0,LABIAL,a,True,,zero frequency — no constraint
AB 107,0,LABIAL,e,True,,zero frequency — no constraint
AB 107,0,LABIAL,i,True,,zero frequency — no constraint
AB 107,0,LABIAL,o,True,,zero frequency — no constraint
AB 107,0,LABIAL,u,True,,zero frequency — no constraint
AB 107,0,VELAR,a,True,,zero frequency — no constraint
AB 107,0,VELAR,e,True,,zero frequency — no constraint
AB 107,0,VELAR,i,True,,zero frequency — no constraint
AB 107,0,VELAR,o,True,,zero frequency — no constraint
AB 107,0,VELAR,u,True,,zero frequency — no constraint
AB 107,0,SIBILANT,a,True,,zero frequency — no constraint
AB 107,0,SIBILANT,e,True,,zero frequency — no constraint
AB 107,0,SIBILANT,i,True,,zero frequency — no constraint
AB 107,0,SIBILANT,o,True,,zero frequency — no constraint
AB 107,0,SIBILANT,u,True,,zero frequency — no constraint
AB 107,0,LIQUID,a,True,,zero frequency — no constraint
AB 107,0,LIQUID,e,True,,zero frequency — no constraint
AB 107,0,LIQUID,i,True,,zero frequency — no constraint
AB 107,0,LIQUID,o,True,,zero frequency — no constraint
AB 107,0,LIQUID,u,True,,zero frequency — no constraint
AB 107,0,PALATAL,a,True,,zero frequency — no constraint
AB 107,0,PALATAL,e,True,,zero frequency — no constraint
AB 107,0,PALATAL,i,True,,zero frequency — no constraint
AB 107,0,PALATAL,o,True,,zero frequency — no constraint
AB 107,0,PALATAL,u,True,,zero frequency — no constraint
AB 107,0,SEMIVOWEL,a,True,,zero frequency — no constraint
AB 107,0,SEMIVOWEL,e,True,,zero frequency — no constraint
AB 107,0,SEMIVOWEL,i,True,,zero frequency — no constraint
AB 107,0,SEMIVOWEL,o,True,,zero frequency — no constraint
AB 107,0,SEMIVOWEL,u,True,,zero frequency — no constraint
AB 107,0,VOWEL,a,True,,zero frequency — no constraint
AB 107,0,VOWEL,e,True,,zero frequency — no constraint
AB 107,0,VOWEL,i,True,,zero frequency — no constraint
AB 107,0,VOWEL,o,True,,zero frequency — no constraint
AB 107,0,VOWEL,u,True,,zero frequency — no constraint
AB 108,0,DENTAL,a,True,,zero frequency — no constraint
AB 108,0,DENTAL,e,True,,zero frequency — no constraint
AB 108,0,DENTAL,i,True,,zero frequency — no constraint
AB 108,0,DENTAL,o,True,,zero frequency — no constraint
AB 108,0,DENTAL,u,True,,zero frequency — no constraint
AB 108,0,LABIAL,a,True,,zero frequency — no constraint
AB 108,0,LABIAL,e,True,,zero frequency — no constraint
AB 108,0,LABIAL,i,True,,zero frequency — no constraint
AB 108,0,LABIAL,o,True,,zero frequency — no constraint
AB 108,0,LABIAL,u,True,,zero frequency — no constraint
AB 108,0,VELAR,a,True,,zero frequency — no constraint
AB 108,0,VELAR,e,True,,zero frequency — no constraint
AB 108,0,VELAR,i,True,,zero frequency — no constraint
AB 108,0,VELAR,o,True,,zero frequency — no constraint
AB 108,0,VELAR,u,True,,zero frequency — no constraint
AB 108,0,SIBILANT,a,True,,zero frequency — no constraint
AB 108,0,SIBILANT,e,True,,zero frequency — no constraint
AB 108,0,SIBILANT,i,True,,zero frequency — no constraint
AB 108,0,SIBILANT,o,True,,zero frequency — no constraint
AB 108,0,SIBILANT,u,True,,zero frequency — no constraint
AB 108,0,LIQUID,a,True,,zero frequency — no constraint
AB 108,0,LIQUID,e,True,,zero frequency — no constraint
AB 108,0,LIQUID,i,True,,zero frequency — no constraint
AB 108,0,LIQUID,o,True,,zero frequency — no constraint
AB 108,0,LIQUID,u,True,,zero frequency — no constraint
AB 108,0,PALATAL,a,True,,zero frequency — no constraint
AB 108,0,PALATAL,e,True,,zero frequency — no constraint
AB 108,0,PALATAL,i,True,,zero frequency — no constraint
AB 108,0,PALATAL,o,True,,zero frequency — no constraint
AB 108,0,PALATAL,u,True,,zero frequency — no constraint
AB 108,0,SEMIVOWEL,a,True,,zero frequency — no constraint
AB 108,0,SEMIVOWEL,e,True,,zero frequency — no constraint
AB 108,0,SEMIVOWEL,i,True,,zero frequency — no constraint
AB 108,0,SEMIVOWEL,o,True,,zero frequency — no constraint
AB 108,0,SEMIVOWEL,u,True,,zero frequency — no constraint
AB 108,0,VOWEL,a,True,,zero frequency — no constraint
AB 108,0,VOWEL,e,True,,zero frequency — no constraint
AB 108,0,VOWEL,i,True,,zero frequency — no constraint
AB 108,0,VOWEL,o,True,,zero frequency — no constraint
AB 108,0,VOWEL,u,True,,zero frequency — no constraint
AB 109,0,DENTAL,a,True,,zero frequency — no constraint
AB 109,0,DENTAL,e,True,,zero frequency — no constraint
AB 109,0,DENTAL,i,True,,zero frequency — no constraint
AB 109,0,DENTAL,o,True,,zero frequency — no constraint
AB 109,0,DENTAL,u,True,,zero frequency — no constraint
AB 109,0,LABIAL,a,True,,zero frequency — no constraint
AB 109,0,LABIAL,e,True,,zero frequency — no constraint
AB 109,0,LABIAL,i,True,,zero frequency — no constraint
AB 109,0,LABIAL,o,True,,zero frequency — no constraint
AB 109,0,LABIAL,u,True,,zero frequency — no constraint
AB 109,0,VELAR,a,True,,zero frequency — no constraint
AB 109,0,VELAR,e,True,,zero frequency — no constraint
AB 109,0,VELAR,i,True,,zero frequency — no constraint
AB 109,0,VELAR,o,True,,zero frequency — no constraint
AB 109,0,VELAR,u,True,,zero frequency — no constraint
AB 109,0,SIBILANT,a,True,,zero frequency — no constraint
AB 109,0,SIBILANT,e,True,,zero frequency — no constraint
AB 109,0,SIBILANT,i,True,,zero frequency — no constraint
AB 109,0,SIBILANT,o,True,,zero frequency — no constraint
AB 109,0,SIBILANT,u,True,,zero frequency — no constraint
AB 109,0,LIQUID,a,True,,zero frequency — no constraint
AB 109,0,LIQUID,e,True,,zero frequency — no constraint
AB 109,0,LIQUID,i,True,,zero frequency — no constraint
AB 109,0,LIQUID,o,True,,zero frequency — no constraint
AB 109,0,LIQUID,u,True,,zero frequency — no constraint
AB 109,0,PALATAL,a,True,,zero frequency — no constraint
AB 109,0,PALATAL,e,True,,zero frequency — no constraint
AB 109,0,PALATAL,i,True,,zero frequency — no constraint
AB 109,0,PALATAL,o,True,,zero frequency — no constraint
AB 109,0,PALATAL,u,True,,zero frequency — no constraint
AB 109,0,SEMIVOWEL,a,True,,zero frequency — no constraint
AB 109,0,SEMIVOWEL,e,True,,zero frequency — no constraint
AB 109,0,SEMIVOWEL,i,True,,zero frequency — no constraint
AB 109,0,SEMIVOWEL,o,True,,zero frequency — no constraint
AB 109,0,SEMIVOWEL,u,True,,zero frequency — no constraint
AB 109,0,VOWEL,a,True,,zero frequency — no constraint
AB 109,0,VOWEL,e,True,,zero frequency — no constraint
AB 109,0,VOWEL,i,True,,zero frequency — no constraint
AB 109,0,VOWEL,o,True,,zero frequency — no constraint
AB 109,0,VOWEL,u,True,,zero frequency — no constraint
AB 110,0,DENTAL,a,True,,zero frequency — no constraint
AB 110,0,DENTAL,e,True,,zero frequency — no constraint
AB 110,0,DENTAL,i,True,,zero frequency — no constraint
AB 110,0,DENTAL,o,True,,zero frequency — no constraint
AB 110,0,DENTAL,u,True,,zero frequency — no constraint
AB 110,0,LABIAL,a,True,,zero frequency — no constraint
AB 110,0,LABIAL,e,True,,zero frequency — no constraint
AB 110,0,LABIAL,i,True,,zero frequency — no constraint
AB 110,0,LABIAL,o,True,,zero frequency — no constraint
AB 110,0,LABIAL,u,True,,zero frequency — no constraint
AB 110,0,VELAR,a,True,,zero frequency — no constraint
AB 110,0,VELAR,e,True,,zero frequency — no constraint
AB 110,0,VELAR,i,True,,zero frequency — no constraint
AB 110,0,VELAR,o,True,,zero frequency — no constraint
AB 110,0,VELAR,u,True,,zero frequency — no constraint
AB 110,0,SIBILANT,a,True,,zero frequency — no constraint
AB 110,0,SIBILANT,e,True,,zero frequency — no constraint
AB 110,0,SIBILANT,i,True,,zero frequency — no constraint
AB 110,0,SIBILANT,o,True,,zero frequency — no constraint
AB 110,0,SIBILANT,u,True,,zero frequency — no constraint
AB 110,0,LIQUID,a,True,,zero frequency — no constraint
AB 110,0,LIQUID,e,True,,zero frequency — no constraint
AB 110,0,LIQUID,i,True,,zero frequency — no constraint
AB 110,0,LIQUID,o,True,,zero frequency — no constraint
AB 110,0,LIQUID,u,True,,zero frequency — no constraint
AB 110,0,PALATAL,a,True,,zero frequency — no constraint
AB 110,0,PALATAL,e,True,,zero frequency — no constraint
AB 110,0,PALATAL,i,True,,zero frequency — no constraint
AB 110,0,PALATAL,o,True,,zero frequency — no constraint
AB 110,0,PALATAL,u,True,,zero frequency — no constraint
AB 110,0,SEMIVOWEL,a,True,,zero frequency — no constraint
AB 110,0,SEMIVOWEL,e,True,,zero frequency — no constraint
AB 110,0,SEMIVOWEL,i,True,,zero frequency — no constraint
AB 110,0,SEMIVOWEL,o,True,,zero frequency — no constraint
AB 110,0,SEMIVOWEL,u,True,,zero frequency — no constraint
AB 110,0,VOWEL,a,True,,zero frequency — no constraint
AB 110,0,VOWEL,e,True,,zero frequency — no constraint
AB 110,0,VOWEL,i,True,,zero frequency — no constraint
AB 110,0,VOWEL,o,True,,zero frequency — no constraint
AB 110,0,VOWEL,u,True,,zero frequency — no constraint
AB 111,0,DENTAL,a,True,,zero frequency — no constraint
AB 111,0,DENTAL,e,True,,zero frequency — no constraint
AB 111,0,DENTAL,i,True,,zero frequency — no constraint
AB 111,0,DENTAL,o,True,,zero frequency — no constraint
AB 111,0,DENTAL,u,True,,zero frequency — no constraint
AB 111,0,LABIAL,a,True,,zero frequency — no constraint
AB 111,0,LABIAL,e,True,,zero frequency — no constraint
AB 111,0,LABIAL,i,True,,zero frequency — no constraint
AB 111,0,LABIAL,o,True,,zero frequency — no constraint
AB 111,0,LABIAL,u,True,,zero frequency — no constraint
AB 111,0,VELAR,a,True,,zero frequency — no constraint
AB 111,0,VELAR,e,True,,zero frequency — no constraint
AB 111,0,VELAR,i,True,,zero frequency — no constraint
AB 111,0,VELAR,o,True,,zero frequency — no constraint
AB 111,0,VELAR,u,True,,zero frequency — no constraint
AB 111,0,SIBILANT,a,True,,zero frequency — no constraint
AB 111,0,SIBILANT,e,True,,zero frequency — no constraint
AB 111,0,SIBILANT,i,True,,zero frequency — no constraint
AB 111,0,SIBILANT,o,True,,zero frequency — no constraint
AB 111,0,SIBILANT,u,True,,zero frequency — no constraint
AB 111,0,LIQUID,a,True,,zero frequency — no constraint
AB 111,0,LIQUID,e,True,,zero frequency — no constraint
AB 111,0,LIQUID,i,True,,zero frequency — no constraint
AB 111,0,LIQUID,o,True,,zero frequency — no constraint
AB 111,0,LIQUID,u,True,,zero frequency — no constraint
AB 111,0,PALATAL,a,True,,zero frequency — no constraint
AB 111,0,PALATAL,e,True,,zero frequency — no constraint
AB 111,0,PALATAL,i,True,,zero frequency — no constraint
AB 111,0,PALATAL,o,True,,zero frequency — no constraint
AB 111,0,PALATAL,u,True,,zero frequency — no constraint
AB 111,0,SEMIVOWEL,a,True,,zero frequency — no constraint
AB 111,0,SEMIVOWEL,e,True,,zero frequency — no constraint
AB 111,0,SEMIVOWEL,i,True,,zero frequency — no constraint
AB 111,0,SEMIVOWEL,o,True,,zero frequency — no constraint
AB 111,0,SEMIVOWEL,u,True,,zero frequency — no constraint
AB 111,0,VOWEL,a,True,,zero frequency — no constraint
AB 111,0,VOWEL,e,True,,zero frequency — no constraint
AB 111,0,VOWEL,i,True,,zero frequency — no constraint
AB 111,0,VOWEL,o,True,,zero frequency — no constraint
AB 111,0,VOWEL,u,True,,zero frequency — no constraint
AB 113,0,DENTAL,a,True,,zero frequency — no constraint
AB 113,0,DENTAL,e,True,,zero frequency — no constraint
AB 113,0,DENTAL,i,True,,zero frequency — no constraint
AB 113,0,DENTAL,o,True,,zero frequency — no constraint
AB 113,0,DENTAL,u,True,,zero frequency — no constraint
AB 113,0,LABIAL,a,True,,zero frequency — no constraint
AB 113,0,LABIAL,e,True,,zero frequency — no constraint
AB 113,0,LABIAL,i,True,,zero frequency — no constraint
AB 113,0,LABIAL,o,True,,zero frequency — no constraint
AB 113,0,LABIAL,u,True,,zero frequency — no constraint
AB 113,0,VELAR,a,True,,zero frequency — no constraint
AB 113,0,VELAR,e,True,,zero frequency — no constraint
AB 113,0,VELAR,i,True,,zero frequency — no constraint
AB 113,0,VELAR,o,True,,zero frequency — no constraint
AB 113,0,VELAR,u,True,,zero frequency — no constraint
AB 113,0,SIBILANT,a,True,,zero frequency — no constraint
AB 113,0,SIBILANT,e,True,,zero frequency — no constraint
AB 113,0,SIBILANT,i,True,,zero frequency — no constraint
AB 113,0,SIBILANT,o,True,,zero frequency — no constraint
AB 113,0,SIBILANT,u,True,,zero frequency — no constraint
AB 113,0,LIQUID,a,True,,zero frequency — no constraint
AB 113,0,LIQUID,e,True,,zero frequency — no constraint
AB 113,0,LIQUID,i,True,,zero frequency — no constraint
AB 113,0,LIQUID,o,True,,zero frequency — no constraint
AB 113,0,LIQUID,u,True,,zero frequency — no constraint
AB 113,0,PALATAL,a,True,,zero frequency — no constraint
AB 113,0,PALATAL,e,True,,zero frequency — no constraint
AB 113,0,PALATAL,i,True,,zero frequency — no constraint
AB 113,0,PALATAL,o,True,,zero frequency — no constraint
AB 113,0,PALATAL,u,True,,zero frequency — no constraint
AB 113,0,SEMIVOWEL,a,True,,zero frequency — no constraint
AB 113,0,SEMIVOWEL,e,True,,zero frequency — no constraint
AB 113,0,SEMIVOWEL,i,True,,zero frequency — no constraint
AB 113,0,SEMIVOWEL,o,True,,zero frequency — no constraint
AB 113,0,SEMIVOWEL,u,True,,zero frequency — no constraint
AB 113,0,VOWEL,a,True,,zero frequency — no constraint
AB 113,0,VOWEL,e,True,,zero frequency — no constraint
AB 113,0,VOWEL,i,True,,zero frequency — no constraint
AB 113,0,VOWEL,o,True,,zero frequency — no constraint
AB 113,0,VOWEL,u,True,,zero frequency — no constraint
AB 114,0,DENTAL,a,True,,zero frequency — no constraint
AB 114,0,DENTAL,e,True,,zero frequency — no constraint
AB 114,0,DENTAL,i,True,,zero frequency — no constraint
AB 114,0,DENTAL,o,True,,zero frequency — no constraint
AB 114,0,DENTAL,u,True,,zero frequency — no constraint
AB 114,0,LABIAL,a,True,,zero frequency — no constraint
AB 114,0,LABIAL,e,True,,zero frequency — no constraint
AB 114,0,LABIAL,i,True,,zero frequency — no constraint
AB 114,0,LABIAL,o,True,,zero frequency — no constraint
AB 114,0,LABIAL,u,True,,zero frequency — no constraint
AB 114,0,VELAR,a,True,,zero frequency — no constraint
AB 114,0,VELAR,e,True,,zero frequency — no constraint
AB 114,0,VELAR,i,True,,zero frequency — no constraint
AB 114,0,VELAR,o,True,,zero frequency — no constraint
AB 114,0,VELAR,u,True,,zero frequency — no constraint
AB 114,0,SIBILANT,a,True,,zero frequency — no constraint
AB 114,0,SIBILANT,e,True,,zero frequency — no constraint
AB 114,0,SIBILANT,i,True,,zero frequency — no constraint
AB 114,0,SIBILANT,o,True,,zero frequency — no constraint
AB 114,0,SIBILANT,u,True,,zero frequency — no constraint
AB 114,0,LIQUID,a,True,,zero frequency — no constraint
AB 114,0,LIQUID,e,True,,zero frequency — no constraint
AB 114,0,LIQUID,i,True,,zero frequency — no constraint
AB 114,0,LIQUID,o,True,,zero frequency — no constraint
AB 114,0,LIQUID,u,True,,zero frequency — no constraint
AB 114,0,PALATAL,a,True,,zero frequency — no constraint
AB 114,0,PALATAL,e,True,,zero frequency — no constraint
AB 114,0,PALATAL,i,True,,zero frequency — no constraint
AB 114,0,PALATAL,o,True,,zero frequency — no constraint
AB 114,0,PALATAL,u,True,,zero frequency — no constraint
AB 114,0,SEMIVOWEL,a,True,,zero frequency — no constraint
AB 114,0,SEMIVOWEL,e,True,,zero frequency — no constraint
AB 114,0,SEMIVOWEL,i,True,,zero frequency — no constraint
AB 114,0,SEMIVOWEL,o,True,,zero frequency — no constraint
AB 114,0,SEMIVOWEL,u,True,,zero frequency — no constraint
AB 114,0,VOWEL,a,True,,zero frequency — no constraint
AB 114,0,VOWEL,e,True,,zero frequency — no constraint
AB 114,0,VOWEL,i,True,,zero frequency — no constraint
AB 114,0,VOWEL,o,True,,zero frequency — no constraint
AB 114,0,VOWEL,u,True,,zero frequency — no constraint
AB 115,0,DENTAL,a,True,,zero frequency — no constraint
AB 115,0,DENTAL,e,True,,zero frequency — no constraint
AB 115,0,DENTAL,i,True,,zero frequency — no constraint
AB 115,0,DENTAL,o,True,,zero frequency — no constraint
AB 115,0,DENTAL,u,True,,zero frequency — no constraint
AB 115,0,LABIAL,a,True,,zero frequency — no constraint
AB 115,0,LABIAL,e,True,,zero frequency — no constraint
AB 115,0,LABIAL,i,True,,zero frequency — no constraint
AB 115,0,LABIAL,o,True,,zero frequency — no constraint
AB 115,0,LABIAL,u,True,,zero frequency — no constraint
AB 115,0,VELAR,a,True,,zero frequency — no constraint
AB 115,0,VELAR,e,True,,zero frequency — no constraint
AB 115,0,VELAR,i,True,,zero frequency — no constraint
AB 115,0,VELAR,o,True,,zero frequency — no constraint
AB 115,0,VELAR,u,True,,zero frequency — no constraint
AB 115,0,SIBILANT,a,True,,zero frequency — no constraint
AB 115,0,SIBILANT,e,True,,zero frequency — no constraint
AB 115,0,SIBILANT,i,True,,zero frequency — no constraint
AB 115,0,SIBILANT,o,True,,zero frequency — no constraint
AB 115,0,SIBILANT,u,True,,zero frequency — no constraint
AB 115,0,LIQUID,a,True,,zero frequency — no constraint
AB 115,0,LIQUID,e,True,,zero frequency — no constraint
AB 115,0,LIQUID,i,True,,zero frequency — no constraint
AB 115,0,LIQUID,o,True,,zero frequency — no constraint
AB 115,0,LIQUID,u,True,,zero frequency — no constraint
AB 115,0,PALATAL,a,True,,zero frequency — no constraint
AB 115,0,PALATAL,e,True,,zero frequency — no constraint
AB 115,0,PALATAL,i,True,,zero frequency — no constraint
AB 115,0,PALATAL,o,True,,zero frequency — no constraint
AB 115,0,PALATAL,u,True,,zero frequency — no constraint
AB 115,0,SEMIVOWEL,a,True,,zero frequency — no constraint
AB 115,0,SEMIVOWEL,e,True,,zero frequency — no constraint
AB 115,0,SEMIVOWEL,i,True,,zero frequency — no constraint
AB 115,0,SEMIVOWEL,o,True,,zero frequency — no constraint
AB 115,0,SEMIVOWEL,u,True,,zero frequency — no constraint
AB 115,0,VOWEL,a,True,,zero frequency — no constraint
AB 115,0,VOWEL,e,True,,zero frequency — no constraint
AB 115,0,VOWEL,i,True,,zero frequency — no constraint
AB 115,0,VOWEL,o,True,,zero frequency — no constraint
AB 115,0,VOWEL,u,True,,zero frequency — no constraint
AB 116,0,DENTAL,a,True,,zero frequency — no constraint
AB 116,0,DENTAL,e,True,,zero frequency — no constraint
AB 116,0,DENTAL,i,True,,zero frequency — no constraint
AB 116,0,DENTAL,o,True,,zero frequency — no constraint
AB 116,0,DENTAL,u,True,,zero frequency — no constraint
AB 116,0,LABIAL,a,True,,zero frequency — no constraint
AB 116,0,LABIAL,e,True,,zero frequency — no constraint
AB 116,0,LABIAL,i,True,,zero frequency — no constraint
AB 116,0,LABIAL,o,True,,zero frequency — no constraint
AB 116,0,LABIAL,u,True,,zero frequency — no constraint
AB 116,0,VELAR,a,True,,zero frequency — no constraint
AB 116,0,VELAR,e,True,,zero frequency — no constraint
AB 116,0,VELAR,i,True,,zero frequency — no constraint
AB 116,0,VELAR,o,True,,zero frequency — no constraint
AB 116,0,VELAR,u,True,,zero frequency — no constraint
AB 116,0,SIBILANT,a,True,,zero frequency — no constraint
AB 116,0,SIBILANT,e,True,,zero frequency — no constraint
AB 116,0,SIBILANT,i,True,,zero frequency — no constraint
AB 116,0,SIBILANT,o,True,,zero frequency — no constraint
AB 116,0,SIBILANT,u,True,,zero frequency — no constraint
AB 116,0,LIQUID,a,True,,zero frequency — no constraint
AB 116,0,LIQUID,e,True,,zero frequency — no constraint
AB 116,0,LIQUID,i,True,,zero frequency — no constraint
AB 116,0,LIQUID,o,True,,zero frequency — no constraint
AB 116,0,LIQUID,u,True,,zero frequency — no constraint
AB 116,0,PALATAL,a,True,,zero frequency — no constraint
AB 116,0,PALATAL,e,True,,zero frequency — no constraint
AB 116,0,PALATAL,i,True,,zero frequency — no constraint
AB 116,0,PALATAL,o,True,,zero frequency — no constraint
AB 116,0,PALATAL,u,True,,zero frequency — no constraint
AB 116,0,SEMIVOWEL,a,True,,zero frequency — no constraint
AB 116,0,SEMIVOWEL,e,True,,zero frequency — no constraint
AB 116,0,SEMIVOWEL,i,True,,zero frequency — no constraint
AB 116,0,SEMIVOWEL,o,True,,zero frequency — no constraint
AB 116,0,SEMIVOWEL,u,True,,zero frequency — no constraint
AB 116,0,VOWEL,a,True,,zero frequency — no constraint
AB 116,0,VOWEL,e,True,,zero frequency — no constraint
AB 116,0,VOWEL,i,True,,zero frequency — no constraint
AB 116,0,VOWEL,o,True,,zero frequency — no constraint
AB 116,0,VOWEL,u,True,,zero frequency — no constraint
AB 117,0,DENTAL,a,True,,zero frequency — no constraint
AB 117,0,DENTAL,e,True,,zero frequency — no constraint
AB 117,0,DENTAL,i,True,,zero frequency — no constraint
AB 117,0,DENTAL,o,True,,zero frequency — no constraint
AB 117,0,DENTAL,u,True,,zero frequency — no constraint
AB 117,0,LABIAL,a,True,,zero frequency — no constraint
AB 117,0,LABIAL,e,True,,zero frequency — no constraint
AB 117,0,LABIAL,i,True,,zero frequency — no constraint
AB 117,0,LABIAL,o,True,,zero frequency — no constraint
AB 117,0,LABIAL,u,True,,zero frequency — no constraint
AB 117,0,VELAR,a,True,,zero frequency — no constraint
AB 117,0,VELAR,e,True,,zero frequency — no constraint
AB 117,0,VELAR,i,True,,zero frequency — no constraint
AB 117,0,VELAR,o,True,,zero frequency — no constraint
AB 117,0,VELAR,u,True,,zero frequency — no constraint
AB 117,0,SIBILANT,a,True,,zero frequency — no constraint
AB 117,0,SIBILANT,e,True,,zero frequency — no constraint
AB 117,0,SIBILANT,i,True,,zero frequency — no constraint
AB 117,0,SIBILANT,o,True,,zero frequency — no constraint
AB 117,0,SIBILANT,u,True,,zero frequency — no constraint
AB 117,0,LIQUID,a,True,,zero frequency — no constraint
AB 117,0,LIQUID,e,True,,zero frequency — no constraint
AB 117,0,LIQUID,i,True,,zero frequency — no constraint
AB 117,0,LIQUID,o,True,,zero frequency — no constraint
AB 117,0,LIQUID,u,True,,zero frequency — no constraint
AB 117,0,PALATAL,a,True,,zero frequency — no constraint
AB 117,0,PALATAL,e,True,,zero frequency — no constraint
AB 117,0,PALATAL,i,True,,zero frequency — no constraint
AB 117,0,PALATAL,o,True,,zero frequency — no constraint
AB 117,0,PALATAL,u,True,,zero frequency — no constraint
AB 117,0,SEMIVOWEL,a,True,,zero frequency — no constraint
AB 117,0,SEMIVOWEL,e,True,,zero frequency — no constraint
AB 117,0,SEMIVOWEL,i,True,,zero frequency — no constraint
AB 117,0,SEMIVOWEL,o,True,,zero frequency — no constraint
AB 117,0,SEMIVOWEL,u,True,,zero frequency — no constraint
AB 117,0,VOWEL,a,True,,zero frequency — no constraint
AB 117,0,VOWEL,e,True,,zero frequency — no constraint
AB 117,0,VOWEL,i,True,,zero frequency — no constraint
AB 117,0,VOWEL,o,True,,zero frequency — no constraint
AB 117,0,VOWEL,u,True,,zero frequency — no constraint
AB 118,0,DENTAL,a,True,,zero frequency — no constraint
AB 118,0,DENTAL,e,True,,zero frequency — no constraint
AB 118,0,DENTAL,i,True,,zero frequency — no constraint
AB 118,0,DENTAL,o,True,,zero frequency — no constraint
AB 118,0,DENTAL,u,True,,zero frequency — no constraint
AB 118,0,LABIAL,a,True,,zero frequency — no constraint
AB 118,0,LABIAL,e,True,,zero frequency — no constraint
AB 118,0,LABIAL,i,True,,zero frequency — no constraint
AB 118,0,LABIAL,o,True,,zero frequency — no constraint
AB 118,0,LABIAL,u,True,,zero frequency — no constraint
AB 118,0,VELAR,a,True,,zero frequency — no constraint
AB 118,0,VELAR,e,True,,zero frequency — no constraint
AB 118,0,VELAR,i,True,,zero frequency — no constraint
AB 118,0,VELAR,o,True,,zero frequency — no constraint
AB 118,0,VELAR,u,True,,zero frequency — no constraint
AB 118,0,SIBILANT,a,True,,zero frequency — no constraint
AB 118,0,SIBILANT,e,True,,zero frequency — no constraint
AB 118,0,SIBILANT,i,True,,zero frequency — no constraint
AB 118,0,SIBILANT,o,True,,zero frequency — no constraint
AB 118,0,SIBILANT,u,True,,zero frequency — no constraint
AB 118,0,LIQUID,a,True,,zero frequency — no constraint
AB 118,0,LIQUID,e,True,,zero frequency — no constraint
AB 118,0,LIQUID,i,True,,zero frequency — no constraint
AB 118,0,LIQUID,o,True,,zero frequency — no constraint
AB 118,0,LIQUID,u,True,,zero frequency — no constraint
AB 118,0,PALATAL,a,True,,zero frequency — no constraint
AB 118,0,PALATAL,e,True,,zero frequency — no constraint
AB 118,0,PALATAL,i,True,,zero frequency — no constraint
AB 118,0,PALATAL,o,True,,zero frequency — no constraint
AB 118,0,PALATAL,u,True,,zero frequency — no constraint
AB 118,0,SEMIVOWEL,a,True,,zero frequency — no constraint
AB 118,0,SEMIVOWEL,e,True,,zero frequency — no constraint
AB 118,0,SEMIVOWEL,i,True,,zero frequency — no constraint
AB 118,0,SEMIVOWEL,o,True,,zero frequency — no constraint
AB 118,0,SEMIVOWEL,u,True,,zero frequency — no constraint
AB 118,0,VOWEL,a,True,,zero frequency — no constraint
AB 118,0,VOWEL,e,True,,zero frequency — no constraint
AB 118,0,VOWEL,i,True,,zero frequency — no constraint
AB 118,0,VOWEL,o,True,,zero frequency — no constraint
AB 118,0,VOWEL,u,True,,zero frequency — no constraint
AB 119,0,DENTAL,a,True,,zero frequency — no constraint
AB 119,0,DENTAL,e,True,,zero frequency — no constraint
AB 119,0,DENTAL,i,True,,zero frequency — no constraint
AB 119,0,DENTAL,o,True,,zero frequency — no constraint
AB 119,0,DENTAL,u,True,,zero frequency — no constraint
AB 119,0,LABIAL,a,True,,zero frequency — no constraint
AB 119,0,LABIAL,e,True,,zero frequency — no constraint
AB 119,0,LABIAL,i,True,,zero frequency — no constraint
AB 119,0,LABIAL,o,True,,zero frequency — no constraint
AB 119,0,LABIAL,u,True,,zero frequency — no constraint
AB 119,0,VELAR,a,True,,zero frequency — no constraint
AB 119,0,VELAR,e,True,,zero frequency — no constraint
AB 119,0,VELAR,i,True,,zero frequency — no constraint
AB 119,0,VELAR,o,True,,zero frequency — no constraint
AB 119,0,VELAR,u,True,,zero frequency — no constraint
AB 119,0,SIBILANT,a,True,,zero frequency — no constraint
AB 119,0,SIBILANT,e,True,,zero frequency — no constraint
AB 119,0,SIBILANT,i,True,,zero frequency — no constraint
AB 119,0,SIBILANT,o,True,,zero frequency — no constraint
AB 119,0,SIBILANT,u,True,,zero frequency — no constraint
AB 119,0,LIQUID,a,True,,zero frequency — no constraint
AB 119,0,LIQUID,e,True,,zero frequency — no constraint
AB 119,0,LIQUID,i,True,,zero frequency — no constraint
AB 119,0,LIQUID,o,True,,zero frequency — no constraint
AB 119,0,LIQUID,u,True,,zero frequency — no constraint
AB 119,0,PALATAL,a,True,,zero frequency — no constraint
AB 119,0,PALATAL,e,True,,zero frequency — no constraint
AB 119,0,PALATAL,i,True,,zero frequency — no constraint
AB 119,0,PALATAL,o,True,,zero frequency — no constraint
AB 119,0,PALATAL,u,True,,zero frequency — no constraint
AB 119,0,SEMIVOWEL,a,True,,zero frequency — no constraint
AB 119,0,SEMIVOWEL,e,True,,zero frequency — no constraint
AB 119,0,SEMIVOWEL,i,True,,zero frequency — no constraint
AB 119,0,SEMIVOWEL,o,True,,zero frequency — no constraint
AB 119,0,SEMIVOWEL,u,True,,zero frequency — no constraint
AB 119,0,VOWEL,a,True,,zero frequency — no constraint
AB 119,0,VOWEL,e,True,,zero frequency — no constraint
AB 119,0,VOWEL,i,True,,zero frequency — no constraint
AB 119,0,VOWEL,o,True,,zero frequency — no constraint
AB 119,0,VOWEL,u,True,,zero frequency — no constraint
AB 120,0,DENTAL,a,True,,zero frequency — no constraint
AB 120,0,DENTAL,e,True,,zero frequency — no constraint
AB 120,0,DENTAL,i,True,,zero frequency — no constraint
AB 120,0,DENTAL,o,True,,zero frequency — no constraint
AB 120,0,DENTAL,u,True,,zero frequency — no constraint
AB 120,0,LABIAL,a,True,,zero frequency — no constraint
AB 120,0,LABIAL,e,True,,zero frequency — no constraint
AB 120,0,LABIAL,i,True,,zero frequency — no constraint
AB 120,0,LABIAL,o,True,,zero frequency — no constraint
AB 120,0,LABIAL,u,True,,zero frequency — no constraint
AB 120,0,VELAR,a,True,,zero frequency — no constraint
AB 120,0,VELAR,e,True,,zero frequency — no constraint
AB 120,0,VELAR,i,True,,zero frequency — no constraint
AB 120,0,VELAR,o,True,,zero frequency — no constraint
AB 120,0,VELAR,u,True,,zero frequency — no constraint
AB 120,0,SIBILANT,a,True,,zero frequency — no constraint
AB 120,0,SIBILANT,e,True,,zero frequency — no constraint
AB 120,0,SIBILANT,i,True,,zero frequency — no constraint
AB 120,0,SIBILANT,o,True,,zero frequency — no constraint
AB 120,0,SIBILANT,u,True,,zero frequency — no constraint
AB 120,0,LIQUID,a,True,,zero frequency — no constraint
AB 120,0,LIQUID,e,True,,zero frequency — no constraint
AB 120,0,LIQUID,i,True,,zero frequency — no constraint
AB 120,0,LIQUID,o,True,,zero frequency — no constraint
AB 120,0,LIQUID,u,True,,zero frequency — no constraint
AB 120,0,PALATAL,a,True,,zero frequency — no constraint
AB 120,0,PALATAL,e,True,,zero frequency — no constraint
AB 120,0,PALATAL,i,True,,zero frequency — no constraint
AB 120,0,PALATAL,o,True,,zero frequency — no constraint
AB 120,0,PALATAL,u,True,,zero frequency — no constraint
AB 120,0,SEMIVOWEL,a,True,,zero frequency — no constraint
AB 120,0,SEMIVOWEL,e,True,,zero frequency — no constraint
AB 120,0,SEMIVOWEL,i,True,,zero frequency — no constraint
AB 120,0,SEMIVOWEL,o,True,,zero frequency — no constraint
AB 120,0,SEMIVOWEL,u,True,,zero frequency — no constraint
AB 120,0,VOWEL,a,True,,zero frequency — no constraint
AB 120,0,VOWEL,e,True,,zero frequency — no constraint
AB 120,0,VOWEL,i,True,,zero frequency — no constraint
AB 120,0,VOWEL,o,True,,zero frequency — no constraint
AB 120,0,VOWEL,u,True,,zero frequency — no constraint
AB 121,0,DENTAL,a,True,,zero frequency — no constraint
AB 121,0,DENTAL,e,True,,zero frequency — no constraint
AB 121,0,DENTAL,i,True,,zero frequency — no constraint
AB 121,0,DENTAL,o,True,,zero frequency — no constraint
AB 121,0,DENTAL,u,True,,zero frequency — no constraint
AB 121,0,LABIAL,a,True,,zero frequency — no constraint
AB 121,0,LABIAL,e,True,,zero frequency — no constraint
AB 121,0,LABIAL,i,True,,zero frequency — no constraint
AB 121,0,LABIAL,o,True,,zero frequency — no constraint
AB 121,0,LABIAL,u,True,,zero frequency — no constraint
AB 121,0,VELAR,a,True,,zero frequency — no constraint
AB 121,0,VELAR,e,True,,zero frequency — no constraint
AB 121,0,VELAR,i,True,,zero frequency — no constraint
AB 121,0,VELAR,o,True,,zero frequency — no constraint
AB 121,0,VELAR,u,True,,zero frequency — no constraint
AB 121,0,SIBILANT,a,True,,zero frequency — no constraint
AB 121,0,SIBILANT,e,True,,zero frequency — no constraint
AB 121,0,SIBILANT,i,True,,zero frequency — no constraint
AB 121,0,SIBILANT,o,True,,zero frequency — no constraint
AB 121,0,SIBILANT,u,True,,zero frequency — no constraint
AB 121,0,LIQUID,a,True,,zero frequency — no constraint
AB 121,0,LIQUID,e,True,,zero frequency — no constraint
AB 121,0,LIQUID,i,True,,zero frequency — no constraint
AB 121,0,LIQUID,o,True,,zero frequency — no constraint
AB 121,0,LIQUID,u,True,,zero frequency — no constraint
AB 121,0,PALATAL,a,True,,zero frequency — no constraint
AB 121,0,PALATAL,e,True,,zero frequency — no constraint
AB 121,0,PALATAL,i,True,,zero frequency — no constraint
AB 121,0,PALATAL,o,True,,zero frequency — no constraint
AB 121,0,PALATAL,u,True,,zero frequency — no constraint
AB 121,0,SEMIVOWEL,a,True,,zero frequency — no constraint
AB 121,0,SEMIVOWEL,e,True,,zero frequency — no constraint
AB 121,0,SEMIVOWEL,i,True,,zero frequency — no constraint
AB 121,0,SEMIVOWEL,o,True,,zero frequency — no constraint
AB 121,0,SEMIVOWEL,u,True,,zero frequency — no constraint
AB 121,0,VOWEL,a,True,,zero frequency — no constraint
AB 121,0,VOWEL,e,True,,zero frequency — no constraint
AB 121,0,VOWEL,i,True,,zero frequency — no constraint
AB 121,0,VOWEL,o,True,,zero frequency — no constraint
AB 121,0,VOWEL,u,True,,zero frequency — no constraint
AB 122,0,DENTAL,a,True,,zero frequency — no constraint
AB 122,0,DENTAL,e,True,,zero frequency — no constraint
AB 122,0,DENTAL,i,True,,zero frequency — no constraint
AB 122,0,DENTAL,o,True,,zero frequency — no constraint
AB 122,0,DENTAL,u,True,,zero frequency — no constraint
AB 122,0,LABIAL,a,True,,zero frequency — no constraint
AB 122,0,LABIAL,e,True,,zero frequency — no constraint
AB 122,0,LABIAL,i,True,,zero frequency — no constraint
AB 122,0,LABIAL,o,True,,zero frequency — no constraint
AB 122,0,LABIAL,u,True,,zero frequency — no constraint
AB 122,0,VELAR,a,True,,zero frequency — no constraint
AB 122,0,VELAR,e,True,,zero frequency — no constraint
AB 122,0,VELAR,i,True,,zero frequency — no constraint
AB 122,0,VELAR,o,True,,zero frequency — no constraint
AB 122,0,VELAR,u,True,,zero frequency — no constraint
AB 122,0,SIBILANT,a,True,,zero frequency — no constraint
AB 122,0,SIBILANT,e,True,,zero frequency — no constraint
AB 122,0,SIBILANT,i,True,,zero frequency — no constraint
AB 122,0,SIBILANT,o,True,,zero frequency — no constraint
AB 122,0,SIBILANT,u,True,,zero frequency — no constraint
AB 122,0,LIQUID,a,True,,zero frequency — no constraint
AB 122,0,LIQUID,e,True,,zero frequency — no constraint
AB 122,0,LIQUID,i,True,,zero frequency — no constraint
AB 122,0,LIQUID,o,True,,zero frequency — no constraint
AB 122,0,LIQUID,u,True,,zero frequency — no constraint
AB 122,0,PALATAL,a,True,,zero frequency — no constraint
AB 122,0,PALATAL,e,True,,zero frequency — no constraint
AB 122,0,PALATAL,i,True,,zero frequency — no constraint
AB 122,0,PALATAL,o,True,,zero frequency — no constraint
AB 122,0,PALATAL,u,True,,zero frequency — no constraint
AB 122,0,SEMIVOWEL,a,True,,zero frequency — no constraint
AB 122,0,SEMIVOWEL,e,True,,zero frequency — no constraint
AB 122,0,SEMIVOWEL,i,True,,zero frequency — no constraint
AB 122,0,SEMIVOWEL,o,True,,zero frequency — no constraint
AB 122,0,SEMIVOWEL,u,True,,zero frequency — no constraint
AB 122,0,VOWEL,a,True,,zero frequency — no constraint
AB 122,0,VOWEL,e,True,,zero frequency — no constraint
AB 122,0,VOWEL,i,True,,zero frequency — no constraint
AB 122,0,VOWEL,o,True,,zero frequency — no constraint
AB 122,0,VOWEL,u,True,,zero frequency — no constraint
AB 123,0,DENTAL,a,True,,zero frequency — no constraint
AB 123,0,DENTAL,e,True,,zero frequency — no constraint
AB 123,0,DENTAL,i,True,,zero frequency — no constraint
AB 123,0,DENTAL,o,True,,zero frequency — no constraint
AB 123,0,DENTAL,u,True,,zero frequency — no constraint
AB 123,0,LABIAL,a,True,,zero frequency — no constraint
AB 123,0,LABIAL,e,True,,zero frequency — no constraint
AB 123,0,LABIAL,i,True,,zero frequency — no constraint
AB 123,0,LABIAL,o,True,,zero frequency — no constraint
AB 123,0,LABIAL,u,True,,zero frequency — no constraint
AB 123,0,VELAR,a,True,,zero frequency — no constraint
AB 123,0,VELAR,e,True,,zero frequency — no constraint
AB 123,0,VELAR,i,True,,zero frequency — no constraint
AB 123,0,VELAR,o,True,,zero frequency — no constraint
AB 123,0,VELAR,u,True,,zero frequency — no constraint
AB 123,0,SIBILANT,a,True,,zero frequency — no constraint
AB 123,0,SIBILANT,e,True,,zero frequency — no constraint
AB 123,0,SIBILANT,i,True,,zero frequency — no constraint
AB 123,0,SIBILANT,o,True,,zero frequency — no constraint
AB 123,0,SIBILANT,u,True,,zero frequency — no constraint
AB 123,0,LIQUID,a,True,,zero frequency — no constraint
AB 123,0,LIQUID,e,True,,zero frequency — no constraint
AB 123,0,LIQUID,i,True,,zero frequency — no constraint
AB 123,0,LIQUID,o,True,,zero frequency — no constraint
AB 123,0,LIQUID,u,True,,zero frequency — no constraint
AB 123,0,PALATAL,a,True,,zero frequency — no constraint
AB 123,0,PALATAL,e,True,,zero frequency — no constraint
AB 123,0,PALATAL,i,True,,zero frequency — no constraint
AB 123,0,PALATAL,o,True,,zero frequency — no constraint
AB 123,0,PALATAL,u,True,,zero frequency — no constraint
AB 123,0,SEMIVOWEL,a,True,,zero frequency — no constraint
AB 123,0,SEMIVOWEL,e,True,,zero frequency — no constraint
AB 123,0,SEMIVOWEL,i,True,,zero frequency — no constraint
AB 123,0,SEMIVOWEL,o,True,,zero frequency — no constraint
AB 123,0,SEMIVOWEL,u,True,,zero frequency — no constraint
AB 123,0,VOWEL,a,True,,zero frequency — no constraint
AB 123,0,VOWEL,e,True,,zero frequency — no constraint
AB 123,0,VOWEL,i,True,,zero frequency — no constraint
AB 123,0,VOWEL,o,True,,zero frequency — no constraint
AB 123,0,VOWEL,u,True,,zero frequency — no constraint
AB 124,0,DENTAL,a,True,,zero frequency — no constraint
AB 124,0,DENTAL,e,True,,zero frequency — no constraint
AB 124,0,DENTAL,i,True,,zero frequency — no constraint
AB 124,0,DENTAL,o,True,,zero frequency — no constraint
AB 124,0,DENTAL,u,True,,zero frequency — no constraint
AB 124,0,LABIAL,a,True,,zero frequency — no constraint
AB 124,0,LABIAL,e,True,,zero frequency — no constraint
AB 124,0,LABIAL,i,True,,zero frequency — no constraint
AB 124,0,LABIAL,o,True,,zero frequency — no constraint
AB 124,0,LABIAL,u,True,,zero frequency — no constraint
AB 124,0,VELAR,a,True,,zero frequency — no constraint
AB 124,0,VELAR,e,True,,zero frequency — no constraint
AB 124,0,VELAR,i,True,,zero frequency — no constraint
AB 124,0,VELAR,o,True,,zero frequency — no constraint
AB 124,0,VELAR,u,True,,zero frequency — no constraint
AB 124,0,SIBILANT,a,True,,zero frequency — no constraint
AB 124,0,SIBILANT,e,True,,zero frequency — no constraint
AB 124,0,SIBILANT,i,True,,zero frequency — no constraint
AB 124,0,SIBILANT,o,True,,zero frequency — no constraint
AB 124,0,SIBILANT,u,True,,zero frequency — no constraint
AB 124,0,LIQUID,a,True,,zero frequency — no constraint
AB 124,0,LIQUID,e,True,,zero frequency — no constraint
AB 124,0,LIQUID,i,True,,zero frequency — no constraint
AB 124,0,LIQUID,o,True,,zero frequency — no constraint
AB 124,0,LIQUID,u,True,,zero frequency — no constraint
AB 124,0,PALATAL,a,True,,zero frequency — no constraint
AB 124,0,PALATAL,e,True,,zero frequency — no constraint
AB 124,0,PALATAL,i,True,,zero frequency — no constraint
AB 124,0,PALATAL,o,True,,zero frequency — no constraint
AB 124,0,PALATAL,u,True,,zero frequency — no constraint
AB 124,0,SEMIVOWEL,a,True,,zero frequency — no constraint
AB 124,0,SEMIVOWEL,e,True,,zero frequency — no constraint
AB 124,0,SEMIVOWEL,i,True,,zero frequency — no constraint
AB 124,0,SEMIVOWEL,o,True,,zero frequency — no constraint
AB 124,0,SEMIVOWEL,u,True,,zero frequency — no constraint
AB 124,0,VOWEL,a,True,,zero frequency — no constraint
AB 124,0,VOWEL,e,True,,zero frequency — no constraint
AB 124,0,VOWEL,i,True,,zero frequency — no constraint
AB 124,0,VOWEL,o,True,,zero frequency — no constraint
AB 124,0,VOWEL,u,True,,zero frequency — no constraint
AB 125,0,DENTAL,a,True,,zero frequency — no constraint
AB 125,0,DENTAL,e,True,,zero frequency — no constraint
AB 125,0,DENTAL,i,True,,zero frequency — no constraint
AB 125,0,DENTAL,o,True,,zero frequency — no constraint
AB 125,0,DENTAL,u,True,,zero frequency — no constraint
AB 125,0,LABIAL,a,True,,zero frequency — no constraint
AB 125,0,LABIAL,e,True,,zero frequency — no constraint
AB 125,0,LABIAL,i,True,,zero frequency — no constraint
AB 125,0,LABIAL,o,True,,zero frequency — no constraint
AB 125,0,LABIAL,u,True,,zero frequency — no constraint
AB 125,0,VELAR,a,True,,zero frequency — no constraint
AB 125,0,VELAR,e,True,,zero frequency — no constraint
AB 125,0,VELAR,i,True,,zero frequency — no constraint
AB 125,0,VELAR,o,True,,zero frequency — no constraint
AB 125,0,VELAR,u,True,,zero frequency — no constraint
AB 125,0,SIBILANT,a,True,,zero frequency — no constraint
AB 125,0,SIBILANT,e,True,,zero frequency — no constraint
AB 125,0,SIBILANT,i,True,,zero frequency — no constraint
AB 125,0,SIBILANT,o,True,,zero frequency — no constraint
AB 125,0,SIBILANT,u,True,,zero frequency — no constraint
AB 125,0,LIQUID,a,True,,zero frequency — no constraint
AB 125,0,LIQUID,e,True,,zero frequency — no constraint
AB 125,0,LIQUID,i,True,,zero frequency — no constraint
AB 125,0,LIQUID,o,True,,zero frequency — no constraint
AB 125,0,LIQUID,u,True,,zero frequency — no constraint
AB 125,0,PALATAL,a,True,,zero frequency — no constraint
AB 125,0,PALATAL,e,True,,zero frequency — no constraint
AB 125,0,PALATAL,i,True,,zero frequency — no constraint
AB 125,0,PALATAL,o,True,,zero frequency — no constraint
AB 125,0,PALATAL,u,True,,zero frequency — no constraint
AB 125,0,SEMIVOWEL,a,True,,zero frequency — no constraint
AB 125,0,SEMIVOWEL,e,True,,zero frequency — no constraint
AB 125,0,SEMIVOWEL,i,True,,zero frequency — no constraint
AB 125,0,SEMIVOWEL,o,True,,zero frequency — no constraint
AB 125,0,SEMIVOWEL,u,True,,zero frequency — no constraint
AB 125,0,VOWEL,a,True,,zero frequency — no constraint
AB 125,0,VOWEL,e,True,,zero frequency — no constraint
AB 125,0,VOWEL,i,True,,zero frequency — no constraint
AB 125,0,VOWEL,o,True,,zero frequency — no constraint
AB 125,0,VOWEL,u,True,,zero frequency — no constraint
AB 126,0,DENTAL,a,True,,zero frequency — no constraint
AB 126,0,DENTAL,e,True,,zero frequency — no constraint
AB 126,0,DENTAL,i,True,,zero frequency — no constraint
AB 126,0,DENTAL,o,True,,zero frequency — no constraint
AB 126,0,DENTAL,u,True,,zero frequency — no constraint
AB 126,0,LABIAL,a,True,,zero frequency — no constraint
AB 126,0,LABIAL,e,True,,zero frequency — no constraint
AB 126,0,LABIAL,i,True,,zero frequency — no constraint
AB 126,0,LABIAL,o,True,,zero frequency — no constraint
AB 126,0,LABIAL,u,True,,zero frequency — no constraint
AB 126,0,VELAR,a,True,,zero frequency — no constraint
AB 126,0,VELAR,e,True,,zero frequency — no constraint
AB 126,0,VELAR,i,True,,zero frequency — no constraint
AB 126,0,VELAR,o,True,,zero frequency — no constraint
AB 126,0,VELAR,u,True,,zero frequency — no constraint
AB 126,0,SIBILANT,a,True,,zero frequency — no constraint
AB 126,0,SIBILANT,e,True,,zero frequency — no constraint
AB 126,0,SIBILANT,i,True,,zero frequency — no constraint
AB 126,0,SIBILANT,o,True,,zero frequency — no constraint
AB 126,0,SIBILANT,u,True,,zero frequency — no constraint
AB 126,0,LIQUID,a,True,,zero frequency — no constraint
AB 126,0,LIQUID,e,True,,zero frequency — no constraint
AB 126,0,LIQUID,i,True,,zero frequency — no constraint
AB 126,0,LIQUID,o,True,,zero frequency — no constraint
AB 126,0,LIQUID,u,True,,zero frequency — no constraint
AB 126,0,PALATAL,a,True,,zero frequency — no constraint
AB 126,0,PALATAL,e,True,,zero frequency — no constraint
AB 126,0,PALATAL,i,True,,zero frequency — no constraint
AB 126,0,PALATAL,o,True,,zero frequency — no constraint
AB 126,0,PALATAL,u,True,,zero frequency — no constraint
AB 126,0,SEMIVOWEL,a,True,,zero frequency — no constraint
AB 126,0,SEMIVOWEL,e,True,,zero frequency — no constraint
AB 126,0,SEMIVOWEL,i,True,,zero frequency — no constraint
AB 126,0,SEMIVOWEL,o,True,,zero frequency — no constraint
AB 126,0,SEMIVOWEL,u,True,,zero frequency — no constraint
AB 126,0,VOWEL,a,True,,zero frequency — no constraint
AB 126,0,VOWEL,e,True,,zero frequency — no constraint
AB 126,0,VOWEL,i,True,,zero frequency — no constraint
AB 126,0,VOWEL,o,True,,zero frequency — no constraint
AB 126,0,VOWEL,u,True,,zero frequency — no constraint
AB 127,0,DENTAL,a,True,,zero frequency — no constraint
AB 127,0,DENTAL,e,True,,zero frequency — no constraint
AB 127,0,DENTAL,i,True,,zero frequency — no constraint
AB 127,0,DENTAL,o,True,,zero frequency — no constraint
AB 127,0,DENTAL,u,True,,zero frequency — no constraint
AB 127,0,LABIAL,a,True,,zero frequency — no constraint
AB 127,0,LABIAL,e,True,,zero frequency — no constraint
AB 127,0,LABIAL,i,True,,zero frequency — no constraint
AB 127,0,LABIAL,o,True,,zero frequency — no constraint
AB 127,0,LABIAL,u,True,,zero frequency — no constraint
AB 127,0,VELAR,a,True,,zero frequency — no constraint
AB 127,0,VELAR,e,True,,zero frequency — no constraint
AB 127,0,VELAR,i,True,,zero frequency — no constraint
AB 127,0,VELAR,o,True,,zero frequency — no constraint
AB 127,0,VELAR,u,True,,zero frequency — no constraint
AB 127,0,SIBILANT,a,True,,zero frequency — no constraint
AB 127,0,SIBILANT,e,True,,zero frequency — no constraint
AB 127,0,SIBILANT,i,True,,zero frequency — no constraint
AB 127,0,SIBILANT,o,True,,zero frequency — no constraint
AB 127,0,SIBILANT,u,True,,zero frequency — no constraint
AB 127,0,LIQUID,a,True,,zero frequency — no constraint
AB 127,0,LIQUID,e,True,,zero frequency — no constraint
AB 127,0,LIQUID,i,True,,zero frequency — no constraint
AB 127,0,LIQUID,o,True,,zero frequency — no constraint
AB 127,0,LIQUID,u,True,,zero frequency — no constraint
AB 127,0,PALATAL,a,True,,zero frequency — no constraint
AB 127,0,PALATAL,e,True,,zero frequency — no constraint
AB 127,0,PALATAL,i,True,,zero frequency — no constraint
AB 127,0,PALATAL,o,True,,zero frequency — no constraint
AB 127,0,PALATAL,u,True,,zero frequency — no constraint
AB 127,0,SEMIVOWEL,a,True,,zero frequency — no constraint
AB 127,0,SEMIVOWEL,e,True,,zero frequency — no constraint
AB 127,0,SEMIVOWEL,i,True,,zero frequency — no constraint
AB 127,0,SEMIVOWEL,o,True,,zero frequency — no constraint
AB 127,0,SEMIVOWEL,u,True,,zero frequency — no constraint
AB 127,0,VOWEL,a,True,,zero frequency — no constraint
AB 127,0,VOWEL,e,True,,zero frequency — no constraint
AB 127,0,VOWEL,i,True,,zero frequency — no constraint
AB 127,0,VOWEL,o,True,,zero frequency — no constraint
AB 127,0,VOWEL,u,True,,zero frequency — no constraint
AB 128,0,DENTAL,a,True,,zero frequency — no constraint
AB 128,0,DENTAL,e,True,,zero frequency — no constraint
AB 128,0,DENTAL,i,True,,zero frequency — no constraint
AB 128,0,DENTAL,o,True,,zero frequency — no constraint
AB 128,0,DENTAL,u,True,,zero frequency — no constraint
AB 128,0,LABIAL,a,True,,zero frequency — no constraint
AB 128,0,LABIAL,e,True,,zero frequency — no constraint
AB 128,0,LABIAL,i,True,,zero frequency — no constraint
AB 128,0,LABIAL,o,True,,zero frequency — no constraint
AB 128,0,LABIAL,u,True,,zero frequency — no constraint
AB 128,0,VELAR,a,True,,zero frequency — no constraint
AB 128,0,VELAR,e,True,,zero frequency — no constraint
AB 128,0,VELAR,i,True,,zero frequency — no constraint
AB 128,0,VELAR,o,True,,zero frequency — no constraint
AB 128,0,VELAR,u,True,,zero frequency — no constraint
AB 128,0,SIBILANT,a,True,,zero frequency — no constraint
AB 128,0,SIBILANT,e,True,,zero frequency — no constraint
AB 128,0,SIBILANT,i,True,,zero frequency — no constraint
AB 128,0,SIBILANT,o,True,,zero frequency — no constraint
AB 128,0,SIBILANT,u,True,,zero frequency — no constraint
AB 128,0,LIQUID,a,True,,zero frequency — no constraint
AB 128,0,LIQUID,e,True,,zero frequency — no constraint
AB 128,0,LIQUID,i,True,,zero frequency — no constraint
AB 128,0,LIQUID,o,True,,zero frequency — no constraint
AB 128,0,LIQUID,u,True,,zero frequency — no constraint
AB 128,0,PALATAL,a,True,,zero frequency — no constraint
AB 128,0,PALATAL,e,True,,zero frequency — no constraint
AB 128,0,PALATAL,i,True,,zero frequency — no constraint
AB 128,0,PALATAL,o,True,,zero frequency — no constraint
AB 128,0,PALATAL,u,True,,zero frequency — no constraint
AB 128,0,SEMIVOWEL,a,True,,zero frequency — no constraint
AB 128,0,SEMIVOWEL,e,True,,zero frequency — no constraint
AB 128,0,SEMIVOWEL,i,True,,zero frequency — no constraint
AB 128,0,SEMIVOWEL,o,True,,zero frequency — no constraint
AB 128,0,SEMIVOWEL,u,True,,zero frequency — no constraint
AB 128,0,VOWEL,a,True,,zero frequency — no constraint
AB 128,0,VOWEL,e,True,,zero frequency — no constraint
AB 128,0,VOWEL,i,True,,zero frequency — no constraint
AB 128,0,VOWEL,o,True,,zero frequency — no constraint
AB 128,0,VOWEL,u,True,,zero frequency — no constraint
AB 129,0,DENTAL,a,True,,zero frequency — no constraint
AB 129,0,DENTAL,e,True,,zero frequency — no constraint
AB 129,0,DENTAL,i,True,,zero frequency — no constraint
AB 129,0,DENTAL,o,True,,zero frequency — no constraint
AB 129,0,DENTAL,u,True,,zero frequency — no constraint
AB 129,0,LABIAL,a,True,,zero frequency — no constraint
AB 129,0,LABIAL,e,True,,zero frequency — no constraint
AB 129,0,LABIAL,i,True,,zero frequency — no constraint
AB 129,0,LABIAL,o,True,,zero frequency — no constraint
AB 129,0,LABIAL,u,True,,zero frequency — no constraint
AB 129,0,VELAR,a,True,,zero frequency — no constraint
AB 129,0,VELAR,e,True,,zero frequency — no constraint
AB 129,0,VELAR,i,True,,zero frequency — no constraint
AB 129,0,VELAR,o,True,,zero frequency — no constraint
AB 129,0,VELAR,u,True,,zero frequency — no constraint
AB 129,0,SIBILANT,a,True,,zero frequency — no constraint
AB 129,0,SIBILANT,e,True,,zero frequency — no constraint
AB 129,0,SIBILANT,i,True,,zero frequency — no constraint
AB 129,0,SIBILANT,o,True,,zero frequency — no constraint
AB 129,0,SIBILANT,u,True,,zero frequency — no constraint
AB 129,0,LIQUID,a,True,,zero frequency — no constraint
AB 129,0,LIQUID,e,True,,zero frequency — no constraint
AB 129,0,LIQUID,i,True,,zero frequency — no constraint
AB 129,0,LIQUID,o,True,,zero frequency — no constraint
AB 129,0,LIQUID,u,True,,zero frequency — no constraint
AB 129,0,PALATAL,a,True,,zero frequency — no constraint
AB 129,0,PALATAL,e,True,,zero frequency — no constraint
AB 129,0,PALATAL,i,True,,zero frequency — no constraint
AB 129,0,PALATAL,o,True,,zero frequency — no constraint
AB 129,0,PALATAL,u,True,,zero frequency — no constraint
AB 129,0,SEMIVOWEL,a,True,,zero frequency — no constraint
AB 129,0,SEMIVOWEL,e,True,,zero frequency — no constraint
AB 129,0,SEMIVOWEL,i,True,,zero frequency — no constraint
AB 129,0,SEMIVOWEL,o,True,,zero frequency — no constraint
AB 129,0,SEMIVOWEL,u,True,,zero frequency — no constraint
AB 129,0,VOWEL,a,True,,zero frequency — no constraint
AB 129,0,VOWEL,e,True,,zero frequency — no constraint
AB 129,0,VOWEL,i,True,,zero frequency — no constraint
AB 129,0,VOWEL,o,True,,zero frequency — no constraint
AB 129,0,VOWEL,u,True,,zero frequency — no constraint
AB 130,0,DENTAL,a,True,,zero frequency — no constraint
AB 130,0,DENTAL,e,True,,zero frequency — no constraint
AB 130,0,DENTAL,i,True,,zero frequency — no constraint
AB 130,0,DENTAL,o,True,,zero frequency — no constraint
AB 130,0,DENTAL,u,True,,zero frequency — no constraint
AB 130,0,LABIAL,a,True,,zero frequency — no constraint
AB 130,0,LABIAL,e,True,,zero frequency — no constraint
AB 130,0,LABIAL,i,True,,zero frequency — no constraint
AB 130,0,LABIAL,o,True,,zero frequency — no constraint
AB 130,0,LABIAL,u,True,,zero frequency — no constraint
AB 130,0,VELAR,a,True,,zero frequency — no constraint
AB 130,0,VELAR,e,True,,zero frequency — no constraint
AB 130,0,VELAR,i,True,,zero frequency — no constraint
AB 130,0,VELAR,o,True,,zero frequency — no constraint
AB 130,0,VELAR,u,True,,zero frequency — no constraint
AB 130,0,SIBILANT,a,True,,zero frequency — no constraint
AB 130,0,SIBILANT,e,True,,zero frequency — no constraint
AB 130,0,SIBILANT,i,True,,zero frequency — no constraint
AB 130,0,SIBILANT,o,True,,zero frequency — no constraint
AB 130,0,SIBILANT,u,True,,zero frequency — no constraint
AB 130,0,LIQUID,a,True,,zero frequency — no constraint
AB 130,0,LIQUID,e,True,,zero frequency — no constraint
AB 130,0,LIQUID,i,True,,zero frequency — no constraint
AB 130,0,LIQUID,o,True,,zero frequency — no constraint
AB 130,0,LIQUID,u,True,,zero frequency — no constraint
AB 130,0,PALATAL,a,True,,zero frequency — no constraint
AB 130,0,PALATAL,e,True,,zero frequency — no constraint
AB 130,0,PALATAL,i,True,,zero frequency — no constraint
AB 130,0,PALATAL,o,True,,zero frequency — no constraint
AB 130,0,PALATAL,u,True,,zero frequency — no constraint
AB 130,0,SEMIVOWEL,a,True,,zero frequency — no constraint
AB 130,0,SEMIVOWEL,e,True,,zero frequency — no constraint
AB 130,0,SEMIVOWEL,i,True,,zero frequency — no constraint
AB 130,0,SEMIVOWEL,o,True,,zero frequency — no constraint
AB 130,0,SEMIVOWEL,u,True,,zero frequency — no constraint
AB 130,0,VOWEL,a,True,,zero frequency — no constraint
AB 130,0,VOWEL,e,True,,zero frequency — no constraint
AB 130,0,VOWEL,i,True,,zero frequency — no constraint
AB 130,0,VOWEL,o,True,,zero frequency — no constraint
AB 130,0,VOWEL,u,True,,zero frequency — no constraint
AB 131,0,DENTAL,a,True,,zero frequency — no constraint
AB 131,0,DENTAL,e,True,,zero frequency — no constraint
AB 131,0,DENTAL,i,True,,zero frequency — no constraint
AB 131,0,DENTAL,o,True,,zero frequency — no constraint
AB 131,0,DENTAL,u,True,,zero frequency — no constraint
AB 131,0,LABIAL,a,True,,zero frequency — no constraint
AB 131,0,LABIAL,e,True,,zero frequency — no constraint
AB 131,0,LABIAL,i,True,,zero frequency — no constraint
AB 131,0,LABIAL,o,True,,zero frequency — no constraint
AB 131,0,LABIAL,u,True,,zero frequency — no constraint
AB 131,0,VELAR,a,True,,zero frequency — no constraint
AB 131,0,VELAR,e,True,,zero frequency — no constraint
AB 131,0,VELAR,i,True,,zero frequency — no constraint
AB 131,0,VELAR,o,True,,zero frequency — no constraint
AB 131,0,VELAR,u,True,,zero frequency — no constraint
AB 131,0,SIBILANT,a,True,,zero frequency — no constraint
AB 131,0,SIBILANT,e,True,,zero frequency — no constraint
AB 131,0,SIBILANT,i,True,,zero frequency — no constraint
AB 131,0,SIBILANT,o,True,,zero frequency — no constraint
AB 131,0,SIBILANT,u,True,,zero frequency — no constraint
AB 131,0,LIQUID,a,True,,zero frequency — no constraint
AB 131,0,LIQUID,e,True,,zero frequency — no constraint
AB 131,0,LIQUID,i,True,,zero frequency — no constraint
AB 131,0,LIQUID,o,True,,zero frequency — no constraint
AB 131,0,LIQUID,u,True,,zero frequency — no constraint
AB 131,0,PALATAL,a,True,,zero frequency — no constraint
AB 131,0,PALATAL,e,True,,zero frequency — no constraint
AB 131,0,PALATAL,i,True,,zero frequency — no constraint
AB 131,0,PALATAL,o,True,,zero frequency — no constraint
AB 131,0,PALATAL,u,True,,zero frequency — no constraint
AB 131,0,SEMIVOWEL,a,True,,zero frequency — no constraint
AB 131,0,SEMIVOWEL,e,True,,zero frequency — no constraint
AB 131,0,SEMIVOWEL,i,True,,zero frequency — no constraint
AB 131,0,SEMIVOWEL,o,True,,zero frequency — no constraint
AB 131,0,SEMIVOWEL,u,True,,zero frequency — no constraint
AB 131,0,VOWEL,a,True,,zero frequency — no constraint
AB 131,0,VOWEL,e,True,,zero frequency — no constraint
AB 131,0,VOWEL,i,True,,zero frequency — no constraint
AB 131,0,VOWEL,o,True,,zero frequency — no constraint
AB 131,0,VOWEL,u,True,,zero frequency — no constraint
AB 132,0,DENTAL,a,True,,zero frequency — no constraint
AB 132,0,DENTAL,e,True,,zero frequency — no constraint
AB 132,0,DENTAL,i,True,,zero frequency — no constraint
AB 132,0,DENTAL,o,True,,zero frequency — no constraint
AB 132,0,DENTAL,u,True,,zero frequency — no constraint
AB 132,0,LABIAL,a,True,,zero frequency — no constraint
AB 132,0,LABIAL,e,True,,zero frequency — no constraint
AB 132,0,LABIAL,i,True,,zero frequency — no constraint
AB 132,0,LABIAL,o,True,,zero frequency — no constraint
AB 132,0,LABIAL,u,True,,zero frequency — no constraint
AB 132,0,VELAR,a,True,,zero frequency — no constraint
AB 132,0,VELAR,e,True,,zero frequency — no constraint
AB 132,0,VELAR,i,True,,zero frequency — no constraint
AB 132,0,VELAR,o,True,,zero frequency — no constraint
AB 132,0,VELAR,u,True,,zero frequency — no constraint
AB 132,0,SIBILANT,a,True,,zero frequency — no constraint
AB 132,0,SIBILANT,e,True,,zero frequency — no constraint
AB 132,0,SIBILANT,i,True,,zero frequency — no constraint
AB 132,0,SIBILANT,o,True,,zero frequency — no constraint
AB 132,0,SIBILANT,u,True,,zero frequency — no constraint
AB 132,0,LIQUID,a,True,,zero frequency — no constraint
AB 132,0,LIQUID,e,True,,zero frequency — no constraint
AB 132,0,LIQUID,i,True,,zero frequency — no constraint
AB 132,0,LIQUID,o,True,,zero frequency — no constraint
AB 132,0,LIQUID,u,True,,zero frequency — no constraint
AB 132,0,PALATAL,a,True,,zero frequency — no constraint
AB 132,0,PALATAL,e,True,,zero frequency — no constraint
AB 132,0,PALATAL,i,True,,zero frequency — no constraint
AB 132,0,PALATAL,o,True,,zero frequency — no constraint
AB 132,0,PALATAL,u,True,,zero frequency — no constraint
AB 132,0,SEMIVOWEL,a,True,,zero frequency — no constraint
AB 132,0,SEMIVOWEL,e,True,,zero frequency — no constraint
AB 132,0,SEMIVOWEL,i,True,,zero frequency — no constraint
AB 132,0,SEMIVOWEL,o,True,,zero frequency — no constraint
AB 132,0,SEMIVOWEL,u,True,,zero frequency — no constraint
AB 132,0,VOWEL,a,True,,zero frequency — no constraint
AB 132,0,VOWEL,e,True,,zero frequency — no constraint
AB 132,0,VOWEL,i,True,,zero frequency — no constraint
AB 132,0,VOWEL,o,True,,zero frequency — no constraint
AB 132,0,VOWEL,u,True,,zero frequency — no constraint
AB 133,0,DENTAL,a,True,,zero frequency — no constraint
AB 133,0,DENTAL,e,True,,zero frequency — no constraint
AB 133,0,DENTAL,i,True,,zero frequency — no constraint
AB 133,0,DENTAL,o,True,,zero frequency — no constraint
AB 133,0,DENTAL,u,True,,zero frequency — no constraint
AB 133,0,LABIAL,a,True,,zero frequency — no constraint
AB 133,0,LABIAL,e,True,,zero frequency — no constraint
AB 133,0,LABIAL,i,True,,zero frequency — no constraint
AB 133,0,LABIAL,o,True,,zero frequency — no constraint
AB 133,0,LABIAL,u,True,,zero frequency — no constraint
AB 133,0,VELAR,a,True,,zero frequency — no constraint
AB 133,0,VELAR,e,True,,zero frequency — no constraint
AB 133,0,VELAR,i,True,,zero frequency — no constraint
AB 133,0,VELAR,o,True,,zero frequency — no constraint
AB 133,0,VELAR,u,True,,zero frequency — no constraint
AB 133,0,SIBILANT,a,True,,zero frequency — no constraint
AB 133,0,SIBILANT,e,True,,zero frequency — no constraint
AB 133,0,SIBILANT,i,True,,zero frequency — no constraint
AB 133,0,SIBILANT,o,True,,zero frequency — no constraint
AB 133,0,SIBILANT,u,True,,zero frequency — no constraint
AB 133,0,LIQUID,a,True,,zero frequency — no constraint
AB 133,0,LIQUID,e,True,,zero frequency — no constraint
AB 133,0,LIQUID,i,True,,zero frequency — no constraint
AB 133,0,LIQUID,o,True,,zero frequency — no constraint
AB 133,0,LIQUID,u,True,,zero frequency — no constraint
AB 133,0,PALATAL,a,True,,zero frequency — no constraint
AB 133,0,PALATAL,e,True,,zero frequency — no constraint
AB 133,0,PALATAL,i,True,,zero frequency — no constraint
AB 133,0,PALATAL,o,True,,zero frequency — no constraint
AB 133,0,PALATAL,u,True,,zero frequency — no constraint
AB 133,0,SEMIVOWEL,a,True,,zero frequency — no constraint
AB 133,0,SEMIVOWEL,e,True,,zero frequency — no constraint
AB 133,0,SEMIVOWEL,i,True,,zero frequency — no constraint
AB 133,0,SEMIVOWEL,o,True,,zero frequency — no constraint
AB 133,0,SEMIVOWEL,u,True,,zero frequency — no constraint
AB 133,0,VOWEL,a,True,,zero frequency — no constraint
AB 133,0,VOWEL,e,True,,zero frequency — no constraint
AB 133,0,VOWEL,i,True,,zero frequency — no constraint
AB 133,0,VOWEL,o,True,,zero frequency — no constraint
AB 133,0,VOWEL,u,True,,zero frequency — no constraint
AB 134,0,DENTAL,a,True,,zero frequency — no constraint
AB 134,0,DENTAL,e,True,,zero frequency — no constraint
AB 134,0,DENTAL,i,True,,zero frequency — no constraint
AB 134,0,DENTAL,o,True,,zero frequency — no constraint
AB 134,0,DENTAL,u,True,,zero frequency — no constraint
AB 134,0,LABIAL,a,True,,zero frequency — no constraint
AB 134,0,LABIAL,e,True,,zero frequency — no constraint
AB 134,0,LABIAL,i,True,,zero frequency — no constraint
AB 134,0,LABIAL,o,True,,zero frequency — no constraint
AB 134,0,LABIAL,u,True,,zero frequency — no constraint
AB 134,0,VELAR,a,True,,zero frequency — no constraint
AB 134,0,VELAR,e,True,,zero frequency — no constraint
AB 134,0,VELAR,i,True,,zero frequency — no constraint
AB 134,0,VELAR,o,True,,zero frequency — no constraint
AB 134,0,VELAR,u,True,,zero frequency — no constraint
AB 134,0,SIBILANT,a,True,,zero frequency — no constraint
AB 134,0,SIBILANT,e,True,,zero frequency — no constraint
AB 134,0,SIBILANT,i,True,,zero frequency — no constraint
AB 134,0,SIBILANT,o,True,,zero frequency — no constraint
AB 134,0,SIBILANT,u,True,,zero frequency — no constraint
AB 134,0,LIQUID,a,True,,zero frequency — no constraint
AB 134,0,LIQUID,e,True,,zero frequency — no constraint
AB 134,0,LIQUID,i,True,,zero frequency — no constraint
AB 134,0,LIQUID,o,True,,zero frequency — no constraint
AB 134,0,LIQUID,u,True,,zero frequency — no constraint
AB 134,0,PALATAL,a,True,,zero frequency — no constraint
AB 134,0,PALATAL,e,True,,zero frequency — no constraint
AB 134,0,PALATAL,i,True,,zero frequency — no constraint
AB 134,0,PALATAL,o,True,,zero frequency — no constraint
AB 134,0,PALATAL,u,True,,zero frequency — no constraint
AB 134,0,SEMIVOWEL,a,True,,zero frequency — no constraint
AB 134,0,SEMIVOWEL,e,True,,zero frequency — no constraint
AB 134,0,SEMIVOWEL,i,True,,zero frequency — no constraint
AB 134,0,SEMIVOWEL,o,True,,zero frequency — no constraint
AB 134,0,SEMIVOWEL,u,True,,zero frequency — no constraint
AB 134,0,VOWEL,a,True,,zero frequency — no constraint
AB 134,0,VOWEL,e,True,,zero frequency — no constraint
AB 134,0,VOWEL,i,True,,zero frequency — no constraint
AB 134,0,VOWEL,o,True,,zero frequency — no constraint
AB 134,0,VOWEL,u,True,,zero frequency — no constraint
AB 135,0,DENTAL,a,True,,zero frequency — no constraint
AB 135,0,DENTAL,e,True,,zero frequency — no constraint
AB 135,0,DENTAL,i,True,,zero frequency — no constraint
AB 135,0,DENTAL,o,True,,zero frequency — no constraint
AB 135,0,DENTAL,u,True,,zero frequency — no constraint
AB 135,0,LABIAL,a,True,,zero frequency — no constraint
AB 135,0,LABIAL,e,True,,zero frequency — no constraint
AB 135,0,LABIAL,i,True,,zero frequency — no constraint
AB 135,0,LABIAL,o,True,,zero frequency — no constraint
AB 135,0,LABIAL,u,True,,zero frequency — no constraint
AB 135,0,VELAR,a,True,,zero frequency — no constraint
AB 135,0,VELAR,e,True,,zero frequency — no constraint
AB 135,0,VELAR,i,True,,zero frequency — no constraint
AB 135,0,VELAR,o,True,,zero frequency — no constraint
AB 135,0,VELAR,u,True,,zero frequency — no constraint
AB 135,0,SIBILANT,a,True,,zero frequency — no constraint
AB 135,0,SIBILANT,e,True,,zero frequency — no constraint
AB 135,0,SIBILANT,i,True,,zero frequency — no constraint
AB 135,0,SIBILANT,o,True,,zero frequency — no constraint
AB 135,0,SIBILANT,u,True,,zero frequency — no constraint
AB 135,0,LIQUID,a,True,,zero frequency — no constraint
AB 135,0,LIQUID,e,True,,zero frequency — no constraint
AB 135,0,LIQUID,i,True,,zero frequency — no constraint
AB 135,0,LIQUID,o,True,,zero frequency — no constraint
AB 135,0,LIQUID,u,True,,zero frequency — no constraint
AB 135,0,PALATAL,a,True,,zero frequency — no constraint
AB 135,0,PALATAL,e,True,,zero frequency — no constraint
AB 135,0,PALATAL,i,True,,zero frequency — no constraint
AB 135,0,PALATAL,o,True,,zero frequency — no constraint
AB 135,0,PALATAL,u,True,,zero frequency — no constraint
AB 135,0,SEMIVOWEL,a,True,,zero frequency — no constraint
AB 135,0,SEMIVOWEL,e,True,,zero frequency — no constraint
AB 135,0,SEMIVOWEL,i,True,,zero frequency — no constraint
AB 135,0,SEMIVOWEL,o,True,,zero frequency — no constraint
AB 135,0,SEMIVOWEL,u,True,,zero frequency — no constraint
AB 135,0,VOWEL,a,True,,zero frequency — no constraint
AB 135,0,VOWEL,e,True,,zero frequency — no constraint
AB 135,0,VOWEL,i,True,,zero frequency — no constraint
AB 135,0,VOWEL,o,True,,zero frequency — no constraint
AB 135,0,VOWEL,u,True,,zero frequency — no constraint
AB 136,0,DENTAL,a,True,,zero frequency — no constraint
AB 136,0,DENTAL,e,True,,zero frequency — no constraint
AB 136,0,DENTAL,i,True,,zero frequency — no constraint
AB 136,0,DENTAL,o,True,,zero frequency — no constraint
AB 136,0,DENTAL,u,True,,zero frequency — no constraint
AB 136,0,LABIAL,a,True,,zero frequency — no constraint
AB 136,0,LABIAL,e,True,,zero frequency — no constraint
AB 136,0,LABIAL,i,True,,zero frequency — no constraint
AB 136,0,LABIAL,o,True,,zero frequency — no constraint
AB 136,0,LABIAL,u,True,,zero frequency — no constraint
AB 136,0,VELAR,a,True,,zero frequency — no constraint
AB 136,0,VELAR,e,True,,zero frequency — no constraint
AB 136,0,VELAR,i,True,,zero frequency — no constraint
AB 136,0,VELAR,o,True,,zero frequency — no constraint
AB 136,0,VELAR,u,True,,zero frequency — no constraint
AB 136,0,SIBILANT,a,True,,zero frequency — no constraint
AB 136,0,SIBILANT,e,True,,zero frequency — no constraint
AB 136,0,SIBILANT,i,True,,zero frequency — no constraint
AB 136,0,SIBILANT,o,True,,zero frequency — no constraint
AB 136,0,SIBILANT,u,True,,zero frequency — no constraint
AB 136,0,LIQUID,a,True,,zero frequency — no constraint
AB 136,0,LIQUID,e,True,,zero frequency — no constraint
AB 136,0,LIQUID,i,True,,zero frequency — no constraint
AB 136,0,LIQUID,o,True,,zero frequency — no constraint
AB 136,0,LIQUID,u,True,,zero frequency — no constraint
AB 136,0,PALATAL,a,True,,zero frequency — no constraint
AB 136,0,PALATAL,e,True,,zero frequency — no constraint
AB 136,0,PALATAL,i,True,,zero frequency — no constraint
AB 136,0,PALATAL,o,True,,zero frequency — no constraint
AB 136,0,PALATAL,u,True,,zero frequency — no constraint
AB 136,0,SEMIVOWEL,a,True,,zero frequency — no constraint
AB 136,0,SEMIVOWEL,e,True,,zero frequency — no constraint
AB 136,0,SEMIVOWEL,i,True,,zero frequency — no constraint
AB 136,0,SEMIVOWEL,o,True,,zero frequency — no constraint
AB 136,0,SEMIVOWEL,u,True,,zero frequency — no constraint
AB 136,0,VOWEL,a,True,,zero frequency — no constraint
AB 136,0,VOWEL,e,True,,zero frequency — no constraint
AB 136,0,VOWEL,i,True,,zero frequency — no constraint
AB 136,0,VOWEL,o,True,,zero frequency — no constraint
AB 136,0,VOWEL,u,True,,zero frequency — no constraint
AB 137,0,DENTAL,a,True,,zero frequency — no constraint
AB 137,0,DENTAL,e,True,,zero frequency — no constraint
AB 137,0,DENTAL,i,True,,zero frequency — no constraint
AB 137,0,DENTAL,o,True,,zero frequency — no constraint
AB 137,0,DENTAL,u,True,,zero frequency — no constraint
AB 137,0,LABIAL,a,True,,zero frequency — no constraint
AB 137,0,LABIAL,e,True,,zero frequency — no constraint
AB 137,0,LABIAL,i,True,,zero frequency — no constraint
AB 137,0,LABIAL,o,True,,zero frequency — no constraint
AB 137,0,LABIAL,u,True,,zero frequency — no constraint
AB 137,0,VELAR,a,True,,zero frequency — no constraint
AB 137,0,VELAR,e,True,,zero frequency — no constraint
AB 137,0,VELAR,i,True,,zero frequency — no constraint
AB 137,0,VELAR,o,True,,zero frequency — no constraint
AB 137,0,VELAR,u,True,,zero frequency — no constraint
AB 137,0,SIBILANT,a,True,,zero frequency — no constraint
AB 137,0,SIBILANT,e,True,,zero frequency — no constraint
AB 137,0,SIBILANT,i,True,,zero frequency — no constraint
AB 137,0,SIBILANT,o,True,,zero frequency — no constraint
AB 137,0,SIBILANT,u,True,,zero frequency — no constraint
AB 137,0,LIQUID,a,True,,zero frequency — no constraint
AB 137,0,LIQUID,e,True,,zero frequency — no constraint
AB 137,0,LIQUID,i,True,,zero frequency — no constraint
AB 137,0,LIQUID,o,True,,zero frequency — no constraint
AB 137,0,LIQUID,u,True,,zero frequency — no constraint
AB 137,0,PALATAL,a,True,,zero frequency — no constraint
AB 137,0,PALATAL,e,True,,zero frequency — no constraint
AB 137,0,PALATAL,i,True,,zero frequency — no constraint
AB 137,0,PALATAL,o,True,,zero frequency — no constraint
AB 137,0,PALATAL,u,True,,zero frequency — no constraint
AB 137,0,SEMIVOWEL,a,True,,zero frequency — no constraint
AB 137,0,SEMIVOWEL,e,True,,zero frequency — no constraint
AB 137,0,SEMIVOWEL,i,True,,zero frequency — no constraint
AB 137,0,SEMIVOWEL,o,True,,zero frequency — no constraint
AB 137,0,SEMIVOWEL,u,True,,zero frequency — no constraint
AB 137,0,VOWEL,a,True,,zero frequency — no constraint
AB 137,0,VOWEL,e,True,,zero frequency — no constraint
AB 137,0,VOWEL,i,True,,zero frequency — no constraint
AB 137,0,VOWEL,o,True,,zero frequency — no constraint
AB 137,0,VOWEL,u,True,,zero frequency — no constraint
