word_phonemic,word_ab,meaning,category,language,match_type,edit_distance,gorila_id,site,seq_type,found_in_both,matched_substring,context
nāna-,NANA,brother (?),luwian_kinship,luwian,exact,0,HT1,Haghia Triada - Portico 11 and Room 13,conventional,True,NANA,UPAARANANANE𐄙𐄋
kup-,KUPA,"to plan, devise",luwian_agriculture_trade,luwian,exact,0,HT1,Haghia Triada - Portico 11 and Room 13,conventional,True,KUPA,DIZAKEKUPAARANAN
xupa-,KUPA,tomb,lycian_agriculture_trade,lycian,exact,0,HT1,Haghia Triada - Portico 11 and Room 13,conventional,True,KUPA,DIZAKEKUPAARANAN
tbi-,TAPI,one (numeral '1'),lycian_number,lycian,exact,0,HT4,Haghia Triada - Portico 11 and Room 13,conventional,False,TAPI,"TEPARETAPISIDU,P"
tār-,TARA,tree/wood,luwian_nature,luwian,exact,0,HT6a,Haghia Triada - Villa Magazine,conventional,False,TARA,APA𐄁DATARA𐄁TE𐄁NI
pddẽ-,PATE,place,lycian_agriculture_trade,lycian,exact,0,HT8a,Haghia Triada - Villa Magazine,conventional,False,PATE,KARATIPATE*QA*IS
aruna-,ARUNA,sea,luwian_nature,luwian,exact,0,HT10b,Haghia Triada - Villa Magazine,conventional,False,ARUNA,ATA¹⁄SARUNATI¹⁄
tarri-,TARI,three,luwian_number,luwian,exact,0,HT10b,Haghia Triada - Villa Magazine,conventional,False,TARI,TIDARETARINATA¹⁄
-tari,TARI,middle voice 3sg [Mediopassive marker],luwian_suffix,luwian,exact,0,HT10b,Haghia Triada - Villa Magazine,conventional,False,TARI,TIDARETARINATA¹⁄
arina-,ARINA,"spring, water source",lycian_agriculture_trade,lycian,exact,0,HT10b,Haghia Triada - Villa Magazine,conventional,False,ARINA,IDARETARINATA¹⁄SA
arina-,ARINA,"spring, source",lycian_nature,lycian,exact,0,HT10b,Haghia Triada - Villa Magazine,conventional,False,ARINA,IDARETARINATA¹⁄SA
tri-,TARI,three,lycian_number,lycian,exact,0,HT10b,Haghia Triada - Villa Magazine,conventional,False,TARI,TIDARETARINATA¹⁄
Arinna,ARINA,toponym: Arinna,toponym,anatolian,exact,0,HT10b,Haghia Triada - Villa Magazine,conventional,False,ARINA,IDARETARINATA¹⁄SA
tede-,TETE,father,lycian_kinship,lycian,exact,0,HT13,Haghia Triada - Villa Magazine,conventional,False,TETE,REZA¹⁄TETEKI¹⁄KU
kup-,KUPA,"to plan, devise",luwian_agriculture_trade,luwian,exact,0,HT16,Haghia Triada - Villa Magazine,conventional,False,KUPA,KAKUPA𐄁DINAU
xupa-,KUPA,tomb,lycian_agriculture_trade,lycian,exact,0,HT16,Haghia Triada - Villa Magazine,conventional,False,KUPA,KAKUPA𐄁DINAU
kup-,KUPA,"to plan, devise",luwian_agriculture_trade,luwian,exact,0,HT24a,Haghia Triada - Corridor 9 and Vestibule 26,conventional,False,KUPA,KUPARIJAKI
xupa-,KUPA,tomb,lycian_agriculture_trade,lycian,exact,0,HT24a,Haghia Triada - Corridor 9 and Vestibule 26,conventional,False,KUPA,KUPARIJAKI
Apasa,APASA,toponym: Apasa,toponym,anatolian,exact,0,HT24a,Haghia Triada - Corridor 9 and Vestibule 26,conventional,False,APASA,UMAMEMAPASAJAMARU
tede-,TETE,father,lycian_kinship,lycian,exact,0,HT26a,Haghia Triada - Villa Magazine,conventional,False,TETE,𐄁*TETE𐄁TATIK
kuen-,KUNA,"to kill, strike",luwian_verb,luwian,exact,0,HT47a,Haghia Triada - Villa Magazine,conventional,True,KUNA,TU+RO𐄁KUNATUDUUP
nāna-,NANA,brother (?),luwian_kinship,luwian,exact,0,HT64,Haghia Triada - Villa Magazine,conventional,False,NANA,𐝫KUZUNANARUMA*M
pddẽ-,PATE,place,lycian_agriculture_trade,lycian,exact,0,HT85b,Haghia Triada - Casa Room 7,conventional,False,PATE,TAQEKAPATETUZADI
kup-,KUPA,"to plan, devise",luwian_agriculture_trade,luwian,exact,0,HT88,Haghia Triada - Casa Room 7,conventional,False,KUPA,AKIRO𐄁KUPAPAKAJU
kubaba-,KUPAPA,goddess Kubaba,luwian_deities_divine,luwian,exact,0,HT88,Haghia Triada - Casa Room 7,conventional,False,KUPAPA,AKIRO𐄁KUPAPAKAJUKU
xupa-,KUPA,tomb,lycian_agriculture_trade,lycian,exact,0,HT88,Haghia Triada - Casa Room 7,conventional,False,KUPA,AKIRO𐄁KUPAPAKAJU
pata-,PATA,foot,luwian_body_parts,luwian,exact,0,HT94b,Haghia Triada - Casa Room 7,conventional,False,PATA,O𐄁TUMAPATANEDEDI
tār-,TARA,tree/wood,luwian_nature,luwian,exact,0,HT96a,Haghia Triada - Casa Room 7,conventional,False,TARA,SA**PITARA𐄁**—KU
Apasa,APASA,toponym: Apasa,toponym,anatolian,exact,0,HT102,Haghia Triada - Casa Room 7,conventional,False,APASA,KAPASARAGRAP
Apasa,APASA,toponym: Apasa,toponym,anatolian,exact,0,HT105,Haghia Triada - Casa Room 7,conventional,False,APASA,KAPASARA𐄁𐄁𐄚𐄒
kup-,KUPA,"to plan, devise",luwian_agriculture_trade,luwian,exact,0,HT110a,Haghia Triada - Casa Room 7,conventional,False,KUPA,U*KUMIKUPAKURO𐄋𐝫
pānkʷ-,PAKU,five,luwian_number,luwian,exact,0,HT110a,Haghia Triada - Casa Room 7,conventional,False,PAKU,KUMIKUPAKURO𐄋𐝫𐝫𐄕
xupa-,KUPA,tomb,lycian_agriculture_trade,lycian,exact,0,HT110a,Haghia Triada - Casa Room 7,conventional,False,KUPA,U*KUMIKUPAKURO𐄋𐝫
nāna-,NANA,brother (?),luwian_kinship,luwian,exact,0,HT111b,Haghia Triada - Casa Room 7,conventional,False,NANA,𐝫SANANA𐝫𐝫PU𐄇𐝫
kup-,KUPA,"to plan, devise",luwian_agriculture_trade,luwian,exact,0,HT116a,Haghia Triada - Casa Room 9,conventional,False,KUPA,RO𐄁TE𐄁KUPAJAGRAR
xupa-,KUPA,tomb,lycian_agriculture_trade,lycian,exact,0,HT116a,Haghia Triada - Casa Room 9,conventional,False,KUPA,RO𐄁TE𐄁KUPAJAGRAR
kup-,KUPA,"to plan, devise",luwian_agriculture_trade,luwian,exact,0,HT117a,Haghia Triada - Casa Room 9,conventional,False,KUPA,MUMARUKUPANUTUJU
tār-,TARA,tree/wood,luwian_nature,luwian,exact,0,HT117a,Haghia Triada - Casa Room 9,conventional,False,TARA,MIMIRUTARARETEJA
xupa-,KUPA,tomb,lycian_agriculture_trade,lycian,exact,0,HT117a,Haghia Triada - Casa Room 9,conventional,False,KUPA,MUMARUKUPANUTUJU
kup-,KUPA,"to plan, devise",luwian_agriculture_trade,luwian,exact,0,HT119,Haghia Triada - Casa Room 9,conventional,False,KUPA,SIKOJAKUPATUTIJA
xupa-,KUPA,tomb,lycian_agriculture_trade,lycian,exact,0,HT119,Haghia Triada - Casa Room 9,conventional,False,KUPA,SIKOJAKUPATUTIJA
pata-,PATA,foot,luwian_body_parts,luwian,exact,0,HT122a,Haghia Triada - Casa del Lebete,conventional,False,PATA,DEPANUPATANE*TUK
pata-,PATA,foot,luwian_body_parts,luwian,exact,0,HTWa1019,Haghia Triada - Portico 11 and Room 13,conventional,False,PATA,PATANESITU
kup-,KUPA,"to plan, devise",luwian_agriculture_trade,luwian,exact,0,HTWa1020,Haghia Triada - Portico 11 and Room 13,conventional,False,KUPA,KUPAJETANA
xupa-,KUPA,tomb,lycian_agriculture_trade,lycian,exact,0,HTWa1020,Haghia Triada - Portico 11 and Room 13,conventional,False,KUPA,KUPAJETANA
kup-,KUPA,"to plan, devise",luwian_agriculture_trade,luwian,exact,0,HTWc3015,Haghia Triada,conventional,False,KUPA,KAKUPACYP
xupa-,KUPA,tomb,lycian_agriculture_trade,lycian,exact,0,HTWc3015,Haghia Triada,conventional,False,KUPA,KAKUPACYP
kup-,KUPA,"to plan, devise",luwian_agriculture_trade,luwian,exact,0,HTWc3016,Haghia Triada,conventional,False,KUPA,KAKUPA
xupa-,KUPA,tomb,lycian_agriculture_trade,lycian,exact,0,HTWc3016,Haghia Triada,conventional,False,KUPA,KAKUPA
pata-,PATA,foot,luwian_body_parts,luwian,exact,0,HTZb160,Haghia Triada,conventional,False,PATA,PATADADUPU
-šša-,SASA,"iterative/durative [Verbal suffix, also in toponyms]",luwian_suffix,luwian,exact,0,IOZa2,Iouktas,conventional,False,SASA,ITU𐄁JASASARAME𐄁U
-ašša-,ASASA,genitival adjective [Very important for toponyms: -assos/-assa],luwian_suffix,luwian,exact,0,IOZa2,Iouktas,conventional,False,ASASA,KITU𐄁JASASARAME𐄁U
-šša-,SASA,"iterative/durative [Verbal suffix, also in toponyms]",luwian_suffix,luwian,exact,0,IOZa6,Iouktas,conventional,False,SASA,IKA𐄁JASASARAME𐄁
-ašša-,ASASA,genitival adjective [Very important for toponyms: -assos/-assa],luwian_suffix,luwian,exact,0,IOZa6,Iouktas,conventional,False,ASASA,SIKA𐄁JASASARAME𐄁
-šša-,SASA,"iterative/durative [Verbal suffix, also in toponyms]",luwian_suffix,luwian,exact,0,IOZa9,Iouktas,conventional,False,SASA,JASASARAMEUN
-ašša-,ASASA,genitival adjective [Very important for toponyms: -assos/-assa],luwian_suffix,luwian,exact,0,IOZa9,Iouktas,conventional,False,ASASA,JASASARAMEUN
-šša-,SASA,"iterative/durative [Verbal suffix, also in toponyms]",luwian_suffix,luwian,exact,0,IOZb10,Iouktas,conventional,False,SASA,ASASARAMESO
-ašša-,ASASA,genitival adjective [Very important for toponyms: -assos/-assa],luwian_suffix,luwian,exact,0,IOZb10,Iouktas,conventional,False,ASASA,ASASARAMESO
-šša-,SASA,"iterative/durative [Verbal suffix, also in toponyms]",luwian_suffix,luwian,exact,0,IOZa12,Iouktas,conventional,False,SASA,𐄁𐄁JASASARAME𐄁I
-ašša-,ASASA,genitival adjective [Very important for toponyms: -assos/-assa],luwian_suffix,luwian,exact,0,IOZa12,Iouktas,conventional,False,ASASA,𐄁𐄁JASASARAME𐄁I
-šša-,SASA,"iterative/durative [Verbal suffix, also in toponyms]",luwian_suffix,luwian,exact,0,IOZa16,Iouktas,conventional,False,SASA,ROM𐄁JASASARA𐄁UNA
-ašša-,ASASA,genitival adjective [Very important for toponyms: -assos/-assa],luwian_suffix,luwian,exact,0,IOZa16,Iouktas,conventional,False,ASASA,AROM𐄁JASASARA𐄁UNA
kup-,KUPA,"to plan, devise",luwian_agriculture_trade,luwian,exact,0,KH5,Khania,conventional,False,KUPA,U𐄁*NA𐄁KUPAZUCYP≈
-šša-,SASA,"iterative/durative [Verbal suffix, also in toponyms]",luwian_suffix,luwian,exact,0,KH5,Khania,conventional,False,SASA,UDA𐄁WISASANEWINA
xupa-,KUPA,tomb,lycian_agriculture_trade,lycian,exact,0,KH5,Khania,conventional,False,KUPA,U𐄁*NA𐄁KUPAZUCYP≈
kup-,KUPA,"to plan, devise",luwian_agriculture_trade,luwian,exact,0,KH29,Khania,conventional,True,KUPA,RA𐄁TAKUPACYP𐝫𐝫𐝫
xupa-,KUPA,tomb,lycian_agriculture_trade,lycian,exact,0,KH29,Khania,conventional,True,KUPA,RA𐄁TAKUPACYP𐝫𐝫𐝫
tede-,TETE,father,lycian_kinship,lycian,exact,0,KNWc48,Knossos,conventional,False,TETE,TETE
arma-,ARAMA,moon,luwian_nature,luwian,exact,0,KNZa10,Knossos,conventional,False,ARAMA,𐄁JASASARAMA𐄁DAWA𐄁
-šša-,SASA,"iterative/durative [Verbal suffix, also in toponyms]",luwian_suffix,luwian,exact,0,KNZa10,Knossos,conventional,False,SASA,UTI𐄁JASASARAMA𐄁D
-ašša-,ASASA,genitival adjective [Very important for toponyms: -assos/-assa],luwian_suffix,luwian,exact,0,KNZa10,Knossos,conventional,False,ASASA,MUTI𐄁JASASARAMA𐄁D
nāna-,NANA,brother (?),luwian_kinship,luwian,exact,0,KNZa19,Knossos,conventional,False,NANA,UMI𐄁—*NANA
ziti-,SITI,"man, citizen",luwian_social_political,luwian,exact,0,KNZb5,Knossos,conventional,False,SITI,ATURISITI𐄁
-šša-,SASA,"iterative/durative [Verbal suffix, also in toponyms]",luwian_suffix,luwian,exact,0,KHZc106,Knossos,conventional,False,SASA,SASARAME
kuen-,KUNA,"to kill, strike",luwian_verb,luwian,exact,0,KNZc6,Knossos,conventional,False,KUNA,ANU𐄁JUKUNAPAKUNU
pānkʷ-,PAKU,five,luwian_number,luwian,exact,0,KNZc6,Knossos,conventional,False,PAKU,DAKITIPAKU𐄁NIJAN
tarri-,TARI,three,luwian_number,luwian,exact,0,KNZf13,Knossos,conventional,False,TARI,KEPAJATARISETERI
-tari,TARI,middle voice 3sg [Mediopassive marker],luwian_suffix,luwian,exact,0,KNZf13,Knossos,conventional,False,TARI,KEPAJATARISETERI
tri-,TARI,three,lycian_number,lycian,exact,0,KNZf13,Knossos,conventional,False,TARI,KEPAJATARISETERI
nāna-,NANA,brother (?),luwian_kinship,luwian,exact,0,MA2c,Malia,conventional,False,NANA,UNANAMAUTI𐄌
kup-,KUPA,"to plan, devise",luwian_agriculture_trade,luwian,exact,0,PE1,Petras,conventional,False,KUPA,SESINAKUPARIVIR+
xupa-,KUPA,tomb,lycian_agriculture_trade,lycian,exact,0,PE1,Petras,conventional,False,KUPA,SESINAKUPARIVIR+
iššari-,ISARI,hand,luwian_body_parts,luwian,exact,0,PH6,Phaistos,conventional,False,ISARI,IIDAPAISARI
pata-,PATA,foot,luwian_body_parts,luwian,exact,0,PH(?)31a,Phaistos,conventional,False,PATA,NUAUREPATADAKURO
kup-,KUPA,"to plan, devise",luwian_agriculture_trade,luwian,exact,0,PH(?)31a,Phaistos,conventional,True,KUPA,DI*FNEKUPANUAURE
xupa-,KUPA,tomb,lycian_agriculture_trade,lycian,exact,0,PH(?)31a,Phaistos,conventional,True,KUPA,DI*FNEKUPANUAURE
-šša-,SASA,"iterative/durative [Verbal suffix, also in toponyms]",luwian_suffix,luwian,exact,0,PKZa4,Palaikastro,conventional,False,SASA,ASASARA𐝫
-ašša-,ASASA,genitival adjective [Very important for toponyms: -assos/-assa],luwian_suffix,luwian,exact,0,PKZa4,Palaikastro,conventional,False,ASASA,ASASARA𐝫
tede-,TETE,father,lycian_kinship,lycian,exact,0,PKZa8,Palaikastro,conventional,False,TETE,JADIKITETE*PURE𐄁
tede-,TETE,father,lycian_kinship,lycian,exact,0,PKZa11,Palaikastro,conventional,False,TETE,𐄁ADIKITETE𐄁RE𐄁PI
-šša-,SASA,"iterative/durative [Verbal suffix, also in toponyms]",luwian_suffix,luwian,exact,0,PKZa14,Palaikastro,conventional,False,SASA,UME𐄁JASASANI𐝫
-ašša-,ASASA,genitival adjective [Very important for toponyms: -assos/-assa],luwian_suffix,luwian,exact,0,PKZa14,Palaikastro,conventional,False,ASASA,TUME𐄁JASASANI𐝫
tede-,TETE,father,lycian_kinship,lycian,exact,0,PKZa15,Palaikastro,conventional,False,TETE,JADIKITETEDUPURE
-šša-,SASA,"iterative/durative [Verbal suffix, also in toponyms]",luwian_suffix,luwian,exact,0,PLZf1,Platanos,conventional,False,SASA,ETI𐄁JASASARAME𐄁T
-ašša-,ASASA,genitival adjective [Very important for toponyms: -assos/-assa],luwian_suffix,luwian,exact,0,PLZf1,Platanos,conventional,False,ASASA,QETI𐄁JASASARAME𐄁T
-šša-,SASA,"iterative/durative [Verbal suffix, also in toponyms]",luwian_suffix,luwian,exact,0,POZc1,Poros Herakleiou,conventional,False,SASA,IQETIASASARA*𐄁
-ašša-,ASASA,genitival adjective [Very important for toponyms: -assos/-assa],luwian_suffix,luwian,exact,0,POZc1,Poros Herakleiou,conventional,False,ASASA,RIQETIASASARA*𐄁
-šša-,SASA,"iterative/durative [Verbal suffix, also in toponyms]",luwian_suffix,luwian,exact,0,PRZa1,Prassa,conventional,False,SASA,ETOIJASASA*MESO
-ašša-,ASASA,genitival adjective [Very important for toponyms: -assos/-assa],luwian_suffix,luwian,exact,0,PRZa1,Prassa,conventional,False,ASASA,KETOIJASASA*MESO
-šša-,SASA,"iterative/durative [Verbal suffix, also in toponyms]",luwian_suffix,luwian,exact,0,PSZa2,Psykhro,conventional,False,SASA,ATI𐄁JASASARAME𐄁S
-ašša-,ASASA,genitival adjective [Very important for toponyms: -assos/-assa],luwian_suffix,luwian,exact,0,PSZa2,Psykhro,conventional,False,ASASA,JATI𐄁JASASARAME𐄁S
-šša-,SASA,"iterative/durative [Verbal suffix, also in toponyms]",luwian_suffix,luwian,exact,0,SAMWa1,Samothrace,conventional,False,SASA,JASASARATE
-ašša-,ASASA,genitival adjective [Very important for toponyms: -assos/-assa],luwian_suffix,luwian,exact,0,SAMWa1,Samothrace,conventional,False,ASASA,JASASARATE
tede-,TETE,father,lycian_kinship,lycian,exact,0,THEZb13,Thera,conventional,False,TETE,IKAASITETE𐄙𐄑
-šša-,SASA,"iterative/durative [Verbal suffix, also in toponyms]",luwian_suffix,luwian,exact,0,TLZa1,Troullos,conventional,False,SASA,ARE𐄁JASASARAME𐄁U
-ašša-,ASASA,genitival adjective [Very important for toponyms: -assos/-assa],luwian_suffix,luwian,exact,0,TLZa1,Troullos,conventional,False,ASASA,QARE𐄁JASASARAME𐄁U
temi-,TEMI,forest,luwian_nature,luwian,exact,0,ZA6a,Zakros,conventional,False,TEMI,ANA*JUTEMIISEOLI
temi-,TEMI,forest,luwian_nature,luwian,exact,0,ZA10a,Zakros,conventional,False,TEMI,NATANATEMIDAUDUK
pānkʷ-,PAKU,five,luwian_number,luwian,exact,0,ZA10a,Zakros,conventional,False,PAKU,TANATEPAKUMINATA
tār-,TARA,tree/wood,luwian_nature,luwian,exact,0,ZA10b,Zakros,conventional,False,TARA,ADEAMITARAROREPA
kuen-,KUNA,"to kill, strike",luwian_verb,luwian,exact,0,ZA15a,Zakros,conventional,False,KUNA,*KUNASAVINQ
tbi-,TAPI,one (numeral '1'),lycian_number,lycian,exact,0,ZA21a,Zakros,conventional,True,TAPI,"ATETA𐝫TAPIAMI,PA"
temi-,TEMI,forest,luwian_nature,luwian,exact,0,ZA23,Zakros,conventional,False,TEMI,𐝫—TETEMI𐝫NE𐝫
tede-,TETE,father,lycian_kinship,lycian,exact,0,ZA23,Zakros,conventional,False,TETE,𐝫—TETEMI𐝫NE𐝫
kup-,KUPA,"to plan, devise",luwian_agriculture_trade,luwian,exact,0,APZa2,Apodoulou,conventional,True,KUPA,NAMA𐄁IKUPANATUNA
xupa-,KUPA,tomb,lycian_agriculture_trade,lycian,exact,0,APZa2,Apodoulou,conventional,True,KUPA,NAMA𐄁IKUPANATUNA
tbi-,TAPI,one (numeral '1'),lycian_number,lycian,exact,0,ARKH1a,Arkhalkhori,conventional,False,TAPI,TAPI𐄁KI𐝫𐄁R
māwa-,MAWA,four,luwian_number,luwian,exact,0,CR(?)Zf1,Crete,conventional,False,MAWA,AMAWASI𐄁KAN
-šša-,SASA,"iterative/durative [Verbal suffix, also in toponyms]",luwian_suffix,luwian,exact,0,PKZa27,Palaikastro,conventional,False,SASA,JASASARAMEUN
-ašša-,ASASA,genitival adjective [Very important for toponyms: -assos/-assa],luwian_suffix,luwian,exact,0,PKZa27,Palaikastro,conventional,False,ASASA,JASASARAMEUN
iššari-,ISARI,hand,luwian_body_parts,luwian,exact,0,PH54,Phaistos,conventional,False,ISARI,ISARIKE
pata-,PATA,foot,luwian_body_parts,luwian,fuzzy_d1,1,HT1,Haghia Triada - Portico 11 and Room 13,conventional,False,PAA,ZAKEKUPAARANANA
wār-,WARA,water,luwian_agriculture_trade,luwian,fuzzy_d1,1,HT1,Haghia Triada - Portico 11 and Room 13,conventional,False,AARA,AKEKUPAARANANANE
parna-,PARANA,house,luwian_agriculture_trade,luwian,fuzzy_d1,1,HT1,Haghia Triada - Portico 11 and Room 13,conventional,False,AARANA,AKEKUPAARANANANE𐄙𐄋
tār-,TARA,tree/wood,luwian_nature,luwian,fuzzy_d1,1,HT1,Haghia Triada - Portico 11 and Room 13,conventional,False,AARA,AKEKUPAARANANANE
aruna-,ARUNA,sea,luwian_nature,luwian,fuzzy_d1,1,HT1,Haghia Triada - Portico 11 and Room 13,conventional,False,ARANA,KEKUPAARANANANE𐄙𐄋
arma-,ARAMA,moon,luwian_nature,luwian,fuzzy_d1,1,HT1,Haghia Triada - Portico 11 and Room 13,conventional,False,ARANA,KEKUPAARANANANE𐄙𐄋
kubaba-,KUPAPA,goddess Kubaba,luwian_deities_divine,luwian,fuzzy_d1,1,HT1,Haghia Triada - Portico 11 and Room 13,conventional,False,KUPAA,DIZAKEKUPAARANANA
kuen-,KUNA,"to kill, strike",luwian_verb,luwian,fuzzy_d1,1,HT1,Haghia Triada - Portico 11 and Room 13,conventional,True,KUPA,DIZAKEKUPAARANAN
-war,WARA,verbal noun [Gerundive/verbal noun],luwian_suffix,luwian,fuzzy_d1,1,HT1,Haghia Triada - Portico 11 and Room 13,conventional,False,AARA,AKEKUPAARANANANE
-anda-,ANATA,gerundive/place [Very important for toponyms: -anda],luwian_suffix,luwian,fuzzy_d1,1,HT1,Haghia Triada - Portico 11 and Room 13,conventional,False,ANANA,KUPAARANANANE𐄙𐄋
prñna-,PARANA,"house, building",lycian_agriculture_trade,lycian,fuzzy_d1,1,HT1,Haghia Triada - Portico 11 and Room 13,conventional,False,AARANA,AKEKUPAARANANANE𐄙𐄋
arina-,ARINA,"spring, water source",lycian_agriculture_trade,lycian,fuzzy_d1,1,HT1,Haghia Triada - Portico 11 and Room 13,conventional,False,ARANA,KEKUPAARANANANE𐄙𐄋
arina-,ARINA,"spring, source",lycian_nature,lycian,fuzzy_d1,1,HT1,Haghia Triada - Portico 11 and Room 13,conventional,False,ARANA,KEKUPAARANANANE𐄙𐄋
Arinna,ARINA,toponym: Arinna,toponym,anatolian,fuzzy_d1,1,HT1,Haghia Triada - Portico 11 and Room 13,conventional,False,ARANA,KEKUPAARANANANE𐄙𐄋
atta-,ATTA,father,luwian_kinship,luwian,fuzzy_d1,1,HT3,Haghia Triada - Portico 11 and Room 13,conventional,True,A𐝫TA,"UMADIDA𐝫TA,NWA𐄉𐝫"
malli-,MALI,to grind,luwian_verb,luwian,fuzzy_d1,1,HT3,Haghia Triada - Portico 11 and Room 13,conventional,False,MADI,𐝫MADIQERAJA
pānkʷ-,PAKU,five,luwian_number,luwian,fuzzy_d1,1,HT3,Haghia Triada - Portico 11 and Room 13,conventional,False,PANU,RAREDIPANUMADIDA
izre-,ISARE,hand,lycian_body_parts,lycian,fuzzy_d1,1,HT3,Haghia Triada - Portico 11 and Room 13,conventional,False,IRARE,ADIRUSIRAREDIPANU
gant-,KATA,tooth,luwian_body_parts,luwian,fuzzy_d1,1,HT4,Haghia Triada - Portico 11 and Room 13,conventional,False,KAA,𐝫*TIKAAREDUTE
tarri-,TARI,three,luwian_number,luwian,fuzzy_d1,1,HT4,Haghia Triada - Portico 11 and Room 13,conventional,False,TAPI,"TEPARETAPISIDU,P"
-tari,TARI,middle voice 3sg [Mediopassive marker],luwian_suffix,luwian,fuzzy_d1,1,HT4,Haghia Triada - Portico 11 and Room 13,conventional,False,TAPI,"TEPARETAPISIDU,P"
pddẽ-,PATE,place,lycian_agriculture_trade,lycian,fuzzy_d1,1,HT4,Haghia Triada - Portico 11 and Room 13,conventional,False,PARE,REDUTEPARETAPISI
kbi-,KAPI,two (numeral '2'),lycian_number,lycian,fuzzy_d1,1,HT4,Haghia Triada - Portico 11 and Room 13,conventional,False,TAPI,"TEPARETAPISIDU,P"
tri-,TARI,three,lycian_number,lycian,fuzzy_d1,1,HT4,Haghia Triada - Portico 11 and Room 13,conventional,False,TAPI,"TEPARETAPISIDU,P"
malli-,MALI,to grind,luwian_verb,luwian,fuzzy_d1,1,HT5,Haghia Triada - Portico 11 and Room 13,conventional,False,MAWI,𐝫*MAWIDU𐝫𐝫𐄐𐝫
māwa-,MAWA,four,luwian_number,luwian,fuzzy_d1,1,HT5,Haghia Triada - Portico 11 and Room 13,conventional,False,MAWI,𐝫*MAWIDU𐝫𐝫𐄐𐝫
atta-,ATTA,father,luwian_kinship,luwian,fuzzy_d1,1,HT6a,Haghia Triada - Villa Magazine,conventional,False,ATA,KAPA𐄁DATARA𐄁TE𐄁
zida-,ZITA,"man, male",luwian_kinship,luwian,fuzzy_d1,1,HT6a,Haghia Triada - Villa Magazine,conventional,False,NITA,RA𐄁TE𐄁NITAJAJA+R
pata-,PATA,foot,luwian_body_parts,luwian,fuzzy_d1,1,HT6a,Haghia Triada - Villa Magazine,conventional,False,DATA,KAPA𐄁DATARA𐄁TE𐄁
tawa-,TAWA,eye,luwian_body_parts,luwian,fuzzy_d1,1,HT6a,Haghia Triada - Villa Magazine,conventional,False,TARA,APA𐄁DATARA𐄁TE𐄁NI
gant-,KATA,tooth,luwian_body_parts,luwian,fuzzy_d1,1,HT6a,Haghia Triada - Villa Magazine,conventional,False,KAPA,KAPA𐄁DATAR
wār-,WARA,water,luwian_agriculture_trade,luwian,fuzzy_d1,1,HT6a,Haghia Triada - Villa Magazine,conventional,False,TARA,APA𐄁DATARA𐄁TE𐄁NI
kup-,KUPA,"to plan, devise",luwian_agriculture_trade,luwian,fuzzy_d1,1,HT6a,Haghia Triada - Villa Magazine,conventional,False,KAPA,KAPA𐄁DATAR
tarri-,TARI,three,luwian_number,luwian,fuzzy_d1,1,HT6a,Haghia Triada - Villa Magazine,conventional,False,TARA,APA𐄁DATARA𐄁TE𐄁NI
*daw(a)-,TAWA,six (reconstructed),luwian_number,luwian,fuzzy_d1,1,HT6a,Haghia Triada - Villa Magazine,conventional,False,TARA,APA𐄁DATARA𐄁TE𐄁NI
-tari,TARI,middle voice 3sg [Mediopassive marker],luwian_suffix,luwian,fuzzy_d1,1,HT6a,Haghia Triada - Villa Magazine,conventional,False,TARA,APA𐄁DATARA𐄁TE𐄁NI
-war,WARA,verbal noun [Gerundive/verbal noun],luwian_suffix,luwian,fuzzy_d1,1,HT6a,Haghia Triada - Villa Magazine,conventional,False,TARA,APA𐄁DATARA𐄁TE𐄁NI
lada-,LATA,"wife, woman",lycian_kinship,lycian,fuzzy_d1,1,HT6a,Haghia Triada - Villa Magazine,conventional,False,DATA,KAPA𐄁DATARA𐄁TE𐄁
xupa-,KUPA,tomb,lycian_agriculture_trade,lycian,fuzzy_d1,1,HT6a,Haghia Triada - Villa Magazine,conventional,False,KAPA,KAPA𐄁DATAR
natr-,NATARA,reeds,lycian_nature,lycian,fuzzy_d1,1,HT6a,Haghia Triada - Villa Magazine,conventional,False,DATARA,KAPA𐄁DATARA𐄁TE𐄁NI
tura-,TURA,"land, earth",lycian_nature,lycian,fuzzy_d1,1,HT6a,Haghia Triada - Villa Magazine,conventional,False,TARA,APA𐄁DATARA𐄁TE𐄁NI
kbi-,KAPI,two (numeral '2'),lycian_number,lycian,fuzzy_d1,1,HT6a,Haghia Triada - Villa Magazine,conventional,False,KAPA,KAPA𐄁DATAR
tri-,TARI,three,lycian_number,lycian,fuzzy_d1,1,HT6a,Haghia Triada - Villa Magazine,conventional,False,TARA,APA𐄁DATARA𐄁TE𐄁NI
nāna-,NANA,brother (?),luwian_kinship,luwian,fuzzy_d1,1,HT6b,Haghia Triada - Villa Magazine,conventional,False,NINA,KISAMANINA¹⁄𐄍
immara-,IMARA,"field, open country",luwian_agriculture_trade,luwian,fuzzy_d1,1,HT6b,Haghia Triada - Villa Magazine,conventional,False,IMIRA,WADUNIMIRATISEMA
malli-,MALI,to grind,luwian_verb,luwian,fuzzy_d1,1,HT6b,Haghia Triada - Villa Magazine,conventional,False,MARI,RATISEMARIREIDUD
išta-,ISATA,to hear,luwian_verb,luwian,fuzzy_d1,1,HT6b,Haghia Triada - Villa Magazine,conventional,False,ISAMA,AMADAKISAMANINA¹⁄
malā-,MALA,to think,luwian_verb,luwian,fuzzy_d1,1,HT6b,Haghia Triada - Villa Magazine,conventional,False,MADA,EIDUDAMADAKISAMA
tarri-,TARI,three,luwian_number,luwian,fuzzy_d1,1,HT6b,Haghia Triada - Villa Magazine,conventional,False,MARI,RATISEMARIREIDUD
māwa-,MAWA,four,luwian_number,luwian,fuzzy_d1,1,HT6b,Haghia Triada - Villa Magazine,conventional,False,MADA,EIDUDAMADAKISAMA
-šša-,SASA,"iterative/durative [Verbal suffix, also in toponyms]",luwian_suffix,luwian,fuzzy_d1,1,HT6b,Haghia Triada - Villa Magazine,conventional,False,SAMA,MADAKISAMANINA¹⁄
-tari,TARI,middle voice 3sg [Mediopassive marker],luwian_suffix,luwian,fuzzy_d1,1,HT6b,Haghia Triada - Villa Magazine,conventional,False,MARI,RATISEMARIREIDUD
arina-,ARINA,"spring, water source",lycian_agriculture_trade,lycian,fuzzy_d1,1,HT6b,Haghia Triada - Villa Magazine,conventional,False,ANINA,AKISAMANINA¹⁄𐄍
tese-,TESE,"oath, agreement",lycian_agriculture_trade,lycian,fuzzy_d1,1,HT6b,Haghia Triada - Villa Magazine,conventional,False,TISE,NIMIRATISEMARIRE
arina-,ARINA,"spring, source",lycian_nature,lycian,fuzzy_d1,1,HT6b,Haghia Triada - Villa Magazine,conventional,False,ANINA,AKISAMANINA¹⁄𐄍
tri-,TARI,three,lycian_number,lycian,fuzzy_d1,1,HT6b,Haghia Triada - Villa Magazine,conventional,False,MARI,RATISEMARIREIDUD
Arinna,ARINA,toponym: Arinna,toponym,anatolian,fuzzy_d1,1,HT6b,Haghia Triada - Villa Magazine,conventional,False,ANINA,AKISAMANINA¹⁄𐄍
atta-,ATTA,father,luwian_kinship,luwian,fuzzy_d1,1,HT7a,Haghia Triada - Villa Magazine,conventional,False,ATA,UJADUJATANATIDA
nāna-,NANA,brother (?),luwian_kinship,luwian,fuzzy_d1,1,HT7a,Haghia Triada - Villa Magazine,conventional,False,TANA,JADUJATANATIDARE
pata-,PATA,foot,luwian_body_parts,luwian,fuzzy_d1,1,HT7a,Haghia Triada - Villa Magazine,conventional,False,JATA,RUJADUJATANATIDA
tawa-,TAWA,eye,luwian_body_parts,luwian,fuzzy_d1,1,HT7a,Haghia Triada - Villa Magazine,conventional,False,TANA,JADUJATANATIDARE
gant-,KATA,tooth,luwian_body_parts,luwian,fuzzy_d1,1,HT7a,Haghia Triada - Villa Magazine,conventional,False,JATA,RUJADUJATANATIDA
tār-,TARA,tree/wood,luwian_nature,luwian,fuzzy_d1,1,HT7a,Haghia Triada - Villa Magazine,conventional,False,TANA,JADUJATANATIDARE
ḫantawati-,ATAWATI,king,luwian_social_political,luwian,fuzzy_d1,1,HT7a,Haghia Triada - Villa Magazine,conventional,False,ATANATI,UJADUJATANATIDARETE
*daw(a)-,TAWA,six (reconstructed),luwian_number,luwian,fuzzy_d1,1,HT7a,Haghia Triada - Villa Magazine,conventional,False,TANA,JADUJATANATIDARE
-anda-,ANATA,gerundive/place [Very important for toponyms: -anda],luwian_suffix,luwian,fuzzy_d1,1,HT7a,Haghia Triada - Villa Magazine,conventional,False,ANATI,ADUJATANATIDARETE
tede-,TETE,father,lycian_kinship,lycian,fuzzy_d1,1,HT7a,Haghia Triada - Villa Magazine,conventional,False,RETE,NATIDARETETU
lada-,LATA,"wife, woman",lycian_kinship,lycian,fuzzy_d1,1,HT7a,Haghia Triada - Villa Magazine,conventional,False,JATA,RUJADUJATANATIDA
izre-,ISARE,hand,lycian_body_parts,lycian,fuzzy_d1,1,HT7a,Haghia Triada - Villa Magazine,conventional,False,IDARE,ATANATIDARETETU
nāna-,NANA,brother (?),luwian_kinship,luwian,fuzzy_d1,1,HT8a,Haghia Triada - Villa Magazine,conventional,False,TANA,RAKIRETANA
pata-,PATA,foot,luwian_body_parts,luwian,fuzzy_d1,1,HT8a,Haghia Triada - Villa Magazine,conventional,False,PAKA,JEDIPAKARATIPA
tawa-,TAWA,eye,luwian_body_parts,luwian,fuzzy_d1,1,HT8a,Haghia Triada - Villa Magazine,conventional,False,TANA,RAKIRETANA
gant-,KATA,tooth,luwian_body_parts,luwian,fuzzy_d1,1,HT8a,Haghia Triada - Villa Magazine,conventional,False,KARA,JEDIPAKARATIPATE
wār-,WARA,water,luwian_agriculture_trade,luwian,fuzzy_d1,1,HT8a,Haghia Triada - Villa Magazine,conventional,False,KARA,JEDIPAKARATIPATE
tār-,TARA,tree/wood,luwian_nature,luwian,fuzzy_d1,1,HT8a,Haghia Triada - Villa Magazine,conventional,False,KARA,JEDIPAKARATIPATE
ziti-,SITI,"man, citizen",luwian_social_political,luwian,fuzzy_d1,1,HT8a,Haghia Triada - Villa Magazine,conventional,False,SIKI,E*QA*ISIKIRAKIRE
pānkʷ-,PAKU,five,luwian_number,luwian,fuzzy_d1,1,HT8a,Haghia Triada - Villa Magazine,conventional,False,PAKA,JEDIPAKARATIPA
*daw(a)-,TAWA,six (reconstructed),luwian_number,luwian,fuzzy_d1,1,HT8a,Haghia Triada - Villa Magazine,conventional,False,TANA,RAKIRETANA
-war,WARA,verbal noun [Gerundive/verbal noun],luwian_suffix,luwian,fuzzy_d1,1,HT8a,Haghia Triada - Villa Magazine,conventional,False,KARA,JEDIPAKARATIPATE
atta-,ATTA,father,luwian_kinship,luwian,fuzzy_d1,1,HT9a,Haghia Triada - Villa Magazine,conventional,False,ATA,PU*DIRATAIAROMA
pata-,PATA,foot,luwian_body_parts,luwian,fuzzy_d1,1,HT9a,Haghia Triada - Villa Magazine,conventional,False,RATA,EPU*DIRATAIAROMA
tawa-,TAWA,eye,luwian_body_parts,luwian,fuzzy_d1,1,HT9a,Haghia Triada - Villa Magazine,conventional,False,TAIA,U*DIRATAIAROMARU
gant-,KATA,tooth,luwian_body_parts,luwian,fuzzy_d1,1,HT9a,Haghia Triada - Villa Magazine,conventional,False,RATA,EPU*DIRATAIAROMA
tār-,TARA,tree/wood,luwian_nature,luwian,fuzzy_d1,1,HT9a,Haghia Triada - Villa Magazine,conventional,False,TAIA,U*DIRATAIAROMARU
arma-,ARAMA,moon,luwian_nature,luwian,fuzzy_d1,1,HT9a,Haghia Triada - Villa Magazine,conventional,False,AROMA,IRATAIAROMARUKURO
išta-,ISATA,to hear,luwian_verb,luwian,fuzzy_d1,1,HT9a,Haghia Triada - Villa Magazine,conventional,False,IRATA,QEPU*DIRATAIAROMA
tarri-,TARI,three,luwian_number,luwian,fuzzy_d1,1,HT9a,Haghia Triada - Villa Magazine,conventional,False,TAI,U*DIRATAIAROMAR
*daw(a)-,TAWA,six (reconstructed),luwian_number,luwian,fuzzy_d1,1,HT9a,Haghia Triada - Villa Magazine,conventional,False,TAIA,U*DIRATAIAROMARU
-tari,TARI,middle voice 3sg [Mediopassive marker],luwian_suffix,luwian,fuzzy_d1,1,HT9a,Haghia Triada - Villa Magazine,conventional,False,TAI,U*DIRATAIAROMAR
lada-,LATA,"wife, woman",lycian_kinship,lycian,fuzzy_d1,1,HT9a,Haghia Triada - Villa Magazine,conventional,False,RATA,EPU*DIRATAIAROMA
pddẽ-,PATE,place,lycian_agriculture_trade,lycian,fuzzy_d1,1,HT9a,Haghia Triada - Villa Magazine,conventional,False,PADE,E𐄁VIN𐄁PADE𐄁*TUDI
tbi-,TAPI,one (numeral '1'),lycian_number,lycian,fuzzy_d1,1,HT9a,Haghia Triada - Villa Magazine,conventional,False,TAI,U*DIRATAIAROMAR
tri-,TARI,three,lycian_number,lycian,fuzzy_d1,1,HT9a,Haghia Triada - Villa Magazine,conventional,False,TAI,U*DIRATAIAROMAR
warwala-,WAWA,"seed, offspring",luwian_kinship,luwian,fuzzy_d1,1,HT9b,Haghia Triada - Villa Magazine,conventional,False,WAJA,PA𐄁WAJAPI*𐄁DE
wār-,WARA,water,luwian_agriculture_trade,luwian,fuzzy_d1,1,HT9b,Haghia Triada - Villa Magazine,conventional,False,WAJA,PA𐄁WAJAPI*𐄁DE
ziti-,SITI,"man, citizen",luwian_social_political,luwian,fuzzy_d1,1,HT9b,Haghia Triada - Villa Magazine,conventional,False,SITU,PI*𐄁DESITUDIRAPU
walā-,WALA,to die,luwian_verb,luwian,fuzzy_d1,1,HT9b,Haghia Triada - Villa Magazine,conventional,False,WAJA,PA𐄁WAJAPI*𐄁DE
-war,WARA,verbal noun [Gerundive/verbal noun],luwian_suffix,luwian,fuzzy_d1,1,HT9b,Haghia Triada - Villa Magazine,conventional,False,WAJA,PA𐄁WAJAPI*𐄁DE
tbi-,TAPI,one (numeral '1'),lycian_number,lycian,fuzzy_d1,1,HT9b,Haghia Triada - Villa Magazine,conventional,False,JAPI,PA𐄁WAJAPI*𐄁DESI
kbi-,KAPI,two (numeral '2'),lycian_number,lycian,fuzzy_d1,1,HT9b,Haghia Triada - Villa Magazine,conventional,False,JAPI,PA𐄁WAJAPI*𐄁DESI
kuen-,KUNA,"to kill, strike",luwian_verb,luwian,fuzzy_d1,1,HT10a,Haghia Triada - Villa Magazine,conventional,False,KUNI,KUNISU𐄁SAM
-šša-,SASA,"iterative/durative [Verbal suffix, also in toponyms]",luwian_suffix,luwian,fuzzy_d1,1,HT10a,Haghia Triada - Villa Magazine,conventional,False,SAMA,UNISU𐄁SAMA𐄁PA𐄁DA
atta-,ATTA,father,luwian_kinship,luwian,fuzzy_d1,1,HT10b,Haghia Triada - Villa Magazine,conventional,False,ATA,ETARINATA¹⁄SARU
nāna-,NANA,brother (?),luwian_kinship,luwian,fuzzy_d1,1,HT10b,Haghia Triada - Villa Magazine,conventional,False,NATA,RETARINATA¹⁄SARU
pata-,PATA,foot,luwian_body_parts,luwian,fuzzy_d1,1,HT10b,Haghia Triada - Villa Magazine,conventional,False,NATA,RETARINATA¹⁄SARU
gant-,KATA,tooth,luwian_body_parts,luwian,fuzzy_d1,1,HT10b,Haghia Triada - Villa Magazine,conventional,False,NATA,RETARINATA¹⁄SARU
tār-,TARA,tree/wood,luwian_nature,luwian,fuzzy_d1,1,HT10b,Haghia Triada - Villa Magazine,conventional,False,TARI,TIDARETARINATA¹⁄
kuen-,KUNA,"to kill, strike",luwian_verb,luwian,fuzzy_d1,1,HT10b,Haghia Triada - Villa Magazine,conventional,False,RUNA,TA¹⁄SARUNATI¹⁄
išta-,ISATA,to hear,luwian_verb,luwian,fuzzy_d1,1,HT10b,Haghia Triada - Villa Magazine,conventional,False,INATA,ARETARINATA¹⁄SARU
-anda-,ANATA,gerundive/place [Very important for toponyms: -anda],luwian_suffix,luwian,fuzzy_d1,1,HT10b,Haghia Triada - Villa Magazine,conventional,False,INATA,ARETARINATA¹⁄SARU
lada-,LATA,"wife, woman",lycian_kinship,lycian,fuzzy_d1,1,HT10b,Haghia Triada - Villa Magazine,conventional,False,NATA,RETARINATA¹⁄SARU
izre-,ISARE,hand,lycian_body_parts,lycian,fuzzy_d1,1,HT10b,Haghia Triada - Villa Magazine,conventional,False,IDARE,UTIDARETARINA
wedri-,WETARI,"city, settlement",lycian_agriculture_trade,lycian,fuzzy_d1,1,HT10b,Haghia Triada - Villa Magazine,conventional,False,RETARI,UTIDARETARINATA¹⁄
tbi-,TAPI,one (numeral '1'),lycian_number,lycian,fuzzy_d1,1,HT10b,Haghia Triada - Villa Magazine,conventional,False,TARI,TIDARETARINATA¹⁄
nāna-,NANA,brother (?),luwian_kinship,luwian,fuzzy_d1,1,HT11a,Haghia Triada - Villa Magazine,conventional,True,KANA,ARURA𐄁KANA*KUAJA
gant-,KATA,tooth,luwian_body_parts,luwian,fuzzy_d1,1,HT11a,Haghia Triada - Villa Magazine,conventional,True,KANA,ARURA𐄁KANA*KUAJA
kup-,KUPA,"to plan, devise",luwian_agriculture_trade,luwian,fuzzy_d1,1,HT11a,Haghia Triada - Villa Magazine,conventional,False,KUA,𐄁KANA*KUAJAVIR+
aruna-,ARUNA,sea,luwian_nature,luwian,fuzzy_d1,1,HT11a,Haghia Triada - Villa Magazine,conventional,False,ARURA,ARURA𐄁KANA*
kuen-,KUNA,"to kill, strike",luwian_verb,luwian,fuzzy_d1,1,HT11a,Haghia Triada - Villa Magazine,conventional,True,KANA,ARURA𐄁KANA*KUAJA
xupa-,KUPA,tomb,lycian_agriculture_trade,lycian,fuzzy_d1,1,HT11a,Haghia Triada - Villa Magazine,conventional,False,KUA,𐄁KANA*KUAJAVIR+
tura-,TURA,"land, earth",lycian_nature,lycian,fuzzy_d1,1,HT11a,Haghia Triada - Villa Magazine,conventional,False,RURA,ARURA𐄁KANA*
nāna-,NANA,brother (?),luwian_kinship,luwian,fuzzy_d1,1,HT11b,Haghia Triada - Villa Magazine,conventional,False,NAKA,RAKAZUNAKAQERI𐄁K
aruna-,ARUNA,sea,luwian_nature,luwian,fuzzy_d1,1,HT11b,Haghia Triada - Villa Magazine,conventional,False,AZUNA,ENURAKAZUNAKAQERI
kuen-,KUNA,"to kill, strike",luwian_verb,luwian,fuzzy_d1,1,HT11b,Haghia Triada - Villa Magazine,conventional,False,ZUNA,NURAKAZUNAKAQERI
tura-,TURA,"land, earth",lycian_nature,lycian,fuzzy_d1,1,HT11b,Haghia Triada - Villa Magazine,conventional,False,NURA,DENURAKAZUNA
pddẽ-,PATE,place,lycian_agriculture_trade,lycian,fuzzy_d1,1,HT12,Haghia Triada - Villa Magazine,conventional,False,DATE,QATIDATE𐄁*QETU
tār-,TARA,tree/wood,luwian_nature,luwian,fuzzy_d1,1,HT13,Haghia Triada - Villa Magazine,conventional,False,TARO,URO¹⁄𐄋TARO𐄙𐄒
temi-,TEMI,forest,luwian_nature,luwian,fuzzy_d1,1,HT13,Haghia Triada - Villa Magazine,conventional,True,TEKI,ZA¹⁄TETEKI¹⁄KUZU
ziti-,SITI,"man, citizen",luwian_social_political,luwian,fuzzy_d1,1,HT13,Haghia Triada - Villa Magazine,conventional,False,SI*I,KUZUDASI*IDUNESI
tarri-,TARI,three,luwian_number,luwian,fuzzy_d1,1,HT13,Haghia Triada - Villa Magazine,conventional,False,TAVI,KAUDETAVIN𐄁TE𐄁R
-tari,TARI,middle voice 3sg [Mediopassive marker],luwian_suffix,luwian,fuzzy_d1,1,HT13,Haghia Triada - Villa Magazine,conventional,False,TAVI,KAUDETAVIN𐄁TE𐄁R
tese-,TESE,"oath, agreement",lycian_agriculture_trade,lycian,fuzzy_d1,1,HT13,Haghia Triada - Villa Magazine,conventional,False,TETE,REZA¹⁄TETEKI¹⁄KU
tbi-,TAPI,one (numeral '1'),lycian_number,lycian,fuzzy_d1,1,HT13,Haghia Triada - Villa Magazine,conventional,False,TAVI,KAUDETAVIN𐄁TE𐄁R
tri-,TARI,three,lycian_number,lycian,fuzzy_d1,1,HT13,Haghia Triada - Villa Magazine,conventional,False,TAVI,KAUDETAVIN𐄁TE𐄁R
kuen-,KUNA,"to kill, strike",luwian_verb,luwian,fuzzy_d1,1,HT14,Haghia Triada - Villa Magazine,conventional,False,PUNA,A*OLIVPUNADUGRAO
arma-,ARAMA,moon,luwian_nature,luwian,fuzzy_d1,1,HT15,Haghia Triada - Villa Magazine,conventional,False,AROMA,IGRADUAROMAGRA+L+
kuen-,KUNA,"to kill, strike",luwian_verb,luwian,fuzzy_d1,1,HT16,Haghia Triada - Villa Magazine,conventional,False,KUPA,KAKUPA𐄁DINAU
pānkʷ-,PAKU,five,luwian_number,luwian,fuzzy_d1,1,HT16,Haghia Triada - Villa Magazine,conventional,True,KAKU,KAKUPA𐄁DIN
ēšḫar-,ESARA,blood,luwian_body_parts,luwian,fuzzy_d1,1,HT18,Haghia Triada - Villa Magazine,conventional,False,*SARA,PASE*SARAGRANI
wār-,WARA,water,luwian_agriculture_trade,luwian,fuzzy_d1,1,HT18,Haghia Triada - Villa Magazine,conventional,False,SARA,PASE*SARAGRANI
tār-,TARA,tree/wood,luwian_nature,luwian,fuzzy_d1,1,HT18,Haghia Triada - Villa Magazine,conventional,False,SARA,PASE*SARAGRANI
-šša-,SASA,"iterative/durative [Verbal suffix, also in toponyms]",luwian_suffix,luwian,fuzzy_d1,1,HT18,Haghia Triada - Villa Magazine,conventional,False,SARA,PASE*SARAGRANI
-war,WARA,verbal noun [Gerundive/verbal noun],luwian_suffix,luwian,fuzzy_d1,1,HT18,Haghia Triada - Villa Magazine,conventional,False,SARA,PASE*SARAGRANI
pddẽ-,PATE,place,lycian_agriculture_trade,lycian,fuzzy_d1,1,HT18,Haghia Triada - Villa Magazine,conventional,False,PASE,PASE*SARAG
kup-,KUPA,"to plan, devise",luwian_agriculture_trade,luwian,fuzzy_d1,1,HT20,Haghia Triada - Villa Magazine,conventional,False,KUMA,AROSU𐄁KUMAJUQEKU
kuen-,KUNA,"to kill, strike",luwian_verb,luwian,fuzzy_d1,1,HT20,Haghia Triada - Villa Magazine,conventional,False,KUMA,AROSU𐄁KUMAJUQEKU
tūwa-,TUWA,"to put, place",luwian_verb,luwian,fuzzy_d1,1,HT20,Haghia Triada - Villa Magazine,conventional,False,JUWA,*MSAREJUWA
tuwā-,TUWA,to look at,luwian_verb,luwian,fuzzy_d1,1,HT20,Haghia Triada - Villa Magazine,conventional,False,JUWA,*MSAREJUWA
tuw(a)-,TUWA,two,luwian_number,luwian,fuzzy_d1,1,HT20,Haghia Triada - Villa Magazine,conventional,False,JUWA,*MSAREJUWA
izre-,ISARE,hand,lycian_body_parts,lycian,fuzzy_d1,1,HT20,Haghia Triada - Villa Magazine,conventional,False,MSARE,RE𐄁DI*MSAREJUWA
xupa-,KUPA,tomb,lycian_agriculture_trade,lycian,fuzzy_d1,1,HT20,Haghia Triada - Villa Magazine,conventional,False,KUMA,AROSU𐄁KUMAJUQEKU
zida-,ZITA,"man, male",luwian_kinship,luwian,fuzzy_d1,1,HT21,Haghia Triada - Villa Magazine,conventional,False,PITA,PITAKASE𐄁T
pata-,PATA,foot,luwian_body_parts,luwian,fuzzy_d1,1,HT21,Haghia Triada - Villa Magazine,conventional,False,PITA,PITAKASE𐄁T
tawa-,TAWA,eye,luwian_body_parts,luwian,fuzzy_d1,1,HT21,Haghia Triada - Villa Magazine,conventional,False,TAKA,PITAKASE𐄁TE𐄁
tār-,TARA,tree/wood,luwian_nature,luwian,fuzzy_d1,1,HT21,Haghia Triada - Villa Magazine,conventional,False,TAKA,PITAKASE𐄁TE𐄁
piya-,PIJA,to give,luwian_verb,luwian,fuzzy_d1,1,HT21,Haghia Triada - Villa Magazine,conventional,False,PITA,PITAKASE𐄁T
*daw(a)-,TAWA,six (reconstructed),luwian_number,luwian,fuzzy_d1,1,HT21,Haghia Triada - Villa Magazine,conventional,False,TAKA,PITAKASE𐄁TE𐄁
nāna-,NANA,brother (?),luwian_kinship,luwian,fuzzy_d1,1,HT23a,Haghia Triada - Villa Magazine,conventional,False,KANA,KANA𐄁CYP*M
gant-,KATA,tooth,luwian_body_parts,luwian,fuzzy_d1,1,HT23a,Haghia Triada - Villa Magazine,conventional,False,KANA,KANA𐄁CYP*M
kuen-,KUNA,"to kill, strike",luwian_verb,luwian,fuzzy_d1,1,HT23a,Haghia Triada - Villa Magazine,conventional,False,KANA,KANA𐄁CYP*M
tūwa-,TUWA,"to put, place",luwian_verb,luwian,fuzzy_d1,1,HT23a,Haghia Triada - Villa Magazine,conventional,False,TUQA,RE+PUETUQA¹⁄MESI
tuwā-,TUWA,to look at,luwian_verb,luwian,fuzzy_d1,1,HT23a,Haghia Triada - Villa Magazine,conventional,False,TUQA,RE+PUETUQA¹⁄MESI
tuw(a)-,TUWA,two,luwian_number,luwian,fuzzy_d1,1,HT23a,Haghia Triada - Villa Magazine,conventional,False,TUQA,RE+PUETUQA¹⁄MESI
tura-,TURA,"land, earth",lycian_nature,lycian,fuzzy_d1,1,HT23a,Haghia Triada - Villa Magazine,conventional,False,TUQA,RE+PUETUQA¹⁄MESI
pata-,PATA,foot,luwian_body_parts,luwian,fuzzy_d1,1,HT24a,Haghia Triada - Corridor 9 and Vestibule 26,conventional,False,PASA,MAMEMAPASAJAMARU
ḫašta-,ASATA,bone,luwian_body_parts,luwian,fuzzy_d1,1,HT24a,Haghia Triada - Corridor 9 and Vestibule 26,conventional,False,ASAJA,AMEMAPASAJAMARURU
immara-,IMARA,"field, open country",luwian_agriculture_trade,luwian,fuzzy_d1,1,HT24a,Haghia Triada - Corridor 9 and Vestibule 26,conventional,False,IMARU,ARIJAKIMARUMAMEMA
zuppari-,SUPARI,torch,luwian_agriculture_trade,luwian,fuzzy_d1,1,HT24a,Haghia Triada - Corridor 9 and Vestibule 26,conventional,False,KUPARI,KUPARIJAKIMA
aruna-,ARUNA,sea,luwian_nature,luwian,fuzzy_d1,1,HT24a,Haghia Triada - Corridor 9 and Vestibule 26,conventional,False,ARUMA,IJAKIMARUMAMEMAPA
arma-,ARAMA,moon,luwian_nature,luwian,fuzzy_d1,1,HT24a,Haghia Triada - Corridor 9 and Vestibule 26,conventional,False,ARUMA,IJAKIMARUMAMEMAPA
ḫašt-,ASATA,"star, bone (dual meaning)",luwian_nature,luwian,fuzzy_d1,1,HT24a,Haghia Triada - Corridor 9 and Vestibule 26,conventional,False,ASAJA,AMEMAPASAJAMARURU
piya-,PIJA,to give,luwian_verb,luwian,fuzzy_d1,1,HT24a,Haghia Triada - Corridor 9 and Vestibule 26,conventional,False,RIJA,KUPARIJAKIMARU
kuen-,KUNA,"to kill, strike",luwian_verb,luwian,fuzzy_d1,1,HT24a,Haghia Triada - Corridor 9 and Vestibule 26,conventional,False,KUPA,KUPARIJAKI
malā-,MALA,to think,luwian_verb,luwian,fuzzy_d1,1,HT24a,Haghia Triada - Corridor 9 and Vestibule 26,conventional,False,MAPA,RUMAMEMAPASAJAMA
tarri-,TARI,three,luwian_number,luwian,fuzzy_d1,1,HT24a,Haghia Triada - Corridor 9 and Vestibule 26,conventional,False,PARI,KUPARIJAKIMA
māwa-,MAWA,four,luwian_number,luwian,fuzzy_d1,1,HT24a,Haghia Triada - Corridor 9 and Vestibule 26,conventional,False,MAPA,RUMAMEMAPASAJAMA
*ašta-,ASATA,eight (reconstructed),luwian_number,luwian,fuzzy_d1,1,HT24a,Haghia Triada - Corridor 9 and Vestibule 26,conventional,False,ASAJA,AMEMAPASAJAMARURU
-šša-,SASA,"iterative/durative [Verbal suffix, also in toponyms]",luwian_suffix,luwian,fuzzy_d1,1,HT24a,Haghia Triada - Corridor 9 and Vestibule 26,conventional,False,PASA,MAMEMAPASAJAMARU
-tari,TARI,middle voice 3sg [Mediopassive marker],luwian_suffix,luwian,fuzzy_d1,1,HT24a,Haghia Triada - Corridor 9 and Vestibule 26,conventional,False,PARI,KUPARIJAKIMA
-ašša-,ASASA,genitival adjective [Very important for toponyms: -assos/-assa],luwian_suffix,luwian,fuzzy_d1,1,HT24a,Haghia Triada - Corridor 9 and Vestibule 26,conventional,False,APASA,UMAMEMAPASAJAMARU
arina-,ARINA,"spring, water source",lycian_agriculture_trade,lycian,fuzzy_d1,1,HT24a,Haghia Triada - Corridor 9 and Vestibule 26,conventional,False,ARIJA,KUPARIJAKIMARU
arina-,ARINA,"spring, source",lycian_nature,lycian,fuzzy_d1,1,HT24a,Haghia Triada - Corridor 9 and Vestibule 26,conventional,False,ARIJA,KUPARIJAKIMARU
tri-,TARI,three,lycian_number,lycian,fuzzy_d1,1,HT24a,Haghia Triada - Corridor 9 and Vestibule 26,conventional,False,PARI,KUPARIJAKIMA
Arinna,ARINA,toponym: Arinna,toponym,anatolian,fuzzy_d1,1,HT24a,Haghia Triada - Corridor 9 and Vestibule 26,conventional,False,ARIJA,KUPARIJAKIMARU
nāna-,NANA,brother (?),luwian_kinship,luwian,fuzzy_d1,1,HT25a,Haghia Triada - Villa Magazine,conventional,False,NAA,UUREDINAARITATU
zida-,ZITA,"man, male",luwian_kinship,luwian,fuzzy_d1,1,HT25a,Haghia Triada - Villa Magazine,conventional,False,RITA,EDINAARITATUQEZU
tarri-,TARI,three,luwian_number,luwian,fuzzy_d1,1,HT25a,Haghia Triada - Villa Magazine,conventional,False,AARI,UREDINAARITATUQE
-tari,TARI,middle voice 3sg [Mediopassive marker],luwian_suffix,luwian,fuzzy_d1,1,HT25a,Haghia Triada - Villa Magazine,conventional,False,AARI,UREDINAARITATUQE
arina-,ARINA,"spring, water source",lycian_agriculture_trade,lycian,fuzzy_d1,1,HT25a,Haghia Triada - Villa Magazine,conventional,False,ARITA,REDINAARITATUQEZU
arina-,ARINA,"spring, source",lycian_nature,lycian,fuzzy_d1,1,HT25a,Haghia Triada - Villa Magazine,conventional,False,ARITA,REDINAARITATUQEZU
tri-,TARI,three,lycian_number,lycian,fuzzy_d1,1,HT25a,Haghia Triada - Villa Magazine,conventional,False,AARI,UREDINAARITATUQE
Arinna,ARINA,toponym: Arinna,toponym,anatolian,fuzzy_d1,1,HT25a,Haghia Triada - Villa Magazine,conventional,False,ARITA,REDINAARITATUQEZU
tār-,TARA,tree/wood,luwian_nature,luwian,fuzzy_d1,1,HT25b,Haghia Triada - Villa Magazine,conventional,False,TARO,[]KUROTARO𐄔𐄈
ziti-,SITI,"man, citizen",luwian_social_political,luwian,fuzzy_d1,1,HT25b,Haghia Triada - Villa Magazine,conventional,False,𐄁ITI,ROTERO𐄁ITIVIR+[]
tarri-,TARI,three,luwian_number,luwian,fuzzy_d1,1,HT25b,Haghia Triada - Villa Magazine,conventional,False,TARO,[]KUROTARO𐄔𐄈
-tari,TARI,middle voice 3sg [Mediopassive marker],luwian_suffix,luwian,fuzzy_d1,1,HT25b,Haghia Triada - Villa Magazine,conventional,False,TARO,[]KUROTARO𐄔𐄈
tri-,TARI,three,lycian_number,lycian,fuzzy_d1,1,HT25b,Haghia Triada - Villa Magazine,conventional,False,TARO,[]KUROTARO𐄔𐄈
tarri-,TARI,three,luwian_number,luwian,fuzzy_d1,1,HT26a,Haghia Triada - Villa Magazine,conventional,False,TATI,*TETE𐄁TATIKISENA
-tari,TARI,middle voice 3sg [Mediopassive marker],luwian_suffix,luwian,fuzzy_d1,1,HT26a,Haghia Triada - Villa Magazine,conventional,False,TATI,*TETE𐄁TATIKISENA
tese-,TESE,"oath, agreement",lycian_agriculture_trade,lycian,fuzzy_d1,1,HT26a,Haghia Triada - Villa Magazine,conventional,False,TETE,𐄁*TETE𐄁TATIK
tbi-,TAPI,one (numeral '1'),lycian_number,lycian,fuzzy_d1,1,HT26a,Haghia Triada - Villa Magazine,conventional,False,TATI,*TETE𐄁TATIKISENA
tri-,TARI,three,lycian_number,lycian,fuzzy_d1,1,HT26a,Haghia Triada - Villa Magazine,conventional,False,TATI,*TETE𐄁TATIKISENA
zida-,ZITA,"man, male",luwian_kinship,luwian,fuzzy_d1,1,HT27a,Haghia Triada - Villa Magazine,conventional,False,NITA,TINITA𐄁*𐄁VIR
iššari-,ISARI,hand,luwian_body_parts,luwian,fuzzy_d1,1,HT27a,Haghia Triada - Villa Magazine,conventional,False,ISARA,R+[]REISARAQEDAKI
ēšḫar-,ESARA,blood,luwian_body_parts,luwian,fuzzy_d1,1,HT27a,Haghia Triada - Villa Magazine,conventional,False,ISARA,R+[]REISARAQEDAKI
wār-,WARA,water,luwian_agriculture_trade,luwian,fuzzy_d1,1,HT27a,Haghia Triada - Villa Magazine,conventional,False,SARA,+[]REISARAQEDAKI
immara-,IMARA,"field, open country",luwian_agriculture_trade,luwian,fuzzy_d1,1,HT27a,Haghia Triada - Villa Magazine,conventional,False,ISARA,R+[]REISARAQEDAKI
tār-,TARA,tree/wood,luwian_nature,luwian,fuzzy_d1,1,HT27a,Haghia Triada - Villa Magazine,conventional,False,SARA,+[]REISARAQEDAKI
išta-,ISATA,to hear,luwian_verb,luwian,fuzzy_d1,1,HT27a,Haghia Triada - Villa Magazine,conventional,False,ISARA,R+[]REISARAQEDAKI
-šša-,SASA,"iterative/durative [Verbal suffix, also in toponyms]",luwian_suffix,luwian,fuzzy_d1,1,HT27a,Haghia Triada - Villa Magazine,conventional,False,SARA,+[]REISARAQEDAKI
-war,WARA,verbal noun [Gerundive/verbal noun],luwian_suffix,luwian,fuzzy_d1,1,HT27a,Haghia Triada - Villa Magazine,conventional,False,SARA,+[]REISARAQEDAKI
izre-,ISARE,hand,lycian_body_parts,lycian,fuzzy_d1,1,HT27a,Haghia Triada - Villa Magazine,conventional,False,ISARA,R+[]REISARAQEDAKI
warwala-,WAWA,"seed, offspring",luwian_kinship,luwian,fuzzy_d1,1,HT27b,Haghia Triada - Villa Magazine,conventional,True,WASA,A𐄁VIN+WASA𐄁GRA𐄁S
wār-,WARA,water,luwian_agriculture_trade,luwian,fuzzy_d1,1,HT27b,Haghia Triada - Villa Magazine,conventional,True,WASA,A𐄁VIN+WASA𐄁GRA𐄁S
walā-,WALA,to die,luwian_verb,luwian,fuzzy_d1,1,HT27b,Haghia Triada - Villa Magazine,conventional,True,WASA,A𐄁VIN+WASA𐄁GRA𐄁S
-šša-,SASA,"iterative/durative [Verbal suffix, also in toponyms]",luwian_suffix,luwian,fuzzy_d1,1,HT27b,Haghia Triada - Villa Magazine,conventional,True,WASA,A𐄁VIN+WASA𐄁GRA𐄁S
-war,WARA,verbal noun [Gerundive/verbal noun],luwian_suffix,luwian,fuzzy_d1,1,HT27b,Haghia Triada - Villa Magazine,conventional,True,WASA,A𐄁VIN+WASA𐄁GRA𐄁S
izre-,ISARE,hand,lycian_body_parts,lycian,fuzzy_d1,1,HT27b,Haghia Triada - Villa Magazine,conventional,True,𐄁SARE,SA𐄁GRA𐄁SAREVIN𐄁𐄁𐝫
zida-,ZITA,"man, male",luwian_kinship,luwian,fuzzy_d1,1,HT28a,Haghia Triada - Villa Magazine,conventional,False,*ITA,ARAGRA*ITAJA
ēšḫar-,ESARA,blood,luwian_body_parts,luwian,fuzzy_d1,1,HT28a,Haghia Triada - Villa Magazine,conventional,False,𐄁SARA,A𐄁JA*F𐄁SARANIVINV
tawa-,TAWA,eye,luwian_body_parts,luwian,fuzzy_d1,1,HT28a,Haghia Triada - Villa Magazine,conventional,False,TAJA,AGRA*ITAJA
wār-,WARA,water,luwian_agriculture_trade,luwian,fuzzy_d1,1,HT28a,Haghia Triada - Villa Magazine,conventional,False,SARA,𐄁JA*F𐄁SARANIVINV
tār-,TARA,tree/wood,luwian_nature,luwian,fuzzy_d1,1,HT28a,Haghia Triada - Villa Magazine,conventional,False,SARA,𐄁JA*F𐄁SARANIVINV
aruna-,ARUNA,sea,luwian_nature,luwian,fuzzy_d1,1,HT28a,Haghia Triada - Villa Magazine,conventional,False,ARUDA,VINVINARUDARAGRA*
piya-,PIJA,to give,luwian_verb,luwian,fuzzy_d1,1,HT28a,Haghia Triada - Villa Magazine,conventional,False,SIJA,ASIJAKA𐄁JA*
*daw(a)-,TAWA,six (reconstructed),luwian_number,luwian,fuzzy_d1,1,HT28a,Haghia Triada - Villa Magazine,conventional,False,TAJA,AGRA*ITAJA
-šša-,SASA,"iterative/durative [Verbal suffix, also in toponyms]",luwian_suffix,luwian,fuzzy_d1,1,HT28a,Haghia Triada - Villa Magazine,conventional,False,SARA,𐄁JA*F𐄁SARANIVINV
-war,WARA,verbal noun [Gerundive/verbal noun],luwian_suffix,luwian,fuzzy_d1,1,HT28a,Haghia Triada - Villa Magazine,conventional,False,SARA,𐄁JA*F𐄁SARANIVINV
ēšḫar-,ESARA,blood,luwian_body_parts,luwian,fuzzy_d1,1,HT28b,Haghia Triada - Villa Magazine,conventional,False,𐄁SARA,MINASI𐄁SARAGRANIV
wār-,WARA,water,luwian_agriculture_trade,luwian,fuzzy_d1,1,HT28b,Haghia Triada - Villa Magazine,conventional,False,SARA,INASI𐄁SARAGRANIV
uwan(i)-,UWANI,wine (?),luwian_agriculture_trade,luwian,fuzzy_d1,1,HT28b,Haghia Triada - Villa Magazine,conventional,False,URANI,NIVINPURANIJA*FVI
tār-,TARA,tree/wood,luwian_nature,luwian,fuzzy_d1,1,HT28b,Haghia Triada - Villa Magazine,conventional,False,SARA,INASI𐄁SARAGRANIV
piya-,PIJA,to give,luwian_verb,luwian,fuzzy_d1,1,HT28b,Haghia Triada - Villa Magazine,conventional,False,SIJA,ASIJAKA𐄁UMI
-šša-,SASA,"iterative/durative [Verbal suffix, also in toponyms]",luwian_suffix,luwian,fuzzy_d1,1,HT28b,Haghia Triada - Villa Magazine,conventional,False,SARA,INASI𐄁SARAGRANIV
-war,WARA,verbal noun [Gerundive/verbal noun],luwian_suffix,luwian,fuzzy_d1,1,HT28b,Haghia Triada - Villa Magazine,conventional,False,SARA,INASI𐄁SARAGRANIV
tura-,TURA,"land, earth",lycian_nature,lycian,fuzzy_d1,1,HT28b,Haghia Triada - Villa Magazine,conventional,False,PURA,ANIVINPURANIJA*F
atta-,ATTA,father,luwian_kinship,luwian,fuzzy_d1,1,HT29,Haghia Triada - Villa Magazine,conventional,False,ATA,RUMATAJAREDI
pata-,PATA,foot,luwian_body_parts,luwian,fuzzy_d1,1,HT29,Haghia Triada - Villa Magazine,conventional,False,MATA,RUMATAJAREDI
tawa-,TAWA,eye,luwian_body_parts,luwian,fuzzy_d1,1,HT29,Haghia Triada - Villa Magazine,conventional,False,TAJA,RUMATAJAREDIIS
gant-,KATA,tooth,luwian_body_parts,luwian,fuzzy_d1,1,HT29,Haghia Triada - Villa Magazine,conventional,False,MATA,RUMATAJAREDI
tār-,TARA,tree/wood,luwian_nature,luwian,fuzzy_d1,1,HT29,Haghia Triada - Villa Magazine,conventional,False,TAJA,RUMATAJAREDIIS
malā-,MALA,to think,luwian_verb,luwian,fuzzy_d1,1,HT29,Haghia Triada - Villa Magazine,conventional,False,MATA,RUMATAJAREDI
māwa-,MAWA,four,luwian_number,luwian,fuzzy_d1,1,HT29,Haghia Triada - Villa Magazine,conventional,False,MATA,RUMATAJAREDI
*daw(a)-,TAWA,six (reconstructed),luwian_number,luwian,fuzzy_d1,1,HT29,Haghia Triada - Villa Magazine,conventional,False,TAJA,RUMATAJAREDIIS
lada-,LATA,"wife, woman",lycian_kinship,lycian,fuzzy_d1,1,HT29,Haghia Triada - Villa Magazine,conventional,False,MATA,RUMATAJAREDI
izre-,ISARE,hand,lycian_body_parts,lycian,fuzzy_d1,1,HT29,Haghia Triada - Villa Magazine,conventional,False,IARE,ISA*𐄁KIAREDAKADU
iššari-,ISARI,hand,luwian_body_parts,luwian,fuzzy_d1,1,HT30,Haghia Triada - Villa Magazine,conventional,False,ISARA,SISARACYP¹⁄N
ēšḫar-,ESARA,blood,luwian_body_parts,luwian,fuzzy_d1,1,HT30,Haghia Triada - Villa Magazine,conventional,False,ISARA,SISARACYP¹⁄N
wār-,WARA,water,luwian_agriculture_trade,luwian,fuzzy_d1,1,HT30,Haghia Triada - Villa Magazine,conventional,False,SARA,SISARACYP¹⁄N
immara-,IMARA,"field, open country",luwian_agriculture_trade,luwian,fuzzy_d1,1,HT30,Haghia Triada - Villa Magazine,conventional,False,ISARA,SISARACYP¹⁄N
tār-,TARA,tree/wood,luwian_nature,luwian,fuzzy_d1,1,HT30,Haghia Triada - Villa Magazine,conventional,False,SARA,SISARACYP¹⁄N
išta-,ISATA,to hear,luwian_verb,luwian,fuzzy_d1,1,HT30,Haghia Triada - Villa Magazine,conventional,False,ISARA,SISARACYP¹⁄N
-šša-,SASA,"iterative/durative [Verbal suffix, also in toponyms]",luwian_suffix,luwian,fuzzy_d1,1,HT30,Haghia Triada - Villa Magazine,conventional,False,SISA,SISARACYP¹
-war,WARA,verbal noun [Gerundive/verbal noun],luwian_suffix,luwian,fuzzy_d1,1,HT30,Haghia Triada - Villa Magazine,conventional,False,SARA,SISARACYP¹⁄N
izre-,ISARE,hand,lycian_body_parts,lycian,fuzzy_d1,1,HT30,Haghia Triada - Villa Magazine,conventional,False,ISARA,SISARACYP¹⁄N
pata-,PATA,foot,luwian_body_parts,luwian,fuzzy_d1,1,HT31,Haghia Triada - Villa Magazine,conventional,False,PASA,U*KAROPASAJAMAKI
ḫašta-,ASATA,bone,luwian_body_parts,luwian,fuzzy_d1,1,HT31,Haghia Triada - Villa Magazine,conventional,False,ASAJA,*KAROPASAJAMAKIMA
arma-,ARAMA,moon,luwian_nature,luwian,fuzzy_d1,1,HT31,Haghia Triada - Villa Magazine,conventional,False,AJAMA,AROPASAJAMAKIMA*N
ḫašt-,ASATA,"star, bone (dual meaning)",luwian_nature,luwian,fuzzy_d1,1,HT31,Haghia Triada - Villa Magazine,conventional,False,ASAJA,*KAROPASAJAMAKIMA
malli-,MALI,to grind,luwian_verb,luwian,fuzzy_d1,1,HT31,Haghia Triada - Villa Magazine,conventional,False,MAKI,PASAJAMAKIMA*NA*
pānkʷ-,PAKU,five,luwian_number,luwian,fuzzy_d1,1,HT31,Haghia Triada - Villa Magazine,conventional,False,PASU,UKO𐄁*𐝫PASUPU*KAR
*ašta-,ASATA,eight (reconstructed),luwian_number,luwian,fuzzy_d1,1,HT31,Haghia Triada - Villa Magazine,conventional,False,ASAJA,*KAROPASAJAMAKIMA
-šša-,SASA,"iterative/durative [Verbal suffix, also in toponyms]",luwian_suffix,luwian,fuzzy_d1,1,HT31,Haghia Triada - Villa Magazine,conventional,False,PASA,U*KAROPASAJAMAKI
-ašša-,ASASA,genitival adjective [Very important for toponyms: -assos/-assa],luwian_suffix,luwian,fuzzy_d1,1,HT31,Haghia Triada - Villa Magazine,conventional,False,ASAJA,*KAROPASAJAMAKIMA
maha(na)-,MAANA,"god, divine",lycian_nature,lycian,fuzzy_d1,1,HT31,Haghia Triada - Villa Magazine,conventional,False,MA*NA,JAMAKIMA*NA**RA*Q
Apasa,APASA,toponym: Apasa,toponym,anatolian,fuzzy_d1,1,HT31,Haghia Triada - Villa Magazine,conventional,False,OPASA,PU*KAROPASAJAMAKI
ēšḫar-,ESARA,blood,luwian_body_parts,luwian,fuzzy_d1,1,HT32,Haghia Triada - Villa Magazine,conventional,False,*SARA,*SARA𐄁*¹⁄RE
wār-,WARA,water,luwian_agriculture_trade,luwian,fuzzy_d1,1,HT32,Haghia Triada - Villa Magazine,conventional,False,SARA,*SARA𐄁*¹⁄RE
tār-,TARA,tree/wood,luwian_nature,luwian,fuzzy_d1,1,HT32,Haghia Triada - Villa Magazine,conventional,False,SARA,*SARA𐄁*¹⁄RE
-šša-,SASA,"iterative/durative [Verbal suffix, also in toponyms]",luwian_suffix,luwian,fuzzy_d1,1,HT32,Haghia Triada - Villa Magazine,conventional,False,SARA,*SARA𐄁*¹⁄RE
-war,WARA,verbal noun [Gerundive/verbal noun],luwian_suffix,luwian,fuzzy_d1,1,HT32,Haghia Triada - Villa Magazine,conventional,False,SARA,*SARA𐄁*¹⁄RE
ēšḫar-,ESARA,blood,luwian_body_parts,luwian,fuzzy_d1,1,HT33,Haghia Triada - Villa Magazine,conventional,False,SARA,SARA𐄁E+KA𐝃
wār-,WARA,water,luwian_agriculture_trade,luwian,fuzzy_d1,1,HT33,Haghia Triada - Villa Magazine,conventional,False,SARA,SARA𐄁E+KA𐝃
tār-,TARA,tree/wood,luwian_nature,luwian,fuzzy_d1,1,HT33,Haghia Triada - Villa Magazine,conventional,False,SARA,SARA𐄁E+KA𐝃
-šša-,SASA,"iterative/durative [Verbal suffix, also in toponyms]",luwian_suffix,luwian,fuzzy_d1,1,HT33,Haghia Triada - Villa Magazine,conventional,False,SARA,SARA𐄁E+KA𐝃
-war,WARA,verbal noun [Gerundive/verbal noun],luwian_suffix,luwian,fuzzy_d1,1,HT33,Haghia Triada - Villa Magazine,conventional,False,SARA,SARA𐄁E+KA𐝃
ēšḫar-,ESARA,blood,luwian_body_parts,luwian,fuzzy_d1,1,HT34,Haghia Triada - Villa Magazine,conventional,False,𐄁SARA,UTE𐄁SI𐄁SARA𐄁GRAE+
wār-,WARA,water,luwian_agriculture_trade,luwian,fuzzy_d1,1,HT34,Haghia Triada - Villa Magazine,conventional,False,SARA,TE𐄁SI𐄁SARA𐄁GRAE+
kup-,KUPA,"to plan, devise",luwian_agriculture_trade,luwian,fuzzy_d1,1,HT34,Haghia Triada - Villa Magazine,conventional,True,PUPA,QA+[]+PUPAKI¹⁄PU
tār-,TARA,tree/wood,luwian_nature,luwian,fuzzy_d1,1,HT34,Haghia Triada - Villa Magazine,conventional,False,SARA,TE𐄁SI𐄁SARA𐄁GRAE+
pānkʷ-,PAKU,five,luwian_number,luwian,fuzzy_d1,1,HT34,Haghia Triada - Villa Magazine,conventional,True,PAKI,+[]+PUPAKI¹⁄PU¹⁄
-šša-,SASA,"iterative/durative [Verbal suffix, also in toponyms]",luwian_suffix,luwian,fuzzy_d1,1,HT34,Haghia Triada - Villa Magazine,conventional,False,SARA,TE𐄁SI𐄁SARA𐄁GRAE+
-war,WARA,verbal noun [Gerundive/verbal noun],luwian_suffix,luwian,fuzzy_d1,1,HT34,Haghia Triada - Villa Magazine,conventional,False,SARA,TE𐄁SI𐄁SARA𐄁GRAE+
xupa-,KUPA,tomb,lycian_agriculture_trade,lycian,fuzzy_d1,1,HT34,Haghia Triada - Villa Magazine,conventional,True,PUPA,QA+[]+PUPAKI¹⁄PU
gant-,KATA,tooth,luwian_body_parts,luwian,fuzzy_d1,1,HT35,Haghia Triada - Villa Magazine,conventional,False,KUTA,KU𐄁*𐄁IKUTACYP*¹⁄
kup-,KUPA,"to plan, devise",luwian_agriculture_trade,luwian,fuzzy_d1,1,HT35,Haghia Triada - Villa Magazine,conventional,False,KUTA,KU𐄁*𐄁IKUTACYP*¹⁄
ziti-,SITI,"man, citizen",luwian_social_political,luwian,fuzzy_d1,1,HT35,Haghia Triada - Villa Magazine,conventional,False,TITI,TITIKU𐄁*𐄁I
kuen-,KUNA,"to kill, strike",luwian_verb,luwian,fuzzy_d1,1,HT35,Haghia Triada - Villa Magazine,conventional,False,KUTA,KU𐄁*𐄁IKUTACYP*¹⁄
xupa-,KUPA,tomb,lycian_agriculture_trade,lycian,fuzzy_d1,1,HT35,Haghia Triada - Villa Magazine,conventional,False,KUTA,KU𐄁*𐄁IKUTACYP*¹⁄
kbi-,KAPI,two (numeral '2'),lycian_number,lycian,fuzzy_d1,1,HT37,Haghia Triada - Villa Magazine,conventional,False,KAKI,𐄁KAKI𐄁𐄁SUSU
tawa-,TAWA,eye,luwian_body_parts,luwian,fuzzy_d1,1,HT39,Haghia Triada - Villa Magazine,conventional,False,TAIA,TAIAROMREJ
kup-,KUPA,"to plan, devise",luwian_agriculture_trade,luwian,fuzzy_d1,1,HT39,Haghia Triada - Villa Magazine,conventional,True,KUSA,OMREJUKUSAMAKURE
tār-,TARA,tree/wood,luwian_nature,luwian,fuzzy_d1,1,HT39,Haghia Triada - Villa Magazine,conventional,False,TAIA,TAIAROMREJ
kuen-,KUNA,"to kill, strike",luwian_verb,luwian,fuzzy_d1,1,HT39,Haghia Triada - Villa Magazine,conventional,True,KUSA,OMREJUKUSAMAKURE
tarri-,TARI,three,luwian_number,luwian,fuzzy_d1,1,HT39,Haghia Triada - Villa Magazine,conventional,False,TAI,TAIAROMRE
pānkʷ-,PAKU,five,luwian_number,luwian,fuzzy_d1,1,HT39,Haghia Triada - Villa Magazine,conventional,False,MAKU,JUKUSAMAKURERO*+
*daw(a)-,TAWA,six (reconstructed),luwian_number,luwian,fuzzy_d1,1,HT39,Haghia Triada - Villa Magazine,conventional,False,TAIA,TAIAROMREJ
-šša-,SASA,"iterative/durative [Verbal suffix, also in toponyms]",luwian_suffix,luwian,fuzzy_d1,1,HT39,Haghia Triada - Villa Magazine,conventional,True,SAMA,REJUKUSAMAKURERO
-tari,TARI,middle voice 3sg [Mediopassive marker],luwian_suffix,luwian,fuzzy_d1,1,HT39,Haghia Triada - Villa Magazine,conventional,False,TAI,TAIAROMRE
xupa-,KUPA,tomb,lycian_agriculture_trade,lycian,fuzzy_d1,1,HT39,Haghia Triada - Villa Magazine,conventional,True,KUSA,OMREJUKUSAMAKURE
tbi-,TAPI,one (numeral '1'),lycian_number,lycian,fuzzy_d1,1,HT39,Haghia Triada - Villa Magazine,conventional,False,TAI,TAIAROMRE
tri-,TARI,three,lycian_number,lycian,fuzzy_d1,1,HT39,Haghia Triada - Villa Magazine,conventional,False,TAI,TAIAROMRE
atta-,ATTA,father,luwian_kinship,luwian,fuzzy_d1,1,HT40,Haghia Triada - Villa Magazine,conventional,False,ATA,E𐄁GRADATA𐄁GRAKU
pata-,PATA,foot,luwian_body_parts,luwian,fuzzy_d1,1,HT40,Haghia Triada - Villa Magazine,conventional,False,DATA,TE𐄁GRADATA𐄁GRAKU
ḫašta-,ASATA,bone,luwian_body_parts,luwian,fuzzy_d1,1,HT40,Haghia Triada - Villa Magazine,conventional,False,ADATA,𐄁TE𐄁GRADATA𐄁GRAKU
gant-,KATA,tooth,luwian_body_parts,luwian,fuzzy_d1,1,HT40,Haghia Triada - Villa Magazine,conventional,False,DATA,TE𐄁GRADATA𐄁GRAKU
ḫašt-,ASATA,"star, bone (dual meaning)",luwian_nature,luwian,fuzzy_d1,1,HT40,Haghia Triada - Villa Magazine,conventional,False,ADATA,𐄁TE𐄁GRADATA𐄁GRAKU
pānkʷ-,PAKU,five,luwian_number,luwian,fuzzy_d1,1,HT40,Haghia Triada - Villa Magazine,conventional,True,RAKU,DATA𐄁GRAKURO𐝫𐝫TA
*ašta-,ASATA,eight (reconstructed),luwian_number,luwian,fuzzy_d1,1,HT40,Haghia Triada - Villa Magazine,conventional,False,ADATA,𐄁TE𐄁GRADATA𐄁GRAKU
-anda-,ANATA,gerundive/place [Very important for toponyms: -anda],luwian_suffix,luwian,fuzzy_d1,1,HT40,Haghia Triada - Villa Magazine,conventional,False,ADATA,𐄁TE𐄁GRADATA𐄁GRAKU
lada-,LATA,"wife, woman",lycian_kinship,lycian,fuzzy_d1,1,HT40,Haghia Triada - Villa Magazine,conventional,False,DATA,TE𐄁GRADATA𐄁GRAKU
pata-,PATA,foot,luwian_body_parts,luwian,fuzzy_d1,1,HT41a,Haghia Triada - Villa Magazine,conventional,False,PAJA,*DANI𐄁PAJADOUBLE
piya-,PIJA,to give,luwian_verb,luwian,fuzzy_d1,1,HT41a,Haghia Triada - Villa Magazine,conventional,False,PAJA,*DANI𐄁PAJADOUBLE
tede-,TETE,father,lycian_kinship,lycian,fuzzy_d1,1,HT42+59,Haghia Triada - Villa Magazine,conventional,True,SETE,TA𐄁SI+SETE𐄁OLE+K
malli-,MALI,to grind,luwian_verb,luwian,fuzzy_d1,1,HT43,Haghia Triada - Villa Magazine,conventional,False,MASI,MASIDU𐄁PA*
kup-,KUPA,"to plan, devise",luwian_agriculture_trade,luwian,fuzzy_d1,1,HT47a,Haghia Triada - Villa Magazine,conventional,True,KUNA,TU+RO𐄁KUNATUDUUP
xupa-,KUPA,tomb,lycian_agriculture_trade,lycian,fuzzy_d1,1,HT47a,Haghia Triada - Villa Magazine,conventional,True,KUNA,TU+RO𐄁KUNATUDUUP
nāna-,NANA,brother (?),luwian_kinship,luwian,fuzzy_d1,1,HT47b,Haghia Triada - Villa Magazine,conventional,False,RANA,RANARE𐝫𐝫
tarri-,TARI,three,luwian_number,luwian,fuzzy_d1,1,HT49a,Haghia Triada - Villa Magazine,conventional,True,TATI,𐝫𐄁RADUTATI𐄁𐝫RIKI
-tari,TARI,middle voice 3sg [Mediopassive marker],luwian_suffix,luwian,fuzzy_d1,1,HT49a,Haghia Triada - Villa Magazine,conventional,True,TATI,𐝫𐄁RADUTATI𐄁𐝫RIKI
tbi-,TAPI,one (numeral '1'),lycian_number,lycian,fuzzy_d1,1,HT49a,Haghia Triada - Villa Magazine,conventional,True,TATI,𐝫𐄁RADUTATI𐄁𐝫RIKI
tri-,TARI,three,lycian_number,lycian,fuzzy_d1,1,HT49a,Haghia Triada - Villa Magazine,conventional,True,TATI,𐝫𐄁RADUTATI𐄁𐝫RIKI
zida-,ZITA,"man, male",luwian_kinship,luwian,fuzzy_d1,1,HT49b,Haghia Triada - Villa Magazine,conventional,True,UITA,"𐝫KUITA—𐝫𐝫𐝫,P"
pddẽ-,PATE,place,lycian_agriculture_trade,lycian,fuzzy_d1,1,HT49b,Haghia Triada - Villa Magazine,conventional,True,PTE,"A—𐝫𐝫𐝫,PTE𐝫𐝫"
ziti-,SITI,"man, citizen",luwian_social_political,luwian,fuzzy_d1,1,HT51a,Haghia Triada - Villa Magazine,conventional,False,SETI,𐄁TE𐄁SETINI𐝫𐝫𐝫N
tese-,TESE,"oath, agreement",lycian_agriculture_trade,lycian,fuzzy_d1,1,HT51a,Haghia Triada - Villa Magazine,conventional,False,TE𐄁SE,𐄁TE𐄁SETINI𐝫𐝫
-šša-,SASA,"iterative/durative [Verbal suffix, also in toponyms]",luwian_suffix,luwian,fuzzy_d1,1,HT52a,Haghia Triada - Villa Magazine,conventional,False,SAMA,SAMA𐄁TE𐄁KA
kbi-,KAPI,two (numeral '2'),lycian_number,lycian,fuzzy_d1,1,HT52a,Haghia Triada - Villa Magazine,conventional,False,KAKI,MA𐄁TE𐄁KAKI𐝫𐝫𐝫
temi-,TEMI,forest,luwian_nature,luwian,fuzzy_d1,1,HT55b,Haghia Triada - Villa Magazine,conventional,False,TERI,TERII𐝫𐝫𐝫
tarri-,TARI,three,luwian_number,luwian,fuzzy_d1,1,HT55b,Haghia Triada - Villa Magazine,conventional,False,TERI,TERII𐝫𐝫𐝫
-tari,TARI,middle voice 3sg [Mediopassive marker],luwian_suffix,luwian,fuzzy_d1,1,HT55b,Haghia Triada - Villa Magazine,conventional,False,TERI,TERII𐝫𐝫𐝫
tri-,TARI,three,lycian_number,lycian,fuzzy_d1,1,HT55b,Haghia Triada - Villa Magazine,conventional,False,TERI,TERII𐝫𐝫𐝫
tār-,TARA,tree/wood,luwian_nature,luwian,fuzzy_d1,1,HT58,Haghia Triada - Villa Magazine,conventional,False,TIRA,QETIRADU𐄁VIR
tura-,TURA,"land, earth",lycian_nature,lycian,fuzzy_d1,1,HT58,Haghia Triada - Villa Magazine,conventional,False,TIRA,QETIRADU𐄁VIR
ziti-,SITI,"man, citizen",luwian_social_political,luwian,fuzzy_d1,1,HT61,Haghia Triada - Villa Magazine,conventional,True,MITI,𐝫MITI𐄁GRA+K
iššari-,ISARI,hand,luwian_body_parts,luwian,fuzzy_d1,1,HT62+73,Haghia Triada - Villa Magazine,conventional,False,ISARO,UKU𐄁PAISARO𐝫𐝫𐝫TA𐝫
ēšḫar-,ESARA,blood,luwian_body_parts,luwian,fuzzy_d1,1,HT62+73,Haghia Triada - Villa Magazine,conventional,False,SARA,SARA𐄁TE𐄁VI
wār-,WARA,water,luwian_agriculture_trade,luwian,fuzzy_d1,1,HT62+73,Haghia Triada - Villa Magazine,conventional,False,SARA,SARA𐄁TE𐄁VI
kup-,KUPA,"to plan, devise",luwian_agriculture_trade,luwian,fuzzy_d1,1,HT62+73,Haghia Triada - Villa Magazine,conventional,False,KU𐄁PA,¹⁄KANUKU𐄁PAISARO𐝫
tār-,TARA,tree/wood,luwian_nature,luwian,fuzzy_d1,1,HT62+73,Haghia Triada - Villa Magazine,conventional,False,SARA,SARA𐄁TE𐄁VI
pānkʷ-,PAKU,five,luwian_number,luwian,fuzzy_d1,1,HT62+73,Haghia Triada - Villa Magazine,conventional,True,KAKU,𐄁GRA¹⁄KAKU*BTIDI
-šša-,SASA,"iterative/durative [Verbal suffix, also in toponyms]",luwian_suffix,luwian,fuzzy_d1,1,HT62+73,Haghia Triada - Villa Magazine,conventional,False,SARA,SARA𐄁TE𐄁VI
-war,WARA,verbal noun [Gerundive/verbal noun],luwian_suffix,luwian,fuzzy_d1,1,HT62+73,Haghia Triada - Villa Magazine,conventional,False,SARA,SARA𐄁TE𐄁VI
izre-,ISARE,hand,lycian_body_parts,lycian,fuzzy_d1,1,HT62+73,Haghia Triada - Villa Magazine,conventional,False,ISARO,UKU𐄁PAISARO𐝫𐝫𐝫TA𐝫
xupa-,KUPA,tomb,lycian_agriculture_trade,lycian,fuzzy_d1,1,HT62+73,Haghia Triada - Villa Magazine,conventional,False,KU𐄁PA,¹⁄KANUKU𐄁PAISARO𐝫
gant-,KATA,tooth,luwian_body_parts,luwian,fuzzy_d1,1,HT63,Haghia Triada - Villa Magazine,conventional,False,KATI,*𐄁TEKATISUPU𐝫𐝫
kbi-,KAPI,two (numeral '2'),lycian_number,lycian,fuzzy_d1,1,HT63,Haghia Triada - Villa Magazine,conventional,False,KATI,*𐄁TEKATISUPU𐝫𐝫
aruna-,ARUNA,sea,luwian_nature,luwian,fuzzy_d1,1,HT64,Haghia Triada - Villa Magazine,conventional,False,ARUMA,UZUNANARUMA*M𐝫𐝫𐄌𐝫
arma-,ARAMA,moon,luwian_nature,luwian,fuzzy_d1,1,HT64,Haghia Triada - Villa Magazine,conventional,False,ARUMA,UZUNANARUMA*M𐝫𐝫𐄌𐝫
kuen-,KUNA,"to kill, strike",luwian_verb,luwian,fuzzy_d1,1,HT64,Haghia Triada - Villa Magazine,conventional,False,ZUNA,𐝫KUZUNANARUMA
zida-,ZITA,"man, male",luwian_kinship,luwian,fuzzy_d1,1,HT66,Haghia Triada - Villa Magazine,conventional,False,DITA,IR+[]𐄁DITARE𐝫NE𐄇
tār-,TARA,tree/wood,luwian_nature,luwian,fuzzy_d1,1,HT66,Haghia Triada - Villa Magazine,conventional,False,TARE,+[]𐄁DITARE𐝫NE𐄇𐝫
tarri-,TARI,three,luwian_number,luwian,fuzzy_d1,1,HT66,Haghia Triada - Villa Magazine,conventional,False,TARE,+[]𐄁DITARE𐝫NE𐄇𐝫
-tari,TARI,middle voice 3sg [Mediopassive marker],luwian_suffix,luwian,fuzzy_d1,1,HT66,Haghia Triada - Villa Magazine,conventional,False,TARE,+[]𐄁DITARE𐝫NE𐄇𐝫
izre-,ISARE,hand,lycian_body_parts,lycian,fuzzy_d1,1,HT66,Haghia Triada - Villa Magazine,conventional,False,ITARE,R+[]𐄁DITARE𐝫NE𐄇𐝫
tri-,TARI,three,lycian_number,lycian,fuzzy_d1,1,HT66,Haghia Triada - Villa Magazine,conventional,False,TARE,+[]𐄁DITARE𐝫NE𐄇𐝫
malli-,MALI,to grind,luwian_verb,luwian,fuzzy_d1,1,HT69,Haghia Triada - Villa Magazine,conventional,False,MADI,𐝫MADI𐝫DI𐄐𐄈𐝫
-šša-,SASA,"iterative/durative [Verbal suffix, also in toponyms]",luwian_suffix,luwian,fuzzy_d1,1,HT70,Haghia Triada - Villa Magazine,conventional,True,QASA,NI𐄁TEQASA¹⁄I𐝫𐄉𐝫
ziti-,SITI,"man, citizen",luwian_social_political,luwian,fuzzy_d1,1,HT72,Haghia Triada - Villa Magazine,conventional,False,SIVI,SIVIR+[]𐄁𐝫
pata-,PATA,foot,luwian_body_parts,luwian,fuzzy_d1,1,HT79+83,Haghia Triada - Villa Magazine,conventional,False,PATU,𐄁*KADAPATUPARITU
gant-,KATA,tooth,luwian_body_parts,luwian,fuzzy_d1,1,HT79+83,Haghia Triada - Villa Magazine,conventional,True,KADA,I𐄁*KADAPATUPA
kup-,KUPA,"to plan, devise",luwian_agriculture_trade,luwian,fuzzy_d1,1,HT79+83,Haghia Triada - Villa Magazine,conventional,False,TUPA,KADAPATUPARITU𐄁K
zuppari-,SUPARI,torch,luwian_agriculture_trade,luwian,fuzzy_d1,1,HT79+83,Haghia Triada - Villa Magazine,conventional,False,TUPARI,KADAPATUPARITU𐄁KUZ
tūwa-,TUWA,"to put, place",luwian_verb,luwian,fuzzy_d1,1,HT79+83,Haghia Triada - Villa Magazine,conventional,False,TUPA,KADAPATUPARITU𐄁K
tuwā-,TUWA,to look at,luwian_verb,luwian,fuzzy_d1,1,HT79+83,Haghia Triada - Villa Magazine,conventional,False,TUPA,KADAPATUPARITU𐄁K
tuw(a)-,TUWA,two,luwian_number,luwian,fuzzy_d1,1,HT79+83,Haghia Triada - Villa Magazine,conventional,False,TUPA,KADAPATUPARITU𐄁K
tarri-,TARI,three,luwian_number,luwian,fuzzy_d1,1,HT79+83,Haghia Triada - Villa Magazine,conventional,False,PARI,DAPATUPARITU𐄁KUZ
pānkʷ-,PAKU,five,luwian_number,luwian,fuzzy_d1,1,HT79+83,Haghia Triada - Villa Magazine,conventional,False,PATU,𐄁*KADAPATUPARITU
-tari,TARI,middle voice 3sg [Mediopassive marker],luwian_suffix,luwian,fuzzy_d1,1,HT79+83,Haghia Triada - Villa Magazine,conventional,False,PARI,DAPATUPARITU𐄁KUZ
pddẽ-,PATE,place,lycian_agriculture_trade,lycian,fuzzy_d1,1,HT79+83,Haghia Triada - Villa Magazine,conventional,False,PATU,𐄁*KADAPATUPARITU
xupa-,KUPA,tomb,lycian_agriculture_trade,lycian,fuzzy_d1,1,HT79+83,Haghia Triada - Villa Magazine,conventional,False,TUPA,KADAPATUPARITU𐄁K
tura-,TURA,"land, earth",lycian_nature,lycian,fuzzy_d1,1,HT79+83,Haghia Triada - Villa Magazine,conventional,False,TUPA,KADAPATUPARITU𐄁K
tbi-,TAPI,one (numeral '1'),lycian_number,lycian,fuzzy_d1,1,HT79+83,Haghia Triada - Villa Magazine,conventional,False,TAPU,"UZU𐝫𐄉𐝫TAPU𐝫𐝫,SWI"
tri-,TARI,three,lycian_number,lycian,fuzzy_d1,1,HT79+83,Haghia Triada - Villa Magazine,conventional,False,PARI,DAPATUPARITU𐄁KUZ
Ḫattuša,ATUSA,toponym: Ḫattuša,toponym,anatolian,fuzzy_d1,1,HT79+83,Haghia Triada - Villa Magazine,conventional,False,ATUPA,*KADAPATUPARITU𐄁K
tura-,TURA,"land, earth",lycian_nature,lycian,fuzzy_d1,1,HT80,Haghia Triada - Villa Magazine,conventional,False,JURA,𐝫JURA𐝫𐝫𐝫
tār-,TARA,tree/wood,luwian_nature,luwian,fuzzy_d1,1,HT85a,Haghia Triada - Casa Room 7,conventional,False,TARO,REKUROTARO𐝫𐝫𐄕𐄌
tarri-,TARI,three,luwian_number,luwian,fuzzy_d1,1,HT85a,Haghia Triada - Casa Room 7,conventional,False,DARI,IR+[]𐄁DARIDANIUZ
-tari,TARI,middle voice 3sg [Mediopassive marker],luwian_suffix,luwian,fuzzy_d1,1,HT85a,Haghia Triada - Casa Room 7,conventional,False,DARI,IR+[]𐄁DARIDANIUZ
tede-,TETE,father,lycian_kinship,lycian,fuzzy_d1,1,HT85a,Haghia Triada - Casa Room 7,conventional,False,TEKE,A*KUZUTEKEDAREKU
arina-,ARINA,"spring, water source",lycian_agriculture_trade,lycian,fuzzy_d1,1,HT85a,Haghia Triada - Casa Room 7,conventional,False,ARIDA,R+[]𐄁DARIDANIUZAD
tese-,TESE,"oath, agreement",lycian_agriculture_trade,lycian,fuzzy_d1,1,HT85a,Haghia Triada - Casa Room 7,conventional,False,TEKE,A*KUZUTEKEDAREKU
arina-,ARINA,"spring, source",lycian_nature,lycian,fuzzy_d1,1,HT85a,Haghia Triada - Casa Room 7,conventional,False,ARIDA,R+[]𐄁DARIDANIUZAD
tri-,TARI,three,lycian_number,lycian,fuzzy_d1,1,HT85a,Haghia Triada - Casa Room 7,conventional,False,DARI,IR+[]𐄁DARIDANIUZ
Arinna,ARINA,toponym: Arinna,toponym,anatolian,fuzzy_d1,1,HT85a,Haghia Triada - Casa Room 7,conventional,False,ARIDA,R+[]𐄁DARIDANIUZAD
pata-,PATA,foot,luwian_body_parts,luwian,fuzzy_d1,1,HT85b,Haghia Triada - Casa Room 7,conventional,False,PATE,TAQEKAPATETUZADI
gant-,KATA,tooth,luwian_body_parts,luwian,fuzzy_d1,1,HT85b,Haghia Triada - Casa Room 7,conventional,False,KAPA,RETAQEKAPATETUZA
kup-,KUPA,"to plan, devise",luwian_agriculture_trade,luwian,fuzzy_d1,1,HT85b,Haghia Triada - Casa Room 7,conventional,False,KAPA,RETAQEKAPATETUZA
tūwa-,TUWA,"to put, place",luwian_verb,luwian,fuzzy_d1,1,HT85b,Haghia Triada - Casa Room 7,conventional,False,TUZA,KAPATETUZADISEDU
tuwā-,TUWA,to look at,luwian_verb,luwian,fuzzy_d1,1,HT85b,Haghia Triada - Casa Room 7,conventional,False,TUZA,KAPATETUZADISEDU
tuw(a)-,TUWA,two,luwian_number,luwian,fuzzy_d1,1,HT85b,Haghia Triada - Casa Room 7,conventional,False,TUZA,KAPATETUZADISEDU
tede-,TETE,father,lycian_kinship,lycian,fuzzy_d1,1,HT85b,Haghia Triada - Casa Room 7,conventional,False,TETU,QEKAPATETUZADISE
xupa-,KUPA,tomb,lycian_agriculture_trade,lycian,fuzzy_d1,1,HT85b,Haghia Triada - Casa Room 7,conventional,False,KAPA,RETAQEKAPATETUZA
tura-,TURA,"land, earth",lycian_nature,lycian,fuzzy_d1,1,HT85b,Haghia Triada - Casa Room 7,conventional,False,TUZA,KAPATETUZADISEDU
kbi-,KAPI,two (numeral '2'),lycian_number,lycian,fuzzy_d1,1,HT85b,Haghia Triada - Casa Room 7,conventional,False,KAPA,RETAQEKAPATETUZA
warwala-,WAWA,"seed, offspring",luwian_kinship,luwian,fuzzy_d1,1,HT86a,Haghia Triada - Casa Room 7,conventional,False,RAWA,DERUQARAWA—ADU𐄁D
tawa-,TAWA,eye,luwian_body_parts,luwian,fuzzy_d1,1,HT86a,Haghia Triada - Casa Room 7,conventional,False,RAWA,DERUQARAWA—ADU𐄁D
wār-,WARA,water,luwian_agriculture_trade,luwian,fuzzy_d1,1,HT86a,Haghia Triada - Casa Room 7,conventional,False,QARA,DIDERUQARAWA—ADU
tār-,TARA,tree/wood,luwian_nature,luwian,fuzzy_d1,1,HT86a,Haghia Triada - Casa Room 7,conventional,False,QARA,DIDERUQARAWA—ADU
temi-,TEMI,forest,luwian_nature,luwian,fuzzy_d1,1,HT86a,Haghia Triada - Casa Room 7,conventional,False,MEMI,ADU𐄁DAMEMINUTE
arma-,ARAMA,moon,luwian_nature,luwian,fuzzy_d1,1,HT86a,Haghia Triada - Casa Room 7,conventional,False,ARAWA,IDERUQARAWA—ADU𐄁D
walā-,WALA,to die,luwian_verb,luwian,fuzzy_d1,1,HT86a,Haghia Triada - Casa Room 7,conventional,False,WA—A,RUQARAWA—ADU𐄁DAM
kuen-,KUNA,"to kill, strike",luwian_verb,luwian,fuzzy_d1,1,HT86a,Haghia Triada - Casa Room 7,conventional,False,KUNI,AKARU𐄁KUNISUSARU
māwa-,MAWA,four,luwian_number,luwian,fuzzy_d1,1,HT86a,Haghia Triada - Casa Room 7,conventional,False,RAWA,DERUQARAWA—ADU𐄁D
*daw(a)-,TAWA,six (reconstructed),luwian_number,luwian,fuzzy_d1,1,HT86a,Haghia Triada - Casa Room 7,conventional,False,RAWA,DERUQARAWA—ADU𐄁D
-šša-,SASA,"iterative/durative [Verbal suffix, also in toponyms]",luwian_suffix,luwian,fuzzy_d1,1,HT86a,Haghia Triada - Casa Room 7,conventional,False,SUSA,U𐄁KUNISUSARUDIDE
-war,WARA,verbal noun [Gerundive/verbal noun],luwian_suffix,luwian,fuzzy_d1,1,HT86a,Haghia Triada - Casa Room 7,conventional,False,QARA,DIDERUQARAWA—ADU
kuen-,KUNA,"to kill, strike",luwian_verb,luwian,fuzzy_d1,1,HT86b,Haghia Triada - Casa Room 7,conventional,False,KUNI,AKARU𐄁KUNISUSARU
-šša-,SASA,"iterative/durative [Verbal suffix, also in toponyms]",luwian_suffix,luwian,fuzzy_d1,1,HT86b,Haghia Triada - Casa Room 7,conventional,False,SUSA,U𐄁KUNISUSARUDIDE
zida-,ZITA,"man, male",luwian_kinship,luwian,fuzzy_d1,1,HT87,Haghia Triada - Casa Room 7,conventional,False,PITA,ARITE𐄁PITAKESIJA
pata-,PATA,foot,luwian_body_parts,luwian,fuzzy_d1,1,HT87,Haghia Triada - Casa Room 7,conventional,False,PITA,ARITE𐄁PITAKESIJA
wār-,WARA,water,luwian_agriculture_trade,luwian,fuzzy_d1,1,HT87,Haghia Triada - Casa Room 7,conventional,False,UARA,UKURUKUARA𐄁ATUJA
kup-,KUPA,"to plan, devise",luwian_agriculture_trade,luwian,fuzzy_d1,1,HT87,Haghia Triada - Casa Room 7,conventional,False,KUA,PUKURUKUARA𐄁ATU
tār-,TARA,tree/wood,luwian_nature,luwian,fuzzy_d1,1,HT87,Haghia Triada - Casa Room 7,conventional,False,UARA,UKURUKUARA𐄁ATUJA
temi-,TEMI,forest,luwian_nature,luwian,fuzzy_d1,1,HT87,Haghia Triada - Casa Room 7,conventional,False,REMI,KESIJAREMIDIKISE
arma-,ARAMA,moon,luwian_nature,luwian,fuzzy_d1,1,HT87,Haghia Triada - Casa Room 7,conventional,False,ARA𐄁A,KURUKUARA𐄁ATUJA𐄇
piya-,PIJA,to give,luwian_verb,luwian,fuzzy_d1,1,HT87,Haghia Triada - Casa Room 7,conventional,False,PITA,ARITE𐄁PITAKESIJA
kuen-,KUNA,"to kill, strike",luwian_verb,luwian,fuzzy_d1,1,HT87,Haghia Triada - Casa Room 7,conventional,False,KUA,PUKURUKUARA𐄁ATU
malā-,MALA,to think,luwian_verb,luwian,fuzzy_d1,1,HT87,Haghia Triada - Casa Room 7,conventional,False,MAKA,FTUNE𐄁MAKARITE𐄁P
tūwa-,TUWA,"to put, place",luwian_verb,luwian,fuzzy_d1,1,HT87,Haghia Triada - Casa Room 7,conventional,False,TUJA,UARA𐄁ATUJA𐄇
tuwā-,TUWA,to look at,luwian_verb,luwian,fuzzy_d1,1,HT87,Haghia Triada - Casa Room 7,conventional,False,TUJA,UARA𐄁ATUJA𐄇
tuw(a)-,TUWA,two,luwian_number,luwian,fuzzy_d1,1,HT87,Haghia Triada - Casa Room 7,conventional,False,TUJA,UARA𐄁ATUJA𐄇
tarri-,TARI,three,luwian_number,luwian,fuzzy_d1,1,HT87,Haghia Triada - Casa Room 7,conventional,False,KARI,UNE𐄁MAKARITE𐄁PIT
māwa-,MAWA,four,luwian_number,luwian,fuzzy_d1,1,HT87,Haghia Triada - Casa Room 7,conventional,False,MAKA,FTUNE𐄁MAKARITE𐄁P
pānkʷ-,PAKU,five,luwian_number,luwian,fuzzy_d1,1,HT87,Haghia Triada - Casa Room 7,conventional,False,PUKU,SEQESUPUKURUKUAR
-tari,TARI,middle voice 3sg [Mediopassive marker],luwian_suffix,luwian,fuzzy_d1,1,HT87,Haghia Triada - Casa Room 7,conventional,False,KARI,UNE𐄁MAKARITE𐄁PIT
-war,WARA,verbal noun [Gerundive/verbal noun],luwian_suffix,luwian,fuzzy_d1,1,HT87,Haghia Triada - Casa Room 7,conventional,False,UARA,UKURUKUARA𐄁ATUJA
izre-,ISARE,hand,lycian_body_parts,lycian,fuzzy_d1,1,HT87,Haghia Triada - Casa Room 7,conventional,False,IJARE,ITAKESIJAREMIDIKI
xupa-,KUPA,tomb,lycian_agriculture_trade,lycian,fuzzy_d1,1,HT87,Haghia Triada - Casa Room 7,conventional,False,KUA,PUKURUKUARA𐄁ATU
tura-,TURA,"land, earth",lycian_nature,lycian,fuzzy_d1,1,HT87,Haghia Triada - Casa Room 7,conventional,False,TUJA,UARA𐄁ATUJA𐄇
kbi-,KAPI,two (numeral '2'),lycian_number,lycian,fuzzy_d1,1,HT87,Haghia Triada - Casa Room 7,conventional,False,KARI,UNE𐄁MAKARITE𐄁PIT
tri-,TARI,three,lycian_number,lycian,fuzzy_d1,1,HT87,Haghia Triada - Casa Room 7,conventional,False,KARI,UNE𐄁MAKARITE𐄁PIT
Ḫattuša,ATUSA,toponym: Ḫattuša,toponym,anatolian,fuzzy_d1,1,HT87,Haghia Triada - Casa Room 7,conventional,False,ATUJA,KUARA𐄁ATUJA𐄇
atta-,ATTA,father,luwian_kinship,luwian,fuzzy_d1,1,HT88,Haghia Triada - Casa Room 7,conventional,False,ATA,AMARODATAREKURO
pata-,PATA,foot,luwian_body_parts,luwian,fuzzy_d1,1,HT88,Haghia Triada - Casa Room 7,conventional,False,PAPA,IRO𐄁KUPAPAKAJUKU
ēšḫar-,ESARA,blood,luwian_body_parts,luwian,fuzzy_d1,1,HT88,Haghia Triada - Casa Room 7,conventional,False,ESAMA,UPAJARESAMARODATA
gant-,KATA,tooth,luwian_body_parts,luwian,fuzzy_d1,1,HT88,Haghia Triada - Casa Room 7,conventional,False,DATA,SAMARODATAREKURO
tār-,TARA,tree/wood,luwian_nature,luwian,fuzzy_d1,1,HT88,Haghia Triada - Casa Room 7,conventional,False,TARE,MARODATAREKURO
piya-,PIJA,to give,luwian_verb,luwian,fuzzy_d1,1,HT88,Haghia Triada - Casa Room 7,conventional,False,PAJA,KUPANUPAJARESAMA
kuen-,KUNA,"to kill, strike",luwian_verb,luwian,fuzzy_d1,1,HT88,Haghia Triada - Casa Room 7,conventional,False,KINA,ANI𐄁KIKINAKIRO𐄁K
tarri-,TARI,three,luwian_number,luwian,fuzzy_d1,1,HT88,Haghia Triada - Casa Room 7,conventional,False,TARE,MARODATAREKURO
pānkʷ-,PAKU,five,luwian_number,luwian,fuzzy_d1,1,HT88,Haghia Triada - Casa Room 7,conventional,False,PAKA,O𐄁KUPAPAKAJUKUPA
-šša-,SASA,"iterative/durative [Verbal suffix, also in toponyms]",luwian_suffix,luwian,fuzzy_d1,1,HT88,Haghia Triada - Casa Room 7,conventional,False,SAMA,PAJARESAMARODATA
-tari,TARI,middle voice 3sg [Mediopassive marker],luwian_suffix,luwian,fuzzy_d1,1,HT88,Haghia Triada - Casa Room 7,conventional,False,TARE,MARODATAREKURO
lada-,LATA,"wife, woman",lycian_kinship,lycian,fuzzy_d1,1,HT88,Haghia Triada - Casa Room 7,conventional,False,DATA,SAMARODATAREKURO
tri-,TARI,three,lycian_number,lycian,fuzzy_d1,1,HT88,Haghia Triada - Casa Room 7,conventional,False,TARE,MARODATAREKURO
Apasa,APASA,toponym: Apasa,toponym,anatolian,fuzzy_d1,1,HT88,Haghia Triada - Casa Room 7,conventional,False,APAKA,RO𐄁KUPAPAKAJUKUPA
ḫašta-,ASATA,bone,luwian_body_parts,luwian,fuzzy_d1,1,HT89,Haghia Triada - Casa Room 7,conventional,False,ASARA,ASARA𐄁*𐄁*MA
ēšḫar-,ESARA,blood,luwian_body_parts,luwian,fuzzy_d1,1,HT89,Haghia Triada - Casa Room 7,conventional,False,ASARA,ASARA𐄁*𐄁*MA
wār-,WARA,water,luwian_agriculture_trade,luwian,fuzzy_d1,1,HT89,Haghia Triada - Casa Room 7,conventional,True,SARA,ASARA𐄁*𐄁*MA
tār-,TARA,tree/wood,luwian_nature,luwian,fuzzy_d1,1,HT89,Haghia Triada - Casa Room 7,conventional,True,SARA,ASARA𐄁*𐄁*MA
ḫašt-,ASATA,"star, bone (dual meaning)",luwian_nature,luwian,fuzzy_d1,1,HT89,Haghia Triada - Casa Room 7,conventional,False,ASARA,ASARA𐄁*𐄁*MA
malli-,MALI,to grind,luwian_verb,luwian,fuzzy_d1,1,HT89,Haghia Triada - Casa Room 7,conventional,False,MAMI,RA𐄁*𐄁*MAMIVIR+*A
pānkʷ-,PAKU,five,luwian_number,luwian,fuzzy_d1,1,HT89,Haghia Triada - Casa Room 7,conventional,False,RAKU,VIR+*ARAKUROCYP³
*ašta-,ASATA,eight (reconstructed),luwian_number,luwian,fuzzy_d1,1,HT89,Haghia Triada - Casa Room 7,conventional,False,ASARA,ASARA𐄁*𐄁*MA
-šša-,SASA,"iterative/durative [Verbal suffix, also in toponyms]",luwian_suffix,luwian,fuzzy_d1,1,HT89,Haghia Triada - Casa Room 7,conventional,False,SARA,ASARA𐄁*𐄁*MA
-war,WARA,verbal noun [Gerundive/verbal noun],luwian_suffix,luwian,fuzzy_d1,1,HT89,Haghia Triada - Casa Room 7,conventional,True,SARA,ASARA𐄁*𐄁*MA
-ašša-,ASASA,genitival adjective [Very important for toponyms: -assos/-assa],luwian_suffix,luwian,fuzzy_d1,1,HT89,Haghia Triada - Casa Room 7,conventional,False,ASARA,ASARA𐄁*𐄁*MA
nāna-,NANA,brother (?),luwian_kinship,luwian,fuzzy_d1,1,HT90,Haghia Triada - Casa Room 7,conventional,False,NASA,IKURINASARAGRAN
zida-,ZITA,"man, male",luwian_kinship,luwian,fuzzy_d1,1,HT90,Haghia Triada - Casa Room 7,conventional,False,RITA,SIRUMARITAGRANI*
ḫašta-,ASATA,bone,luwian_body_parts,luwian,fuzzy_d1,1,HT90,Haghia Triada - Casa Room 7,conventional,False,ASARA,IKURINASARAGRANIS
ēšḫar-,ESARA,blood,luwian_body_parts,luwian,fuzzy_d1,1,HT90,Haghia Triada - Casa Room 7,conventional,False,ASARA,IKURINASARAGRANIS
wār-,WARA,water,luwian_agriculture_trade,luwian,fuzzy_d1,1,HT90,Haghia Triada - Casa Room 7,conventional,False,SARA,KURINASARAGRANIS
tār-,TARA,tree/wood,luwian_nature,luwian,fuzzy_d1,1,HT90,Haghia Triada - Casa Room 7,conventional,False,SARA,KURINASARAGRANIS
ḫašt-,ASATA,"star, bone (dual meaning)",luwian_nature,luwian,fuzzy_d1,1,HT90,Haghia Triada - Casa Room 7,conventional,False,ASARA,IKURINASARAGRANIS
malli-,MALI,to grind,luwian_verb,luwian,fuzzy_d1,1,HT90,Haghia Triada - Casa Room 7,conventional,False,MARI,NISIRUMARITAGRAN
tarri-,TARI,three,luwian_number,luwian,fuzzy_d1,1,HT90,Haghia Triada - Casa Room 7,conventional,False,MARI,NISIRUMARITAGRAN
*ašta-,ASATA,eight (reconstructed),luwian_number,luwian,fuzzy_d1,1,HT90,Haghia Triada - Casa Room 7,conventional,False,ASARA,IKURINASARAGRANIS
-šša-,SASA,"iterative/durative [Verbal suffix, also in toponyms]",luwian_suffix,luwian,fuzzy_d1,1,HT90,Haghia Triada - Casa Room 7,conventional,False,NASA,IKURINASARAGRAN
-tari,TARI,middle voice 3sg [Mediopassive marker],luwian_suffix,luwian,fuzzy_d1,1,HT90,Haghia Triada - Casa Room 7,conventional,False,MARI,NISIRUMARITAGRAN
-war,WARA,verbal noun [Gerundive/verbal noun],luwian_suffix,luwian,fuzzy_d1,1,HT90,Haghia Triada - Casa Room 7,conventional,False,SARA,KURINASARAGRANIS
-ašša-,ASASA,genitival adjective [Very important for toponyms: -assos/-assa],luwian_suffix,luwian,fuzzy_d1,1,HT90,Haghia Triada - Casa Room 7,conventional,False,ASARA,IKURINASARAGRANIS
arina-,ARINA,"spring, water source",lycian_agriculture_trade,lycian,fuzzy_d1,1,HT90,Haghia Triada - Casa Room 7,conventional,False,URINA,IKURINASARAGR
arina-,ARINA,"spring, source",lycian_nature,lycian,fuzzy_d1,1,HT90,Haghia Triada - Casa Room 7,conventional,False,URINA,IKURINASARAGR
natr-,NATARA,reeds,lycian_nature,lycian,fuzzy_d1,1,HT90,Haghia Triada - Casa Room 7,conventional,False,NASARA,IKURINASARAGRANIS
tri-,TARI,three,lycian_number,lycian,fuzzy_d1,1,HT90,Haghia Triada - Casa Room 7,conventional,False,MARI,NISIRUMARITAGRAN
Arinna,ARINA,toponym: Arinna,toponym,anatolian,fuzzy_d1,1,HT90,Haghia Triada - Casa Room 7,conventional,False,URINA,IKURINASARAGR
temi-,TEMI,forest,luwian_nature,luwian,fuzzy_d1,1,HT91,Haghia Triada - Casa Room 7,conventional,True,TERI,VIN≈¹⁄TERIOLE+MI
tarri-,TARI,three,luwian_number,luwian,fuzzy_d1,1,HT91,Haghia Triada - Casa Room 7,conventional,True,TERI,VIN≈¹⁄TERIOLE+MI
-tari,TARI,middle voice 3sg [Mediopassive marker],luwian_suffix,luwian,fuzzy_d1,1,HT91,Haghia Triada - Casa Room 7,conventional,True,TERI,VIN≈¹⁄TERIOLE+MI
tri-,TARI,three,lycian_number,lycian,fuzzy_d1,1,HT91,Haghia Triada - Casa Room 7,conventional,True,TERI,VIN≈¹⁄TERIOLE+MI
nāna-,NANA,brother (?),luwian_kinship,luwian,fuzzy_d1,1,HT93a,Haghia Triada - Casa Room 7,conventional,True,NINA,PANINA𐄁GRAPA
iššari-,ISARI,hand,luwian_body_parts,luwian,fuzzy_d1,1,HT93a,Haghia Triada - Casa Room 7,conventional,False,IDARI,KU¹⁄OTIDARIDA**NI
ēšḫar-,ESARA,blood,luwian_body_parts,luwian,fuzzy_d1,1,HT93a,Haghia Triada - Casa Room 7,conventional,True,⁄SARA,RA+PA³⁄SARAQAQARU
wār-,WARA,water,luwian_agriculture_trade,luwian,fuzzy_d1,1,HT93a,Haghia Triada - Casa Room 7,conventional,True,SARA,A+PA³⁄SARAQAQARU
tār-,TARA,tree/wood,luwian_nature,luwian,fuzzy_d1,1,HT93a,Haghia Triada - Casa Room 7,conventional,True,SARA,A+PA³⁄SARAQAQARU
arma-,ARAMA,moon,luwian_nature,luwian,fuzzy_d1,1,HT93a,Haghia Triada - Casa Room 7,conventional,False,ARAQA,+PA³⁄SARAQAQARUIG
tarri-,TARI,three,luwian_number,luwian,fuzzy_d1,1,HT93a,Haghia Triada - Casa Room 7,conventional,False,DARI,U¹⁄OTIDARIDA**NI
-šša-,SASA,"iterative/durative [Verbal suffix, also in toponyms]",luwian_suffix,luwian,fuzzy_d1,1,HT93a,Haghia Triada - Casa Room 7,conventional,True,SARA,A+PA³⁄SARAQAQARU
-tari,TARI,middle voice 3sg [Mediopassive marker],luwian_suffix,luwian,fuzzy_d1,1,HT93a,Haghia Triada - Casa Room 7,conventional,False,DARI,U¹⁄OTIDARIDA**NI
-war,WARA,verbal noun [Gerundive/verbal noun],luwian_suffix,luwian,fuzzy_d1,1,HT93a,Haghia Triada - Casa Room 7,conventional,True,SARA,A+PA³⁄SARAQAQARU
arina-,ARINA,"spring, water source",lycian_agriculture_trade,lycian,fuzzy_d1,1,HT93a,Haghia Triada - Casa Room 7,conventional,False,ANINA,PANINA𐄁GRAPA
pddẽ-,PATE,place,lycian_agriculture_trade,lycian,fuzzy_d1,1,HT93a,Haghia Triada - Casa Room 7,conventional,True,PASE,**NINAPASEJAVIR+
arina-,ARINA,"spring, source",lycian_nature,lycian,fuzzy_d1,1,HT93a,Haghia Triada - Casa Room 7,conventional,False,ANINA,PANINA𐄁GRAPA
tri-,TARI,three,lycian_number,lycian,fuzzy_d1,1,HT93a,Haghia Triada - Casa Room 7,conventional,False,DARI,U¹⁄OTIDARIDA**NI
Apasa,APASA,toponym: Apasa,toponym,anatolian,fuzzy_d1,1,HT93a,Haghia Triada - Casa Room 7,conventional,False,APASE,A**NINAPASEJAVIR+
Arinna,ARINA,toponym: Arinna,toponym,anatolian,fuzzy_d1,1,HT93a,Haghia Triada - Casa Room 7,conventional,False,ANINA,PANINA𐄁GRAPA
nāna-,NANA,brother (?),luwian_kinship,luwian,fuzzy_d1,1,HT94a,Haghia Triada - Casa Room 7,conventional,True,NANI,UBLEMINANI¹⁄𐄐𐄊PU
ēšḫar-,ESARA,blood,luwian_body_parts,luwian,fuzzy_d1,1,HT94a,Haghia Triada - Casa Room 7,conventional,True,USARA,+[]TAKUSARANI¹⁄**
gant-,KATA,tooth,luwian_body_parts,luwian,fuzzy_d1,1,HT94a,Haghia Triada - Casa Room 7,conventional,False,KAPA,KAPAVIR+[]
wār-,WARA,water,luwian_agriculture_trade,luwian,fuzzy_d1,1,HT94a,Haghia Triada - Casa Room 7,conventional,True,SARA,[]TAKUSARANI¹⁄**
kup-,KUPA,"to plan, devise",luwian_agriculture_trade,luwian,fuzzy_d1,1,HT94a,Haghia Triada - Casa Room 7,conventional,False,KAPA,KAPAVIR+[]
tār-,TARA,tree/wood,luwian_nature,luwian,fuzzy_d1,1,HT94a,Haghia Triada - Casa Room 7,conventional,True,SARA,[]TAKUSARANI¹⁄**
temi-,TEMI,forest,luwian_nature,luwian,fuzzy_d1,1,HT94a,Haghia Triada - Casa Room 7,conventional,True,LEMI,YPDOUBLEMINANI¹⁄
kuen-,KUNA,"to kill, strike",luwian_verb,luwian,fuzzy_d1,1,HT94a,Haghia Triada - Casa Room 7,conventional,False,KUSA,R+[]TAKUSARANI¹⁄
pānkʷ-,PAKU,five,luwian_number,luwian,fuzzy_d1,1,HT94a,Haghia Triada - Casa Room 7,conventional,False,TAKU,VIR+[]TAKUSARANI
-šša-,SASA,"iterative/durative [Verbal suffix, also in toponyms]",luwian_suffix,luwian,fuzzy_d1,1,HT94a,Haghia Triada - Casa Room 7,conventional,True,SARA,[]TAKUSARANI¹⁄**
-war,WARA,verbal noun [Gerundive/verbal noun],luwian_suffix,luwian,fuzzy_d1,1,HT94a,Haghia Triada - Casa Room 7,conventional,True,SARA,[]TAKUSARANI¹⁄**
xupa-,KUPA,tomb,lycian_agriculture_trade,lycian,fuzzy_d1,1,HT94a,Haghia Triada - Casa Room 7,conventional,False,KAPA,KAPAVIR+[]
kbi-,KAPI,two (numeral '2'),lycian_number,lycian,fuzzy_d1,1,HT94a,Haghia Triada - Casa Room 7,conventional,False,KAPA,KAPAVIR+[]
Ḫattuša,ATUSA,toponym: Ḫattuša,toponym,anatolian,fuzzy_d1,1,HT94a,Haghia Triada - Casa Room 7,conventional,False,AKUSA,IR+[]TAKUSARANI¹⁄
atta-,ATTA,father,luwian_kinship,luwian,fuzzy_d1,1,HT94b,Haghia Triada - Casa Room 7,conventional,False,ATA,𐄁TUMAPATANEDEDI
ḫašta-,ASATA,bone,luwian_body_parts,luwian,fuzzy_d1,1,HT94b,Haghia Triada - Casa Room 7,conventional,False,APATA,RO𐄁TUMAPATANEDEDI
gant-,KATA,tooth,luwian_body_parts,luwian,fuzzy_d1,1,HT94b,Haghia Triada - Casa Room 7,conventional,False,PATA,O𐄁TUMAPATANEDEDI
ḫašt-,ASATA,"star, bone (dual meaning)",luwian_nature,luwian,fuzzy_d1,1,HT94b,Haghia Triada - Casa Room 7,conventional,False,APATA,RO𐄁TUMAPATANEDEDI
malā-,MALA,to think,luwian_verb,luwian,fuzzy_d1,1,HT94b,Haghia Triada - Casa Room 7,conventional,False,MAPA,IRO𐄁TUMAPATANEDE
tūwa-,TUWA,"to put, place",luwian_verb,luwian,fuzzy_d1,1,HT94b,Haghia Triada - Casa Room 7,conventional,False,TUMA,KIRO𐄁TUMAPATANE
tuwā-,TUWA,to look at,luwian_verb,luwian,fuzzy_d1,1,HT94b,Haghia Triada - Casa Room 7,conventional,False,TUMA,KIRO𐄁TUMAPATANE
tuw(a)-,TUWA,two,luwian_number,luwian,fuzzy_d1,1,HT94b,Haghia Triada - Casa Room 7,conventional,False,TUMA,KIRO𐄁TUMAPATANE
māwa-,MAWA,four,luwian_number,luwian,fuzzy_d1,1,HT94b,Haghia Triada - Casa Room 7,conventional,False,MAPA,IRO𐄁TUMAPATANEDE
*šaptam-,SAPATA,seven (reconstructed),luwian_number,luwian,fuzzy_d1,1,HT94b,Haghia Triada - Casa Room 7,conventional,False,MAPATA,IRO𐄁TUMAPATANEDEDI
*ašta-,ASATA,eight (reconstructed),luwian_number,luwian,fuzzy_d1,1,HT94b,Haghia Triada - Casa Room 7,conventional,False,APATA,RO𐄁TUMAPATANEDEDI
-anda-,ANATA,gerundive/place [Very important for toponyms: -anda],luwian_suffix,luwian,fuzzy_d1,1,HT94b,Haghia Triada - Casa Room 7,conventional,False,APATA,RO𐄁TUMAPATANEDEDI
tede-,TETE,father,lycian_kinship,lycian,fuzzy_d1,1,HT94b,Haghia Triada - Casa Room 7,conventional,False,METE,𐄁RA𐄁DEMETE*F𐄁𐝫𐄁𐄇
lada-,LATA,"wife, woman",lycian_kinship,lycian,fuzzy_d1,1,HT94b,Haghia Triada - Casa Room 7,conventional,False,PATA,O𐄁TUMAPATANEDEDI
pddẽ-,PATE,place,lycian_agriculture_trade,lycian,fuzzy_d1,1,HT94b,Haghia Triada - Casa Room 7,conventional,False,PATA,O𐄁TUMAPATANEDEDI
tura-,TURA,"land, earth",lycian_nature,lycian,fuzzy_d1,1,HT94b,Haghia Triada - Casa Room 7,conventional,False,TUMA,KIRO𐄁TUMAPATANE
Apasa,APASA,toponym: Apasa,toponym,anatolian,fuzzy_d1,1,HT94b,Haghia Triada - Casa Room 7,conventional,False,APATA,RO𐄁TUMAPATANEDEDI
atta-,ATTA,father,luwian_kinship,luwian,fuzzy_d1,1,HT95a,Haghia Triada - Casa Room 7,conventional,False,ATA,DADUMATA𐄁GRADA
pata-,PATA,foot,luwian_body_parts,luwian,fuzzy_d1,1,HT95a,Haghia Triada - Casa Room 7,conventional,False,MATA,DADUMATA𐄁GRADA
ēšḫar-,ESARA,blood,luwian_body_parts,luwian,fuzzy_d1,1,HT95a,Haghia Triada - Casa Room 7,conventional,False,ESARU,EMINUTESARUKUNISU
gant-,KATA,tooth,luwian_body_parts,luwian,fuzzy_d1,1,HT95a,Haghia Triada - Casa Room 7,conventional,False,MATA,DADUMATA𐄁GRADA
temi-,TEMI,forest,luwian_nature,luwian,fuzzy_d1,1,HT95a,Haghia Triada - Casa Room 7,conventional,False,MEMI,𐄁GRADAMEMINUTESA
kuen-,KUNA,"to kill, strike",luwian_verb,luwian,fuzzy_d1,1,HT95a,Haghia Triada - Casa Room 7,conventional,False,KUNI,TESARUKUNISUDIDE
malā-,MALA,to think,luwian_verb,luwian,fuzzy_d1,1,HT95a,Haghia Triada - Casa Room 7,conventional,False,MATA,DADUMATA𐄁GRADA
māwa-,MAWA,four,luwian_number,luwian,fuzzy_d1,1,HT95a,Haghia Triada - Casa Room 7,conventional,False,MATA,DADUMATA𐄁GRADA
lada-,LATA,"wife, woman",lycian_kinship,lycian,fuzzy_d1,1,HT95a,Haghia Triada - Casa Room 7,conventional,False,MATA,DADUMATA𐄁GRADA
tese-,TESE,"oath, agreement",lycian_agriculture_trade,lycian,fuzzy_d1,1,HT95a,Haghia Triada - Casa Room 7,conventional,False,TESA,MEMINUTESARUKUNI
temi-,TEMI,forest,luwian_nature,luwian,fuzzy_d1,1,HT95b,Haghia Triada - Casa Room 7,conventional,False,MEMI,U𐝫𐄁𐝫DAMEMINUTEKU
kuen-,KUNA,"to kill, strike",luwian_verb,luwian,fuzzy_d1,1,HT95b,Haghia Triada - Casa Room 7,conventional,False,KUNI,MINUTEKUNISUDIDE
zida-,ZITA,"man, male",luwian_kinship,luwian,fuzzy_d1,1,HT96a,Haghia Triada - Casa Room 7,conventional,False,MITA,MTE𐄁SIMITAGRARUS
pata-,PATA,foot,luwian_body_parts,luwian,fuzzy_d1,1,HT96a,Haghia Triada - Casa Room 7,conventional,False,PARA,KUNI𐄁APARANE𐄁AAR
tawa-,TAWA,eye,luwian_body_parts,luwian,fuzzy_d1,1,HT96a,Haghia Triada - Casa Room 7,conventional,False,TARA,SA**PITARA𐄁**—KU
wār-,WARA,water,luwian_agriculture_trade,luwian,fuzzy_d1,1,HT96a,Haghia Triada - Casa Room 7,conventional,False,PARA,KUNI𐄁APARANE𐄁AAR
immara-,IMARA,"field, open country",luwian_agriculture_trade,luwian,fuzzy_d1,1,HT96a,Haghia Triada - Casa Room 7,conventional,False,ITARA,USA**PITARA𐄁**—KU
parna-,PARANA,house,luwian_agriculture_trade,luwian,fuzzy_d1,1,HT96a,Haghia Triada - Casa Room 7,conventional,False,PARANE,KUNI𐄁APARANE𐄁AAROM
tapar-,TAPARA,"to rule, govern",luwian_agriculture_trade,luwian,fuzzy_d1,1,HT96a,Haghia Triada - Casa Room 7,conventional,False,𐄁APARA,TIKUNI𐄁APARANE𐄁AAR
kup-,KUPA,"to plan, devise",luwian_agriculture_trade,luwian,fuzzy_d1,1,HT96a,Haghia Triada - Casa Room 7,conventional,True,KUMA,RA𐄁**—KUMARO𐄁𐄁TE
temi-,TEMI,forest,luwian_nature,luwian,fuzzy_d1,1,HT96a,Haghia Triada - Casa Room 7,conventional,False,TENI,MARO𐄁𐄁TENI—𐝫𐝫
aruna-,ARUNA,sea,luwian_nature,luwian,fuzzy_d1,1,HT96a,Haghia Triada - Casa Room 7,conventional,False,ARUSA,MITAGRARUSA**PITA
ziti-,SITI,"man, citizen",luwian_social_political,luwian,fuzzy_d1,1,HT96a,Haghia Triada - Casa Room 7,conventional,False,TITI,ITITIKUNI𐄁A
piya-,PIJA,to give,luwian_verb,luwian,fuzzy_d1,1,HT96a,Haghia Triada - Casa Room 7,conventional,False,PITA,RUSA**PITARA𐄁**—
kuen-,KUNA,"to kill, strike",luwian_verb,luwian,fuzzy_d1,1,HT96a,Haghia Triada - Casa Room 7,conventional,True,KUNI,ITITIKUNI𐄁APARA
tarri-,TARI,three,luwian_number,luwian,fuzzy_d1,1,HT96a,Haghia Triada - Casa Room 7,conventional,False,TARA,SA**PITARA𐄁**—KU
*daw(a)-,TAWA,six (reconstructed),luwian_number,luwian,fuzzy_d1,1,HT96a,Haghia Triada - Casa Room 7,conventional,False,TARA,SA**PITARA𐄁**—KU
-tari,TARI,middle voice 3sg [Mediopassive marker],luwian_suffix,luwian,fuzzy_d1,1,HT96a,Haghia Triada - Casa Room 7,conventional,False,TARA,SA**PITARA𐄁**—KU
-war,WARA,verbal noun [Gerundive/verbal noun],luwian_suffix,luwian,fuzzy_d1,1,HT96a,Haghia Triada - Casa Room 7,conventional,False,PARA,KUNI𐄁APARANE𐄁AAR
prñna-,PARANA,"house, building",lycian_agriculture_trade,lycian,fuzzy_d1,1,HT96a,Haghia Triada - Casa Room 7,conventional,False,PARANE,KUNI𐄁APARANE𐄁AAROM
xupa-,KUPA,tomb,lycian_agriculture_trade,lycian,fuzzy_d1,1,HT96a,Haghia Triada - Casa Room 7,conventional,True,KUMA,RA𐄁**—KUMARO𐄁𐄁TE
tura-,TURA,"land, earth",lycian_nature,lycian,fuzzy_d1,1,HT96a,Haghia Triada - Casa Room 7,conventional,False,TARA,SA**PITARA𐄁**—KU
tri-,TARI,three,lycian_number,lycian,fuzzy_d1,1,HT96a,Haghia Triada - Casa Room 7,conventional,False,TARA,SA**PITARA𐄁**—KU
Apasa,APASA,toponym: Apasa,toponym,anatolian,fuzzy_d1,1,HT96a,Haghia Triada - Casa Room 7,conventional,False,APARA,IKUNI𐄁APARANE𐄁AAR
Ḫattuša,ATUSA,toponym: Ḫattuša,toponym,anatolian,fuzzy_d1,1,HT96a,Haghia Triada - Casa Room 7,conventional,False,ARUSA,MITAGRARUSA**PITA
pata-,PATA,foot,luwian_body_parts,luwian,fuzzy_d1,1,HT96b,Haghia Triada - Casa Room 7,conventional,False,PARA,APARANE𐄁QA*
wār-,WARA,water,luwian_agriculture_trade,luwian,fuzzy_d1,1,HT96b,Haghia Triada - Casa Room 7,conventional,False,PARA,APARANE𐄁QA*
parna-,PARANA,house,luwian_agriculture_trade,luwian,fuzzy_d1,1,HT96b,Haghia Triada - Casa Room 7,conventional,False,PARANE,APARANE𐄁QA*RA
tapar-,TAPARA,"to rule, govern",luwian_agriculture_trade,luwian,fuzzy_d1,1,HT96b,Haghia Triada - Casa Room 7,conventional,False,APARA,APARANE𐄁QA*
tār-,TARA,tree/wood,luwian_nature,luwian,fuzzy_d1,1,HT96b,Haghia Triada - Casa Room 7,conventional,False,PARA,APARANE𐄁QA*
-war,WARA,verbal noun [Gerundive/verbal noun],luwian_suffix,luwian,fuzzy_d1,1,HT96b,Haghia Triada - Casa Room 7,conventional,False,PARA,APARANE𐄁QA*
prñna-,PARANA,"house, building",lycian_agriculture_trade,lycian,fuzzy_d1,1,HT96b,Haghia Triada - Casa Room 7,conventional,False,PARANE,APARANE𐄁QA*RA
Apasa,APASA,toponym: Apasa,toponym,anatolian,fuzzy_d1,1,HT96b,Haghia Triada - Casa Room 7,conventional,False,APARA,APARANE𐄁QA*
gant-,KATA,tooth,luwian_body_parts,luwian,fuzzy_d1,1,HT97a,Haghia Triada - Casa Room 7,conventional,True,KATI,KARU𐄁𐄁KATIPAIDIN
ziti-,SITI,"man, citizen",luwian_social_political,luwian,fuzzy_d1,1,HT97a,Haghia Triada - Casa Room 7,conventional,False,KITI,MADIJUKITI𐄁A𐝫𐄉𐝫𐝫
malli-,MALI,to grind,luwian_verb,luwian,fuzzy_d1,1,HT97a,Haghia Triada - Casa Room 7,conventional,False,MADI,DINATIMADIJUKITI
kbi-,KAPI,two (numeral '2'),lycian_number,lycian,fuzzy_d1,1,HT97a,Haghia Triada - Casa Room 7,conventional,True,KATI,KARU𐄁𐄁KATIPAIDIN
ēšḫar-,ESARA,blood,luwian_body_parts,luwian,fuzzy_d1,1,HT97b,Haghia Triada - Casa Room 7,conventional,False,SARA,SARA
wār-,WARA,water,luwian_agriculture_trade,luwian,fuzzy_d1,1,HT97b,Haghia Triada - Casa Room 7,conventional,False,SARA,SARA
tār-,TARA,tree/wood,luwian_nature,luwian,fuzzy_d1,1,HT97b,Haghia Triada - Casa Room 7,conventional,False,SARA,SARA
-šša-,SASA,"iterative/durative [Verbal suffix, also in toponyms]",luwian_suffix,luwian,fuzzy_d1,1,HT97b,Haghia Triada - Casa Room 7,conventional,False,SARA,SARA
-war,WARA,verbal noun [Gerundive/verbal noun],luwian_suffix,luwian,fuzzy_d1,1,HT97b,Haghia Triada - Casa Room 7,conventional,False,SARA,SARA
nāna-,NANA,brother (?),luwian_kinship,luwian,fuzzy_d1,1,HT98a,Haghia Triada - Casa Room 7,conventional,False,TANA,𐝫DETUTANA³⁄DINA
tawa-,TAWA,eye,luwian_body_parts,luwian,fuzzy_d1,1,HT98a,Haghia Triada - Casa Room 7,conventional,False,TANA,𐝫DETUTANA³⁄DINA
tār-,TARA,tree/wood,luwian_nature,luwian,fuzzy_d1,1,HT98a,Haghia Triada - Casa Room 7,conventional,False,TANA,𐝫DETUTANA³⁄DINA
tūwa-,TUWA,"to put, place",luwian_verb,luwian,fuzzy_d1,1,HT98a,Haghia Triada - Casa Room 7,conventional,False,TUTA,𐝫DETUTANA³⁄DI
tuwā-,TUWA,to look at,luwian_verb,luwian,fuzzy_d1,1,HT98a,Haghia Triada - Casa Room 7,conventional,False,TUTA,𐝫DETUTANA³⁄DI
tuw(a)-,TUWA,two,luwian_number,luwian,fuzzy_d1,1,HT98a,Haghia Triada - Casa Room 7,conventional,False,TUTA,𐝫DETUTANA³⁄DI
*daw(a)-,TAWA,six (reconstructed),luwian_number,luwian,fuzzy_d1,1,HT98a,Haghia Triada - Casa Room 7,conventional,False,TANA,𐝫DETUTANA³⁄DINA
tura-,TURA,"land, earth",lycian_nature,lycian,fuzzy_d1,1,HT98a,Haghia Triada - Casa Room 7,conventional,False,TUTA,𐝫DETUTANA³⁄DI
kbi-,KAPI,two (numeral '2'),lycian_number,lycian,fuzzy_d1,1,HT98a,Haghia Triada - Casa Room 7,conventional,True,KAI,¹⁄TEROKAI¹⁄RU
pddẽ-,PATE,place,lycian_agriculture_trade,lycian,fuzzy_d1,1,HT98b,Haghia Triada - Casa Room 7,conventional,False,DATE,𐝫*VINDATE¹⁄PITE
ēšḫar-,ESARA,blood,luwian_body_parts,luwian,fuzzy_d1,1,HT99a,Haghia Triada - Casa Room 7,conventional,False,𐄁SARA,ADU𐄁SARACYPVIN
wār-,WARA,water,luwian_agriculture_trade,luwian,fuzzy_d1,1,HT99a,Haghia Triada - Casa Room 7,conventional,False,SARA,ADU𐄁SARACYPVIN
tār-,TARA,tree/wood,luwian_nature,luwian,fuzzy_d1,1,HT99a,Haghia Triada - Casa Room 7,conventional,False,SARA,ADU𐄁SARACYPVIN
-šša-,SASA,"iterative/durative [Verbal suffix, also in toponyms]",luwian_suffix,luwian,fuzzy_d1,1,HT99a,Haghia Triada - Casa Room 7,conventional,False,SARA,ADU𐄁SARACYPVIN
-war,WARA,verbal noun [Gerundive/verbal noun],luwian_suffix,luwian,fuzzy_d1,1,HT99a,Haghia Triada - Casa Room 7,conventional,False,SARA,ADU𐄁SARACYPVIN
atta-,ATTA,father,luwian_kinship,luwian,fuzzy_d1,1,HT99b,Haghia Triada - Casa Room 7,conventional,False,ATA,UDURUMATA
pata-,PATA,foot,luwian_body_parts,luwian,fuzzy_d1,1,HT99b,Haghia Triada - Casa Room 7,conventional,False,MATA,ZUDURUMATA
gant-,KATA,tooth,luwian_body_parts,luwian,fuzzy_d1,1,HT99b,Haghia Triada - Casa Room 7,conventional,False,MATA,ZUDURUMATA
malā-,MALA,to think,luwian_verb,luwian,fuzzy_d1,1,HT99b,Haghia Triada - Casa Room 7,conventional,False,MATA,ZUDURUMATA
māwa-,MAWA,four,luwian_number,luwian,fuzzy_d1,1,HT99b,Haghia Triada - Casa Room 7,conventional,False,MATA,ZUDURUMATA
lada-,LATA,"wife, woman",lycian_kinship,lycian,fuzzy_d1,1,HT99b,Haghia Triada - Casa Room 7,conventional,False,MATA,ZUDURUMATA
pata-,PATA,foot,luwian_body_parts,luwian,fuzzy_d1,1,HT100,Haghia Triada - Casa Room 7,conventional,True,PATI,R+KA*+PATI+ARACY
wār-,WARA,water,luwian_agriculture_trade,luwian,fuzzy_d1,1,HT100,Haghia Triada - Casa Room 7,conventional,False,+ARA,*+PATI+ARACYP¹⁄N
immara-,IMARA,"field, open country",luwian_agriculture_trade,luwian,fuzzy_d1,1,HT100,Haghia Triada - Casa Room 7,conventional,False,I+ARA,A*+PATI+ARACYP¹⁄N
tār-,TARA,tree/wood,luwian_nature,luwian,fuzzy_d1,1,HT100,Haghia Triada - Casa Room 7,conventional,False,+ARA,*+PATI+ARACYP¹⁄N
temi-,TEMI,forest,luwian_nature,luwian,fuzzy_d1,1,HT100,Haghia Triada - Casa Room 7,conventional,True,LEMI,NIDOUBLEMINA¹⁄≈¹
-war,WARA,verbal noun [Gerundive/verbal noun],luwian_suffix,luwian,fuzzy_d1,1,HT100,Haghia Triada - Casa Room 7,conventional,False,+ARA,*+PATI+ARACYP¹⁄N
pddẽ-,PATE,place,lycian_agriculture_trade,lycian,fuzzy_d1,1,HT100,Haghia Triada - Casa Room 7,conventional,True,PATI,R+KA*+PATI+ARACY
iššari-,ISARI,hand,luwian_body_parts,luwian,fuzzy_d1,1,HT101,Haghia Triada - Casa Room 7,conventional,False,ISARA,ZU*FDISARAGRAPAO
ēšḫar-,ESARA,blood,luwian_body_parts,luwian,fuzzy_d1,1,HT101,Haghia Triada - Casa Room 7,conventional,False,ISARA,ZU*FDISARAGRAPAO
wār-,WARA,water,luwian_agriculture_trade,luwian,fuzzy_d1,1,HT101,Haghia Triada - Casa Room 7,conventional,False,SARA,ZU*FDISARAGRAPAO
immara-,IMARA,"field, open country",luwian_agriculture_trade,luwian,fuzzy_d1,1,HT101,Haghia Triada - Casa Room 7,conventional,False,ISARA,ZU*FDISARAGRAPAO
tār-,TARA,tree/wood,luwian_nature,luwian,fuzzy_d1,1,HT101,Haghia Triada - Casa Room 7,conventional,False,SARA,ZU*FDISARAGRAPAO
išta-,ISATA,to hear,luwian_verb,luwian,fuzzy_d1,1,HT101,Haghia Triada - Casa Room 7,conventional,False,ISARA,ZU*FDISARAGRAPAO
-šša-,SASA,"iterative/durative [Verbal suffix, also in toponyms]",luwian_suffix,luwian,fuzzy_d1,1,HT101,Haghia Triada - Casa Room 7,conventional,False,SARA,ZU*FDISARAGRAPAO
-war,WARA,verbal noun [Gerundive/verbal noun],luwian_suffix,luwian,fuzzy_d1,1,HT101,Haghia Triada - Casa Room 7,conventional,False,SARA,ZU*FDISARAGRAPAO
izre-,ISARE,hand,lycian_body_parts,lycian,fuzzy_d1,1,HT101,Haghia Triada - Casa Room 7,conventional,False,ISARA,ZU*FDISARAGRAPAO
pata-,PATA,foot,luwian_body_parts,luwian,fuzzy_d1,1,HT102,Haghia Triada - Casa Room 7,conventional,False,PASA,KAPASARAGRAP
ḫašta-,ASATA,bone,luwian_body_parts,luwian,fuzzy_d1,1,HT102,Haghia Triada - Casa Room 7,conventional,False,ASARA,KAPASARAGRAPAG
ēšḫar-,ESARA,blood,luwian_body_parts,luwian,fuzzy_d1,1,HT102,Haghia Triada - Casa Room 7,conventional,False,ASARA,KAPASARAGRAPAG
gant-,KATA,tooth,luwian_body_parts,luwian,fuzzy_d1,1,HT102,Haghia Triada - Casa Room 7,conventional,False,KAPA,KAPASARAGR
wār-,WARA,water,luwian_agriculture_trade,luwian,fuzzy_d1,1,HT102,Haghia Triada - Casa Room 7,conventional,False,SARA,KAPASARAGRAPAG
kup-,KUPA,"to plan, devise",luwian_agriculture_trade,luwian,fuzzy_d1,1,HT102,Haghia Triada - Casa Room 7,conventional,False,KAPA,KAPASARAGR
tār-,TARA,tree/wood,luwian_nature,luwian,fuzzy_d1,1,HT102,Haghia Triada - Casa Room 7,conventional,False,SARA,KAPASARAGRAPAG
ḫašt-,ASATA,"star, bone (dual meaning)",luwian_nature,luwian,fuzzy_d1,1,HT102,Haghia Triada - Casa Room 7,conventional,False,ASARA,KAPASARAGRAPAG
tarri-,TARI,three,luwian_number,luwian,fuzzy_d1,1,HT102,Haghia Triada - Casa Room 7,conventional,False,TARO,"U,PTE𐄋TARO𐄢𐄕"
pānkʷ-,PAKU,five,luwian_number,luwian,fuzzy_d1,1,HT102,Haghia Triada - Casa Room 7,conventional,False,KAKU,"IZUWIIKAKU,PTE𐄋T"
*ašta-,ASATA,eight (reconstructed),luwian_number,luwian,fuzzy_d1,1,HT102,Haghia Triada - Casa Room 7,conventional,False,ASARA,KAPASARAGRAPAG
-šša-,SASA,"iterative/durative [Verbal suffix, also in toponyms]",luwian_suffix,luwian,fuzzy_d1,1,HT102,Haghia Triada - Casa Room 7,conventional,False,PASA,KAPASARAGRAP
-tari,TARI,middle voice 3sg [Mediopassive marker],luwian_suffix,luwian,fuzzy_d1,1,HT102,Haghia Triada - Casa Room 7,conventional,False,TARO,"U,PTE𐄋TARO𐄢𐄕"
-war,WARA,verbal noun [Gerundive/verbal noun],luwian_suffix,luwian,fuzzy_d1,1,HT102,Haghia Triada - Casa Room 7,conventional,False,SARA,KAPASARAGRAPAG
-ašša-,ASASA,genitival adjective [Very important for toponyms: -assos/-assa],luwian_suffix,luwian,fuzzy_d1,1,HT102,Haghia Triada - Casa Room 7,conventional,False,APASA,KAPASARAGRAP
kbatra-,KAPATARA,daughter,lycian_kinship,lycian,fuzzy_d1,1,HT102,Haghia Triada - Casa Room 7,conventional,False,KAPASARA,KAPASARAGRAPAG
pddẽ-,PATE,place,lycian_agriculture_trade,lycian,fuzzy_d1,1,HT102,Haghia Triada - Casa Room 7,conventional,True,PTE,"IKAKU,PTE𐄋TARO𐄢"
xupa-,KUPA,tomb,lycian_agriculture_trade,lycian,fuzzy_d1,1,HT102,Haghia Triada - Casa Room 7,conventional,False,KAPA,KAPASARAGR
kbi-,KAPI,two (numeral '2'),lycian_number,lycian,fuzzy_d1,1,HT102,Haghia Triada - Casa Room 7,conventional,False,KAPA,KAPASARAGR
tri-,TARI,three,lycian_number,lycian,fuzzy_d1,1,HT102,Haghia Triada - Casa Room 7,conventional,False,TARO,"U,PTE𐄋TARO𐄢𐄕"
pata-,PATA,foot,luwian_body_parts,luwian,fuzzy_d1,1,HT103,Haghia Triada - Casa Room 7,conventional,False,PADA,UTA𐄁NIPADAKUSENE
kup-,KUPA,"to plan, devise",luwian_agriculture_trade,luwian,fuzzy_d1,1,HT103,Haghia Triada - Casa Room 7,conventional,False,KUDA,NE¹⁄DAKUDAKUNEKI
kuen-,KUNA,"to kill, strike",luwian_verb,luwian,fuzzy_d1,1,HT103,Haghia Triada - Casa Room 7,conventional,False,KUDA,NE¹⁄DAKUDAKUNEKI
pānkʷ-,PAKU,five,luwian_number,luwian,fuzzy_d1,1,HT103,Haghia Triada - Casa Room 7,conventional,True,DAKU,A𐄁NIPADAKUSENE¹⁄
xupa-,KUPA,tomb,lycian_agriculture_trade,lycian,fuzzy_d1,1,HT103,Haghia Triada - Casa Room 7,conventional,False,KUDA,NE¹⁄DAKUDAKUNEKI
tawa-,TAWA,eye,luwian_body_parts,luwian,fuzzy_d1,1,HT104,Haghia Triada - Casa Room 7,conventional,False,TAPA,TAPA𐄁𐄁DAKU
tār-,TARA,tree/wood,luwian_nature,luwian,fuzzy_d1,1,HT104,Haghia Triada - Casa Room 7,conventional,False,TAPA,TAPA𐄁𐄁DAKU
ziti-,SITI,"man, citizen",luwian_social_political,luwian,fuzzy_d1,1,HT104,Haghia Triada - Casa Room 7,conventional,False,SUTI,TI¹⁄DASUTIKURO𐄘𐄋
pānkʷ-,PAKU,five,luwian_number,luwian,fuzzy_d1,1,HT104,Haghia Triada - Casa Room 7,conventional,False,DAKU,TAPA𐄁𐄁DAKUSENETI
*daw(a)-,TAWA,six (reconstructed),luwian_number,luwian,fuzzy_d1,1,HT104,Haghia Triada - Casa Room 7,conventional,False,TAPA,TAPA𐄁𐄁DAKU
tbi-,TAPI,one (numeral '1'),lycian_number,lycian,fuzzy_d1,1,HT104,Haghia Triada - Casa Room 7,conventional,False,TAPA,TAPA𐄁𐄁DAKU
pata-,PATA,foot,luwian_body_parts,luwian,fuzzy_d1,1,HT105,Haghia Triada - Casa Room 7,conventional,False,PASA,KAPASARA𐄁𐄁𐄚𐄒
ḫašta-,ASATA,bone,luwian_body_parts,luwian,fuzzy_d1,1,HT105,Haghia Triada - Casa Room 7,conventional,False,ASARA,KAPASARA𐄁𐄁𐄚𐄒𐄋
ēšḫar-,ESARA,blood,luwian_body_parts,luwian,fuzzy_d1,1,HT105,Haghia Triada - Casa Room 7,conventional,True,ASARA,KAPASARA𐄁𐄁𐄚𐄒𐄋
gant-,KATA,tooth,luwian_body_parts,luwian,fuzzy_d1,1,HT105,Haghia Triada - Casa Room 7,conventional,False,KAPA,KAPASARA𐄁𐄁
wār-,WARA,water,luwian_agriculture_trade,luwian,fuzzy_d1,1,HT105,Haghia Triada - Casa Room 7,conventional,True,SARA,KAPASARA𐄁𐄁𐄚𐄒𐄋
kup-,KUPA,"to plan, devise",luwian_agriculture_trade,luwian,fuzzy_d1,1,HT105,Haghia Triada - Casa Room 7,conventional,False,KAPA,KAPASARA𐄁𐄁
tār-,TARA,tree/wood,luwian_nature,luwian,fuzzy_d1,1,HT105,Haghia Triada - Casa Room 7,conventional,True,SARA,KAPASARA𐄁𐄁𐄚𐄒𐄋
ḫašt-,ASATA,"star, bone (dual meaning)",luwian_nature,luwian,fuzzy_d1,1,HT105,Haghia Triada - Casa Room 7,conventional,False,ASARA,KAPASARA𐄁𐄁𐄚𐄒𐄋
*ašta-,ASATA,eight (reconstructed),luwian_number,luwian,fuzzy_d1,1,HT105,Haghia Triada - Casa Room 7,conventional,False,ASARA,KAPASARA𐄁𐄁𐄚𐄒𐄋
-šša-,SASA,"iterative/durative [Verbal suffix, also in toponyms]",luwian_suffix,luwian,fuzzy_d1,1,HT105,Haghia Triada - Casa Room 7,conventional,True,PASA,KAPASARA𐄁𐄁𐄚𐄒
-war,WARA,verbal noun [Gerundive/verbal noun],luwian_suffix,luwian,fuzzy_d1,1,HT105,Haghia Triada - Casa Room 7,conventional,True,SARA,KAPASARA𐄁𐄁𐄚𐄒𐄋
-ašša-,ASASA,genitival adjective [Very important for toponyms: -assos/-assa],luwian_suffix,luwian,fuzzy_d1,1,HT105,Haghia Triada - Casa Room 7,conventional,False,APASA,KAPASARA𐄁𐄁𐄚𐄒
kbatra-,KAPATARA,daughter,lycian_kinship,lycian,fuzzy_d1,1,HT105,Haghia Triada - Casa Room 7,conventional,False,KAPASARA,KAPASARA𐄁𐄁𐄚𐄒𐄋
xupa-,KUPA,tomb,lycian_agriculture_trade,lycian,fuzzy_d1,1,HT105,Haghia Triada - Casa Room 7,conventional,False,KAPA,KAPASARA𐄁𐄁
kbi-,KAPI,two (numeral '2'),lycian_number,lycian,fuzzy_d1,1,HT105,Haghia Triada - Casa Room 7,conventional,False,KAPA,KAPASARA𐄁𐄁
nāna-,NANA,brother (?),luwian_kinship,luwian,fuzzy_d1,1,HT108,Haghia Triada - Casa Room 7,conventional,False,TANA,KIRETANAVIR+[]
tawa-,TAWA,eye,luwian_body_parts,luwian,fuzzy_d1,1,HT108,Haghia Triada - Casa Room 7,conventional,False,TANA,KIRETANAVIR+[]
tār-,TARA,tree/wood,luwian_nature,luwian,fuzzy_d1,1,HT108,Haghia Triada - Casa Room 7,conventional,False,TANA,KIRETANAVIR+[]
*daw(a)-,TAWA,six (reconstructed),luwian_number,luwian,fuzzy_d1,1,HT108,Haghia Triada - Casa Room 7,conventional,False,TANA,KIRETANAVIR+[]
warwala-,WAWA,"seed, offspring",luwian_kinship,luwian,fuzzy_d1,1,HT109,Haghia Triada - Casa Room 7,conventional,False,UAWA,ROARAJUAWA𐄙𐄑𐄉
tawa-,TAWA,eye,luwian_body_parts,luwian,fuzzy_d1,1,HT109,Haghia Triada - Casa Room 7,conventional,False,UAWA,ROARAJUAWA𐄙𐄑𐄉
wār-,WARA,water,luwian_agriculture_trade,luwian,fuzzy_d1,1,HT109,Haghia Triada - Casa Room 7,conventional,False,OARA,𐝫TAKUROARAJUAWA𐄙
tār-,TARA,tree/wood,luwian_nature,luwian,fuzzy_d1,1,HT109,Haghia Triada - Casa Room 7,conventional,False,OARA,𐝫TAKUROARAJUAWA𐄙
māwa-,MAWA,four,luwian_number,luwian,fuzzy_d1,1,HT109,Haghia Triada - Casa Room 7,conventional,False,UAWA,ROARAJUAWA𐄙𐄑𐄉
pānkʷ-,PAKU,five,luwian_number,luwian,fuzzy_d1,1,HT109,Haghia Triada - Casa Room 7,conventional,False,TAKU,𐝫RE𐝫TAKUROARAJ
*daw(a)-,TAWA,six (reconstructed),luwian_number,luwian,fuzzy_d1,1,HT109,Haghia Triada - Casa Room 7,conventional,False,UAWA,ROARAJUAWA𐄙𐄑𐄉
-war,WARA,verbal noun [Gerundive/verbal noun],luwian_suffix,luwian,fuzzy_d1,1,HT109,Haghia Triada - Casa Room 7,conventional,False,OARA,𐝫TAKUROARAJUAWA𐄙
kuen-,KUNA,"to kill, strike",luwian_verb,luwian,fuzzy_d1,1,HT110a,Haghia Triada - Casa Room 7,conventional,False,KUPA,U*KUMIKUPAKURO𐄋𐝫
ḫašta-,ASATA,bone,luwian_body_parts,luwian,fuzzy_d1,1,HT111a,Haghia Triada - Casa Room 7,conventional,False,ASAQA,𐝫𐝫QEKASAQADINI𐝫𐝫
gant-,KATA,tooth,luwian_body_parts,luwian,fuzzy_d1,1,HT111a,Haghia Triada - Casa Room 7,conventional,False,KASA,𐝫𐝫QEKASAQADINI
ḫašt-,ASATA,"star, bone (dual meaning)",luwian_nature,luwian,fuzzy_d1,1,HT111a,Haghia Triada - Casa Room 7,conventional,False,ASAQA,𐝫𐝫QEKASAQADINI𐝫𐝫
*ašta-,ASATA,eight (reconstructed),luwian_number,luwian,fuzzy_d1,1,HT111a,Haghia Triada - Casa Room 7,conventional,False,ASAQA,𐝫𐝫QEKASAQADINI𐝫𐝫
-šša-,SASA,"iterative/durative [Verbal suffix, also in toponyms]",luwian_suffix,luwian,fuzzy_d1,1,HT111a,Haghia Triada - Casa Room 7,conventional,False,KASA,𐝫𐝫QEKASAQADINI
-ašša-,ASASA,genitival adjective [Very important for toponyms: -assos/-assa],luwian_suffix,luwian,fuzzy_d1,1,HT111a,Haghia Triada - Casa Room 7,conventional,False,ASAQA,𐝫𐝫QEKASAQADINI𐝫𐝫
šanta-,SANATA,god Šanta,luwian_deities_divine,luwian,fuzzy_d1,1,HT111b,Haghia Triada - Casa Room 7,conventional,False,SANANA,𐝫SANANA𐝫𐝫PU𐄇𐝫
-šša-,SASA,"iterative/durative [Verbal suffix, also in toponyms]",luwian_suffix,luwian,fuzzy_d1,1,HT111b,Haghia Triada - Casa Room 7,conventional,False,SANA,𐝫SANANA𐝫𐝫PU
-anda-,ANATA,gerundive/place [Very important for toponyms: -anda],luwian_suffix,luwian,fuzzy_d1,1,HT111b,Haghia Triada - Casa Room 7,conventional,False,ANANA,𐝫SANANA𐝫𐝫PU𐄇𐝫
tarri-,TARI,three,luwian_number,luwian,fuzzy_d1,1,HT113,Haghia Triada - Casa Room 7,conventional,False,RARI,RARIDESA𐄁¹
-tari,TARI,middle voice 3sg [Mediopassive marker],luwian_suffix,luwian,fuzzy_d1,1,HT113,Haghia Triada - Casa Room 7,conventional,False,RARI,RARIDESA𐄁¹
tri-,TARI,three,lycian_number,lycian,fuzzy_d1,1,HT113,Haghia Triada - Casa Room 7,conventional,False,RARI,RARIDESA𐄁¹
zida-,ZITA,"man, male",luwian_kinship,luwian,fuzzy_d1,1,HT114a,Haghia Triada - Casa Room 9,conventional,False,RITA,KIRITASARAGR
ḫašta-,ASATA,bone,luwian_body_parts,luwian,fuzzy_d1,1,HT114a,Haghia Triada - Casa Room 9,conventional,False,ASARA,KIRITASARAGRAOLE
ēšḫar-,ESARA,blood,luwian_body_parts,luwian,fuzzy_d1,1,HT114a,Haghia Triada - Casa Room 9,conventional,False,ASARA,KIRITASARAGRAOLE
tawa-,TAWA,eye,luwian_body_parts,luwian,fuzzy_d1,1,HT114a,Haghia Triada - Casa Room 9,conventional,False,TASA,KIRITASARAGRAO
wār-,WARA,water,luwian_agriculture_trade,luwian,fuzzy_d1,1,HT114a,Haghia Triada - Casa Room 9,conventional,False,SARA,KIRITASARAGRAOLE
tapar-,TAPARA,"to rule, govern",luwian_agriculture_trade,luwian,fuzzy_d1,1,HT114a,Haghia Triada - Casa Room 9,conventional,False,TASARA,KIRITASARAGRAOLE
tār-,TARA,tree/wood,luwian_nature,luwian,fuzzy_d1,1,HT114a,Haghia Triada - Casa Room 9,conventional,False,TASA,KIRITASARAGRAO
ḫašt-,ASATA,"star, bone (dual meaning)",luwian_nature,luwian,fuzzy_d1,1,HT114a,Haghia Triada - Casa Room 9,conventional,False,ASARA,KIRITASARAGRAOLE
*daw(a)-,TAWA,six (reconstructed),luwian_number,luwian,fuzzy_d1,1,HT114a,Haghia Triada - Casa Room 9,conventional,False,TASA,KIRITASARAGRAO
*ašta-,ASATA,eight (reconstructed),luwian_number,luwian,fuzzy_d1,1,HT114a,Haghia Triada - Casa Room 9,conventional,False,ASARA,KIRITASARAGRAOLE
-šša-,SASA,"iterative/durative [Verbal suffix, also in toponyms]",luwian_suffix,luwian,fuzzy_d1,1,HT114a,Haghia Triada - Casa Room 9,conventional,False,TASA,KIRITASARAGRAO
-war,WARA,verbal noun [Gerundive/verbal noun],luwian_suffix,luwian,fuzzy_d1,1,HT114a,Haghia Triada - Casa Room 9,conventional,False,SARA,KIRITASARAGRAOLE
-ašša-,ASASA,genitival adjective [Very important for toponyms: -assos/-assa],luwian_suffix,luwian,fuzzy_d1,1,HT114a,Haghia Triada - Casa Room 9,conventional,False,ASARA,KIRITASARAGRAOLE
nāna-,NANA,brother (?),luwian_kinship,luwian,fuzzy_d1,1,HT115a,Haghia Triada - Casa Room 9,conventional,False,RANA,NUWI*URANA*FNEMI
zida-,ZITA,"man, male",luwian_kinship,luwian,fuzzy_d1,1,HT115a,Haghia Triada - Casa Room 9,conventional,False,RITA,AJA𐄁I𐄁RITAMANUWI
pata-,PATA,foot,luwian_body_parts,luwian,fuzzy_d1,1,HT115a,Haghia Triada - Casa Room 9,conventional,False,PARA,SEKUTUPARANEASEJ
tawa-,TAWA,eye,luwian_body_parts,luwian,fuzzy_d1,1,HT115a,Haghia Triada - Casa Room 9,conventional,False,TAMA,A𐄁I𐄁RITAMANUWI*U
wār-,WARA,water,luwian_agriculture_trade,luwian,fuzzy_d1,1,HT115a,Haghia Triada - Casa Room 9,conventional,False,PARA,SEKUTUPARANEASEJ
parna-,PARANA,house,luwian_agriculture_trade,luwian,fuzzy_d1,1,HT115a,Haghia Triada - Casa Room 9,conventional,False,PARANE,SEKUTUPARANEASEJAR
tapar-,TAPARA,"to rule, govern",luwian_agriculture_trade,luwian,fuzzy_d1,1,HT115a,Haghia Triada - Casa Room 9,conventional,False,TUPARA,NASEKUTUPARANEASEJ
kup-,KUPA,"to plan, devise",luwian_agriculture_trade,luwian,fuzzy_d1,1,HT115a,Haghia Triada - Casa Room 9,conventional,False,TUPA,NASEKUTUPARANEAS
tār-,TARA,tree/wood,luwian_nature,luwian,fuzzy_d1,1,HT115a,Haghia Triada - Casa Room 9,conventional,False,TAMA,A𐄁I𐄁RITAMANUWI*U
temi-,TEMI,forest,luwian_nature,luwian,fuzzy_d1,1,HT115a,Haghia Triada - Casa Room 9,conventional,True,NEMI,RANA*FNEMINASEKU
tūwa-,TUWA,"to put, place",luwian_verb,luwian,fuzzy_d1,1,HT115a,Haghia Triada - Casa Room 9,conventional,False,TUPA,NASEKUTUPARANEAS
tuwā-,TUWA,to look at,luwian_verb,luwian,fuzzy_d1,1,HT115a,Haghia Triada - Casa Room 9,conventional,False,TUPA,NASEKUTUPARANEAS
tuw(a)-,TUWA,two,luwian_number,luwian,fuzzy_d1,1,HT115a,Haghia Triada - Casa Room 9,conventional,False,TUPA,NASEKUTUPARANEAS
tarri-,TARI,three,luwian_number,luwian,fuzzy_d1,1,HT115a,Haghia Triada - Casa Room 9,conventional,False,JARI,ANEASEJARISUSU¹⁄
*daw(a)-,TAWA,six (reconstructed),luwian_number,luwian,fuzzy_d1,1,HT115a,Haghia Triada - Casa Room 9,conventional,False,TAMA,A𐄁I𐄁RITAMANUWI*U
-tari,TARI,middle voice 3sg [Mediopassive marker],luwian_suffix,luwian,fuzzy_d1,1,HT115a,Haghia Triada - Casa Room 9,conventional,False,JARI,ANEASEJARISUSU¹⁄
-war,WARA,verbal noun [Gerundive/verbal noun],luwian_suffix,luwian,fuzzy_d1,1,HT115a,Haghia Triada - Casa Room 9,conventional,False,PARA,SEKUTUPARANEASEJ
prñna-,PARANA,"house, building",lycian_agriculture_trade,lycian,fuzzy_d1,1,HT115a,Haghia Triada - Casa Room 9,conventional,False,PARANE,SEKUTUPARANEASEJAR
xupa-,KUPA,tomb,lycian_agriculture_trade,lycian,fuzzy_d1,1,HT115a,Haghia Triada - Casa Room 9,conventional,False,TUPA,NASEKUTUPARANEAS
tura-,TURA,"land, earth",lycian_nature,lycian,fuzzy_d1,1,HT115a,Haghia Triada - Casa Room 9,conventional,False,NURA,*NURAJA𐄁I𐄁R
tri-,TARI,three,lycian_number,lycian,fuzzy_d1,1,HT115a,Haghia Triada - Casa Room 9,conventional,False,JARI,ANEASEJARISUSU¹⁄
nāna-,NANA,brother (?),luwian_kinship,luwian,fuzzy_d1,1,HT115b,Haghia Triada - Casa Room 9,conventional,False,PANA,𐄁GRA¹⁄PANARUMA𐄁I
pata-,PATA,foot,luwian_body_parts,luwian,fuzzy_d1,1,HT115b,Haghia Triada - Casa Room 9,conventional,False,PARA,RU𐄁PARANE¹⁄NU
gant-,KATA,tooth,luwian_body_parts,luwian,fuzzy_d1,1,HT115b,Haghia Triada - Casa Room 9,conventional,True,KUTA,AI*+MIKUTADU𐝫
wār-,WARA,water,luwian_agriculture_trade,luwian,fuzzy_d1,1,HT115b,Haghia Triada - Casa Room 9,conventional,False,PARA,RU𐄁PARANE¹⁄NU
parna-,PARANA,house,luwian_agriculture_trade,luwian,fuzzy_d1,1,HT115b,Haghia Triada - Casa Room 9,conventional,False,PARANE,RU𐄁PARANE¹⁄NUJA
kup-,KUPA,"to plan, devise",luwian_agriculture_trade,luwian,fuzzy_d1,1,HT115b,Haghia Triada - Casa Room 9,conventional,True,KUTA,AI*+MIKUTADU𐝫
tār-,TARA,tree/wood,luwian_nature,luwian,fuzzy_d1,1,HT115b,Haghia Triada - Casa Room 9,conventional,False,PARA,RU𐄁PARANE¹⁄NU
aruna-,ARUNA,sea,luwian_nature,luwian,fuzzy_d1,1,HT115b,Haghia Triada - Casa Room 9,conventional,False,ARUMA,A¹⁄PANARUMA𐄁I¹⁄TU
arma-,ARAMA,moon,luwian_nature,luwian,fuzzy_d1,1,HT115b,Haghia Triada - Casa Room 9,conventional,False,ARUMA,A¹⁄PANARUMA𐄁I¹⁄TU
kuen-,KUNA,"to kill, strike",luwian_verb,luwian,fuzzy_d1,1,HT115b,Haghia Triada - Casa Room 9,conventional,True,KUTA,AI*+MIKUTADU𐝫
malli-,MALI,to grind,luwian_verb,luwian,fuzzy_d1,1,HT115b,Haghia Triada - Casa Room 9,conventional,False,MA𐄁I,PANARUMA𐄁I¹⁄TUJA
tūwa-,TUWA,"to put, place",luwian_verb,luwian,fuzzy_d1,1,HT115b,Haghia Triada - Casa Room 9,conventional,False,TUJA,MA𐄁I¹⁄TUJAI*+MIK
tuwā-,TUWA,to look at,luwian_verb,luwian,fuzzy_d1,1,HT115b,Haghia Triada - Casa Room 9,conventional,False,TUJA,MA𐄁I¹⁄TUJAI*+MIK
tuw(a)-,TUWA,two,luwian_number,luwian,fuzzy_d1,1,HT115b,Haghia Triada - Casa Room 9,conventional,False,TUJA,MA𐄁I¹⁄TUJAI*+MIK
-war,WARA,verbal noun [Gerundive/verbal noun],luwian_suffix,luwian,fuzzy_d1,1,HT115b,Haghia Triada - Casa Room 9,conventional,False,PARA,RU𐄁PARANE¹⁄NU
prñna-,PARANA,"house, building",lycian_agriculture_trade,lycian,fuzzy_d1,1,HT115b,Haghia Triada - Casa Room 9,conventional,False,PARANE,RU𐄁PARANE¹⁄NUJA
xupa-,KUPA,tomb,lycian_agriculture_trade,lycian,fuzzy_d1,1,HT115b,Haghia Triada - Casa Room 9,conventional,True,KUTA,AI*+MIKUTADU𐝫
tura-,TURA,"land, earth",lycian_nature,lycian,fuzzy_d1,1,HT115b,Haghia Triada - Casa Room 9,conventional,False,TUJA,MA𐄁I¹⁄TUJAI*+MIK
pata-,PATA,foot,luwian_body_parts,luwian,fuzzy_d1,1,HT116a,Haghia Triada - Casa Room 9,conventional,False,PAJA,𐄁TE𐄁KUPAJAGRARA𐄁
wār-,WARA,water,luwian_agriculture_trade,luwian,fuzzy_d1,1,HT116a,Haghia Triada - Casa Room 9,conventional,False,RARA,UPAJAGRARA𐄁GRAOL
tār-,TARA,tree/wood,luwian_nature,luwian,fuzzy_d1,1,HT116a,Haghia Triada - Casa Room 9,conventional,False,TARO,UTARO𐄁TE𐄁KU
kubaba-,KUPAPA,goddess Kubaba,luwian_deities_divine,luwian,fuzzy_d1,1,HT116a,Haghia Triada - Casa Room 9,conventional,False,KUPAJA,RO𐄁TE𐄁KUPAJAGRARA𐄁
piya-,PIJA,to give,luwian_verb,luwian,fuzzy_d1,1,HT116a,Haghia Triada - Casa Room 9,conventional,False,PAJA,𐄁TE𐄁KUPAJAGRARA𐄁
kuen-,KUNA,"to kill, strike",luwian_verb,luwian,fuzzy_d1,1,HT116a,Haghia Triada - Casa Room 9,conventional,False,KUPA,RO𐄁TE𐄁KUPAJAGRAR
tarri-,TARI,three,luwian_number,luwian,fuzzy_d1,1,HT116a,Haghia Triada - Casa Room 9,conventional,False,TARO,UTARO𐄁TE𐄁KU
-tari,TARI,middle voice 3sg [Mediopassive marker],luwian_suffix,luwian,fuzzy_d1,1,HT116a,Haghia Triada - Casa Room 9,conventional,False,TARO,UTARO𐄁TE𐄁KU
-war,WARA,verbal noun [Gerundive/verbal noun],luwian_suffix,luwian,fuzzy_d1,1,HT116a,Haghia Triada - Casa Room 9,conventional,False,RARA,UPAJAGRARA𐄁GRAOL
pddẽ-,PATE,place,lycian_agriculture_trade,lycian,fuzzy_d1,1,HT116a,Haghia Triada - Casa Room 9,conventional,False,PITE,MIOLIVPITEGRAOLE
tri-,TARI,three,lycian_number,lycian,fuzzy_d1,1,HT116a,Haghia Triada - Casa Room 9,conventional,False,TARO,UTARO𐄁TE𐄁KU
atta-,ATTA,father,luwian_kinship,luwian,fuzzy_d1,1,HT117a,Haghia Triada - Casa Room 9,conventional,False,ATA,KURO—SATA𐄁KUKUD
nāna-,NANA,brother (?),luwian_kinship,luwian,fuzzy_d1,1,HT117a,Haghia Triada - Casa Room 9,conventional,False,NADA,TEJARENADAREKURO
pata-,PATA,foot,luwian_body_parts,luwian,fuzzy_d1,1,HT117a,Haghia Triada - Casa Room 9,conventional,False,SATA,EKURO—SATA𐄁KUKUD
ḫašta-,ASATA,bone,luwian_body_parts,luwian,fuzzy_d1,1,HT117a,Haghia Triada - Casa Room 9,conventional,False,—SATA,REKURO—SATA𐄁KUKUD
tawa-,TAWA,eye,luwian_body_parts,luwian,fuzzy_d1,1,HT117a,Haghia Triada - Casa Room 9,conventional,False,TARA,MIMIRUTARARETEJA
gant-,KATA,tooth,luwian_body_parts,luwian,fuzzy_d1,1,HT117a,Haghia Triada - Casa Room 9,conventional,False,SATA,EKURO—SATA𐄁KUKUD
wār-,WARA,water,luwian_agriculture_trade,luwian,fuzzy_d1,1,HT117a,Haghia Triada - Casa Room 9,conventional,False,TARA,MIMIRUTARARETEJA
aruna-,ARUNA,sea,luwian_nature,luwian,fuzzy_d1,1,HT117a,Haghia Triada - Casa Room 9,conventional,False,ARENA,ARETEJARENADAREKU
ḫašt-,ASATA,"star, bone (dual meaning)",luwian_nature,luwian,fuzzy_d1,1,HT117a,Haghia Triada - Casa Room 9,conventional,False,—SATA,REKURO—SATA𐄁KUKUD
ziti-,SITI,"man, citizen",luwian_social_political,luwian,fuzzy_d1,1,HT117a,Haghia Triada - Casa Room 9,conventional,False,AITI,ARAKOSAITIDAMINU
kuen-,KUNA,"to kill, strike",luwian_verb,luwian,fuzzy_d1,1,HT117a,Haghia Triada - Casa Room 9,conventional,False,KURA,SUMITUKURAMUMARU
išta-,ISATA,to hear,luwian_verb,luwian,fuzzy_d1,1,HT117a,Haghia Triada - Casa Room 9,conventional,False,—SATA,REKURO—SATA𐄁KUKUD
malā-,MALA,to think,luwian_verb,luwian,fuzzy_d1,1,HT117a,Haghia Triada - Casa Room 9,conventional,False,MAKA,MAKARITE𐄁K
tarri-,TARI,three,luwian_number,luwian,fuzzy_d1,1,HT117a,Haghia Triada - Casa Room 9,conventional,False,KARI,MAKARITE𐄁KIR
māwa-,MAWA,four,luwian_number,luwian,fuzzy_d1,1,HT117a,Haghia Triada - Casa Room 9,conventional,False,MAKA,MAKARITE𐄁K
pānkʷ-,PAKU,five,luwian_number,luwian,fuzzy_d1,1,HT117a,Haghia Triada - Casa Room 9,conventional,False,PANU,MARUKUPANUTUJUMA
*daw(a)-,TAWA,six (reconstructed),luwian_number,luwian,fuzzy_d1,1,HT117a,Haghia Triada - Casa Room 9,conventional,False,TARA,MIMIRUTARARETEJA
*ašta-,ASATA,eight (reconstructed),luwian_number,luwian,fuzzy_d1,1,HT117a,Haghia Triada - Casa Room 9,conventional,False,—SATA,REKURO—SATA𐄁KUKUD
-šša-,SASA,"iterative/durative [Verbal suffix, also in toponyms]",luwian_suffix,luwian,fuzzy_d1,1,HT117a,Haghia Triada - Casa Room 9,conventional,False,SATA,EKURO—SATA𐄁KUKUD
-tari,TARI,middle voice 3sg [Mediopassive marker],luwian_suffix,luwian,fuzzy_d1,1,HT117a,Haghia Triada - Casa Room 9,conventional,False,KARI,MAKARITE𐄁KIR
-war,WARA,verbal noun [Gerundive/verbal noun],luwian_suffix,luwian,fuzzy_d1,1,HT117a,Haghia Triada - Casa Room 9,conventional,False,TARA,MIMIRUTARARETEJA
tede-,TETE,father,lycian_kinship,lycian,fuzzy_d1,1,HT117a,Haghia Triada - Casa Room 9,conventional,False,RETE,RUTARARETEJARENA
lada-,LATA,"wife, woman",lycian_kinship,lycian,fuzzy_d1,1,HT117a,Haghia Triada - Casa Room 9,conventional,False,SATA,EKURO—SATA𐄁KUKUD
arina-,ARINA,"spring, water source",lycian_agriculture_trade,lycian,fuzzy_d1,1,HT117a,Haghia Triada - Casa Room 9,conventional,False,ARENA,ARETEJARENADAREKU
arina-,ARINA,"spring, source",lycian_nature,lycian,fuzzy_d1,1,HT117a,Haghia Triada - Casa Room 9,conventional,False,ARENA,ARETEJARENADAREKU
tura-,TURA,"land, earth",lycian_nature,lycian,fuzzy_d1,1,HT117a,Haghia Triada - Casa Room 9,conventional,False,KURA,SUMITUKURAMUMARU
kbi-,KAPI,two (numeral '2'),lycian_number,lycian,fuzzy_d1,1,HT117a,Haghia Triada - Casa Room 9,conventional,False,KARI,MAKARITE𐄁KIR
tri-,TARI,three,lycian_number,lycian,fuzzy_d1,1,HT117a,Haghia Triada - Casa Room 9,conventional,False,KARI,MAKARITE𐄁KIR
Arinna,ARINA,toponym: Arinna,toponym,anatolian,fuzzy_d1,1,HT117a,Haghia Triada - Casa Room 9,conventional,False,ARENA,ARETEJARENADAREKU
malli-,MALI,to grind,luwian_verb,luwian,fuzzy_d1,1,HT118,Haghia Triada - Casa Room 9,conventional,False,MADI,AU𐄁𐄁MADIQARURI
pata-,PATA,foot,luwian_body_parts,luwian,fuzzy_d1,1,HT119,Haghia Triada - Casa Room 9,conventional,True,PATU,KOJAKUPATUTIJA**
tār-,TARA,tree/wood,luwian_nature,luwian,fuzzy_d1,1,HT119,Haghia Triada - Casa Room 9,conventional,False,TARO,JUKUROTARO𐄙𐄕
runtiya-,RUTIJA,stag-god Runtiya,luwian_deities_divine,luwian,fuzzy_d1,1,HT119,Haghia Triada - Casa Room 9,conventional,False,TUTIJA,JAKUPATUTIJA**TU*J
piya-,PIJA,to give,luwian_verb,luwian,fuzzy_d1,1,HT119,Haghia Triada - Casa Room 9,conventional,False,TIJA,KUPATUTIJA**TU*J
kuen-,KUNA,"to kill, strike",luwian_verb,luwian,fuzzy_d1,1,HT119,Haghia Triada - Casa Room 9,conventional,False,KUPA,SIKOJAKUPATUTIJA
tarri-,TARI,three,luwian_number,luwian,fuzzy_d1,1,HT119,Haghia Triada - Casa Room 9,conventional,False,TARO,JUKUROTARO𐄙𐄕
pānkʷ-,PAKU,five,luwian_number,luwian,fuzzy_d1,1,HT119,Haghia Triada - Casa Room 9,conventional,True,JAKU,RISIKOJAKUPATUTI
-tari,TARI,middle voice 3sg [Mediopassive marker],luwian_suffix,luwian,fuzzy_d1,1,HT119,Haghia Triada - Casa Room 9,conventional,False,TARO,JUKUROTARO𐄙𐄕
pddẽ-,PATE,place,lycian_agriculture_trade,lycian,fuzzy_d1,1,HT119,Haghia Triada - Casa Room 9,conventional,True,PATU,KOJAKUPATUTIJA**
tri-,TARI,three,lycian_number,lycian,fuzzy_d1,1,HT119,Haghia Triada - Casa Room 9,conventional,False,TARO,JUKUROTARO𐄙𐄕
parna-,PARANA,house,luwian_agriculture_trade,luwian,fuzzy_d1,1,HT120,Haghia Triada - Casa Room 9,conventional,False,PARENA,𐄁IGRA+PARENAGRA+BI
aruna-,ARUNA,sea,luwian_nature,luwian,fuzzy_d1,1,HT120,Haghia Triada - Casa Room 9,conventional,False,ARENA,IGRA+PARENAGRA+BI
prñna-,PARANA,"house, building",lycian_agriculture_trade,lycian,fuzzy_d1,1,HT120,Haghia Triada - Casa Room 9,conventional,False,PARENA,𐄁IGRA+PARENAGRA+BI
arina-,ARINA,"spring, water source",lycian_agriculture_trade,lycian,fuzzy_d1,1,HT120,Haghia Triada - Casa Room 9,conventional,False,ARENA,IGRA+PARENAGRA+BI
pddẽ-,PATE,place,lycian_agriculture_trade,lycian,fuzzy_d1,1,HT120,Haghia Triada - Casa Room 9,conventional,False,PARE,𐄁IGRA+PARENAGRA+
arina-,ARINA,"spring, source",lycian_nature,lycian,fuzzy_d1,1,HT120,Haghia Triada - Casa Room 9,conventional,False,ARENA,IGRA+PARENAGRA+BI
Arinna,ARINA,toponym: Arinna,toponym,anatolian,fuzzy_d1,1,HT120,Haghia Triada - Casa Room 9,conventional,False,ARENA,IGRA+PARENAGRA+BI
zida-,ZITA,"man, male",luwian_kinship,luwian,fuzzy_d1,1,HT121,Haghia Triada - Casa Room 9,conventional,False,RITA,KIRITASARAGR
ḫašta-,ASATA,bone,luwian_body_parts,luwian,fuzzy_d1,1,HT121,Haghia Triada - Casa Room 9,conventional,False,ASARA,KIRITASARAGRAOLE
ēšḫar-,ESARA,blood,luwian_body_parts,luwian,fuzzy_d1,1,HT121,Haghia Triada - Casa Room 9,conventional,False,ASARA,KIRITASARAGRAOLE
tawa-,TAWA,eye,luwian_body_parts,luwian,fuzzy_d1,1,HT121,Haghia Triada - Casa Room 9,conventional,False,TASA,KIRITASARAGRAO
wār-,WARA,water,luwian_agriculture_trade,luwian,fuzzy_d1,1,HT121,Haghia Triada - Casa Room 9,conventional,False,SARA,KIRITASARAGRAOLE
tapar-,TAPARA,"to rule, govern",luwian_agriculture_trade,luwian,fuzzy_d1,1,HT121,Haghia Triada - Casa Room 9,conventional,False,TASARA,KIRITASARAGRAOLE
tār-,TARA,tree/wood,luwian_nature,luwian,fuzzy_d1,1,HT121,Haghia Triada - Casa Room 9,conventional,False,TASA,KIRITASARAGRAO
ḫašt-,ASATA,"star, bone (dual meaning)",luwian_nature,luwian,fuzzy_d1,1,HT121,Haghia Triada - Casa Room 9,conventional,False,ASARA,KIRITASARAGRAOLE
*daw(a)-,TAWA,six (reconstructed),luwian_number,luwian,fuzzy_d1,1,HT121,Haghia Triada - Casa Room 9,conventional,False,TASA,KIRITASARAGRAO
*ašta-,ASATA,eight (reconstructed),luwian_number,luwian,fuzzy_d1,1,HT121,Haghia Triada - Casa Room 9,conventional,False,ASARA,KIRITASARAGRAOLE
-šša-,SASA,"iterative/durative [Verbal suffix, also in toponyms]",luwian_suffix,luwian,fuzzy_d1,1,HT121,Haghia Triada - Casa Room 9,conventional,False,TASA,KIRITASARAGRAO
-war,WARA,verbal noun [Gerundive/verbal noun],luwian_suffix,luwian,fuzzy_d1,1,HT121,Haghia Triada - Casa Room 9,conventional,False,SARA,KIRITASARAGRAOLE
-ašša-,ASASA,genitival adjective [Very important for toponyms: -assos/-assa],luwian_suffix,luwian,fuzzy_d1,1,HT121,Haghia Triada - Casa Room 9,conventional,False,ASARA,KIRITASARAGRAOLE
atta-,ATTA,father,luwian_kinship,luwian,fuzzy_d1,1,HT122a,Haghia Triada - Casa del Lebete,conventional,False,ATA,EPANUPATANE*TUK
tawa-,TAWA,eye,luwian_body_parts,luwian,fuzzy_d1,1,HT122a,Haghia Triada - Casa del Lebete,conventional,False,TADA,KURO𐄒𐄇TADA𐄇
gant-,KATA,tooth,luwian_body_parts,luwian,fuzzy_d1,1,HT122a,Haghia Triada - Casa del Lebete,conventional,False,PATA,DEPANUPATANE*TUK
kup-,KUPA,"to plan, devise",luwian_agriculture_trade,luwian,fuzzy_d1,1,HT122a,Haghia Triada - Casa del Lebete,conventional,False,NUPA,PADEPANUPATANE*T
tār-,TARA,tree/wood,luwian_nature,luwian,fuzzy_d1,1,HT122a,Haghia Triada - Casa del Lebete,conventional,False,TADA,KURO𐄒𐄇TADA𐄇
piya-,PIJA,to give,luwian_verb,luwian,fuzzy_d1,1,HT122a,Haghia Triada - Casa del Lebete,conventional,False,*IJA,A𐄁DIKI*IJAMIDARE
kuen-,KUNA,"to kill, strike",luwian_verb,luwian,fuzzy_d1,1,HT122a,Haghia Triada - Casa del Lebete,conventional,True,KUNU,ANE*TUKUNURIDARO
tarri-,TARI,three,luwian_number,luwian,fuzzy_d1,1,HT122a,Haghia Triada - Casa del Lebete,conventional,False,RARI,RARI𐄁UDEZA
pānkʷ-,PAKU,five,luwian_number,luwian,fuzzy_d1,1,HT122a,Haghia Triada - Casa del Lebete,conventional,False,PANU,RAPADEPANUPATANE
*daw(a)-,TAWA,six (reconstructed),luwian_number,luwian,fuzzy_d1,1,HT122a,Haghia Triada - Casa del Lebete,conventional,False,TADA,KURO𐄒𐄇TADA𐄇
-tari,TARI,middle voice 3sg [Mediopassive marker],luwian_suffix,luwian,fuzzy_d1,1,HT122a,Haghia Triada - Casa del Lebete,conventional,False,RARI,RARI𐄁UDEZA
lada-,LATA,"wife, woman",lycian_kinship,lycian,fuzzy_d1,1,HT122a,Haghia Triada - Casa del Lebete,conventional,False,PATA,DEPANUPATANE*TUK
izre-,ISARE,hand,lycian_body_parts,lycian,fuzzy_d1,1,HT122a,Haghia Triada - Casa del Lebete,conventional,False,IDARE,I*IJAMIDARESIDARE
pddẽ-,PATE,place,lycian_agriculture_trade,lycian,fuzzy_d1,1,HT122a,Haghia Triada - Casa del Lebete,conventional,False,PADE,E*DIRAPADEPANUPA
xupa-,KUPA,tomb,lycian_agriculture_trade,lycian,fuzzy_d1,1,HT122a,Haghia Triada - Casa del Lebete,conventional,False,NUPA,PADEPANUPATANE*T
tri-,TARI,three,lycian_number,lycian,fuzzy_d1,1,HT122a,Haghia Triada - Casa del Lebete,conventional,False,RARI,RARI𐄁UDEZA
zida-,ZITA,"man, male",luwian_kinship,luwian,fuzzy_d1,1,HT122b,Haghia Triada - Casa del Lebete,conventional,True,KITA,VIR+[]KITAARAUDE
tawa-,TAWA,eye,luwian_body_parts,luwian,fuzzy_d1,1,HT122b,Haghia Triada - Casa del Lebete,conventional,False,TAA,R+[]KITAARAUDEZ
gant-,KATA,tooth,luwian_body_parts,luwian,fuzzy_d1,1,HT122b,Haghia Triada - Casa del Lebete,conventional,True,KITA,VIR+[]KITAARAUDE
wār-,WARA,water,luwian_agriculture_trade,luwian,fuzzy_d1,1,HT122b,Haghia Triada - Casa del Lebete,conventional,True,AARA,+[]KITAARAUDEZAQ
tapar-,TAPARA,"to rule, govern",luwian_agriculture_trade,luwian,fuzzy_d1,1,HT122b,Haghia Triada - Casa del Lebete,conventional,False,TAARA,R+[]KITAARAUDEZAQ
tār-,TARA,tree/wood,luwian_nature,luwian,fuzzy_d1,1,HT122b,Haghia Triada - Casa del Lebete,conventional,True,AARA,+[]KITAARAUDEZAQ
ziti-,SITI,"man, citizen",luwian_social_political,luwian,fuzzy_d1,1,HT122b,Haghia Triada - Casa del Lebete,conventional,False,SITO,TOKUROSITOTARO𐄘𐄍
tarri-,TARI,three,luwian_number,luwian,fuzzy_d1,1,HT122b,Haghia Triada - Casa del Lebete,conventional,False,TARO,ROSITOTARO𐄘𐄍
*daw(a)-,TAWA,six (reconstructed),luwian_number,luwian,fuzzy_d1,1,HT122b,Haghia Triada - Casa del Lebete,conventional,False,TAA,R+[]KITAARAUDEZ
-tari,TARI,middle voice 3sg [Mediopassive marker],luwian_suffix,luwian,fuzzy_d1,1,HT122b,Haghia Triada - Casa del Lebete,conventional,False,TARO,ROSITOTARO𐄘𐄍
-war,WARA,verbal noun [Gerundive/verbal noun],luwian_suffix,luwian,fuzzy_d1,1,HT122b,Haghia Triada - Casa del Lebete,conventional,True,AARA,+[]KITAARAUDEZAQ
tri-,TARI,three,lycian_number,lycian,fuzzy_d1,1,HT122b,Haghia Triada - Casa del Lebete,conventional,False,TARO,ROSITOTARO𐄘𐄍
zida-,ZITA,"man, male",luwian_kinship,luwian,fuzzy_d1,1,HT123+124a,Haghia Triada - Casa del Lebete,conventional,False,KITA,KITAI𐄁OLIV
gant-,KATA,tooth,luwian_body_parts,luwian,fuzzy_d1,1,HT123+124a,Haghia Triada - Casa del Lebete,conventional,False,KITA,KITAI𐄁OLIV
tarri-,TARI,three,luwian_number,luwian,fuzzy_d1,1,HT123+124a,Haghia Triada - Casa del Lebete,conventional,False,TAI,KITAI𐄁OLIV¹
-tari,TARI,middle voice 3sg [Mediopassive marker],luwian_suffix,luwian,fuzzy_d1,1,HT123+124a,Haghia Triada - Casa del Lebete,conventional,False,TAI,KITAI𐄁OLIV¹
tbi-,TAPI,one (numeral '1'),lycian_number,lycian,fuzzy_d1,1,HT123+124a,Haghia Triada - Casa del Lebete,conventional,False,TAI,KITAI𐄁OLIV¹
tri-,TARI,three,lycian_number,lycian,fuzzy_d1,1,HT123+124a,Haghia Triada - Casa del Lebete,conventional,False,TAI,KITAI𐄁OLIV¹
atta-,ATTA,father,luwian_kinship,luwian,fuzzy_d1,1,HT123+124b,Haghia Triada - Casa del Lebete,conventional,False,ATA,**³⁄DATA𐄁SADU𐄁
pata-,PATA,foot,luwian_body_parts,luwian,fuzzy_d1,1,HT123+124b,Haghia Triada - Casa del Lebete,conventional,False,DATA,**³⁄DATA𐄁SADU𐄁
gant-,KATA,tooth,luwian_body_parts,luwian,fuzzy_d1,1,HT123+124b,Haghia Triada - Casa del Lebete,conventional,False,DATA,**³⁄DATA𐄁SADU𐄁
kuen-,KUNA,"to kill, strike",luwian_verb,luwian,fuzzy_d1,1,HT123+124b,Haghia Triada - Casa del Lebete,conventional,False,DUNA,SIDU¹⁄DUNA³⁄KUKI
lada-,LATA,"wife, woman",lycian_kinship,lycian,fuzzy_d1,1,HT123+124b,Haghia Triada - Casa del Lebete,conventional,False,DATA,**³⁄DATA𐄁SADU𐄁
tār-,TARA,tree/wood,luwian_nature,luwian,fuzzy_d1,1,HT125b,Haghia Triada - Casa del Lebete,conventional,False,TAGRA,𐝫𐝫TAGRA+PAGRA
nāna-,NANA,brother (?),luwian_kinship,luwian,fuzzy_d1,1,HT126a,Haghia Triada - Casa del Lebete,conventional,False,DANA,DANASI𐄁*𐄁A
zida-,ZITA,"man, male",luwian_kinship,luwian,fuzzy_d1,1,HT127a,Haghia Triada - Casa del Lebete,conventional,False,WITA,I*+PA*WITA𐄇
temi-,TEMI,forest,luwian_nature,luwian,fuzzy_d1,1,HT127a,Haghia Triada - Casa del Lebete,conventional,False,NEMI,𐝫DUNEMI*+PA*W
tār-,TARA,tree/wood,luwian_nature,luwian,fuzzy_d1,1,HT127b,Haghia Triada - Casa del Lebete,conventional,False,TARO,KU𐄐𐄇𐄐𐄊TARO𐄚𐄘𐄈
tarri-,TARI,three,luwian_number,luwian,fuzzy_d1,1,HT127b,Haghia Triada - Casa del Lebete,conventional,False,TARO,KU𐄐𐄇𐄐𐄊TARO𐄚𐄘𐄈
-tari,TARI,middle voice 3sg [Mediopassive marker],luwian_suffix,luwian,fuzzy_d1,1,HT127b,Haghia Triada - Casa del Lebete,conventional,False,TARO,KU𐄐𐄇𐄐𐄊TARO𐄚𐄘𐄈
tri-,TARI,three,lycian_number,lycian,fuzzy_d1,1,HT127b,Haghia Triada - Casa del Lebete,conventional,False,TARO,KU𐄐𐄇𐄐𐄊TARO𐄚𐄘𐄈
zida-,ZITA,"man, male",luwian_kinship,luwian,fuzzy_d1,1,HT128a,Haghia Triada - Casa del Lebete,conventional,True,MITA,GRA+KUMITA¹⁄GRA+
iššari-,ISARI,hand,luwian_body_parts,luwian,fuzzy_d1,1,HT128a,Haghia Triada - Casa del Lebete,conventional,False,IMARI,"RA+KUDIMARI𐄊JU,DE"
pata-,PATA,foot,luwian_body_parts,luwian,fuzzy_d1,1,HT128a,Haghia Triada - Casa del Lebete,conventional,False,PARA,*𐄁PARATURUNU
wār-,WARA,water,luwian_agriculture_trade,luwian,fuzzy_d1,1,HT128a,Haghia Triada - Casa del Lebete,conventional,False,PARA,*𐄁PARATURUNU
immara-,IMARA,"field, open country",luwian_agriculture_trade,luwian,fuzzy_d1,1,HT128a,Haghia Triada - Casa del Lebete,conventional,False,IMARI,"RA+KUDIMARI𐄊JU,DE"
tār-,TARA,tree/wood,luwian_nature,luwian,fuzzy_d1,1,HT128a,Haghia Triada - Casa del Lebete,conventional,False,PARA,*𐄁PARATURUNU
malli-,MALI,to grind,luwian_verb,luwian,fuzzy_d1,1,HT128a,Haghia Triada - Casa del Lebete,conventional,False,MARI,"A+KUDIMARI𐄊JU,DE"
tūwa-,TUWA,"to put, place",luwian_verb,luwian,fuzzy_d1,1,HT128a,Haghia Triada - Casa del Lebete,conventional,False,TUMA,EMEGRATUMAREGRA+
tuwā-,TUWA,to look at,luwian_verb,luwian,fuzzy_d1,1,HT128a,Haghia Triada - Casa del Lebete,conventional,False,TUMA,EMEGRATUMAREGRA+
tuw(a)-,TUWA,two,luwian_number,luwian,fuzzy_d1,1,HT128a,Haghia Triada - Casa del Lebete,conventional,False,TUMA,EMEGRATUMAREGRA+
tarri-,TARI,three,luwian_number,luwian,fuzzy_d1,1,HT128a,Haghia Triada - Casa del Lebete,conventional,False,MARI,"A+KUDIMARI𐄊JU,DE"
-tari,TARI,middle voice 3sg [Mediopassive marker],luwian_suffix,luwian,fuzzy_d1,1,HT128a,Haghia Triada - Casa del Lebete,conventional,False,MARI,"A+KUDIMARI𐄊JU,DE"
-war,WARA,verbal noun [Gerundive/verbal noun],luwian_suffix,luwian,fuzzy_d1,1,HT128a,Haghia Triada - Casa del Lebete,conventional,False,PARA,*𐄁PARATURUNU
tura-,TURA,"land, earth",lycian_nature,lycian,fuzzy_d1,1,HT128a,Haghia Triada - Casa del Lebete,conventional,False,TURU,*𐄁PARATURUNUSEME
tri-,TARI,three,lycian_number,lycian,fuzzy_d1,1,HT128a,Haghia Triada - Casa del Lebete,conventional,False,MARI,"A+KUDIMARI𐄊JU,DE"
Ḫattuša,ATUSA,toponym: Ḫattuša,toponym,anatolian,fuzzy_d1,1,HT128a,Haghia Triada - Casa del Lebete,conventional,False,ATUMA,SEMEGRATUMAREGRA+
tār-,TARA,tree/wood,luwian_nature,luwian,fuzzy_d1,1,HT129,Haghia Triada - Casa Room 9,conventional,False,TAGRA,KIRETAGRA𐝆𐝁NITU
pānkʷ-,PAKU,five,luwian_number,luwian,fuzzy_d1,1,HT130,Haghia Triada - Casa Room 9,conventional,True,RAKU,RACYP𐝫RAKUROSICY
kup-,KUPA,"to plan, devise",luwian_agriculture_trade,luwian,fuzzy_d1,1,HT131a,Haghia Triada - Casa Room 9,conventional,True,KUQA,𐝫NIKUQA*GRAOL
kuen-,KUNA,"to kill, strike",luwian_verb,luwian,fuzzy_d1,1,HT131a,Haghia Triada - Casa Room 9,conventional,True,KUQA,𐝫NIKUQA*GRAOL
xupa-,KUPA,tomb,lycian_agriculture_trade,lycian,fuzzy_d1,1,HT131a,Haghia Triada - Casa Room 9,conventional,True,KUQA,𐝫NIKUQA*GRAOL
tār-,TARA,tree/wood,luwian_nature,luwian,fuzzy_d1,1,HT131b,Haghia Triada - Casa Room 9,conventional,False,TARO,POKU¹⁄TARO𐝫𐄜𐄔𐄈𐝫
tarri-,TARI,three,luwian_number,luwian,fuzzy_d1,1,HT131b,Haghia Triada - Casa Room 9,conventional,False,TARO,POKU¹⁄TARO𐝫𐄜𐄔𐄈𐝫
pānkʷ-,PAKU,five,luwian_number,luwian,fuzzy_d1,1,HT131b,Haghia Triada - Casa Room 9,conventional,True,POKU,VIN+SAPOKU¹⁄TARO
-tari,TARI,middle voice 3sg [Mediopassive marker],luwian_suffix,luwian,fuzzy_d1,1,HT131b,Haghia Triada - Casa Room 9,conventional,False,TARO,POKU¹⁄TARO𐝫𐄜𐄔𐄈𐝫
tri-,TARI,three,lycian_number,lycian,fuzzy_d1,1,HT131b,Haghia Triada - Casa Room 9,conventional,False,TARO,POKU¹⁄TARO𐝫𐄜𐄔𐄈𐝫
nāna-,NANA,brother (?),luwian_kinship,luwian,fuzzy_d1,1,HT135a,Haghia Triada - Casa del Lebete,conventional,True,KANA,AMI𐄁MIKANANEZAPI
gant-,KATA,tooth,luwian_body_parts,luwian,fuzzy_d1,1,HT135a,Haghia Triada - Casa del Lebete,conventional,True,KANA,AMI𐄁MIKANANEZAPI
temi-,TEMI,forest,luwian_nature,luwian,fuzzy_d1,1,HT135a,Haghia Triada - Casa del Lebete,conventional,True,NEMI,𐝫NEMINAMI𐄁M
kuen-,KUNA,"to kill, strike",luwian_verb,luwian,fuzzy_d1,1,HT135a,Haghia Triada - Casa del Lebete,conventional,True,KANA,AMI𐄁MIKANANEZAPI
tbi-,TAPI,one (numeral '1'),lycian_number,lycian,fuzzy_d1,1,HT135a,Haghia Triada - Casa del Lebete,conventional,False,ZAPI,KANANEZAPI𐝫𐝫𐄈
kbi-,KAPI,two (numeral '2'),lycian_number,lycian,fuzzy_d1,1,HT135a,Haghia Triada - Casa del Lebete,conventional,False,ZAPI,KANANEZAPI𐝫𐝫𐄈
tār-,TARA,tree/wood,luwian_nature,luwian,fuzzy_d1,1,HT137,Haghia Triada - Casa del Lebete,conventional,False,TAGRA,𐝫TAGRAOLE+MI
pānkʷ-,PAKU,five,luwian_number,luwian,fuzzy_d1,1,HT139,Haghia Triada - Casa del Lebete,conventional,False,MAKU,PUMAKUGRAOLE
pddẽ-,PATE,place,lycian_agriculture_trade,lycian,fuzzy_d1,1,HT139,Haghia Triada - Casa del Lebete,conventional,True,PTE,"¹⁄RA𐝫,PTE𐝫𐝫"
gant-,KATA,tooth,luwian_body_parts,luwian,fuzzy_d1,1,HT140,Haghia Triada - Casa del Lebete,conventional,True,KAKA,*SI𐄁**KAKAMAKAOL
arma-,ARAMA,moon,luwian_nature,luwian,fuzzy_d1,1,HT140,Haghia Triada - Casa del Lebete,conventional,False,AKAMA,SI𐄁**KAKAMAKAOLE+
ziti-,SITI,"man, citizen",luwian_social_political,luwian,fuzzy_d1,1,HT140,Haghia Triada - Casa del Lebete,conventional,False,SINI,U*SI𐄁*SINI𐄁DI𐄁OL
malā-,MALA,to think,luwian_verb,luwian,fuzzy_d1,1,HT140,Haghia Triada - Casa del Lebete,conventional,False,MAKA,**KAKAMAKAOLE+UK
māwa-,MAWA,four,luwian_number,luwian,fuzzy_d1,1,HT140,Haghia Triada - Casa del Lebete,conventional,False,MAKA,**KAKAMAKAOLE+UK
pddẽ-,PATE,place,lycian_agriculture_trade,lycian,fuzzy_d1,1,HT140,Haghia Triada - Casa del Lebete,conventional,True,PTE,"LE+U𐄈,PTEPA𐝫𐄌"
Lukkā,LUKA,toponym: Lukkā,toponym,anatolian,fuzzy_d1,1,HT140,Haghia Triada - Casa del Lebete,conventional,True,+UKA,AKAOLE+UKAOLE+UK
malli-,MALI,to grind,luwian_verb,luwian,fuzzy_d1,1,HT146,Haghia Triada - Casa del Lebete,conventional,False,MARI,"𐝫QERI*MARIKA,PTE"
tarri-,TARI,three,luwian_number,luwian,fuzzy_d1,1,HT146,Haghia Triada - Casa del Lebete,conventional,False,MARI,"𐝫QERI*MARIKA,PTE"
-tari,TARI,middle voice 3sg [Mediopassive marker],luwian_suffix,luwian,fuzzy_d1,1,HT146,Haghia Triada - Casa del Lebete,conventional,False,MARI,"𐝫QERI*MARIKA,PTE"
arina-,ARINA,"spring, water source",lycian_agriculture_trade,lycian,fuzzy_d1,1,HT146,Haghia Triada - Casa del Lebete,conventional,False,ARIKA,"QERI*MARIKA,PTEDU"
pddẽ-,PATE,place,lycian_agriculture_trade,lycian,fuzzy_d1,1,HT146,Haghia Triada - Casa del Lebete,conventional,True,PTE,"ARIKA,PTEDU𐄒"
arina-,ARINA,"spring, source",lycian_nature,lycian,fuzzy_d1,1,HT146,Haghia Triada - Casa del Lebete,conventional,False,ARIKA,"QERI*MARIKA,PTEDU"
tri-,TARI,three,lycian_number,lycian,fuzzy_d1,1,HT146,Haghia Triada - Casa del Lebete,conventional,False,MARI,"𐝫QERI*MARIKA,PTE"
Arinna,ARINA,toponym: Arinna,toponym,anatolian,fuzzy_d1,1,HT146,Haghia Triada - Casa del Lebete,conventional,False,ARIKA,"QERI*MARIKA,PTEDU"
pata-,PATA,foot,luwian_body_parts,luwian,fuzzy_d1,1,HT154a,Haghia Triada - Casa del Lebete,conventional,False,PAJA,TUMEPAJAOLIVGR
piya-,PIJA,to give,luwian_verb,luwian,fuzzy_d1,1,HT154a,Haghia Triada - Casa del Lebete,conventional,False,PAJA,TUMEPAJAOLIVGR
ziti-,SITI,"man, citizen",luwian_social_political,luwian,fuzzy_d1,1,HT154n,Haghia Triada - Casa del Lebete,conventional,False,SISI,𐝫SISI𐝫𐝫𐝫
atta-,ATTA,father,luwian_kinship,luwian,fuzzy_d1,1,HTWa1019,Haghia Triada - Portico 11 and Room 13,conventional,False,ATA,PATANESITU
gant-,KATA,tooth,luwian_body_parts,luwian,fuzzy_d1,1,HTWa1019,Haghia Triada - Portico 11 and Room 13,conventional,False,PATA,PATANESITU
ziti-,SITI,"man, citizen",luwian_social_political,luwian,fuzzy_d1,1,HTWa1019,Haghia Triada - Portico 11 and Room 13,conventional,False,SITU,PATANESITU
lada-,LATA,"wife, woman",lycian_kinship,lycian,fuzzy_d1,1,HTWa1019,Haghia Triada - Portico 11 and Room 13,conventional,False,PATA,PATANESITU
pddẽ-,PATE,place,lycian_agriculture_trade,lycian,fuzzy_d1,1,HTWa1019,Haghia Triada - Portico 11 and Room 13,conventional,False,PATA,PATANESITU
nāna-,NANA,brother (?),luwian_kinship,luwian,fuzzy_d1,1,HTWa1020,Haghia Triada - Portico 11 and Room 13,conventional,False,TANA,KUPAJETANA
tawa-,TAWA,eye,luwian_body_parts,luwian,fuzzy_d1,1,HTWa1020,Haghia Triada - Portico 11 and Room 13,conventional,False,TANA,KUPAJETANA
tār-,TARA,tree/wood,luwian_nature,luwian,fuzzy_d1,1,HTWa1020,Haghia Triada - Portico 11 and Room 13,conventional,False,TANA,KUPAJETANA
kuen-,KUNA,"to kill, strike",luwian_verb,luwian,fuzzy_d1,1,HTWa1020,Haghia Triada - Portico 11 and Room 13,conventional,False,KUPA,KUPAJETANA
*daw(a)-,TAWA,six (reconstructed),luwian_number,luwian,fuzzy_d1,1,HTWa1020,Haghia Triada - Portico 11 and Room 13,conventional,False,TANA,KUPAJETANA
pddẽ-,PATE,place,lycian_agriculture_trade,lycian,fuzzy_d1,1,HTWa1020,Haghia Triada - Portico 11 and Room 13,conventional,False,PAJE,KUPAJETANA
kbi-,KAPI,two (numeral '2'),lycian_number,lycian,fuzzy_d1,1,HTWa1027,Haghia Triada - Portico 11 and Room 13,conventional,False,KASI,KASI
pddẽ-,PATE,place,lycian_agriculture_trade,lycian,fuzzy_d1,1,HTWc3001,Haghia Triada,conventional,False,PASE,PASEJA
pddẽ-,PATE,place,lycian_agriculture_trade,lycian,fuzzy_d1,1,HTWc3002,Haghia Triada,conventional,False,PASE,PASEJA
tarri-,TARI,three,luwian_number,luwian,fuzzy_d1,1,HTWc3004,Haghia Triada,conventional,False,TANI,TANIKASE
-tari,TARI,middle voice 3sg [Mediopassive marker],luwian_suffix,luwian,fuzzy_d1,1,HTWc3004,Haghia Triada,conventional,False,TANI,TANIKASE
tbi-,TAPI,one (numeral '1'),lycian_number,lycian,fuzzy_d1,1,HTWc3004,Haghia Triada,conventional,False,TANI,TANIKASE
tri-,TARI,three,lycian_number,lycian,fuzzy_d1,1,HTWc3004,Haghia Triada,conventional,False,TANI,TANIKASE
tarri-,TARI,three,luwian_number,luwian,fuzzy_d1,1,HTWc3005,Haghia Triada,conventional,False,TANI,TANIKASE
-tari,TARI,middle voice 3sg [Mediopassive marker],luwian_suffix,luwian,fuzzy_d1,1,HTWc3005,Haghia Triada,conventional,False,TANI,TANIKASE
tbi-,TAPI,one (numeral '1'),lycian_number,lycian,fuzzy_d1,1,HTWc3005,Haghia Triada,conventional,False,TANI,TANIKASE
tri-,TARI,three,lycian_number,lycian,fuzzy_d1,1,HTWc3005,Haghia Triada,conventional,False,TANI,TANIKASE
atta-,ATTA,father,luwian_kinship,luwian,fuzzy_d1,1,HTWc3008,Haghia Triada,conventional,False,ATA,INIRUJATADI
pata-,PATA,foot,luwian_body_parts,luwian,fuzzy_d1,1,HTWc3008,Haghia Triada,conventional,False,JATA,DINIRUJATADI
gant-,KATA,tooth,luwian_body_parts,luwian,fuzzy_d1,1,HTWc3008,Haghia Triada,conventional,False,JATA,DINIRUJATADI
tarri-,TARI,three,luwian_number,luwian,fuzzy_d1,1,HTWc3008,Haghia Triada,conventional,False,TADI,NIRUJATADI
-tari,TARI,middle voice 3sg [Mediopassive marker],luwian_suffix,luwian,fuzzy_d1,1,HTWc3008,Haghia Triada,conventional,False,TADI,NIRUJATADI
lada-,LATA,"wife, woman",lycian_kinship,lycian,fuzzy_d1,1,HTWc3008,Haghia Triada,conventional,False,JATA,DINIRUJATADI
tbi-,TAPI,one (numeral '1'),lycian_number,lycian,fuzzy_d1,1,HTWc3008,Haghia Triada,conventional,False,TADI,NIRUJATADI
tri-,TARI,three,lycian_number,lycian,fuzzy_d1,1,HTWc3008,Haghia Triada,conventional,False,TADI,NIRUJATADI
Lukkā,LUKA,toponym: Lukkā,toponym,anatolian,fuzzy_d1,1,HTWc3009,Haghia Triada,conventional,False,SUKA,*DISUKA*
Lukkā,LUKA,toponym: Lukkā,toponym,anatolian,fuzzy_d1,1,HTWc3010,Haghia Triada,conventional,False,SUKA,*DINASUKA
izre-,ISARE,hand,lycian_body_parts,lycian,fuzzy_d1,1,HTWc3012,Haghia Triada,conventional,False,IRARE,ZUDIRARERO
kuen-,KUNA,"to kill, strike",luwian_verb,luwian,fuzzy_d1,1,HTWc3015,Haghia Triada,conventional,False,KUPA,KAKUPACYP
pānkʷ-,PAKU,five,luwian_number,luwian,fuzzy_d1,1,HTWc3015,Haghia Triada,conventional,True,KAKU,KAKUPACYP
kuen-,KUNA,"to kill, strike",luwian_verb,luwian,fuzzy_d1,1,HTWc3016,Haghia Triada,conventional,False,KUPA,KAKUPA
pānkʷ-,PAKU,five,luwian_number,luwian,fuzzy_d1,1,HTWc3016,Haghia Triada,conventional,True,KAKU,KAKUPA
pānkʷ-,PAKU,five,luwian_number,luwian,fuzzy_d1,1,HTWc3017,Haghia Triada,conventional,False,QAKU,QAKURE𐄁DI*
wār-,WARA,water,luwian_agriculture_trade,luwian,fuzzy_d1,1,HTWc3024,Haghia Triada,conventional,False,ARA,ARATUME*F
tār-,TARA,tree/wood,luwian_nature,luwian,fuzzy_d1,1,HTWc3024,Haghia Triada,conventional,False,ARA,ARATUME*F
-war,WARA,verbal noun [Gerundive/verbal noun],luwian_suffix,luwian,fuzzy_d1,1,HTWc3024,Haghia Triada,conventional,False,ARA,ARATUME*F
tese-,TESE,"oath, agreement",lycian_agriculture_trade,lycian,fuzzy_d1,1,HTZb158a,Haghia Triada - Villa Magazine Room 5,conventional,False,TUSE,𐄁TUSESUKI
temi-,TEMI,forest,luwian_nature,luwian,fuzzy_d1,1,HTZb158b,Haghia Triada - Villa Magazine Room 5,conventional,False,TEI,SUKIRITEIJA
piya-,PIJA,to give,luwian_verb,luwian,fuzzy_d1,1,HTZb158b,Haghia Triada - Villa Magazine Room 5,conventional,False,EIJA,UKIRITEIJA
nāna-,NANA,brother (?),luwian_kinship,luwian,fuzzy_d1,1,HTZb159,Haghia Triada,conventional,False,NANU,ANANUSIJASE
piya-,PIJA,to give,luwian_verb,luwian,fuzzy_d1,1,HTZb159,Haghia Triada,conventional,False,SIJA,ANANUSIJASE𐝫
atta-,ATTA,father,luwian_kinship,luwian,fuzzy_d1,1,HTZb160,Haghia Triada,conventional,False,ATA,PATADADUPU
tawa-,TAWA,eye,luwian_body_parts,luwian,fuzzy_d1,1,HTZb160,Haghia Triada,conventional,False,TADA,PATADADUPURE
gant-,KATA,tooth,luwian_body_parts,luwian,fuzzy_d1,1,HTZb160,Haghia Triada,conventional,False,PATA,PATADADUPU
tār-,TARA,tree/wood,luwian_nature,luwian,fuzzy_d1,1,HTZb160,Haghia Triada,conventional,False,TADA,PATADADUPURE
*daw(a)-,TAWA,six (reconstructed),luwian_number,luwian,fuzzy_d1,1,HTZb160,Haghia Triada,conventional,False,TADA,PATADADUPURE
lada-,LATA,"wife, woman",lycian_kinship,lycian,fuzzy_d1,1,HTZb160,Haghia Triada,conventional,False,PATA,PATADADUPU
pddẽ-,PATE,place,lycian_agriculture_trade,lycian,fuzzy_d1,1,HTZb160,Haghia Triada,conventional,False,PATA,PATADADUPU
nāna-,NANA,brother (?),luwian_kinship,luwian,fuzzy_d1,1,HTZd155,Haghia Triada,conventional,False,NAMA,AJU𐄁NAMAMATITI
arma-,ARAMA,moon,luwian_nature,luwian,fuzzy_d1,1,HTZd155,Haghia Triada,conventional,False,AMAMA,AJU𐄁NAMAMATITI*
ziti-,SITI,"man, citizen",luwian_social_political,luwian,fuzzy_d1,1,HTZd155,Haghia Triada,conventional,False,TITI,NAMAMATITI*
malli-,MALI,to grind,luwian_verb,luwian,fuzzy_d1,1,HTZd155,Haghia Triada,conventional,False,MATI,U𐄁NAMAMATITI*
malā-,MALA,to think,luwian_verb,luwian,fuzzy_d1,1,HTZd155,Haghia Triada,conventional,False,MAMA,AJU𐄁NAMAMATITI*
māwa-,MAWA,four,luwian_number,luwian,fuzzy_d1,1,HTZd155,Haghia Triada,conventional,False,MAMA,AJU𐄁NAMAMATITI*
tummanti-,TUMATI,ear,luwian_body_parts,luwian,fuzzy_d1,1,HTZd157+156,Haghia Triada,conventional,False,SUMATI,WIJASUMATITI****
ziti-,SITI,"man, citizen",luwian_social_political,luwian,fuzzy_d1,1,HTZd157+156,Haghia Triada,conventional,False,TITI,JASUMATITI****JA
piya-,PIJA,to give,luwian_verb,luwian,fuzzy_d1,1,HTZd157+156,Haghia Triada,conventional,False,WIJA,WIJASUMATI
malli-,MALI,to grind,luwian_verb,luwian,fuzzy_d1,1,HTZd157+156,Haghia Triada,conventional,False,MATI,WIJASUMATITI****
atta-,ATTA,father,luwian_kinship,luwian,fuzzy_d1,1,IOZa2,Iouktas,conventional,False,ATA,ATAI*WAJA
nāna-,NANA,brother (?),luwian_kinship,luwian,fuzzy_d1,1,IOZa2,Iouktas,conventional,True,NAKA,RAME𐄁UNAKANASI𐄁I
warwala-,WAWA,"seed, offspring",luwian_kinship,luwian,fuzzy_d1,1,IOZa2,Iouktas,conventional,False,WAJA,ATAI*WAJA𐄁JADIK
pata-,PATA,foot,luwian_body_parts,luwian,fuzzy_d1,1,IOZa2,Iouktas,conventional,False,ATA,ATAI*WAJA
ḫašta-,ASATA,bone,luwian_body_parts,luwian,fuzzy_d1,1,IOZa2,Iouktas,conventional,False,ASASA,KITU𐄁JASASARAME𐄁U
ēšḫar-,ESARA,blood,luwian_body_parts,luwian,fuzzy_d1,1,IOZa2,Iouktas,conventional,False,ASARA,TU𐄁JASASARAME𐄁UNA
tawa-,TAWA,eye,luwian_body_parts,luwian,fuzzy_d1,1,IOZa2,Iouktas,conventional,False,TANA,SIRUTETANARATEUT
gant-,KATA,tooth,luwian_body_parts,luwian,fuzzy_d1,1,IOZa2,Iouktas,conventional,False,KANA,ME𐄁UNAKANASI𐄁IPI
wār-,WARA,water,luwian_agriculture_trade,luwian,fuzzy_d1,1,IOZa2,Iouktas,conventional,False,WAJA,ATAI*WAJA𐄁JADIK
tapar-,TAPARA,"to rule, govern",luwian_agriculture_trade,luwian,fuzzy_d1,1,IOZa2,Iouktas,conventional,False,TANARA,SIRUTETANARATEUTIN
tār-,TARA,tree/wood,luwian_nature,luwian,fuzzy_d1,1,IOZa2,Iouktas,conventional,False,SARA,U𐄁JASASARAME𐄁UNA
arma-,ARAMA,moon,luwian_nature,luwian,fuzzy_d1,1,IOZa2,Iouktas,conventional,False,ARAME,𐄁JASASARAME𐄁UNAKA
ḫašt-,ASATA,"star, bone (dual meaning)",luwian_nature,luwian,fuzzy_d1,1,IOZa2,Iouktas,conventional,False,ASASA,KITU𐄁JASASARAME𐄁U
ziti-,SITI,"man, citizen",luwian_social_political,luwian,fuzzy_d1,1,IOZa2,Iouktas,conventional,False,SI𐄁I,NAKANASI𐄁IPINAMA
piya-,PIJA,to give,luwian_verb,luwian,fuzzy_d1,1,IOZa2,Iouktas,conventional,True,PINA,NASI𐄁IPINAMA𐄁SIR
walā-,WALA,to die,luwian_verb,luwian,fuzzy_d1,1,IOZa2,Iouktas,conventional,False,WAJA,ATAI*WAJA𐄁JADIK
kuen-,KUNA,"to kill, strike",luwian_verb,luwian,fuzzy_d1,1,IOZa2,Iouktas,conventional,False,𐄁UNA,SARAME𐄁UNAKANASI
tarri-,TARI,three,luwian_number,luwian,fuzzy_d1,1,IOZa2,Iouktas,conventional,False,TAI,ATAI*WAJA𐄁
*daw(a)-,TAWA,six (reconstructed),luwian_number,luwian,fuzzy_d1,1,IOZa2,Iouktas,conventional,False,TANA,SIRUTETANARATEUT
*ašta-,ASATA,eight (reconstructed),luwian_number,luwian,fuzzy_d1,1,IOZa2,Iouktas,conventional,False,ASASA,KITU𐄁JASASARAME𐄁U
-tari,TARI,middle voice 3sg [Mediopassive marker],luwian_suffix,luwian,fuzzy_d1,1,IOZa2,Iouktas,conventional,False,TAI,ATAI*WAJA𐄁
-war,WARA,verbal noun [Gerundive/verbal noun],luwian_suffix,luwian,fuzzy_d1,1,IOZa2,Iouktas,conventional,False,WAJA,ATAI*WAJA𐄁JADIK
-anda-,ANATA,gerundive/place [Very important for toponyms: -anda],luwian_suffix,luwian,fuzzy_d1,1,IOZa2,Iouktas,conventional,False,ANARA,IRUTETANARATEUTIN
tede-,TETE,father,lycian_kinship,lycian,fuzzy_d1,1,IOZa2,Iouktas,conventional,False,TETA,A𐄁SIRUTETANARATE
lada-,LATA,"wife, woman",lycian_kinship,lycian,fuzzy_d1,1,IOZa2,Iouktas,conventional,False,ATA,ATAI*WAJA
pddẽ-,PATE,place,lycian_agriculture_trade,lycian,fuzzy_d1,1,IOZa2,Iouktas,conventional,False,RATE,TETANARATEUTINU𐄁
tbi-,TAPI,one (numeral '1'),lycian_number,lycian,fuzzy_d1,1,IOZa2,Iouktas,conventional,False,TAI,ATAI*WAJA𐄁
tri-,TARI,three,lycian_number,lycian,fuzzy_d1,1,IOZa2,Iouktas,conventional,False,TAI,ATAI*WAJA𐄁
Apasa,APASA,toponym: Apasa,toponym,anatolian,fuzzy_d1,1,IOZa2,Iouktas,conventional,False,ASASA,KITU𐄁JASASARAME𐄁U
atta-,ATTA,father,luwian_kinship,luwian,fuzzy_d1,1,IOZa3,Iouktas,conventional,False,ATA,𐄁ATAI*WAJA
warwala-,WAWA,"seed, offspring",luwian_kinship,luwian,fuzzy_d1,1,IOZa3,Iouktas,conventional,False,WAJA,𐄁ATAI*WAJA𐄁AU𐝫
pata-,PATA,foot,luwian_body_parts,luwian,fuzzy_d1,1,IOZa3,Iouktas,conventional,False,𐄁ATA,𐄁ATAI*WAJA
gant-,KATA,tooth,luwian_body_parts,luwian,fuzzy_d1,1,IOZa3,Iouktas,conventional,False,𐄁ATA,𐄁ATAI*WAJA
wār-,WARA,water,luwian_agriculture_trade,luwian,fuzzy_d1,1,IOZa3,Iouktas,conventional,False,WAJA,𐄁ATAI*WAJA𐄁AU𐝫
walā-,WALA,to die,luwian_verb,luwian,fuzzy_d1,1,IOZa3,Iouktas,conventional,False,WAJA,𐄁ATAI*WAJA𐄁AU𐝫
tarri-,TARI,three,luwian_number,luwian,fuzzy_d1,1,IOZa3,Iouktas,conventional,False,TAI,𐄁ATAI*WAJA𐄁
-tari,TARI,middle voice 3sg [Mediopassive marker],luwian_suffix,luwian,fuzzy_d1,1,IOZa3,Iouktas,conventional,False,TAI,𐄁ATAI*WAJA𐄁
-war,WARA,verbal noun [Gerundive/verbal noun],luwian_suffix,luwian,fuzzy_d1,1,IOZa3,Iouktas,conventional,False,WAJA,𐄁ATAI*WAJA𐄁AU𐝫
lada-,LATA,"wife, woman",lycian_kinship,lycian,fuzzy_d1,1,IOZa3,Iouktas,conventional,False,𐄁ATA,𐄁ATAI*WAJA
tbi-,TAPI,one (numeral '1'),lycian_number,lycian,fuzzy_d1,1,IOZa3,Iouktas,conventional,False,TAI,𐄁ATAI*WAJA𐄁
tri-,TARI,three,lycian_number,lycian,fuzzy_d1,1,IOZa3,Iouktas,conventional,False,TAI,𐄁ATAI*WAJA𐄁
pata-,PATA,foot,luwian_body_parts,luwian,fuzzy_d1,1,IOZa5,Iouktas,conventional,False,PAPA,JA𐄁IJAPAPA𐝫
piya-,PIJA,to give,luwian_verb,luwian,fuzzy_d1,1,IOZa5,Iouktas,conventional,False,DIJA,IJAREDIJA𐄁IJAPA
izre-,ISARE,hand,lycian_body_parts,lycian,fuzzy_d1,1,IOZa5,Iouktas,conventional,False,IJARE,IJAREDIJA𐄁I
Apasa,APASA,toponym: Apasa,toponym,anatolian,fuzzy_d1,1,IOZa5,Iouktas,conventional,False,APAPA,IJA𐄁IJAPAPA𐝫
atta-,ATTA,father,luwian_kinship,luwian,fuzzy_d1,1,IOZa6,Iouktas,conventional,False,ATA,INU𐄁INATAIZUDIS
nāna-,NANA,brother (?),luwian_kinship,luwian,fuzzy_d1,1,IOZa6,Iouktas,conventional,False,TANA,TANAI*UTIN
pata-,PATA,foot,luwian_body_parts,luwian,fuzzy_d1,1,IOZa6,Iouktas,conventional,False,NATA,TINU𐄁INATAIZUDIS
ḫašta-,ASATA,bone,luwian_body_parts,luwian,fuzzy_d1,1,IOZa6,Iouktas,conventional,False,ASASA,SIKA𐄁JASASARAME𐄁
ēšḫar-,ESARA,blood,luwian_body_parts,luwian,fuzzy_d1,1,IOZa6,Iouktas,conventional,False,ASARA,KA𐄁JASASARAME𐄁
tawa-,TAWA,eye,luwian_body_parts,luwian,fuzzy_d1,1,IOZa6,Iouktas,conventional,False,TANA,TANAI*UTIN
gant-,KATA,tooth,luwian_body_parts,luwian,fuzzy_d1,1,IOZa6,Iouktas,conventional,False,NATA,TINU𐄁INATAIZUDIS
wār-,WARA,water,luwian_agriculture_trade,luwian,fuzzy_d1,1,IOZa6,Iouktas,conventional,False,SARA,A𐄁JASASARAME𐄁
tār-,TARA,tree/wood,luwian_nature,luwian,fuzzy_d1,1,IOZa6,Iouktas,conventional,False,TANA,TANAI*UTIN
arma-,ARAMA,moon,luwian_nature,luwian,fuzzy_d1,1,IOZa6,Iouktas,conventional,False,ARAME,𐄁JASASARAME𐄁
ḫašt-,ASATA,"star, bone (dual meaning)",luwian_nature,luwian,fuzzy_d1,1,IOZa6,Iouktas,conventional,False,ASASA,SIKA𐄁JASASARAME𐄁
išta-,ISATA,to hear,luwian_verb,luwian,fuzzy_d1,1,IOZa6,Iouktas,conventional,False,INATA,UTINU𐄁INATAIZUDIS
tarri-,TARI,three,luwian_number,luwian,fuzzy_d1,1,IOZa6,Iouktas,conventional,False,TAI,NU𐄁INATAIZUDISI
*daw(a)-,TAWA,six (reconstructed),luwian_number,luwian,fuzzy_d1,1,IOZa6,Iouktas,conventional,False,TANA,TANAI*UTIN
*ašta-,ASATA,eight (reconstructed),luwian_number,luwian,fuzzy_d1,1,IOZa6,Iouktas,conventional,False,ASASA,SIKA𐄁JASASARAME𐄁
-tari,TARI,middle voice 3sg [Mediopassive marker],luwian_suffix,luwian,fuzzy_d1,1,IOZa6,Iouktas,conventional,False,TAI,NU𐄁INATAIZUDISI
-war,WARA,verbal noun [Gerundive/verbal noun],luwian_suffix,luwian,fuzzy_d1,1,IOZa6,Iouktas,conventional,False,SARA,A𐄁JASASARAME𐄁
-anda-,ANATA,gerundive/place [Very important for toponyms: -anda],luwian_suffix,luwian,fuzzy_d1,1,IOZa6,Iouktas,conventional,False,INATA,UTINU𐄁INATAIZUDIS
lada-,LATA,"wife, woman",lycian_kinship,lycian,fuzzy_d1,1,IOZa6,Iouktas,conventional,False,NATA,TINU𐄁INATAIZUDIS
tbi-,TAPI,one (numeral '1'),lycian_number,lycian,fuzzy_d1,1,IOZa6,Iouktas,conventional,False,TAI,NU𐄁INATAIZUDISI
tri-,TARI,three,lycian_number,lycian,fuzzy_d1,1,IOZa6,Iouktas,conventional,False,TAI,NU𐄁INATAIZUDISI
Apasa,APASA,toponym: Apasa,toponym,anatolian,fuzzy_d1,1,IOZa6,Iouktas,conventional,False,ASASA,SIKA𐄁JASASARAME𐄁
atta-,ATTA,father,luwian_kinship,luwian,fuzzy_d1,1,IOZa7,Iouktas,conventional,False,ATA,ATAI*WAJA
warwala-,WAWA,"seed, offspring",luwian_kinship,luwian,fuzzy_d1,1,IOZa7,Iouktas,conventional,False,WAJA,ATAI*WAJA𐄁JATI*
pata-,PATA,foot,luwian_body_parts,luwian,fuzzy_d1,1,IOZa7,Iouktas,conventional,False,ATA,ATAI*WAJA
gant-,KATA,tooth,luwian_body_parts,luwian,fuzzy_d1,1,IOZa7,Iouktas,conventional,False,ATA,ATAI*WAJA
wār-,WARA,water,luwian_agriculture_trade,luwian,fuzzy_d1,1,IOZa7,Iouktas,conventional,False,WAJA,ATAI*WAJA𐄁JATI*
walā-,WALA,to die,luwian_verb,luwian,fuzzy_d1,1,IOZa7,Iouktas,conventional,False,WAJA,ATAI*WAJA𐄁JATI*
tarri-,TARI,three,luwian_number,luwian,fuzzy_d1,1,IOZa7,Iouktas,conventional,False,TAI,ATAI*WAJA𐄁
-tari,TARI,middle voice 3sg [Mediopassive marker],luwian_suffix,luwian,fuzzy_d1,1,IOZa7,Iouktas,conventional,False,TAI,ATAI*WAJA𐄁
-war,WARA,verbal noun [Gerundive/verbal noun],luwian_suffix,luwian,fuzzy_d1,1,IOZa7,Iouktas,conventional,False,WAJA,ATAI*WAJA𐄁JATI*
lada-,LATA,"wife, woman",lycian_kinship,lycian,fuzzy_d1,1,IOZa7,Iouktas,conventional,False,ATA,ATAI*WAJA
tbi-,TAPI,one (numeral '1'),lycian_number,lycian,fuzzy_d1,1,IOZa7,Iouktas,conventional,False,TAI,ATAI*WAJA𐄁
tri-,TARI,three,lycian_number,lycian,fuzzy_d1,1,IOZa7,Iouktas,conventional,False,TAI,ATAI*WAJA𐄁
nāna-,NANA,brother (?),luwian_kinship,luwian,fuzzy_d1,1,IOZa8,Iouktas,conventional,False,ANA,ANATI*WAJ
warwala-,WAWA,"seed, offspring",luwian_kinship,luwian,fuzzy_d1,1,IOZa8,Iouktas,conventional,False,WAJA,ANATI*WAJA𐝫
wār-,WARA,water,luwian_agriculture_trade,luwian,fuzzy_d1,1,IOZa8,Iouktas,conventional,False,WAJA,ANATI*WAJA𐝫
walā-,WALA,to die,luwian_verb,luwian,fuzzy_d1,1,IOZa8,Iouktas,conventional,False,WAJA,ANATI*WAJA𐝫
-war,WARA,verbal noun [Gerundive/verbal noun],luwian_suffix,luwian,fuzzy_d1,1,IOZa8,Iouktas,conventional,False,WAJA,ANATI*WAJA𐝫
-anda-,ANATA,gerundive/place [Very important for toponyms: -anda],luwian_suffix,luwian,fuzzy_d1,1,IOZa8,Iouktas,conventional,False,ANATI,ANATI*WAJA𐝫
nāna-,NANA,brother (?),luwian_kinship,luwian,fuzzy_d1,1,IOZa9,Iouktas,conventional,False,NAKA,ARAMEUNAKANASINA
ḫašta-,ASATA,bone,luwian_body_parts,luwian,fuzzy_d1,1,IOZa9,Iouktas,conventional,False,ASASA,JASASARAMEUN
ēšḫar-,ESARA,blood,luwian_body_parts,luwian,fuzzy_d1,1,IOZa9,Iouktas,conventional,False,ASARA,JASASARAMEUNAK
gant-,KATA,tooth,luwian_body_parts,luwian,fuzzy_d1,1,IOZa9,Iouktas,conventional,False,KANA,AMEUNAKANASINAJO
wār-,WARA,water,luwian_agriculture_trade,luwian,fuzzy_d1,1,IOZa9,Iouktas,conventional,False,SARA,JASASARAMEUNAK
tār-,TARA,tree/wood,luwian_nature,luwian,fuzzy_d1,1,IOZa9,Iouktas,conventional,False,SARA,JASASARAMEUNAK
arma-,ARAMA,moon,luwian_nature,luwian,fuzzy_d1,1,IOZa9,Iouktas,conventional,False,ARAME,JASASARAMEUNAKAN
ḫašt-,ASATA,"star, bone (dual meaning)",luwian_nature,luwian,fuzzy_d1,1,IOZa9,Iouktas,conventional,False,ASASA,JASASARAMEUN
kuen-,KUNA,"to kill, strike",luwian_verb,luwian,fuzzy_d1,1,IOZa9,Iouktas,conventional,False,EUNA,ASARAMEUNAKANASI
*ašta-,ASATA,eight (reconstructed),luwian_number,luwian,fuzzy_d1,1,IOZa9,Iouktas,conventional,False,ASASA,JASASARAMEUN
-war,WARA,verbal noun [Gerundive/verbal noun],luwian_suffix,luwian,fuzzy_d1,1,IOZa9,Iouktas,conventional,False,SARA,JASASARAMEUNAK
arina-,ARINA,"spring, water source",lycian_agriculture_trade,lycian,fuzzy_d1,1,IOZa9,Iouktas,conventional,False,ASINA,UNAKANASINAJO
arina-,ARINA,"spring, source",lycian_nature,lycian,fuzzy_d1,1,IOZa9,Iouktas,conventional,False,ASINA,UNAKANASINAJO
Apasa,APASA,toponym: Apasa,toponym,anatolian,fuzzy_d1,1,IOZa9,Iouktas,conventional,False,ASASA,JASASARAMEUN
Arinna,ARINA,toponym: Arinna,toponym,anatolian,fuzzy_d1,1,IOZa9,Iouktas,conventional,False,ASINA,UNAKANASINAJO
ḫašta-,ASATA,bone,luwian_body_parts,luwian,fuzzy_d1,1,IOZb10,Iouktas,conventional,False,ASASA,ASASARAMESO
ēšḫar-,ESARA,blood,luwian_body_parts,luwian,fuzzy_d1,1,IOZb10,Iouktas,conventional,False,ASARA,ASASARAMESO
wār-,WARA,water,luwian_agriculture_trade,luwian,fuzzy_d1,1,IOZb10,Iouktas,conventional,False,SARA,ASASARAMESO
tār-,TARA,tree/wood,luwian_nature,luwian,fuzzy_d1,1,IOZb10,Iouktas,conventional,False,SARA,ASASARAMESO
arma-,ARAMA,moon,luwian_nature,luwian,fuzzy_d1,1,IOZb10,Iouktas,conventional,False,ARAME,ASASARAMESO
ḫašt-,ASATA,"star, bone (dual meaning)",luwian_nature,luwian,fuzzy_d1,1,IOZb10,Iouktas,conventional,False,ASASA,ASASARAMESO
*ašta-,ASATA,eight (reconstructed),luwian_number,luwian,fuzzy_d1,1,IOZb10,Iouktas,conventional,False,ASASA,ASASARAMESO
-war,WARA,verbal noun [Gerundive/verbal noun],luwian_suffix,luwian,fuzzy_d1,1,IOZb10,Iouktas,conventional,False,SARA,ASASARAMESO
Apasa,APASA,toponym: Apasa,toponym,anatolian,fuzzy_d1,1,IOZb10,Iouktas,conventional,False,ASASA,ASASARAMESO
aruna-,ARUNA,sea,luwian_nature,luwian,fuzzy_d1,1,IOZa11,Iouktas,conventional,False,𐄁RUNA,INAIDA𐄁RUNARUDA𐝫
kuen-,KUNA,"to kill, strike",luwian_verb,luwian,fuzzy_d1,1,IOZa11,Iouktas,conventional,False,RUNA,NAIDA𐄁RUNARUDA𐝫
ḫašta-,ASATA,bone,luwian_body_parts,luwian,fuzzy_d1,1,IOZa12,Iouktas,conventional,False,ASASA,𐄁𐄁JASASARAME𐄁I
ēšḫar-,ESARA,blood,luwian_body_parts,luwian,fuzzy_d1,1,IOZa12,Iouktas,conventional,False,ASARA,𐄁𐄁JASASARAME𐄁ITI
wār-,WARA,water,luwian_agriculture_trade,luwian,fuzzy_d1,1,IOZa12,Iouktas,conventional,False,SARA,𐄁𐄁JASASARAME𐄁ITI
tār-,TARA,tree/wood,luwian_nature,luwian,fuzzy_d1,1,IOZa12,Iouktas,conventional,False,SARA,𐄁𐄁JASASARAME𐄁ITI
arma-,ARAMA,moon,luwian_nature,luwian,fuzzy_d1,1,IOZa12,Iouktas,conventional,False,ARAME,𐄁JASASARAME𐄁ITI𐝫
ḫašt-,ASATA,"star, bone (dual meaning)",luwian_nature,luwian,fuzzy_d1,1,IOZa12,Iouktas,conventional,False,ASASA,𐄁𐄁JASASARAME𐄁I
ziti-,SITI,"man, citizen",luwian_social_political,luwian,fuzzy_d1,1,IOZa12,Iouktas,conventional,False,𐄁ITI,SARAME𐄁ITI𐝫
*ašta-,ASATA,eight (reconstructed),luwian_number,luwian,fuzzy_d1,1,IOZa12,Iouktas,conventional,False,ASASA,𐄁𐄁JASASARAME𐄁I
-war,WARA,verbal noun [Gerundive/verbal noun],luwian_suffix,luwian,fuzzy_d1,1,IOZa12,Iouktas,conventional,False,SARA,𐄁𐄁JASASARAME𐄁ITI
Apasa,APASA,toponym: Apasa,toponym,anatolian,fuzzy_d1,1,IOZa12,Iouktas,conventional,False,ASASA,𐄁𐄁JASASARAME𐄁I
malli-,MALI,to grind,luwian_verb,luwian,fuzzy_d1,1,IOZa13,Iouktas,conventional,False,MAI,𐄁MAIRU𐝫
temi-,TEMI,forest,luwian_nature,luwian,fuzzy_d1,1,IOZa14,Iouktas,conventional,False,TE𐄁I,SIRUTE𐄁IDIDI𐝫
nāna-,NANA,brother (?),luwian_kinship,luwian,fuzzy_d1,1,IOZa15,Iouktas,conventional,False,NAMA,IPINAMA𐄁SIRUT
piya-,PIJA,to give,luwian_verb,luwian,fuzzy_d1,1,IOZa15,Iouktas,conventional,False,PINA,IPINAMA𐄁SIR
tede-,TETE,father,lycian_kinship,lycian,fuzzy_d1,1,IOZa15,Iouktas,conventional,False,TE𐝫TE,A𐄁SIRUTE𐝫TE
nāna-,NANA,brother (?),luwian_kinship,luwian,fuzzy_d1,1,IOZa16,Iouktas,conventional,False,KANA,𐄁UNARUKANASINAJO
ḫašta-,ASATA,bone,luwian_body_parts,luwian,fuzzy_d1,1,IOZa16,Iouktas,conventional,False,ASASA,AROM𐄁JASASARA𐄁UNA
ēšḫar-,ESARA,blood,luwian_body_parts,luwian,fuzzy_d1,1,IOZa16,Iouktas,conventional,False,ASARA,OM𐄁JASASARA𐄁UNARU
gant-,KATA,tooth,luwian_body_parts,luwian,fuzzy_d1,1,IOZa16,Iouktas,conventional,False,KANA,𐄁UNARUKANASINAJO
wār-,WARA,water,luwian_agriculture_trade,luwian,fuzzy_d1,1,IOZa16,Iouktas,conventional,False,SARA,M𐄁JASASARA𐄁UNARU
tār-,TARA,tree/wood,luwian_nature,luwian,fuzzy_d1,1,IOZa16,Iouktas,conventional,False,SARA,M𐄁JASASARA𐄁UNARU
aruna-,ARUNA,sea,luwian_nature,luwian,fuzzy_d1,1,IOZa16,Iouktas,conventional,False,A𐄁UNA,ASASARA𐄁UNARUKANA
ḫašt-,ASATA,"star, bone (dual meaning)",luwian_nature,luwian,fuzzy_d1,1,IOZa16,Iouktas,conventional,False,ASASA,AROM𐄁JASASARA𐄁UNA
kuen-,KUNA,"to kill, strike",luwian_verb,luwian,fuzzy_d1,1,IOZa16,Iouktas,conventional,False,𐄁UNA,SASARA𐄁UNARUKANA
*ašta-,ASATA,eight (reconstructed),luwian_number,luwian,fuzzy_d1,1,IOZa16,Iouktas,conventional,False,ASASA,AROM𐄁JASASARA𐄁UNA
-war,WARA,verbal noun [Gerundive/verbal noun],luwian_suffix,luwian,fuzzy_d1,1,IOZa16,Iouktas,conventional,False,SARA,M𐄁JASASARA𐄁UNARU
arina-,ARINA,"spring, water source",lycian_agriculture_trade,lycian,fuzzy_d1,1,IOZa16,Iouktas,conventional,False,ASINA,ARUKANASINAJO
arina-,ARINA,"spring, source",lycian_nature,lycian,fuzzy_d1,1,IOZa16,Iouktas,conventional,False,ASINA,ARUKANASINAJO
Apasa,APASA,toponym: Apasa,toponym,anatolian,fuzzy_d1,1,IOZa16,Iouktas,conventional,False,ASASA,AROM𐄁JASASARA𐄁UNA
Arinna,ARINA,toponym: Arinna,toponym,anatolian,fuzzy_d1,1,IOZa16,Iouktas,conventional,False,ASINA,ARUKANASINAJO
Lukkā,LUKA,toponym: Lukkā,toponym,anatolian,fuzzy_d1,1,IOZa16,Iouktas,conventional,False,RUKA,RA𐄁UNARUKANASINA
gant-,KATA,tooth,luwian_body_parts,luwian,fuzzy_d1,1,KE1,Kea,conventional,False,KASA,KASA𐝫
-šša-,SASA,"iterative/durative [Verbal suffix, also in toponyms]",luwian_suffix,luwian,fuzzy_d1,1,KE1,Kea,conventional,False,KASA,KASA𐝫
gant-,KATA,tooth,luwian_body_parts,luwian,fuzzy_d1,1,KH5,Khania,conventional,False,KA𐄁A,DAKISIKA𐄁ARAUDA𐄁
wār-,WARA,water,luwian_agriculture_trade,luwian,fuzzy_d1,1,KH5,Khania,conventional,False,𐄁ARA,KISIKA𐄁ARAUDA𐄁WI
tār-,TARA,tree/wood,luwian_nature,luwian,fuzzy_d1,1,KH5,Khania,conventional,False,𐄁ARA,KISIKA𐄁ARAUDA𐄁WI
kuen-,KUNA,"to kill, strike",luwian_verb,luwian,fuzzy_d1,1,KH5,Khania,conventional,False,KUPA,U𐄁*NA𐄁KUPAZUCYP≈
išta-,ISATA,to hear,luwian_verb,luwian,fuzzy_d1,1,KH5,Khania,conventional,False,ISASA,AUDA𐄁WISASANEWINA
pānkʷ-,PAKU,five,luwian_number,luwian,fuzzy_d1,1,KH5,Khania,conventional,False,PAZU,*NA𐄁KUPAZUCYP≈¹⁄
-war,WARA,verbal noun [Gerundive/verbal noun],luwian_suffix,luwian,fuzzy_d1,1,KH5,Khania,conventional,False,𐄁ARA,KISIKA𐄁ARAUDA𐄁WI
-ašša-,ASASA,genitival adjective [Very important for toponyms: -assos/-assa],luwian_suffix,luwian,fuzzy_d1,1,KH5,Khania,conventional,False,ISASA,AUDA𐄁WISASANEWINA
zida-,ZITA,"man, male",luwian_kinship,luwian,fuzzy_d1,1,KH6,Khania,conventional,True,RITA,ANE¹⁄*RITACYP+D*
ziti-,SITI,"man, citizen",luwian_social_political,luwian,fuzzy_d1,1,KH6,Khania,conventional,False,SITE,CYP+DSITEREKISA
piya-,PIJA,to give,luwian_verb,luwian,fuzzy_d1,1,KH6,Khania,conventional,False,PISA,YP+D¹⁄PISACYP+D¹
tede-,TETE,father,lycian_kinship,lycian,fuzzy_d1,1,KH6,Khania,conventional,True,TERE,YP+DSITEREKISANE
izre-,ISARE,hand,lycian_body_parts,lycian,fuzzy_d1,1,KH6,Khania,conventional,False,ISANE,ITEREKISANE¹⁄*RIT
pddẽ-,PATE,place,lycian_agriculture_trade,lycian,fuzzy_d1,1,KH6,Khania,conventional,False,PARE,YP+D¹⁄PARECYP+D¹
tese-,TESE,"oath, agreement",lycian_agriculture_trade,lycian,fuzzy_d1,1,KH6,Khania,conventional,True,TERE,YP+DSITEREKISANE
atta-,ATTA,father,luwian_kinship,luwian,fuzzy_d1,1,KH7a,Khania,conventional,False,ATA,+D¹⁄ITATA𐄁QATIK
zida-,ZITA,"man, male",luwian_kinship,luwian,fuzzy_d1,1,KH7a,Khania,conventional,False,⁄ITA,CYP+D¹⁄ITATA𐄁QAT
pata-,PATA,foot,luwian_body_parts,luwian,fuzzy_d1,1,KH7a,Khania,conventional,False,TATA,P+D¹⁄ITATA𐄁QATIK
tawa-,TAWA,eye,luwian_body_parts,luwian,fuzzy_d1,1,KH7a,Khania,conventional,False,TATA,P+D¹⁄ITATA𐄁QATIK
gant-,KATA,tooth,luwian_body_parts,luwian,fuzzy_d1,1,KH7a,Khania,conventional,False,TATA,P+D¹⁄ITATA𐄁QATIK
tār-,TARA,tree/wood,luwian_nature,luwian,fuzzy_d1,1,KH7a,Khania,conventional,False,TATA,P+D¹⁄ITATA𐄁QATIK
išta-,ISATA,to hear,luwian_verb,luwian,fuzzy_d1,1,KH7a,Khania,conventional,False,ITATA,YP+D¹⁄ITATA𐄁QATIK
*daw(a)-,TAWA,six (reconstructed),luwian_number,luwian,fuzzy_d1,1,KH7a,Khania,conventional,False,TATA,P+D¹⁄ITATA𐄁QATIK
lada-,LATA,"wife, woman",lycian_kinship,lycian,fuzzy_d1,1,KH7a,Khania,conventional,False,TATA,P+D¹⁄ITATA𐄁QATIK
tarri-,TARI,three,luwian_number,luwian,fuzzy_d1,1,KH7b,Khania,conventional,False,TAI,𐝫—UTAISENATU
-tari,TARI,middle voice 3sg [Mediopassive marker],luwian_suffix,luwian,fuzzy_d1,1,KH7b,Khania,conventional,False,TAI,𐝫—UTAISENATU
tbi-,TAPI,one (numeral '1'),lycian_number,lycian,fuzzy_d1,1,KH7b,Khania,conventional,False,TAI,𐝫—UTAISENATU
tri-,TARI,three,lycian_number,lycian,fuzzy_d1,1,KH7b,Khania,conventional,False,TAI,𐝫—UTAISENATU
pata-,PATA,foot,luwian_body_parts,luwian,fuzzy_d1,1,KH10,Khania,conventional,False,PASA,𐝫¹⁄PASAJA𐄁QA*
ḫašta-,ASATA,bone,luwian_body_parts,luwian,fuzzy_d1,1,KH10,Khania,conventional,False,ASAJA,𐝫¹⁄PASAJA𐄁QA*KI
ḫašt-,ASATA,"star, bone (dual meaning)",luwian_nature,luwian,fuzzy_d1,1,KH10,Khania,conventional,False,ASAJA,𐝫¹⁄PASAJA𐄁QA*KI
*ašta-,ASATA,eight (reconstructed),luwian_number,luwian,fuzzy_d1,1,KH10,Khania,conventional,False,ASAJA,𐝫¹⁄PASAJA𐄁QA*KI
-šša-,SASA,"iterative/durative [Verbal suffix, also in toponyms]",luwian_suffix,luwian,fuzzy_d1,1,KH10,Khania,conventional,False,PASA,𐝫¹⁄PASAJA𐄁QA*
-ašša-,ASASA,genitival adjective [Very important for toponyms: -assos/-assa],luwian_suffix,luwian,fuzzy_d1,1,KH10,Khania,conventional,False,ASAJA,𐝫¹⁄PASAJA𐄁QA*KI
tede-,TETE,father,lycian_kinship,lycian,fuzzy_d1,1,KH10,Khania,conventional,False,IETE,QA*KIPIETEGRA𐄘
kbi-,KAPI,two (numeral '2'),lycian_number,lycian,fuzzy_d1,1,KH10,Khania,conventional,False,KIPI,JA𐄁QA*KIPIETEGRA
Apasa,APASA,toponym: Apasa,toponym,anatolian,fuzzy_d1,1,KH10,Khania,conventional,False,⁄PASA,𐝫¹⁄PASAJA𐄁QA*
atta-,ATTA,father,luwian_kinship,luwian,fuzzy_d1,1,KH11,Khania,conventional,False,ATA,P+EVINATA**SICY
nāna-,NANA,brother (?),luwian_kinship,luwian,fuzzy_d1,1,KH11,Khania,conventional,False,NATA,YP+EVINATA**SICY
pata-,PATA,foot,luwian_body_parts,luwian,fuzzy_d1,1,KH11,Khania,conventional,False,NATA,YP+EVINATA**SICY
gant-,KATA,tooth,luwian_body_parts,luwian,fuzzy_d1,1,KH11,Khania,conventional,False,NATA,YP+EVINATA**SICY
išta-,ISATA,to hear,luwian_verb,luwian,fuzzy_d1,1,KH11,Khania,conventional,False,INATA,CYP+EVINATA**SICY
-anda-,ANATA,gerundive/place [Very important for toponyms: -anda],luwian_suffix,luwian,fuzzy_d1,1,KH11,Khania,conventional,False,INATA,CYP+EVINATA**SICY
lada-,LATA,"wife, woman",lycian_kinship,lycian,fuzzy_d1,1,KH11,Khania,conventional,False,NATA,YP+EVINATA**SICY
malā-,MALA,to think,luwian_verb,luwian,fuzzy_d1,1,KH14,Khania,conventional,False,MAJA,RA𐄁MAJA𐄁CYPCY
māwa-,MAWA,four,luwian_number,luwian,fuzzy_d1,1,KH14,Khania,conventional,False,MAJA,RA𐄁MAJA𐄁CYPCY
kup-,KUPA,"to plan, devise",luwian_agriculture_trade,luwian,fuzzy_d1,1,KH18,Khania,conventional,False,KUPI,𐝫*+[KUPI*CKUSI
xupa-,KUPA,tomb,lycian_agriculture_trade,lycian,fuzzy_d1,1,KH18,Khania,conventional,False,KUPI,𐝫*+[KUPI*CKUSI
kbi-,KAPI,two (numeral '2'),lycian_number,lycian,fuzzy_d1,1,KH18,Khania,conventional,False,KUPI,𐝫*+[KUPI*CKUSI
ziti-,SITI,"man, citizen",luwian_social_political,luwian,fuzzy_d1,1,KH20,Khania,conventional,False,SIKI,𐝫𐝫ASIKIRA𐄁ZA𐄁
atta-,ATTA,father,luwian_kinship,luwian,fuzzy_d1,1,KH29,Khania,conventional,False,A𐄁TA,RA𐄁TAKUPACY
kuen-,KUNA,"to kill, strike",luwian_verb,luwian,fuzzy_d1,1,KH29,Khania,conventional,True,KUPA,RA𐄁TAKUPACYP𐝫𐝫𐝫
pānkʷ-,PAKU,five,luwian_number,luwian,fuzzy_d1,1,KH29,Khania,conventional,False,TAKU,RA𐄁TAKUPACYP𐝫
nāna-,NANA,brother (?),luwian_kinship,luwian,fuzzy_d1,1,KH36,Khania,conventional,False,NA𐝫NA,+JA+RUNA𐝫NA𐝫𐝫
aruna-,ARUNA,sea,luwian_nature,luwian,fuzzy_d1,1,KH36,Khania,conventional,True,+RUNA,𐄁MI+JA+RUNA𐝫NA𐝫𐝫
kuen-,KUNA,"to kill, strike",luwian_verb,luwian,fuzzy_d1,1,KH36,Khania,conventional,True,RUNA,MI+JA+RUNA𐝫NA𐝫𐝫
atta-,ATTA,father,luwian_kinship,luwian,fuzzy_d1,1,KH39,Khania,conventional,False,ATA,ATA𐝫𐝫
pata-,PATA,foot,luwian_body_parts,luwian,fuzzy_d1,1,KH39,Khania,conventional,False,ATA,ATA𐝫𐝫
gant-,KATA,tooth,luwian_body_parts,luwian,fuzzy_d1,1,KH39,Khania,conventional,False,ATA,ATA𐝫𐝫
lada-,LATA,"wife, woman",lycian_kinship,lycian,fuzzy_d1,1,KH39,Khania,conventional,False,ATA,ATA𐝫𐝫
tār-,TARA,tree/wood,luwian_nature,luwian,fuzzy_d1,1,KH41,Khania,conventional,True,TARE,TARE𐝫𐝫𐝫
tarri-,TARI,three,luwian_number,luwian,fuzzy_d1,1,KH41,Khania,conventional,True,TARE,TARE𐝫𐝫𐝫
-tari,TARI,middle voice 3sg [Mediopassive marker],luwian_suffix,luwian,fuzzy_d1,1,KH41,Khania,conventional,True,TARE,TARE𐝫𐝫𐝫
tri-,TARI,three,lycian_number,lycian,fuzzy_d1,1,KH41,Khania,conventional,True,TARE,TARE𐝫𐝫𐝫
ziti-,SITI,"man, citizen",luwian_social_political,luwian,fuzzy_d1,1,KH51,Khania,conventional,False,SITU,SIISITU𐝫𐝫𐝫
nāna-,NANA,brother (?),luwian_kinship,luwian,fuzzy_d1,1,KH60,Khania,conventional,False,TANA,RAKITANASI*CTA
zida-,ZITA,"man, male",luwian_kinship,luwian,fuzzy_d1,1,KH60,Khania,conventional,False,KITA,RAKITANASI*C
tawa-,TAWA,eye,luwian_body_parts,luwian,fuzzy_d1,1,KH60,Khania,conventional,False,TANA,RAKITANASI*CTA
gant-,KATA,tooth,luwian_body_parts,luwian,fuzzy_d1,1,KH60,Khania,conventional,False,KITA,RAKITANASI*C
tār-,TARA,tree/wood,luwian_nature,luwian,fuzzy_d1,1,KH60,Khania,conventional,False,TANA,RAKITANASI*CTA
*daw(a)-,TAWA,six (reconstructed),luwian_number,luwian,fuzzy_d1,1,KH60,Khania,conventional,False,TANA,RAKITANASI*CTA
pata-,PATA,foot,luwian_body_parts,luwian,fuzzy_d1,1,KH73,Khania,conventional,False,PAA,𐝫𐝉NI*+PAA𐝫A𐝫𐝫
ziti-,SITI,"man, citizen",luwian_social_political,luwian,fuzzy_d1,1,KH74,Khania,conventional,True,SIMI,JADASUSIMI𐝫𐝫
nāna-,NANA,brother (?),luwian_kinship,luwian,fuzzy_d1,1,KH79+89,Khania,conventional,False,NAPA,MINAPA𐄁ARAPA
pata-,PATA,foot,luwian_body_parts,luwian,fuzzy_d1,1,KH79+89,Khania,conventional,False,PA𐄁A,MINAPA𐄁ARAPADA
wār-,WARA,water,luwian_agriculture_trade,luwian,fuzzy_d1,1,KH79+89,Khania,conventional,False,𐄁ARA,MINAPA𐄁ARAPADANI
tār-,TARA,tree/wood,luwian_nature,luwian,fuzzy_d1,1,KH79+89,Khania,conventional,False,𐄁ARA,MINAPA𐄁ARAPADANI
arma-,ARAMA,moon,luwian_nature,luwian,fuzzy_d1,1,KH79+89,Khania,conventional,False,ARAPA,INAPA𐄁ARAPADANI𐝫P
-war,WARA,verbal noun [Gerundive/verbal noun],luwian_suffix,luwian,fuzzy_d1,1,KH79+89,Khania,conventional,False,𐄁ARA,MINAPA𐄁ARAPADANI
Apasa,APASA,toponym: Apasa,toponym,anatolian,fuzzy_d1,1,KH79+89,Khania,conventional,False,APA𐄁A,MINAPA𐄁ARAPADA
zida-,ZITA,"man, male",luwian_kinship,luwian,fuzzy_d1,1,KH90,Khania,conventional,False,RITA,𐝫𐄁JAMARITA𐝫𐝫𐝫𐝫
malli-,MALI,to grind,luwian_verb,luwian,fuzzy_d1,1,KH90,Khania,conventional,True,MARI,𐝫𐄁JAMARITA𐝫𐝫𐝫𐝫
tarri-,TARI,three,luwian_number,luwian,fuzzy_d1,1,KH90,Khania,conventional,True,MARI,𐝫𐄁JAMARITA𐝫𐝫𐝫𐝫
-tari,TARI,middle voice 3sg [Mediopassive marker],luwian_suffix,luwian,fuzzy_d1,1,KH90,Khania,conventional,True,MARI,𐝫𐄁JAMARITA𐝫𐝫𐝫𐝫
arina-,ARINA,"spring, water source",lycian_agriculture_trade,lycian,fuzzy_d1,1,KH90,Khania,conventional,False,ARITA,𐝫𐄁JAMARITA𐝫𐝫𐝫𐝫
arina-,ARINA,"spring, source",lycian_nature,lycian,fuzzy_d1,1,KH90,Khania,conventional,False,ARITA,𐝫𐄁JAMARITA𐝫𐝫𐝫𐝫
tri-,TARI,three,lycian_number,lycian,fuzzy_d1,1,KH90,Khania,conventional,True,MARI,𐝫𐄁JAMARITA𐝫𐝫𐝫𐝫
Arinna,ARINA,toponym: Arinna,toponym,anatolian,fuzzy_d1,1,KH90,Khania,conventional,False,ARITA,𐝫𐄁JAMARITA𐝫𐝫𐝫𐝫
temi-,TEMI,forest,luwian_nature,luwian,fuzzy_d1,1,KH92,Khania,conventional,False,TEKI,RIKUNITEKI𐝫𐝫𐝫𐝫
kuen-,KUNA,"to kill, strike",luwian_verb,luwian,fuzzy_d1,1,KH92,Khania,conventional,False,KUNI,DA*FRIKUNITEKI𐝫𐝫
nāna-,NANA,brother (?),luwian_kinship,luwian,fuzzy_d1,1,KH97a,Khania,conventional,False,JANA,REAJANA𐝫NA𐝫𐝫
atta-,ATTA,father,luwian_kinship,luwian,fuzzy_d1,1,KH99,Khania,conventional,False,A𐝫TA,"EA*KUKA𐝫TA,PTE𐝫"
gant-,KATA,tooth,luwian_body_parts,luwian,fuzzy_d1,1,KH99,Khania,conventional,False,KA𐝫TA,"DEA*KUKA𐝫TA,PTE𐝫"
kup-,KUPA,"to plan, devise",luwian_agriculture_trade,luwian,fuzzy_d1,1,KH99,Khania,conventional,False,KUKA,"RIDEA*KUKA𐝫TA,PT"
kuen-,KUNA,"to kill, strike",luwian_verb,luwian,fuzzy_d1,1,KH99,Khania,conventional,False,KUKA,"RIDEA*KUKA𐝫TA,PT"
tarri-,TARI,three,luwian_number,luwian,fuzzy_d1,1,KH99,Khania,conventional,False,PARI,PARIDEA*KU
-tari,TARI,middle voice 3sg [Mediopassive marker],luwian_suffix,luwian,fuzzy_d1,1,KH99,Khania,conventional,False,PARI,PARIDEA*KU
pddẽ-,PATE,place,lycian_agriculture_trade,lycian,fuzzy_d1,1,KH99,Khania,conventional,True,PTE,"KA𐝫TA,PTE𐝫"
xupa-,KUPA,tomb,lycian_agriculture_trade,lycian,fuzzy_d1,1,KH99,Khania,conventional,False,KUKA,"RIDEA*KUKA𐝫TA,PT"
tri-,TARI,three,lycian_number,lycian,fuzzy_d1,1,KH99,Khania,conventional,False,PARI,PARIDEA*KU
Lukkā,LUKA,toponym: Lukkā,toponym,anatolian,fuzzy_d1,1,KH99,Khania,conventional,False,KUKA,"RIDEA*KUKA𐝫TA,PT"
nāna-,NANA,brother (?),luwian_kinship,luwian,fuzzy_d1,1,KHWc2005,Khania,conventional,False,KANA,KANANITI
gant-,KATA,tooth,luwian_body_parts,luwian,fuzzy_d1,1,KHWc2005,Khania,conventional,False,KANA,KANANITI
ziti-,SITI,"man, citizen",luwian_social_political,luwian,fuzzy_d1,1,KHWc2005,Khania,conventional,False,NITI,KANANITI
kuen-,KUNA,"to kill, strike",luwian_verb,luwian,fuzzy_d1,1,KHWc2005,Khania,conventional,False,KANA,KANANITI
piya-,PIJA,to give,luwian_verb,luwian,fuzzy_d1,1,KHWc2123,Khania,conventional,False,PIKA,*PIKA
pānkʷ-,PAKU,five,luwian_number,luwian,fuzzy_d1,1,KN1a,Knossos,conventional,False,JAKU,JAKUTIE𐄓
tura-,TURA,"land, earth",lycian_nature,lycian,fuzzy_d1,1,KN1b,Knossos,conventional,False,DURA,JADURATIE𐄋
aruna-,ARUNA,sea,luwian_nature,luwian,fuzzy_d1,1,KN2,Knossos,conventional,False,RUNA,RUNA𐝫𐝫
kuen-,KUNA,"to kill, strike",luwian_verb,luwian,fuzzy_d1,1,KN2,Knossos,conventional,False,RUNA,RUNA𐝫𐝫
tawa-,TAWA,eye,luwian_body_parts,luwian,fuzzy_d1,1,KN22a,Knossos,conventional,False,TAKA,"SUJUTAKAJE𐝫𐝫,P"
tār-,TARA,tree/wood,luwian_nature,luwian,fuzzy_d1,1,KN22a,Knossos,conventional,False,TAKA,"SUJUTAKAJE𐝫𐝫,P"
*daw(a)-,TAWA,six (reconstructed),luwian_number,luwian,fuzzy_d1,1,KN22a,Knossos,conventional,False,TAKA,"SUJUTAKAJE𐝫𐝫,P"
pddẽ-,PATE,place,lycian_agriculture_trade,lycian,fuzzy_d1,1,KN22a,Knossos,conventional,True,PTE,"AJE𐝫𐝫,PTE,PI𐝫"
atta-,ATTA,father,luwian_kinship,luwian,fuzzy_d1,1,KN32a,Knossos,conventional,False,AATA,𐝫APAATA𐝫𐝫𐝫
pata-,PATA,foot,luwian_body_parts,luwian,fuzzy_d1,1,KN32a,Knossos,conventional,False,AATA,𐝫APAATA𐝫𐝫𐝫
ḫašta-,ASATA,bone,luwian_body_parts,luwian,fuzzy_d1,1,KN32a,Knossos,conventional,False,AATA,𐝫APAATA𐝫𐝫𐝫
gant-,KATA,tooth,luwian_body_parts,luwian,fuzzy_d1,1,KN32a,Knossos,conventional,False,AATA,𐝫APAATA𐝫𐝫𐝫
ḫašt-,ASATA,"star, bone (dual meaning)",luwian_nature,luwian,fuzzy_d1,1,KN32a,Knossos,conventional,False,AATA,𐝫APAATA𐝫𐝫𐝫
*ašta-,ASATA,eight (reconstructed),luwian_number,luwian,fuzzy_d1,1,KN32a,Knossos,conventional,False,AATA,𐝫APAATA𐝫𐝫𐝫
-anda-,ANATA,gerundive/place [Very important for toponyms: -anda],luwian_suffix,luwian,fuzzy_d1,1,KN32a,Knossos,conventional,False,AATA,𐝫APAATA𐝫𐝫𐝫
lada-,LATA,"wife, woman",lycian_kinship,lycian,fuzzy_d1,1,KN32a,Knossos,conventional,False,AATA,𐝫APAATA𐝫𐝫𐝫
Apasa,APASA,toponym: Apasa,toponym,anatolian,fuzzy_d1,1,KN32a,Knossos,conventional,False,APAA,𐝫APAATA𐝫𐝫𐝫
ēšḫar-,ESARA,blood,luwian_body_parts,luwian,fuzzy_d1,1,KN32b,Knossos,conventional,False,ESAPA,𐝫TESAPASU𐝫PU𐝫
pānkʷ-,PAKU,five,luwian_number,luwian,fuzzy_d1,1,KN32b,Knossos,conventional,False,PASU,𐝫TESAPASU𐝫PU𐝫
-šša-,SASA,"iterative/durative [Verbal suffix, also in toponyms]",luwian_suffix,luwian,fuzzy_d1,1,KN32b,Knossos,conventional,False,SAPA,𐝫TESAPASU𐝫PU𐝫
tese-,TESE,"oath, agreement",lycian_agriculture_trade,lycian,fuzzy_d1,1,KN32b,Knossos,conventional,False,TESA,𐝫TESAPASU𐝫P
Apasa,APASA,toponym: Apasa,toponym,anatolian,fuzzy_d1,1,KN32b,Knossos,conventional,False,APASU,𐝫TESAPASU𐝫PU𐝫
tura-,TURA,"land, earth",lycian_nature,lycian,fuzzy_d1,1,KN54,Knossos,conventional,False,PURA,𐝫PURA*C𐝫𐝫𐝫
tese-,TESE,"oath, agreement",lycian_agriculture_trade,lycian,fuzzy_d1,1,KNWb33,Knossos,conventional,False,SESE,QAKISESE𐝫
pddẽ-,PATE,place,lycian_agriculture_trade,lycian,fuzzy_d1,1,KNWc3,Knossos,conventional,True,PTE,"KAIKA,PTE𐝫"
kbi-,KAPI,two (numeral '2'),lycian_number,lycian,fuzzy_d1,1,KNWc3,Knossos,conventional,True,KAI,"KAIKA,PTE"
uwan(i)-,UWANI,wine (?),luwian_agriculture_trade,luwian,fuzzy_d1,1,KNWc26,Knossos,conventional,False,UJANI,RUJANIPI
wār-,WARA,water,luwian_agriculture_trade,luwian,fuzzy_d1,1,KNWc30,Knossos,conventional,False,JARA,JARA
tār-,TARA,tree/wood,luwian_nature,luwian,fuzzy_d1,1,KNWc30,Knossos,conventional,False,JARA,JARA
-war,WARA,verbal noun [Gerundive/verbal noun],luwian_suffix,luwian,fuzzy_d1,1,KNWc30,Knossos,conventional,False,JARA,JARA
tese-,TESE,"oath, agreement",lycian_agriculture_trade,lycian,fuzzy_d1,1,KNWc48,Knossos,conventional,False,TETE,TETE
warwala-,WAWA,"seed, offspring",luwian_kinship,luwian,fuzzy_d1,1,KNZa10,Knossos,conventional,False,DAWA,ARAMA𐄁DAWA𐄁DUWAT
ḫašta-,ASATA,bone,luwian_body_parts,luwian,fuzzy_d1,1,KNZa10,Knossos,conventional,False,ASASA,MUTI𐄁JASASARAMA𐄁D
ēšḫar-,ESARA,blood,luwian_body_parts,luwian,fuzzy_d1,1,KNZa10,Knossos,conventional,False,ASARA,TI𐄁JASASARAMA𐄁DAW
tawa-,TAWA,eye,luwian_body_parts,luwian,fuzzy_d1,1,KNZa10,Knossos,conventional,False,DAWA,ARAMA𐄁DAWA𐄁DUWAT
wār-,WARA,water,luwian_agriculture_trade,luwian,fuzzy_d1,1,KNZa10,Knossos,conventional,False,SARA,I𐄁JASASARAMA𐄁DAW
tār-,TARA,tree/wood,luwian_nature,luwian,fuzzy_d1,1,KNZa10,Knossos,conventional,False,SARA,I𐄁JASASARAMA𐄁DAW
ḫašt-,ASATA,"star, bone (dual meaning)",luwian_nature,luwian,fuzzy_d1,1,KNZa10,Knossos,conventional,False,ASASA,MUTI𐄁JASASARAMA𐄁D
piya-,PIJA,to give,luwian_verb,luwian,fuzzy_d1,1,KNZa10,Knossos,conventional,False,𐄁IJA,DUWATO𐄁IJA𐄁RU𐝫
tūwa-,TUWA,"to put, place",luwian_verb,luwian,fuzzy_d1,1,KNZa10,Knossos,conventional,True,DUWA,𐄁DAWA𐄁DUWATO𐄁IJA
tuwā-,TUWA,to look at,luwian_verb,luwian,fuzzy_d1,1,KNZa10,Knossos,conventional,True,DUWA,𐄁DAWA𐄁DUWATO𐄁IJA
tuw(a)-,TUWA,two,luwian_number,luwian,fuzzy_d1,1,KNZa10,Knossos,conventional,True,DUWA,𐄁DAWA𐄁DUWATO𐄁IJA
māwa-,MAWA,four,luwian_number,luwian,fuzzy_d1,1,KNZa10,Knossos,conventional,False,DAWA,ARAMA𐄁DAWA𐄁DUWAT
*daw(a)-,TAWA,six (reconstructed),luwian_number,luwian,fuzzy_d1,1,KNZa10,Knossos,conventional,False,DAWA,ARAMA𐄁DAWA𐄁DUWAT
*ašta-,ASATA,eight (reconstructed),luwian_number,luwian,fuzzy_d1,1,KNZa10,Knossos,conventional,False,ASASA,MUTI𐄁JASASARAMA𐄁D
-war,WARA,verbal noun [Gerundive/verbal noun],luwian_suffix,luwian,fuzzy_d1,1,KNZa10,Knossos,conventional,False,SARA,I𐄁JASASARAMA𐄁DAW
Apasa,APASA,toponym: Apasa,toponym,anatolian,fuzzy_d1,1,KNZa10,Knossos,conventional,False,ASASA,MUTI𐄁JASASARAMA𐄁D
warwala-,WAWA,"seed, offspring",luwian_kinship,luwian,fuzzy_d1,1,KNZa18,Knossos,conventional,False,JAWA,"𐄁𐝫𐄁JA𐄁JAWA𐄁,JE𐝫𐄁"
tawa-,TAWA,eye,luwian_body_parts,luwian,fuzzy_d1,1,KNZa18,Knossos,conventional,False,JAWA,"𐄁𐝫𐄁JA𐄁JAWA𐄁,JE𐝫𐄁"
māwa-,MAWA,four,luwian_number,luwian,fuzzy_d1,1,KNZa18,Knossos,conventional,False,JAWA,"𐄁𐝫𐄁JA𐄁JAWA𐄁,JE𐝫𐄁"
*daw(a)-,TAWA,six (reconstructed),luwian_number,luwian,fuzzy_d1,1,KNZa18,Knossos,conventional,False,JAWA,"𐄁𐝫𐄁JA𐄁JAWA𐄁,JE𐝫𐄁"
Aḫḫiyawa,AIJAWA,toponym: Aḫḫiyawa,toponym,anatolian,fuzzy_d1,1,KNZa18,Knossos,conventional,False,A𐄁JAWA,"JA𐄁𐝫𐄁JA𐄁JAWA𐄁,JE𐝫𐄁"
tarri-,TARI,three,luwian_number,luwian,fuzzy_d1,1,KNZb5,Knossos,conventional,False,TURI,ATURISITI𐄁
-tari,TARI,middle voice 3sg [Mediopassive marker],luwian_suffix,luwian,fuzzy_d1,1,KNZb5,Knossos,conventional,False,TURI,ATURISITI𐄁
tura-,TURA,"land, earth",lycian_nature,lycian,fuzzy_d1,1,KNZb5,Knossos,conventional,False,TURI,ATURISITI𐄁
tri-,TARI,three,lycian_number,lycian,fuzzy_d1,1,KNZb5,Knossos,conventional,False,TURI,ATURISITI𐄁
nāna-,NANA,brother (?),luwian_kinship,luwian,fuzzy_d1,1,KNZb20,Knossos,conventional,False,NAA,"NAAPA,NWA"
nāna-,NANA,brother (?),luwian_kinship,luwian,fuzzy_d1,1,KNZb40,Knossos,conventional,False,NAA,APAKIUNAA
kuen-,KUNA,"to kill, strike",luwian_verb,luwian,fuzzy_d1,1,KNZb40,Knossos,conventional,False,IUNA,APAKIUNAA
pānkʷ-,PAKU,five,luwian_number,luwian,fuzzy_d1,1,KNZb40,Knossos,conventional,False,PAKI,APAKIUNAA
ḫašta-,ASATA,bone,luwian_body_parts,luwian,fuzzy_d1,1,KHZc106,Knossos,conventional,False,ASARA,SASARAME
ēšḫar-,ESARA,blood,luwian_body_parts,luwian,fuzzy_d1,1,KHZc106,Knossos,conventional,False,ASARA,SASARAME
wār-,WARA,water,luwian_agriculture_trade,luwian,fuzzy_d1,1,KHZc106,Knossos,conventional,False,SARA,SASARAME
tār-,TARA,tree/wood,luwian_nature,luwian,fuzzy_d1,1,KHZc106,Knossos,conventional,False,SARA,SASARAME
arma-,ARAMA,moon,luwian_nature,luwian,fuzzy_d1,1,KHZc106,Knossos,conventional,False,ARAME,SASARAME
ḫašt-,ASATA,"star, bone (dual meaning)",luwian_nature,luwian,fuzzy_d1,1,KHZc106,Knossos,conventional,False,ASARA,SASARAME
*ašta-,ASATA,eight (reconstructed),luwian_number,luwian,fuzzy_d1,1,KHZc106,Knossos,conventional,False,ASARA,SASARAME
-war,WARA,verbal noun [Gerundive/verbal noun],luwian_suffix,luwian,fuzzy_d1,1,KHZc106,Knossos,conventional,False,SARA,SASARAME
-ašša-,ASASA,genitival adjective [Very important for toponyms: -assos/-assa],luwian_suffix,luwian,fuzzy_d1,1,KHZc106,Knossos,conventional,False,ASARA,SASARAME
nāna-,NANA,brother (?),luwian_kinship,luwian,fuzzy_d1,1,KNZc6,Knossos,conventional,False,NAPA,U𐄁JUKUNAPAKUNUUI
kup-,KUPA,"to plan, devise",luwian_agriculture_trade,luwian,fuzzy_d1,1,KNZc6,Knossos,conventional,False,KUNA,ANU𐄁JUKUNAPAKUNU
kubaba-,KUPAPA,goddess Kubaba,luwian_deities_divine,luwian,fuzzy_d1,1,KNZc6,Knossos,conventional,False,KUNAPA,ANU𐄁JUKUNAPAKUNUUI
ziti-,SITI,"man, citizen",luwian_social_political,luwian,fuzzy_d1,1,KNZc6,Knossos,conventional,False,KITI,IADIDAKITIPAKU𐄁N
piya-,PIJA,to give,luwian_verb,luwian,fuzzy_d1,1,KNZc6,Knossos,conventional,False,NIJA,IPAKU𐄁NIJANU𐄁JUK
tarri-,TARI,three,luwian_number,luwian,fuzzy_d1,1,KNZc6,Knossos,conventional,False,TIRI,*TIRIADIDAK
-tari,TARI,middle voice 3sg [Mediopassive marker],luwian_suffix,luwian,fuzzy_d1,1,KNZc6,Knossos,conventional,False,TIRI,*TIRIADIDAK
xupa-,KUPA,tomb,lycian_agriculture_trade,lycian,fuzzy_d1,1,KNZc6,Knossos,conventional,False,KUNA,ANU𐄁JUKUNAPAKUNU
tri-,TARI,three,lycian_number,lycian,fuzzy_d1,1,KNZc6,Knossos,conventional,False,TIRI,*TIRIADIDAK
nāna-,NANA,brother (?),luwian_kinship,luwian,fuzzy_d1,1,KNZc7,Knossos,conventional,False,AANA,𐄁JASARAANANE𐄁WIP
ḫašta-,ASATA,bone,luwian_body_parts,luwian,fuzzy_d1,1,KNZc7,Knossos,conventional,False,ASARA,ZURA𐄁JASARAANANE𐄁
ēšḫar-,ESARA,blood,luwian_body_parts,luwian,fuzzy_d1,1,KNZc7,Knossos,conventional,False,ASARA,ZURA𐄁JASARAANANE𐄁
wār-,WARA,water,luwian_agriculture_trade,luwian,fuzzy_d1,1,KNZc7,Knossos,conventional,False,SARA,URA𐄁JASARAANANE𐄁
tār-,TARA,tree/wood,luwian_nature,luwian,fuzzy_d1,1,KNZc7,Knossos,conventional,False,SARA,URA𐄁JASARAANANE𐄁
arma-,ARAMA,moon,luwian_nature,luwian,fuzzy_d1,1,KNZc7,Knossos,conventional,False,ARAA,RA𐄁JASARAANANE𐄁W
ḫašt-,ASATA,"star, bone (dual meaning)",luwian_nature,luwian,fuzzy_d1,1,KNZc7,Knossos,conventional,False,ASARA,ZURA𐄁JASARAANANE𐄁
*ašta-,ASATA,eight (reconstructed),luwian_number,luwian,fuzzy_d1,1,KNZc7,Knossos,conventional,False,ASARA,ZURA𐄁JASARAANANE𐄁
-šša-,SASA,"iterative/durative [Verbal suffix, also in toponyms]",luwian_suffix,luwian,fuzzy_d1,1,KNZc7,Knossos,conventional,False,JASA,AZURA𐄁JASARAANAN
-war,WARA,verbal noun [Gerundive/verbal noun],luwian_suffix,luwian,fuzzy_d1,1,KNZc7,Knossos,conventional,False,SARA,URA𐄁JASARAANANE𐄁
-ašša-,ASASA,genitival adjective [Very important for toponyms: -assos/-assa],luwian_suffix,luwian,fuzzy_d1,1,KNZc7,Knossos,conventional,False,ASARA,ZURA𐄁JASARAANANE𐄁
maha(na)-,MAANA,"god, divine",lycian_nature,lycian,fuzzy_d1,1,KNZc7,Knossos,conventional,False,RAANA,A𐄁JASARAANANE𐄁WIP
tura-,TURA,"land, earth",lycian_nature,lycian,fuzzy_d1,1,KNZc7,Knossos,conventional,False,DURA,UZATI𐄁DURARE𐄁AZU
tbi-,TAPI,one (numeral '1'),lycian_number,lycian,fuzzy_d1,1,KNZe16,Knossos,conventional,False,API,API
kbi-,KAPI,two (numeral '2'),lycian_number,lycian,fuzzy_d1,1,KNZe16,Knossos,conventional,False,API,API
warwala-,WAWA,"seed, offspring",luwian_kinship,luwian,fuzzy_d1,1,KNZe44,Knossos,conventional,False,WAJA,IWAJA
wār-,WARA,water,luwian_agriculture_trade,luwian,fuzzy_d1,1,KNZe44,Knossos,conventional,False,WAJA,IWAJA
walā-,WALA,to die,luwian_verb,luwian,fuzzy_d1,1,KNZe44,Knossos,conventional,False,WAJA,IWAJA
-war,WARA,verbal noun [Gerundive/verbal noun],luwian_suffix,luwian,fuzzy_d1,1,KNZe44,Knossos,conventional,False,WAJA,IWAJA
pddẽ-,PATE,place,lycian_agriculture_trade,lycian,fuzzy_d1,1,KNZe45,Knossos,conventional,False,IATE,KASIATE
kbi-,KAPI,two (numeral '2'),lycian_number,lycian,fuzzy_d1,1,KNZe45,Knossos,conventional,False,KASI,KASIATE
ziti-,SITI,"man, citizen",luwian_social_political,luwian,fuzzy_d1,1,KNZe49,Knossos,conventional,False,SITE,KESITE
atta-,ATTA,father,luwian_kinship,luwian,fuzzy_d1,1,KNZf13,Knossos,conventional,False,ATA,IKEPAJATARISETE
pata-,PATA,foot,luwian_body_parts,luwian,fuzzy_d1,1,KNZf13,Knossos,conventional,False,PAJA,I*PIKEPAJATARISE
ḫašta-,ASATA,bone,luwian_body_parts,luwian,fuzzy_d1,1,KNZf13,Knossos,conventional,False,AJATA,*PIKEPAJATARISETE
gant-,KATA,tooth,luwian_body_parts,luwian,fuzzy_d1,1,KNZf13,Knossos,conventional,False,JATA,PIKEPAJATARISETE
kup-,KUPA,"to plan, devise",luwian_agriculture_trade,luwian,fuzzy_d1,1,KNZf13,Knossos,conventional,False,KEPA,IDI*PIKEPAJATARI
tār-,TARA,tree/wood,luwian_nature,luwian,fuzzy_d1,1,KNZf13,Knossos,conventional,False,TARI,KEPAJATARISETERI
temi-,TEMI,forest,luwian_nature,luwian,fuzzy_d1,1,KNZf13,Knossos,conventional,False,TERI,TARISETERIMUAJAK
ḫašt-,ASATA,"star, bone (dual meaning)",luwian_nature,luwian,fuzzy_d1,1,KNZf13,Knossos,conventional,False,AJATA,*PIKEPAJATARISETE
ziti-,SITI,"man, citizen",luwian_social_political,luwian,fuzzy_d1,1,KNZf13,Knossos,conventional,False,SIDI,ARENESIDI*PIKEP
piya-,PIJA,to give,luwian_verb,luwian,fuzzy_d1,1,KNZf13,Knossos,conventional,False,PAJA,I*PIKEPAJATARISE
pānkʷ-,PAKU,five,luwian_number,luwian,fuzzy_d1,1,KNZf13,Knossos,conventional,False,JAKU,ERIMUAJAKU
*ašta-,ASATA,eight (reconstructed),luwian_number,luwian,fuzzy_d1,1,KNZf13,Knossos,conventional,False,AJATA,*PIKEPAJATARISETE
-anda-,ANATA,gerundive/place [Very important for toponyms: -anda],luwian_suffix,luwian,fuzzy_d1,1,KNZf13,Knossos,conventional,False,AJATA,*PIKEPAJATARISETE
tede-,TETE,father,lycian_kinship,lycian,fuzzy_d1,1,KNZf13,Knossos,conventional,False,SETE,JATARISETERIMUAJ
lada-,LATA,"wife, woman",lycian_kinship,lycian,fuzzy_d1,1,KNZf13,Knossos,conventional,False,JATA,PIKEPAJATARISETE
xupa-,KUPA,tomb,lycian_agriculture_trade,lycian,fuzzy_d1,1,KNZf13,Knossos,conventional,False,KEPA,IDI*PIKEPAJATARI
tbi-,TAPI,one (numeral '1'),lycian_number,lycian,fuzzy_d1,1,KNZf13,Knossos,conventional,False,TARI,KEPAJATARISETERI
atta-,ATTA,father,luwian_kinship,luwian,fuzzy_d1,1,KNZf31,Knossos,conventional,False,A𐄁TA,𐄁TASAZA𐄁TATEIKEZ
nāna-,NANA,brother (?),luwian_kinship,luwian,fuzzy_d1,1,KNZf31,Knossos,conventional,False,NARA,𐄁QAMI*NARA𐄁AWAPI
warwala-,WAWA,"seed, offspring",luwian_kinship,luwian,fuzzy_d1,1,KNZf31,Knossos,conventional,False,𐄁AWA,I*NARA𐄁AWAPI𐄁TES
ḫašta-,ASATA,bone,luwian_body_parts,luwian,fuzzy_d1,1,KNZf31,Knossos,conventional,False,ASAZA,QATI𐄁TASAZA𐄁TATEI
tawa-,TAWA,eye,luwian_body_parts,luwian,fuzzy_d1,1,KNZf31,Knossos,conventional,False,𐄁AWA,I*NARA𐄁AWAPI𐄁TES
wār-,WARA,water,luwian_agriculture_trade,luwian,fuzzy_d1,1,KNZf31,Knossos,conventional,False,NARA,𐄁QAMI*NARA𐄁AWAPI
tār-,TARA,tree/wood,luwian_nature,luwian,fuzzy_d1,1,KNZf31,Knossos,conventional,False,NARA,𐄁QAMI*NARA𐄁AWAPI
temi-,TEMI,forest,luwian_nature,luwian,fuzzy_d1,1,KNZf31,Knossos,conventional,False,TEI,AZA𐄁TATEIKEZARE
arma-,ARAMA,moon,luwian_nature,luwian,fuzzy_d1,1,KNZf31,Knossos,conventional,False,ARA𐄁A,QAMI*NARA𐄁AWAPI𐄁T
ḫašt-,ASATA,"star, bone (dual meaning)",luwian_nature,luwian,fuzzy_d1,1,KNZf31,Knossos,conventional,False,ASAZA,QATI𐄁TASAZA𐄁TATEI
ziti-,SITI,"man, citizen",luwian_social_political,luwian,fuzzy_d1,1,KNZf31,Knossos,conventional,False,SISI,SISIZANE*𐄁
māwa-,MAWA,four,luwian_number,luwian,fuzzy_d1,1,KNZf31,Knossos,conventional,False,𐄁AWA,I*NARA𐄁AWAPI𐄁TES
*daw(a)-,TAWA,six (reconstructed),luwian_number,luwian,fuzzy_d1,1,KNZf31,Knossos,conventional,False,𐄁AWA,I*NARA𐄁AWAPI𐄁TES
*ašta-,ASATA,eight (reconstructed),luwian_number,luwian,fuzzy_d1,1,KNZf31,Knossos,conventional,False,ASAZA,QATI𐄁TASAZA𐄁TATEI
-šša-,SASA,"iterative/durative [Verbal suffix, also in toponyms]",luwian_suffix,luwian,fuzzy_d1,1,KNZf31,Knossos,conventional,False,TASA,EQATI𐄁TASAZA𐄁TAT
-war,WARA,verbal noun [Gerundive/verbal noun],luwian_suffix,luwian,fuzzy_d1,1,KNZf31,Knossos,conventional,False,NARA,𐄁QAMI*NARA𐄁AWAPI
-ašša-,ASASA,genitival adjective [Very important for toponyms: -assos/-assa],luwian_suffix,luwian,fuzzy_d1,1,KNZf31,Knossos,conventional,False,ASAZA,QATI𐄁TASAZA𐄁TATEI
tede-,TETE,father,lycian_kinship,lycian,fuzzy_d1,1,KNZf31,Knossos,conventional,False,TATE,ASAZA𐄁TATEIKEZAR
pddẽ-,PATE,place,lycian_agriculture_trade,lycian,fuzzy_d1,1,KNZf31,Knossos,conventional,False,TATE,ASAZA𐄁TATEIKEZAR
tese-,TESE,"oath, agreement",lycian_agriculture_trade,lycian,fuzzy_d1,1,KNZf31,Knossos,conventional,False,TESU,AWAPI𐄁TESUDESEKE
tbi-,TAPI,one (numeral '1'),lycian_number,lycian,fuzzy_d1,1,KNZf31,Knossos,conventional,False,WAPI,NARA𐄁AWAPI𐄁TESUD
kbi-,KAPI,two (numeral '2'),lycian_number,lycian,fuzzy_d1,1,KNZf31,Knossos,conventional,False,WAPI,NARA𐄁AWAPI𐄁TESUD
ḫašta-,ASATA,bone,luwian_body_parts,luwian,fuzzy_d1,1,KNZg55,Knossos,conventional,False,ASAJA,JASAJA
ḫašt-,ASATA,"star, bone (dual meaning)",luwian_nature,luwian,fuzzy_d1,1,KNZg55,Knossos,conventional,False,ASAJA,JASAJA
*ašta-,ASATA,eight (reconstructed),luwian_number,luwian,fuzzy_d1,1,KNZg55,Knossos,conventional,False,ASAJA,JASAJA
-šša-,SASA,"iterative/durative [Verbal suffix, also in toponyms]",luwian_suffix,luwian,fuzzy_d1,1,KNZg55,Knossos,conventional,False,JASA,JASAJA
-ašša-,ASASA,genitival adjective [Very important for toponyms: -assos/-assa],luwian_suffix,luwian,fuzzy_d1,1,KNZg55,Knossos,conventional,False,ASAJA,JASAJA
atta-,ATTA,father,luwian_kinship,luwian,fuzzy_d1,1,KOZa1,Kophinas,conventional,False,ATA,ATAI*WAJA
nāna-,NANA,brother (?),luwian_kinship,luwian,fuzzy_d1,1,KOZa1,Kophinas,conventional,False,NAKA,IDAA𐄁UNAKANASI𐄁I
warwala-,WAWA,"seed, offspring",luwian_kinship,luwian,fuzzy_d1,1,KOZa1,Kophinas,conventional,False,WAJA,ATAI*WAJATURUSA
pata-,PATA,foot,luwian_body_parts,luwian,fuzzy_d1,1,KOZa1,Kophinas,conventional,False,ATA,ATAI*WAJA
gant-,KATA,tooth,luwian_body_parts,luwian,fuzzy_d1,1,KOZa1,Kophinas,conventional,False,KANA,AA𐄁UNAKANASI𐄁IPI
wār-,WARA,water,luwian_agriculture_trade,luwian,fuzzy_d1,1,KOZa1,Kophinas,conventional,False,WAJA,ATAI*WAJATURUSA
aruna-,ARUNA,sea,luwian_nature,luwian,fuzzy_d1,1,KOZa1,Kophinas,conventional,False,A𐄁UNA,RE𐄁IDAA𐄁UNAKANASI
ziti-,SITI,"man, citizen",luwian_social_political,luwian,fuzzy_d1,1,KOZa1,Kophinas,conventional,False,SI𐄁I,NAKANASI𐄁IPINAMA
piya-,PIJA,to give,luwian_verb,luwian,fuzzy_d1,1,KOZa1,Kophinas,conventional,False,PINA,NASI𐄁IPINAMA𐄁SIR
walā-,WALA,to die,luwian_verb,luwian,fuzzy_d1,1,KOZa1,Kophinas,conventional,False,WAJA,ATAI*WAJATURUSA
kuen-,KUNA,"to kill, strike",luwian_verb,luwian,fuzzy_d1,1,KOZa1,Kophinas,conventional,False,𐄁UNA,E𐄁IDAA𐄁UNAKANASI
tarri-,TARI,three,luwian_number,luwian,fuzzy_d1,1,KOZa1,Kophinas,conventional,False,TAI,ATAI*WAJAT
-tari,TARI,middle voice 3sg [Mediopassive marker],luwian_suffix,luwian,fuzzy_d1,1,KOZa1,Kophinas,conventional,False,TAI,ATAI*WAJAT
-war,WARA,verbal noun [Gerundive/verbal noun],luwian_suffix,luwian,fuzzy_d1,1,KOZa1,Kophinas,conventional,False,WAJA,ATAI*WAJATURUSA
lada-,LATA,"wife, woman",lycian_kinship,lycian,fuzzy_d1,1,KOZa1,Kophinas,conventional,False,ATA,ATAI*WAJA
tura-,TURA,"land, earth",lycian_nature,lycian,fuzzy_d1,1,KOZa1,Kophinas,conventional,False,TURU,I*WAJATURUSA𐄁DU*
tbi-,TAPI,one (numeral '1'),lycian_number,lycian,fuzzy_d1,1,KOZa1,Kophinas,conventional,False,TAI,ATAI*WAJAT
tri-,TARI,three,lycian_number,lycian,fuzzy_d1,1,KOZa1,Kophinas,conventional,False,TAI,ATAI*WAJAT
atta-,ATTA,father,luwian_kinship,luwian,fuzzy_d1,1,KO(?)Zf2,Kophinas,conventional,False,AUTA,TOMAROAUTADEPONI
warwala-,WAWA,"seed, offspring",luwian_kinship,luwian,fuzzy_d1,1,KO(?)Zf2,Kophinas,conventional,False,WASA,KOKUZUWASATOMARO
ḫašta-,ASATA,bone,luwian_body_parts,luwian,fuzzy_d1,1,KO(?)Zf2,Kophinas,conventional,False,ASATO,OKUZUWASATOMAROAU
wār-,WARA,water,luwian_agriculture_trade,luwian,fuzzy_d1,1,KO(?)Zf2,Kophinas,conventional,False,WASA,KOKUZUWASATOMARO
tār-,TARA,tree/wood,luwian_nature,luwian,fuzzy_d1,1,KO(?)Zf2,Kophinas,conventional,False,ARA,ARAKOKUZU
ḫašt-,ASATA,"star, bone (dual meaning)",luwian_nature,luwian,fuzzy_d1,1,KO(?)Zf2,Kophinas,conventional,False,ASATO,OKUZUWASATOMAROAU
walā-,WALA,to die,luwian_verb,luwian,fuzzy_d1,1,KO(?)Zf2,Kophinas,conventional,False,WASA,KOKUZUWASATOMARO
tūwa-,TUWA,"to put, place",luwian_verb,luwian,fuzzy_d1,1,KO(?)Zf2,Kophinas,conventional,False,ZUWA,RAKOKUZUWASATOMA
tuwā-,TUWA,to look at,luwian_verb,luwian,fuzzy_d1,1,KO(?)Zf2,Kophinas,conventional,False,ZUWA,RAKOKUZUWASATOMA
tuw(a)-,TUWA,two,luwian_number,luwian,fuzzy_d1,1,KO(?)Zf2,Kophinas,conventional,False,ZUWA,RAKOKUZUWASATOMA
*ašta-,ASATA,eight (reconstructed),luwian_number,luwian,fuzzy_d1,1,KO(?)Zf2,Kophinas,conventional,False,ASATO,OKUZUWASATOMAROAU
-šša-,SASA,"iterative/durative [Verbal suffix, also in toponyms]",luwian_suffix,luwian,fuzzy_d1,1,KO(?)Zf2,Kophinas,conventional,False,WASA,KOKUZUWASATOMARO
-war,WARA,verbal noun [Gerundive/verbal noun],luwian_suffix,luwian,fuzzy_d1,1,KO(?)Zf2,Kophinas,conventional,False,WASA,KOKUZUWASATOMARO
pddẽ-,PATE,place,lycian_agriculture_trade,lycian,fuzzy_d1,1,KYZa2,Kythera,conventional,False,MATE,DAMATE
temi-,TEMI,forest,luwian_nature,luwian,fuzzy_d1,1,MA1a,Malia,conventional,False,DEMI,UWI*QEDEMINU𐄁
temi-,TEMI,forest,luwian_nature,luwian,fuzzy_d1,1,MA1b,Malia,conventional,False,DEMI,MA𐄁*QEDEMINU
tura-,TURA,"land, earth",lycian_nature,lycian,fuzzy_d1,1,MA2a,Malia,conventional,False,DURA,DURA𐄋
runtiya-,RUTIJA,stag-god Runtiya,luwian_deities_divine,luwian,fuzzy_d1,1,MA2b,Malia,conventional,False,RETIJA,RETIJATI𐝫
piya-,PIJA,to give,luwian_verb,luwian,fuzzy_d1,1,MA2b,Malia,conventional,False,TIJA,RETIJATI𐝫
arma-,ARAMA,moon,luwian_nature,luwian,fuzzy_d1,1,MA2c,Malia,conventional,False,ANAMA,UNANAMAUTI𐄌
kuen-,KUNA,"to kill, strike",luwian_verb,luwian,fuzzy_d1,1,MA2c,Malia,conventional,False,UNA,UNANAMAUT
-anda-,ANATA,gerundive/place [Very important for toponyms: -anda],luwian_suffix,luwian,fuzzy_d1,1,MA2c,Malia,conventional,False,ANAMA,UNANAMAUTI𐄌
tarri-,TARI,three,luwian_number,luwian,fuzzy_d1,1,MA4a,Malia,conventional,False,TAHI,TAHIDE+SA+
-tari,TARI,middle voice 3sg [Mediopassive marker],luwian_suffix,luwian,fuzzy_d1,1,MA4a,Malia,conventional,False,TAHI,TAHIDE+SA+
tbi-,TAPI,one (numeral '1'),lycian_number,lycian,fuzzy_d1,1,MA4a,Malia,conventional,False,TAHI,TAHIDE+SA+
tri-,TARI,three,lycian_number,lycian,fuzzy_d1,1,MA4a,Malia,conventional,False,TAHI,TAHIDE+SA+
tawa-,TAWA,eye,luwian_body_parts,luwian,fuzzy_d1,1,MA10b,Malia,conventional,False,TEWA,DUPITEWA𐄁*+Ω*+
tūwa-,TUWA,"to put, place",luwian_verb,luwian,fuzzy_d1,1,MA10b,Malia,conventional,False,TEWA,DUPITEWA𐄁*+Ω*+
tuwā-,TUWA,to look at,luwian_verb,luwian,fuzzy_d1,1,MA10b,Malia,conventional,False,TEWA,DUPITEWA𐄁*+Ω*+
tuw(a)-,TUWA,two,luwian_number,luwian,fuzzy_d1,1,MA10b,Malia,conventional,False,TEWA,DUPITEWA𐄁*+Ω*+
*daw(a)-,TAWA,six (reconstructed),luwian_number,luwian,fuzzy_d1,1,MA10b,Malia,conventional,False,TEWA,DUPITEWA𐄁*+Ω*+
pddẽ-,PATE,place,lycian_agriculture_trade,lycian,fuzzy_d1,1,MA10b,Malia,conventional,False,PITE,DUPITEWA𐄁*+Ω
ḫašta-,ASATA,bone,luwian_body_parts,luwian,fuzzy_d1,1,MAWc<5>,Malia,conventional,False,ASADA,ASADAKA
ḫašt-,ASATA,"star, bone (dual meaning)",luwian_nature,luwian,fuzzy_d1,1,MAWc<5>,Malia,conventional,False,ASADA,ASADAKA
*ašta-,ASATA,eight (reconstructed),luwian_number,luwian,fuzzy_d1,1,MAWc<5>,Malia,conventional,False,ASADA,ASADAKA
-šša-,SASA,"iterative/durative [Verbal suffix, also in toponyms]",luwian_suffix,luwian,fuzzy_d1,1,MAWc<5>,Malia,conventional,False,SADA,ASADAKA
-ašša-,ASASA,genitival adjective [Very important for toponyms: -assos/-assa],luwian_suffix,luwian,fuzzy_d1,1,MAWc<5>,Malia,conventional,False,ASADA,ASADAKA
-šša-,SASA,"iterative/durative [Verbal suffix, also in toponyms]",luwian_suffix,luwian,fuzzy_d1,1,MAZb8,Malia - Bastion E,conventional,False,JASA,JASA𐝫
ziti-,SITI,"man, citizen",luwian_social_political,luwian,fuzzy_d1,1,MAZe11,Malia - Malia South NW Corridor,conventional,False,SITE,QESITE
pddẽ-,PATE,place,lycian_agriculture_trade,lycian,fuzzy_d1,1,MI2,Milos,conventional,True,PTE,"KA𐄁𐝫—,PTE𐝫"
Lukkā,LUKA,toponym: Lukkā,toponym,anatolian,fuzzy_d1,1,MI2,Milos,conventional,False,PUKA,"PUKA𐄁𐝫—,PT"
kup-,KUPA,"to plan, devise",luwian_agriculture_trade,luwian,fuzzy_d1,1,PA1,Papourou,conventional,False,JUPA,AKUJUPA*𐄋
pānkʷ-,PAKU,five,luwian_number,luwian,fuzzy_d1,1,PA1,Papourou,conventional,False,AKU,AKUJUPA*𐄋
xupa-,KUPA,tomb,lycian_agriculture_trade,lycian,fuzzy_d1,1,PA1,Papourou,conventional,False,JUPA,AKUJUPA*𐄋
zuppari-,SUPARI,torch,luwian_agriculture_trade,luwian,fuzzy_d1,1,PE1,Petras,conventional,False,KUPARI,SESINAKUPARIVIR+[]
kuen-,KUNA,"to kill, strike",luwian_verb,luwian,fuzzy_d1,1,PE1,Petras,conventional,False,KUPA,SESINAKUPARIVIR+
tarri-,TARI,three,luwian_number,luwian,fuzzy_d1,1,PE1,Petras,conventional,False,PARI,SINAKUPARIVIR+[]
pānkʷ-,PAKU,five,luwian_number,luwian,fuzzy_d1,1,PE1,Petras,conventional,False,NAKU,EASESINAKUPARIVI
-tari,TARI,middle voice 3sg [Mediopassive marker],luwian_suffix,luwian,fuzzy_d1,1,PE1,Petras,conventional,False,PARI,SINAKUPARIVIR+[]
tri-,TARI,three,lycian_number,lycian,fuzzy_d1,1,PE1,Petras,conventional,False,PARI,SINAKUPARIVIR+[]
Lukkā,LUKA,toponym: Lukkā,toponym,anatolian,fuzzy_d1,1,PE1,Petras,conventional,False,UKA,UKAREASES
nāna-,NANA,brother (?),luwian_kinship,luwian,fuzzy_d1,1,PEZb3,Petras,conventional,False,TANA,KARAKITANASIJASE
zida-,ZITA,"man, male",luwian_kinship,luwian,fuzzy_d1,1,PEZb3,Petras,conventional,False,KITA,AKARAKITANASIJA
tawa-,TAWA,eye,luwian_body_parts,luwian,fuzzy_d1,1,PEZb3,Petras,conventional,False,TANA,KARAKITANASIJASE
gant-,KATA,tooth,luwian_body_parts,luwian,fuzzy_d1,1,PEZb3,Petras,conventional,False,KARA,AKARAKITANA
wār-,WARA,water,luwian_agriculture_trade,luwian,fuzzy_d1,1,PEZb3,Petras,conventional,False,KARA,AKARAKITANA
tār-,TARA,tree/wood,luwian_nature,luwian,fuzzy_d1,1,PEZb3,Petras,conventional,False,KARA,AKARAKITANA
piya-,PIJA,to give,luwian_verb,luwian,fuzzy_d1,1,PEZb3,Petras,conventional,False,SIJA,KITANASIJASEVIR+
*daw(a)-,TAWA,six (reconstructed),luwian_number,luwian,fuzzy_d1,1,PEZb3,Petras,conventional,False,TANA,KARAKITANASIJASE
-war,WARA,verbal noun [Gerundive/verbal noun],luwian_suffix,luwian,fuzzy_d1,1,PEZb3,Petras,conventional,False,KARA,AKARAKITANA
Karkiša,KARAKISA,toponym: Karkiša,toponym,anatolian,fuzzy_d1,1,PEZb3,Petras,conventional,False,KARAKITA,AKARAKITANASIJA
warwala-,WAWA,"seed, offspring",luwian_kinship,luwian,fuzzy_d1,1,PEZb7,Petras,conventional,False,AWA,AWAPI𐄇
tawa-,TAWA,eye,luwian_body_parts,luwian,fuzzy_d1,1,PEZb7,Petras,conventional,False,AWA,AWAPI𐄇
māwa-,MAWA,four,luwian_number,luwian,fuzzy_d1,1,PEZb7,Petras,conventional,False,AWA,AWAPI𐄇
*daw(a)-,TAWA,six (reconstructed),luwian_number,luwian,fuzzy_d1,1,PEZb7,Petras,conventional,False,AWA,AWAPI𐄇
tbi-,TAPI,one (numeral '1'),lycian_number,lycian,fuzzy_d1,1,PEZb7,Petras,conventional,False,WAPI,AWAPI𐄇
kbi-,KAPI,two (numeral '2'),lycian_number,lycian,fuzzy_d1,1,PEZb7,Petras,conventional,False,WAPI,AWAPI𐄇
tawa-,TAWA,eye,luwian_body_parts,luwian,fuzzy_d1,1,PEZg6,Petras,conventional,False,TAMA,NA𐄁TE—TAMAJE——
tār-,TARA,tree/wood,luwian_nature,luwian,fuzzy_d1,1,PEZg6,Petras,conventional,False,TAMA,NA𐄁TE—TAMAJE——
*daw(a)-,TAWA,six (reconstructed),luwian_number,luwian,fuzzy_d1,1,PEZg6,Petras,conventional,False,TAMA,NA𐄁TE—TAMAJE——
arina-,ARINA,"spring, water source",lycian_agriculture_trade,lycian,fuzzy_d1,1,PH1a,Phaistos,conventional,False,ADINA,DIRADINA*𐄁𐝉𐄁*C
arina-,ARINA,"spring, source",lycian_nature,lycian,fuzzy_d1,1,PH1a,Phaistos,conventional,False,ADINA,DIRADINA*𐄁𐝉𐄁*C
Arinna,ARINA,toponym: Arinna,toponym,anatolian,fuzzy_d1,1,PH1a,Phaistos,conventional,False,ADINA,DIRADINA*𐄁𐝉𐄁*C
nāna-,NANA,brother (?),luwian_kinship,luwian,fuzzy_d1,1,PH1b,Phaistos,conventional,False,NANI,𐄁NANI𐝄𐝇PU𐄈
ēšḫar-,ESARA,blood,luwian_body_parts,luwian,fuzzy_d1,1,PH2,Phaistos,conventional,False,ESAPA,RUEJUSESAPA𐝫
-šša-,SASA,"iterative/durative [Verbal suffix, also in toponyms]",luwian_suffix,luwian,fuzzy_d1,1,PH2,Phaistos,conventional,False,SESA,IRUEJUSESAPA𐝫
kbi-,KAPI,two (numeral '2'),lycian_number,lycian,fuzzy_d1,1,PH2,Phaistos,conventional,False,KIPI,FRAODIKIPIRUEJUS
nāna-,NANA,brother (?),luwian_kinship,luwian,fuzzy_d1,1,PH6,Phaistos,conventional,False,NAWA,INAWA𐄁ARIIZ
warwala-,WAWA,"seed, offspring",luwian_kinship,luwian,fuzzy_d1,1,PH6,Phaistos,conventional,False,NAWA,INAWA𐄁ARIIZ
zida-,ZITA,"man, male",luwian_kinship,luwian,fuzzy_d1,1,PH6,Phaistos,conventional,False,NITA,IIZURINITAARIIDA
tawa-,TAWA,eye,luwian_body_parts,luwian,fuzzy_d1,1,PH6,Phaistos,conventional,False,NAWA,INAWA𐄁ARIIZ
wār-,WARA,water,luwian_agriculture_trade,luwian,fuzzy_d1,1,PH6,Phaistos,conventional,False,WA𐄁A,INAWA𐄁ARIIZUR
tār-,TARA,tree/wood,luwian_nature,luwian,fuzzy_d1,1,PH6,Phaistos,conventional,False,TAA,ZURINITAARIIDAP
walā-,WALA,to die,luwian_verb,luwian,fuzzy_d1,1,PH6,Phaistos,conventional,False,WA𐄁A,INAWA𐄁ARIIZUR
tarri-,TARI,three,luwian_number,luwian,fuzzy_d1,1,PH6,Phaistos,conventional,False,𐄁ARI,INAWA𐄁ARIIZURIN
māwa-,MAWA,four,luwian_number,luwian,fuzzy_d1,1,PH6,Phaistos,conventional,False,NAWA,INAWA𐄁ARIIZ
*daw(a)-,TAWA,six (reconstructed),luwian_number,luwian,fuzzy_d1,1,PH6,Phaistos,conventional,False,NAWA,INAWA𐄁ARIIZ
-tari,TARI,middle voice 3sg [Mediopassive marker],luwian_suffix,luwian,fuzzy_d1,1,PH6,Phaistos,conventional,False,𐄁ARI,INAWA𐄁ARIIZURIN
-war,WARA,verbal noun [Gerundive/verbal noun],luwian_suffix,luwian,fuzzy_d1,1,PH6,Phaistos,conventional,False,WA𐄁A,INAWA𐄁ARIIZUR
izre-,ISARE,hand,lycian_body_parts,lycian,fuzzy_d1,1,PH6,Phaistos,conventional,False,ISARI,IIDAPAISARI
tri-,TARI,three,lycian_number,lycian,fuzzy_d1,1,PH6,Phaistos,conventional,False,𐄁ARI,INAWA𐄁ARIIZURIN
Apasa,APASA,toponym: Apasa,toponym,anatolian,fuzzy_d1,1,PH6,Phaistos,conventional,False,APAISA,AARIIDAPAISARI
pata-,PATA,foot,luwian_body_parts,luwian,fuzzy_d1,1,PH7a,Phaistos,conventional,False,PAJA,𐝫DIPAJAURIKIJ
wār-,WARA,water,luwian_agriculture_trade,luwian,fuzzy_d1,1,PH7a,Phaistos,conventional,False,DARA,MAJASIDARA𐝫𐝫JODA
immara-,IMARA,"field, open country",luwian_agriculture_trade,luwian,fuzzy_d1,1,PH7a,Phaistos,conventional,False,IDARA,UMAJASIDARA𐝫𐝫JODA
tār-,TARA,tree/wood,luwian_nature,luwian,fuzzy_d1,1,PH7a,Phaistos,conventional,False,DARA,MAJASIDARA𐝫𐝫JODA
aruna-,ARUNA,sea,luwian_nature,luwian,fuzzy_d1,1,PH7a,Phaistos,conventional,False,ARUMA,URIKIJARUMAJASIDA
arma-,ARAMA,moon,luwian_nature,luwian,fuzzy_d1,1,PH7a,Phaistos,conventional,False,ARUMA,URIKIJARUMAJASIDA
piya-,PIJA,to give,luwian_verb,luwian,fuzzy_d1,1,PH7a,Phaistos,conventional,False,PAJA,𐝫DIPAJAURIKIJ
malā-,MALA,to think,luwian_verb,luwian,fuzzy_d1,1,PH7a,Phaistos,conventional,False,MAJA,KIJARUMAJASIDARA
māwa-,MAWA,four,luwian_number,luwian,fuzzy_d1,1,PH7a,Phaistos,conventional,False,MAJA,KIJARUMAJASIDARA
-war,WARA,verbal noun [Gerundive/verbal noun],luwian_suffix,luwian,fuzzy_d1,1,PH7a,Phaistos,conventional,False,DARA,MAJASIDARA𐝫𐝫JODA
tede-,TETE,father,lycian_kinship,lycian,fuzzy_d1,1,PH15a,Phaistos,conventional,False,TERE,MATERE*𐄐𐄇𐝫
pddẽ-,PATE,place,lycian_agriculture_trade,lycian,fuzzy_d1,1,PH15a,Phaistos,conventional,False,MATE,MATERE*𐄐𐄇𐝫
tese-,TESE,"oath, agreement",lycian_agriculture_trade,lycian,fuzzy_d1,1,PH15a,Phaistos,conventional,False,TERE,MATERE*𐄐𐄇𐝫
-šša-,SASA,"iterative/durative [Verbal suffix, also in toponyms]",luwian_suffix,luwian,fuzzy_d1,1,PH16b,Phaistos,conventional,False,JASA,JASA—TI𐝫
piya-,PIJA,to give,luwian_verb,luwian,fuzzy_d1,1,PH18a,Phaistos,conventional,False,WIJA,WIJA𐝫𐝫
pata-,PATA,foot,luwian_body_parts,luwian,fuzzy_d1,1,PH28a,Phaistos,conventional,False,PA𐄁A,"APA𐄁JAPA𐄁ARIA,DE"
tarri-,TARI,three,luwian_number,luwian,fuzzy_d1,1,PH28a,Phaistos,conventional,True,𐄁ARI,"A𐄁JAPA𐄁ARIA,DE𐝫"
-tari,TARI,middle voice 3sg [Mediopassive marker],luwian_suffix,luwian,fuzzy_d1,1,PH28a,Phaistos,conventional,True,𐄁ARI,"A𐄁JAPA𐄁ARIA,DE𐝫"
arina-,ARINA,"spring, water source",lycian_agriculture_trade,lycian,fuzzy_d1,1,PH28a,Phaistos,conventional,False,ARIA,"𐄁JAPA𐄁ARIA,DE𐝫"
arina-,ARINA,"spring, source",lycian_nature,lycian,fuzzy_d1,1,PH28a,Phaistos,conventional,False,ARIA,"𐄁JAPA𐄁ARIA,DE𐝫"
tri-,TARI,three,lycian_number,lycian,fuzzy_d1,1,PH28a,Phaistos,conventional,True,𐄁ARI,"A𐄁JAPA𐄁ARIA,DE𐝫"
Apasa,APASA,toponym: Apasa,toponym,anatolian,fuzzy_d1,1,PH28a,Phaistos,conventional,False,APA𐄁A,"𐝫APA𐄁JAPA𐄁ARIA,DE"
Arinna,ARINA,toponym: Arinna,toponym,anatolian,fuzzy_d1,1,PH28a,Phaistos,conventional,False,ARIA,"𐄁JAPA𐄁ARIA,DE𐝫"
malli-,MALI,to grind,luwian_verb,luwian,fuzzy_d1,1,PH30,Phaistos,conventional,True,MARI,"𐝫TI¹⁄MARIMIDE,D"
tarri-,TARI,three,luwian_number,luwian,fuzzy_d1,1,PH30,Phaistos,conventional,True,MARI,"𐝫TI¹⁄MARIMIDE,D"
-tari,TARI,middle voice 3sg [Mediopassive marker],luwian_suffix,luwian,fuzzy_d1,1,PH30,Phaistos,conventional,True,MARI,"𐝫TI¹⁄MARIMIDE,D"
tri-,TARI,three,lycian_number,lycian,fuzzy_d1,1,PH30,Phaistos,conventional,True,MARI,"𐝫TI¹⁄MARIMIDE,D"
atta-,ATTA,father,luwian_kinship,luwian,fuzzy_d1,1,PH(?)31a,Phaistos,conventional,False,ATA,UAUREPATADAKURO
tawa-,TAWA,eye,luwian_body_parts,luwian,fuzzy_d1,1,PH(?)31a,Phaistos,conventional,False,TADA,AUREPATADAKUROCA
gant-,KATA,tooth,luwian_body_parts,luwian,fuzzy_d1,1,PH(?)31a,Phaistos,conventional,False,PATA,NUAUREPATADAKURO
tār-,TARA,tree/wood,luwian_nature,luwian,fuzzy_d1,1,PH(?)31a,Phaistos,conventional,False,TADA,AUREPATADAKUROCA
kuen-,KUNA,"to kill, strike",luwian_verb,luwian,fuzzy_d1,1,PH(?)31a,Phaistos,conventional,True,KUPA,DI*FNEKUPANUAURE
pānkʷ-,PAKU,five,luwian_number,luwian,fuzzy_d1,1,PH(?)31a,Phaistos,conventional,True,PANU,*FNEKUPANUAUREPA
*daw(a)-,TAWA,six (reconstructed),luwian_number,luwian,fuzzy_d1,1,PH(?)31a,Phaistos,conventional,False,TADA,AUREPATADAKUROCA
lada-,LATA,"wife, woman",lycian_kinship,lycian,fuzzy_d1,1,PH(?)31a,Phaistos,conventional,False,PATA,NUAUREPATADAKURO
pddẽ-,PATE,place,lycian_agriculture_trade,lycian,fuzzy_d1,1,PH(?)31a,Phaistos,conventional,False,PATA,NUAUREPATADAKURO
malā-,MALA,to think,luwian_verb,luwian,fuzzy_d1,1,PH(?)31b,Phaistos,conventional,False,MADA,EAMIO*MADARIMI𐄇𐝫
tarri-,TARI,three,luwian_number,luwian,fuzzy_d1,1,PH(?)31b,Phaistos,conventional,False,DARI,MIO*MADARIMI𐄇𐝫
māwa-,MAWA,four,luwian_number,luwian,fuzzy_d1,1,PH(?)31b,Phaistos,conventional,False,MADA,EAMIO*MADARIMI𐄇𐝫
-tari,TARI,middle voice 3sg [Mediopassive marker],luwian_suffix,luwian,fuzzy_d1,1,PH(?)31b,Phaistos,conventional,False,DARI,MIO*MADARIMI𐄇𐝫
tri-,TARI,three,lycian_number,lycian,fuzzy_d1,1,PH(?)31b,Phaistos,conventional,False,DARI,MIO*MADARIMI𐄇𐝫
zida-,ZITA,"man, male",luwian_kinship,luwian,fuzzy_d1,1,PHWa32,Phaistos,conventional,False,RITA,SUKIRITA
tawa-,TAWA,eye,luwian_body_parts,luwian,fuzzy_d1,1,PHWc38,Phaistos,conventional,False,TAMA,*TAMA
tār-,TARA,tree/wood,luwian_nature,luwian,fuzzy_d1,1,PHWc38,Phaistos,conventional,False,TAMA,*TAMA
*daw(a)-,TAWA,six (reconstructed),luwian_number,luwian,fuzzy_d1,1,PHWc38,Phaistos,conventional,False,TAMA,*TAMA
nāna-,NANA,brother (?),luwian_kinship,luwian,fuzzy_d1,1,PHWc40,Phaistos,conventional,False,MANA,TITIMANA
immara-,IMARA,"field, open country",luwian_agriculture_trade,luwian,fuzzy_d1,1,PHWc40,Phaistos,conventional,False,IMANA,TITIMANA
ziti-,SITI,"man, citizen",luwian_social_political,luwian,fuzzy_d1,1,PHWc40,Phaistos,conventional,False,TITI,TITIMANA
malā-,MALA,to think,luwian_verb,luwian,fuzzy_d1,1,PHWc40,Phaistos,conventional,False,MANA,TITIMANA
māwa-,MAWA,four,luwian_number,luwian,fuzzy_d1,1,PHWc40,Phaistos,conventional,False,MANA,TITIMANA
maha(na)-,MAANA,"god, divine",lycian_nature,lycian,fuzzy_d1,1,PHWc40,Phaistos,conventional,False,MANA,TITIMANA
piya-,PIJA,to give,luwian_verb,luwian,fuzzy_d1,1,PHZb4,Phaistos,conventional,False,𐄁IJA,SIMA𐄁IJATE
malli-,MALI,to grind,luwian_verb,luwian,fuzzy_d1,1,PHZb4,Phaistos,conventional,False,MA𐄁I,SIMA𐄁IJATE
pddẽ-,PATE,place,lycian_agriculture_trade,lycian,fuzzy_d1,1,PHZb4,Phaistos,conventional,False,JATE,SIMA𐄁IJATE
nāna-,NANA,brother (?),luwian_kinship,luwian,fuzzy_d1,1,PHZb5,Phaistos,conventional,False,NARA,WAPITINARA
wār-,WARA,water,luwian_agriculture_trade,luwian,fuzzy_d1,1,PHZb5,Phaistos,conventional,False,NARA,WAPITINARA
immara-,IMARA,"field, open country",luwian_agriculture_trade,luwian,fuzzy_d1,1,PHZb5,Phaistos,conventional,False,INARA,WAPITINARA
tār-,TARA,tree/wood,luwian_nature,luwian,fuzzy_d1,1,PHZb5,Phaistos,conventional,False,NARA,WAPITINARA
ziti-,SITI,"man, citizen",luwian_social_political,luwian,fuzzy_d1,1,PHZb5,Phaistos,conventional,False,PITI,WAPITINARA
-war,WARA,verbal noun [Gerundive/verbal noun],luwian_suffix,luwian,fuzzy_d1,1,PHZb5,Phaistos,conventional,False,NARA,WAPITINARA
tbi-,TAPI,one (numeral '1'),lycian_number,lycian,fuzzy_d1,1,PHZb5,Phaistos,conventional,False,WAPI,WAPITINARA
kbi-,KAPI,two (numeral '2'),lycian_number,lycian,fuzzy_d1,1,PHZb5,Phaistos,conventional,False,WAPI,WAPITINARA
atta-,ATTA,father,luwian_kinship,luwian,fuzzy_d1,1,PK1,Palaikastro,conventional,False,AITA,—MATIMAITADU𐄇
zida-,ZITA,"man, male",luwian_kinship,luwian,fuzzy_d1,1,PK1,Palaikastro,conventional,False,ZATA,TIKA—AZATARE—TAT
pata-,PATA,foot,luwian_body_parts,luwian,fuzzy_d1,1,PK1,Palaikastro,conventional,False,ZATA,TIKA—AZATARE—TAT
ḫašta-,ASATA,bone,luwian_body_parts,luwian,fuzzy_d1,1,PK1,Palaikastro,conventional,False,AZATA,ETIKA—AZATARE—TAT
gant-,KATA,tooth,luwian_body_parts,luwian,fuzzy_d1,1,PK1,Palaikastro,conventional,False,KA—A,I𐄁NETIKA—AZATARE
tār-,TARA,tree/wood,luwian_nature,luwian,fuzzy_d1,1,PK1,Palaikastro,conventional,False,TARE,KA—AZATARE—TATEO
temi-,TEMI,forest,luwian_nature,luwian,fuzzy_d1,1,PK1,Palaikastro,conventional,False,TEOMI,ARE—TATEOMIZASIIN
ḫašt-,ASATA,"star, bone (dual meaning)",luwian_nature,luwian,fuzzy_d1,1,PK1,Palaikastro,conventional,False,AZATA,ETIKA—AZATARE—TAT
ziti-,SITI,"man, citizen",luwian_social_political,luwian,fuzzy_d1,1,PK1,Palaikastro,conventional,False,SII,EOMIZASIINA—OJA
malli-,MALI,to grind,luwian_verb,luwian,fuzzy_d1,1,PK1,Palaikastro,conventional,False,MATI,ZAITE—MATIMAITAD
malā-,MALA,to think,luwian_verb,luwian,fuzzy_d1,1,PK1,Palaikastro,conventional,False,MAZA,UNI—TUMAZAITE—MA
tūwa-,TUWA,"to put, place",luwian_verb,luwian,fuzzy_d1,1,PK1,Palaikastro,conventional,False,TUMA,USUNI—TUMAZAITE—
tuwā-,TUWA,to look at,luwian_verb,luwian,fuzzy_d1,1,PK1,Palaikastro,conventional,False,TUMA,USUNI—TUMAZAITE—
tuw(a)-,TUWA,two,luwian_number,luwian,fuzzy_d1,1,PK1,Palaikastro,conventional,False,TUMA,USUNI—TUMAZAITE—
tarri-,TARI,three,luwian_number,luwian,fuzzy_d1,1,PK1,Palaikastro,conventional,False,TARE,KA—AZATARE—TATEO
māwa-,MAWA,four,luwian_number,luwian,fuzzy_d1,1,PK1,Palaikastro,conventional,False,MAZA,UNI—TUMAZAITE—MA
*ašta-,ASATA,eight (reconstructed),luwian_number,luwian,fuzzy_d1,1,PK1,Palaikastro,conventional,False,AZATA,ETIKA—AZATARE—TAT
-tari,TARI,middle voice 3sg [Mediopassive marker],luwian_suffix,luwian,fuzzy_d1,1,PK1,Palaikastro,conventional,False,TARE,KA—AZATARE—TATEO
-anda-,ANATA,gerundive/place [Very important for toponyms: -anda],luwian_suffix,luwian,fuzzy_d1,1,PK1,Palaikastro,conventional,False,AZATA,ETIKA—AZATARE—TAT
tede-,TETE,father,lycian_kinship,lycian,fuzzy_d1,1,PK1,Palaikastro,conventional,False,TATE,ATARE—TATEOMIZAS
lada-,LATA,"wife, woman",lycian_kinship,lycian,fuzzy_d1,1,PK1,Palaikastro,conventional,False,ZATA,TIKA—AZATARE—TAT
pddẽ-,PATE,place,lycian_agriculture_trade,lycian,fuzzy_d1,1,PK1,Palaikastro,conventional,False,TATE,ATARE—TATEOMIZAS
tura-,TURA,"land, earth",lycian_nature,lycian,fuzzy_d1,1,PK1,Palaikastro,conventional,False,TUMA,USUNI—TUMAZAITE—
tri-,TARI,three,lycian_number,lycian,fuzzy_d1,1,PK1,Palaikastro,conventional,False,TARE,KA—AZATARE—TATEO
Ḫattuša,ATUSA,toponym: Ḫattuša,toponym,anatolian,fuzzy_d1,1,PK1,Palaikastro,conventional,False,ATUSU,—OJA—RATUSUNI—TUM
ḫašta-,ASATA,bone,luwian_body_parts,luwian,fuzzy_d1,1,PKZa4,Palaikastro,conventional,False,ASASA,ASASARA𐝫
ēšḫar-,ESARA,blood,luwian_body_parts,luwian,fuzzy_d1,1,PKZa4,Palaikastro,conventional,False,ASARA,ASASARA𐝫
wār-,WARA,water,luwian_agriculture_trade,luwian,fuzzy_d1,1,PKZa4,Palaikastro,conventional,False,SARA,ASASARA𐝫
tār-,TARA,tree/wood,luwian_nature,luwian,fuzzy_d1,1,PKZa4,Palaikastro,conventional,False,SARA,ASASARA𐝫
ḫašt-,ASATA,"star, bone (dual meaning)",luwian_nature,luwian,fuzzy_d1,1,PKZa4,Palaikastro,conventional,False,ASASA,ASASARA𐝫
*ašta-,ASATA,eight (reconstructed),luwian_number,luwian,fuzzy_d1,1,PKZa4,Palaikastro,conventional,False,ASASA,ASASARA𐝫
-war,WARA,verbal noun [Gerundive/verbal noun],luwian_suffix,luwian,fuzzy_d1,1,PKZa4,Palaikastro,conventional,False,SARA,ASASARA𐝫
Apasa,APASA,toponym: Apasa,toponym,anatolian,fuzzy_d1,1,PKZa4,Palaikastro,conventional,False,ASASA,ASASARA𐝫
nāna-,NANA,brother (?),luwian_kinship,luwian,fuzzy_d1,1,PKZa8,Palaikastro,conventional,False,NAKA,MEISAUNAKANASIIP
gant-,KATA,tooth,luwian_body_parts,luwian,fuzzy_d1,1,PKZa8,Palaikastro,conventional,False,KANA,ISAUNAKANASIIPIR
aruna-,ARUNA,sea,luwian_nature,luwian,fuzzy_d1,1,PKZa8,Palaikastro,conventional,False,AUNA,TUMEISAUNAKANASI
ziti-,SITI,"man, citizen",luwian_social_political,luwian,fuzzy_d1,1,PKZa8,Palaikastro,conventional,False,SII,"NAKANASIIPIRU,P"
kuen-,KUNA,"to kill, strike",luwian_verb,luwian,fuzzy_d1,1,PKZa8,Palaikastro,conventional,False,AUNA,TUMEISAUNAKANASI
pddẽ-,PATE,place,lycian_agriculture_trade,lycian,fuzzy_d1,1,PKZa8,Palaikastro,conventional,False,PAE,NU𐄁PAE𐄁JADIK
tese-,TESE,"oath, agreement",lycian_agriculture_trade,lycian,fuzzy_d1,1,PKZa8,Palaikastro,conventional,False,TETE,JADIKITETE*PURE𐄁
pata-,PATA,foot,luwian_body_parts,luwian,fuzzy_d1,1,PKZa9,Palaikastro,conventional,False,PAMA,𐝫JAUPAMAIDA𐄁DI
kup-,KUPA,"to plan, devise",luwian_agriculture_trade,luwian,fuzzy_d1,1,PKZa9,Palaikastro,conventional,False,AUPA,𐝫JAUPAMAIDA𐄁
malli-,MALI,to grind,luwian_verb,luwian,fuzzy_d1,1,PKZa9,Palaikastro,conventional,False,MAI,𐝫JAUPAMAIDA𐄁DI𐄁
xupa-,KUPA,tomb,lycian_agriculture_trade,lycian,fuzzy_d1,1,PKZa9,Palaikastro,conventional,False,AUPA,𐝫JAUPAMAIDA𐄁
ziti-,SITI,"man, citizen",luwian_social_political,luwian,fuzzy_d1,1,PKZa10,Palaikastro,conventional,False,SI𐄁I,SI𐄁IPINAMI
piya-,PIJA,to give,luwian_verb,luwian,fuzzy_d1,1,PKZa10,Palaikastro,conventional,False,PINA,SI𐄁IPINAMINA𐄁S
arina-,ARINA,"spring, water source",lycian_agriculture_trade,lycian,fuzzy_d1,1,PKZa10,Palaikastro,conventional,False,AMINA,I𐄁IPINAMINA𐄁SIJO𐝫
arina-,ARINA,"spring, source",lycian_nature,lycian,fuzzy_d1,1,PKZa10,Palaikastro,conventional,False,AMINA,I𐄁IPINAMINA𐄁SIJO𐝫
Arinna,ARINA,toponym: Arinna,toponym,anatolian,fuzzy_d1,1,PKZa10,Palaikastro,conventional,False,AMINA,I𐄁IPINAMINA𐄁SIJO𐝫
atta-,ATTA,father,luwian_kinship,luwian,fuzzy_d1,1,PKZa11,Palaikastro,conventional,False,ATA,ATAI*WAE𐄁
nāna-,NANA,brother (?),luwian_kinship,luwian,fuzzy_d1,1,PKZa11,Palaikastro,conventional,True,KANA,𐄁UNARUKANATI𐄁INA
pata-,PATA,foot,luwian_body_parts,luwian,fuzzy_d1,1,PKZa11,Palaikastro,conventional,False,PAQA,𐄁INAJAPAQANAPAME
ḫašta-,ASATA,bone,luwian_body_parts,luwian,fuzzy_d1,1,PKZa11,Palaikastro,conventional,False,ASARA,KOANE𐄁ASARAME𐄁UNA
ēšḫar-,ESARA,blood,luwian_body_parts,luwian,fuzzy_d1,1,PKZa11,Palaikastro,conventional,False,ASARA,KOANE𐄁ASARAME𐄁UNA
gant-,KATA,tooth,luwian_body_parts,luwian,fuzzy_d1,1,PKZa11,Palaikastro,conventional,False,KANA,𐄁UNARUKANATI𐄁INA
wār-,WARA,water,luwian_agriculture_trade,luwian,fuzzy_d1,1,PKZa11,Palaikastro,conventional,False,SARA,OANE𐄁ASARAME𐄁UNA
parna-,PARANA,house,luwian_agriculture_trade,luwian,fuzzy_d1,1,PKZa11,Palaikastro,conventional,False,PAQANA,𐄁INAJAPAQANAPAME
tār-,TARA,tree/wood,luwian_nature,luwian,fuzzy_d1,1,PKZa11,Palaikastro,conventional,False,SARA,OANE𐄁ASARAME𐄁UNA
temi-,TEMI,forest,luwian_nature,luwian,fuzzy_d1,1,PKZa11,Palaikastro,conventional,False,TERI,𐄁RE𐄁PITERI𐄁AKOAN
aruna-,ARUNA,sea,luwian_nature,luwian,fuzzy_d1,1,PKZa11,Palaikastro,conventional,False,ARUKA,AME𐄁UNARUKANATI𐄁I
arma-,ARAMA,moon,luwian_nature,luwian,fuzzy_d1,1,PKZa11,Palaikastro,conventional,False,ARAME,ANE𐄁ASARAME𐄁UNARU
ḫašt-,ASATA,"star, bone (dual meaning)",luwian_nature,luwian,fuzzy_d1,1,PKZa11,Palaikastro,conventional,False,ASARA,KOANE𐄁ASARAME𐄁UNA
kuen-,KUNA,"to kill, strike",luwian_verb,luwian,fuzzy_d1,1,PKZa11,Palaikastro,conventional,False,𐄁UNA,SARAME𐄁UNARUKANA
tarri-,TARI,three,luwian_number,luwian,fuzzy_d1,1,PKZa11,Palaikastro,conventional,False,TERI,𐄁RE𐄁PITERI𐄁AKOAN
*ašta-,ASATA,eight (reconstructed),luwian_number,luwian,fuzzy_d1,1,PKZa11,Palaikastro,conventional,False,ASARA,KOANE𐄁ASARAME𐄁UNA
-šša-,SASA,"iterative/durative [Verbal suffix, also in toponyms]",luwian_suffix,luwian,fuzzy_d1,1,PKZa11,Palaikastro,conventional,False,𐄁ASA,AKOANE𐄁ASARAME𐄁U
-tari,TARI,middle voice 3sg [Mediopassive marker],luwian_suffix,luwian,fuzzy_d1,1,PKZa11,Palaikastro,conventional,False,TERI,𐄁RE𐄁PITERI𐄁AKOAN
-war,WARA,verbal noun [Gerundive/verbal noun],luwian_suffix,luwian,fuzzy_d1,1,PKZa11,Palaikastro,conventional,False,SARA,OANE𐄁ASARAME𐄁UNA
-ašša-,ASASA,genitival adjective [Very important for toponyms: -assos/-assa],luwian_suffix,luwian,fuzzy_d1,1,PKZa11,Palaikastro,conventional,False,ASARA,KOANE𐄁ASARAME𐄁UNA
-anda-,ANATA,gerundive/place [Very important for toponyms: -anda],luwian_suffix,luwian,fuzzy_d1,1,PKZa11,Palaikastro,conventional,False,ANATI,UNARUKANATI𐄁INAMI
lada-,LATA,"wife, woman",lycian_kinship,lycian,fuzzy_d1,1,PKZa11,Palaikastro,conventional,False,ATA,ATAI*WAE𐄁
prñna-,PARANA,"house, building",lycian_agriculture_trade,lycian,fuzzy_d1,1,PKZa11,Palaikastro,conventional,False,PAQANA,𐄁INAJAPAQANAPAME
arina-,ARINA,"spring, water source",lycian_agriculture_trade,lycian,fuzzy_d1,1,PKZa11,Palaikastro,conventional,False,AMINA,ATI𐄁INAMINASIRU𐄁𐝫
pddẽ-,PATE,place,lycian_agriculture_trade,lycian,fuzzy_d1,1,PKZa11,Palaikastro,conventional,False,PITE,TE𐄁RE𐄁PITERI𐄁AKO
tese-,TESE,"oath, agreement",lycian_agriculture_trade,lycian,fuzzy_d1,1,PKZa11,Palaikastro,conventional,False,TETE,𐄁ADIKITETE𐄁RE𐄁PI
arina-,ARINA,"spring, source",lycian_nature,lycian,fuzzy_d1,1,PKZa11,Palaikastro,conventional,False,AMINA,ATI𐄁INAMINASIRU𐄁𐝫
tbi-,TAPI,one (numeral '1'),lycian_number,lycian,fuzzy_d1,1,PKZa11,Palaikastro,conventional,False,TAI,ATAI*WAE𐄁A
tri-,TARI,three,lycian_number,lycian,fuzzy_d1,1,PKZa11,Palaikastro,conventional,False,TERI,𐄁RE𐄁PITERI𐄁AKOAN
Apasa,APASA,toponym: Apasa,toponym,anatolian,fuzzy_d1,1,PKZa11,Palaikastro,conventional,False,APAQA,𐝫𐄁INAJAPAQANAPAME
Arinna,ARINA,toponym: Arinna,toponym,anatolian,fuzzy_d1,1,PKZa11,Palaikastro,conventional,False,AMINA,ATI𐄁INAMINASIRU𐄁𐝫
Lukkā,LUKA,toponym: Lukkā,toponym,anatolian,fuzzy_d1,1,PKZa11,Palaikastro,conventional,False,RUKA,ME𐄁UNARUKANATI𐄁I
atta-,ATTA,father,luwian_kinship,luwian,fuzzy_d1,1,PKZa12,Palaikastro,conventional,False,ATA,ATAI*WAJA
warwala-,WAWA,"seed, offspring",luwian_kinship,luwian,fuzzy_d1,1,PKZa12,Palaikastro,conventional,False,WAJA,ATAI*WAJA𐄁ADIKI
pata-,PATA,foot,luwian_body_parts,luwian,fuzzy_d1,1,PKZa12,Palaikastro,conventional,True,PAJA,IAPADUPAJAJAPAQA
gant-,KATA,tooth,luwian_body_parts,luwian,fuzzy_d1,1,PKZa12,Palaikastro,conventional,False,KAJA,EUNARUKAJASIAPAD
wār-,WARA,water,luwian_agriculture_trade,luwian,fuzzy_d1,1,PKZa12,Palaikastro,conventional,False,WAJA,ATAI*WAJA𐄁ADIKI
kup-,KUPA,"to plan, devise",luwian_agriculture_trade,luwian,fuzzy_d1,1,PKZa12,Palaikastro,conventional,False,DUPA,ASIAPADUPAJAJAPA
aruna-,ARUNA,sea,luwian_nature,luwian,fuzzy_d1,1,PKZa12,Palaikastro,conventional,False,ARUKA,MENEUNARUKAJASIAP
piya-,PIJA,to give,luwian_verb,luwian,fuzzy_d1,1,PKZa12,Palaikastro,conventional,False,PAJA,IAPADUPAJAJAPAQA
walā-,WALA,to die,luwian_verb,luwian,fuzzy_d1,1,PKZa12,Palaikastro,conventional,False,WAJA,ATAI*WAJA𐄁ADIKI
kuen-,KUNA,"to kill, strike",luwian_verb,luwian,fuzzy_d1,1,PKZa12,Palaikastro,conventional,False,EUNA,𐄁RAMENEUNARUKAJA
tarri-,TARI,three,luwian_number,luwian,fuzzy_d1,1,PKZa12,Palaikastro,conventional,False,TAI,ATAI*WAJA𐄁
pānkʷ-,PAKU,five,luwian_number,luwian,fuzzy_d1,1,PKZa12,Palaikastro,conventional,False,PADU,AJASIAPADUPAJAJA
-tari,TARI,middle voice 3sg [Mediopassive marker],luwian_suffix,luwian,fuzzy_d1,1,PKZa12,Palaikastro,conventional,False,TAI,ATAI*WAJA𐄁
-war,WARA,verbal noun [Gerundive/verbal noun],luwian_suffix,luwian,fuzzy_d1,1,PKZa12,Palaikastro,conventional,False,WAJA,ATAI*WAJA𐄁ADIKI
lada-,LATA,"wife, woman",lycian_kinship,lycian,fuzzy_d1,1,PKZa12,Palaikastro,conventional,False,ATA,ATAI*WAJA
pddẽ-,PATE,place,lycian_agriculture_trade,lycian,fuzzy_d1,1,PKZa12,Palaikastro,conventional,False,PAME,APA𐝫𐝫𐝫PAME
xupa-,KUPA,tomb,lycian_agriculture_trade,lycian,fuzzy_d1,1,PKZa12,Palaikastro,conventional,False,DUPA,ASIAPADUPAJAJAPA
tbi-,TAPI,one (numeral '1'),lycian_number,lycian,fuzzy_d1,1,PKZa12,Palaikastro,conventional,False,TAI,ATAI*WAJA𐄁
tri-,TARI,three,lycian_number,lycian,fuzzy_d1,1,PKZa12,Palaikastro,conventional,False,TAI,ATAI*WAJA𐄁
Apasa,APASA,toponym: Apasa,toponym,anatolian,fuzzy_d1,1,PKZa12,Palaikastro,conventional,True,APAQA,UPAJAJAPAQAJOAPAP
Lukkā,LUKA,toponym: Lukkā,toponym,anatolian,fuzzy_d1,1,PKZa12,Palaikastro,conventional,True,RUKA,ENEUNARUKAJASIAP
ḫašta-,ASATA,bone,luwian_body_parts,luwian,fuzzy_d1,1,PKZa14,Palaikastro,conventional,False,ASASA,TUME𐄁JASASANI𐝫
ḫašt-,ASATA,"star, bone (dual meaning)",luwian_nature,luwian,fuzzy_d1,1,PKZa14,Palaikastro,conventional,False,ASASA,TUME𐄁JASASANI𐝫
*ašta-,ASATA,eight (reconstructed),luwian_number,luwian,fuzzy_d1,1,PKZa14,Palaikastro,conventional,False,ASASA,TUME𐄁JASASANI𐝫
Apasa,APASA,toponym: Apasa,toponym,anatolian,fuzzy_d1,1,PKZa14,Palaikastro,conventional,False,ASASA,TUME𐄁JASASANI𐝫
tese-,TESE,"oath, agreement",lycian_agriculture_trade,lycian,fuzzy_d1,1,PKZa15,Palaikastro,conventional,False,TETE,JADIKITETEDUPURE
piya-,PIJA,to give,luwian_verb,luwian,fuzzy_d1,1,PKZa16,Palaikastro,conventional,False,PUJA,TOSA𐄁PUJA𐝫
temi-,TEMI,forest,luwian_nature,luwian,fuzzy_d1,1,PKZa18,Palaikastro,conventional,False,TE𐄁I,TE𐄁IDA𐄁JAJ
nāna-,NANA,brother (?),luwian_kinship,luwian,fuzzy_d1,1,PKZa20,Palaikastro,conventional,False,NAKA,"UNAKA,PTE𐝫"
kuen-,KUNA,"to kill, strike",luwian_verb,luwian,fuzzy_d1,1,PKZa20,Palaikastro,conventional,False,UNA,"UNAKA,PTE"
pddẽ-,PATE,place,lycian_agriculture_trade,lycian,fuzzy_d1,1,PKZa20,Palaikastro,conventional,True,PTE,"UNAKA,PTE𐝫"
zida-,ZITA,"man, male",luwian_kinship,luwian,fuzzy_d1,1,PKZb19,Palaikastro,conventional,False,SITA,SESITA𐝫
ziti-,SITI,"man, citizen",luwian_social_political,luwian,fuzzy_d1,1,PKZb19,Palaikastro,conventional,False,SITA,SESITA𐝫
zida-,ZITA,"man, male",luwian_kinship,luwian,fuzzy_d1,1,PKZb21,Palaikastro,conventional,False,KITA,KITANITE
gant-,KATA,tooth,luwian_body_parts,luwian,fuzzy_d1,1,PKZb21,Palaikastro,conventional,False,KITA,KITANITE
tarri-,TARI,three,luwian_number,luwian,fuzzy_d1,1,PKZb21,Palaikastro,conventional,False,TANI,KITANITE
-tari,TARI,middle voice 3sg [Mediopassive marker],luwian_suffix,luwian,fuzzy_d1,1,PKZb21,Palaikastro,conventional,False,TANI,KITANITE
tbi-,TAPI,one (numeral '1'),lycian_number,lycian,fuzzy_d1,1,PKZb21,Palaikastro,conventional,False,TANI,KITANITE
tri-,TARI,three,lycian_number,lycian,fuzzy_d1,1,PKZb21,Palaikastro,conventional,False,TANI,KITANITE
wār-,WARA,water,luwian_agriculture_trade,luwian,fuzzy_d1,1,PKZb25,Palaikastro,conventional,False,DARA,MIDARA
immara-,IMARA,"field, open country",luwian_agriculture_trade,luwian,fuzzy_d1,1,PKZb25,Palaikastro,conventional,False,IDARA,MIDARA
tār-,TARA,tree/wood,luwian_nature,luwian,fuzzy_d1,1,PKZb25,Palaikastro,conventional,False,DARA,MIDARA
-war,WARA,verbal noun [Gerundive/verbal noun],luwian_suffix,luwian,fuzzy_d1,1,PKZb25,Palaikastro,conventional,False,DARA,MIDARA
piya-,PIJA,to give,luwian_verb,luwian,fuzzy_d1,1,PKZc13,Palaikastro,conventional,False,RIJA,NURIJA𐝫
ḫašta-,ASATA,bone,luwian_body_parts,luwian,fuzzy_d1,1,PLZf1,Platanos,conventional,False,ASASA,QETI𐄁JASASARAME𐄁T
ēšḫar-,ESARA,blood,luwian_body_parts,luwian,fuzzy_d1,1,PLZf1,Platanos,conventional,False,ASARA,TI𐄁JASASARAME𐄁TAN
wār-,WARA,water,luwian_agriculture_trade,luwian,fuzzy_d1,1,PLZf1,Platanos,conventional,False,SARA,I𐄁JASASARAME𐄁TAN
tār-,TARA,tree/wood,luwian_nature,luwian,fuzzy_d1,1,PLZf1,Platanos,conventional,False,SARA,I𐄁JASASARAME𐄁TAN
arma-,ARAMA,moon,luwian_nature,luwian,fuzzy_d1,1,PLZf1,Platanos,conventional,False,ARAME,𐄁JASASARAME𐄁TANUN
ḫašt-,ASATA,"star, bone (dual meaning)",luwian_nature,luwian,fuzzy_d1,1,PLZf1,Platanos,conventional,False,ASASA,QETI𐄁JASASARAME𐄁T
kuen-,KUNA,"to kill, strike",luwian_verb,luwian,fuzzy_d1,1,PLZf1,Platanos,conventional,False,KINA,TANUNIKINA𐄁NINUN
*ašta-,ASATA,eight (reconstructed),luwian_number,luwian,fuzzy_d1,1,PLZf1,Platanos,conventional,False,ASASA,QETI𐄁JASASARAME𐄁T
-war,WARA,verbal noun [Gerundive/verbal noun],luwian_suffix,luwian,fuzzy_d1,1,PLZf1,Platanos,conventional,False,SARA,I𐄁JASASARAME𐄁TAN
Apasa,APASA,toponym: Apasa,toponym,anatolian,fuzzy_d1,1,PLZf1,Platanos,conventional,False,ASASA,QETI𐄁JASASARAME𐄁T
ḫašta-,ASATA,bone,luwian_body_parts,luwian,fuzzy_d1,1,POZc1,Poros Herakleiou,conventional,False,ASASA,RIQETIASASARA*𐄁
ēšḫar-,ESARA,blood,luwian_body_parts,luwian,fuzzy_d1,1,POZc1,Poros Herakleiou,conventional,False,ASARA,QETIASASARA*𐄁
wār-,WARA,water,luwian_agriculture_trade,luwian,fuzzy_d1,1,POZc1,Poros Herakleiou,conventional,False,SARA,ETIASASARA*𐄁
tār-,TARA,tree/wood,luwian_nature,luwian,fuzzy_d1,1,POZc1,Poros Herakleiou,conventional,False,SARA,ETIASASARA*𐄁
ḫašt-,ASATA,"star, bone (dual meaning)",luwian_nature,luwian,fuzzy_d1,1,POZc1,Poros Herakleiou,conventional,False,ASASA,RIQETIASASARA*𐄁
*ašta-,ASATA,eight (reconstructed),luwian_number,luwian,fuzzy_d1,1,POZc1,Poros Herakleiou,conventional,False,ASASA,RIQETIASASARA*𐄁
-war,WARA,verbal noun [Gerundive/verbal noun],luwian_suffix,luwian,fuzzy_d1,1,POZc1,Poros Herakleiou,conventional,False,SARA,ETIASASARA*𐄁
Apasa,APASA,toponym: Apasa,toponym,anatolian,fuzzy_d1,1,POZc1,Poros Herakleiou,conventional,False,ASASA,RIQETIASASARA*𐄁
nāna-,NANA,brother (?),luwian_kinship,luwian,fuzzy_d1,1,PRZa1,Prassa,conventional,False,TANA,TANASUTEKE
ḫašta-,ASATA,bone,luwian_body_parts,luwian,fuzzy_d1,1,PRZa1,Prassa,conventional,False,ASASA,KETOIJASASA*MESO
tawa-,TAWA,eye,luwian_body_parts,luwian,fuzzy_d1,1,PRZa1,Prassa,conventional,False,TANA,TANASUTEKE
tār-,TARA,tree/wood,luwian_nature,luwian,fuzzy_d1,1,PRZa1,Prassa,conventional,False,TANA,TANASUTEKE
ḫašt-,ASATA,"star, bone (dual meaning)",luwian_nature,luwian,fuzzy_d1,1,PRZa1,Prassa,conventional,False,ASASA,KETOIJASASA*MESO
piya-,PIJA,to give,luwian_verb,luwian,fuzzy_d1,1,PRZa1,Prassa,conventional,False,OIJA,UTEKETOIJASASA*M
*daw(a)-,TAWA,six (reconstructed),luwian_number,luwian,fuzzy_d1,1,PRZa1,Prassa,conventional,False,TANA,TANASUTEKE
*ašta-,ASATA,eight (reconstructed),luwian_number,luwian,fuzzy_d1,1,PRZa1,Prassa,conventional,False,ASASA,KETOIJASASA*MESO
tede-,TETE,father,lycian_kinship,lycian,fuzzy_d1,1,PRZa1,Prassa,conventional,False,TEKE,TANASUTEKETOIJAS
tese-,TESE,"oath, agreement",lycian_agriculture_trade,lycian,fuzzy_d1,1,PRZa1,Prassa,conventional,False,TEKE,TANASUTEKETOIJAS
Apasa,APASA,toponym: Apasa,toponym,anatolian,fuzzy_d1,1,PRZa1,Prassa,conventional,False,ASASA,KETOIJASASA*MESO
ḫašta-,ASATA,bone,luwian_body_parts,luwian,fuzzy_d1,1,PSZa2,Psykhro,conventional,False,ASASA,JATI𐄁JASASARAME𐄁S
ēšḫar-,ESARA,blood,luwian_body_parts,luwian,fuzzy_d1,1,PSZa2,Psykhro,conventional,False,ASARA,TI𐄁JASASARAME𐄁SO𐄁
wār-,WARA,water,luwian_agriculture_trade,luwian,fuzzy_d1,1,PSZa2,Psykhro,conventional,False,SARA,I𐄁JASASARAME𐄁SO𐄁
tār-,TARA,tree/wood,luwian_nature,luwian,fuzzy_d1,1,PSZa2,Psykhro,conventional,False,SARA,I𐄁JASASARAME𐄁SO𐄁
arma-,ARAMA,moon,luwian_nature,luwian,fuzzy_d1,1,PSZa2,Psykhro,conventional,False,ARAME,𐄁JASASARAME𐄁SO𐄁
ḫašt-,ASATA,"star, bone (dual meaning)",luwian_nature,luwian,fuzzy_d1,1,PSZa2,Psykhro,conventional,False,ASASA,JATI𐄁JASASARAME𐄁S
kuen-,KUNA,"to kill, strike",luwian_verb,luwian,fuzzy_d1,1,PSZa2,Psykhro,conventional,False,KENA,REIKENAI*TI𐄁𐄌
*ašta-,ASATA,eight (reconstructed),luwian_number,luwian,fuzzy_d1,1,PSZa2,Psykhro,conventional,False,ASASA,JATI𐄁JASASARAME𐄁S
-war,WARA,verbal noun [Gerundive/verbal noun],luwian_suffix,luwian,fuzzy_d1,1,PSZa2,Psykhro,conventional,False,SARA,I𐄁JASASARAME𐄁SO𐄁
Apasa,APASA,toponym: Apasa,toponym,anatolian,fuzzy_d1,1,PSZa2,Psykhro,conventional,False,ASASA,JATI𐄁JASASARAME𐄁S
immara-,IMARA,"field, open country",luwian_agriculture_trade,luwian,fuzzy_d1,1,PYR1,Pyrgos,conventional,False,IMARU,TIMARUWITE*V
ḫašta-,ASATA,bone,luwian_body_parts,luwian,fuzzy_d1,1,SAMWa1,Samothrace,conventional,False,ASASA,JASASARATE
ēšḫar-,ESARA,blood,luwian_body_parts,luwian,fuzzy_d1,1,SAMWa1,Samothrace,conventional,False,ASARA,JASASARATE
wār-,WARA,water,luwian_agriculture_trade,luwian,fuzzy_d1,1,SAMWa1,Samothrace,conventional,False,SARA,JASASARATE
tār-,TARA,tree/wood,luwian_nature,luwian,fuzzy_d1,1,SAMWa1,Samothrace,conventional,False,SARA,JASASARATE
ḫašt-,ASATA,"star, bone (dual meaning)",luwian_nature,luwian,fuzzy_d1,1,SAMWa1,Samothrace,conventional,False,ASASA,JASASARATE
*ašta-,ASATA,eight (reconstructed),luwian_number,luwian,fuzzy_d1,1,SAMWa1,Samothrace,conventional,False,ASASA,JASASARATE
-war,WARA,verbal noun [Gerundive/verbal noun],luwian_suffix,luwian,fuzzy_d1,1,SAMWa1,Samothrace,conventional,False,SARA,JASASARATE
pddẽ-,PATE,place,lycian_agriculture_trade,lycian,fuzzy_d1,1,SAMWa1,Samothrace,conventional,False,RATE,JASASARATE
Apasa,APASA,toponym: Apasa,toponym,anatolian,fuzzy_d1,1,SAMWa1,Samothrace,conventional,False,ASASA,JASASARATE
pānkʷ-,PAKU,five,luwian_number,luwian,fuzzy_d1,1,SEZf1,Selakanos,conventional,False,DAKU,DAKU
wār-,WARA,water,luwian_agriculture_trade,luwian,fuzzy_d1,1,SKZb1,Skhinia,conventional,False,MARA,AMARANE𐝫
immara-,IMARA,"field, open country",luwian_agriculture_trade,luwian,fuzzy_d1,1,SKZb1,Skhinia,conventional,False,AMARA,AMARANE𐝫
tār-,TARA,tree/wood,luwian_nature,luwian,fuzzy_d1,1,SKZb1,Skhinia,conventional,False,MARA,AMARANE𐝫
malā-,MALA,to think,luwian_verb,luwian,fuzzy_d1,1,SKZb1,Skhinia,conventional,False,MARA,AMARANE𐝫
māwa-,MAWA,four,luwian_number,luwian,fuzzy_d1,1,SKZb1,Skhinia,conventional,False,MARA,AMARANE𐝫
-war,WARA,verbal noun [Gerundive/verbal noun],luwian_suffix,luwian,fuzzy_d1,1,SKZb1,Skhinia,conventional,False,MARA,AMARANE𐝫
ziti-,SITI,"man, citizen",luwian_social_political,luwian,fuzzy_d1,1,SKOZc1,Skoteino Cave,conventional,False,KITI,ATU*NEKITI𐝫
atta-,ATTA,father,luwian_kinship,luwian,fuzzy_d1,1,SYZa1,Syme,conventional,False,ATA,ATAI*WAJA
warwala-,WAWA,"seed, offspring",luwian_kinship,luwian,fuzzy_d1,1,SYZa1,Syme,conventional,False,WAJA,ATAI*WAJA𐄁IDAMI
pata-,PATA,foot,luwian_body_parts,luwian,fuzzy_d1,1,SYZa1,Syme,conventional,False,ATA,ATAI*WAJA
gant-,KATA,tooth,luwian_body_parts,luwian,fuzzy_d1,1,SYZa1,Syme,conventional,False,ATA,ATAI*WAJA
wār-,WARA,water,luwian_agriculture_trade,luwian,fuzzy_d1,1,SYZa1,Syme,conventional,False,WAJA,ATAI*WAJA𐄁IDAMI
walā-,WALA,to die,luwian_verb,luwian,fuzzy_d1,1,SYZa1,Syme,conventional,False,WAJA,ATAI*WAJA𐄁IDAMI
tarri-,TARI,three,luwian_number,luwian,fuzzy_d1,1,SYZa1,Syme,conventional,False,TAI,ATAI*WAJA𐄁
-tari,TARI,middle voice 3sg [Mediopassive marker],luwian_suffix,luwian,fuzzy_d1,1,SYZa1,Syme,conventional,False,TAI,ATAI*WAJA𐄁
-war,WARA,verbal noun [Gerundive/verbal noun],luwian_suffix,luwian,fuzzy_d1,1,SYZa1,Syme,conventional,False,WAJA,ATAI*WAJA𐄁IDAMI
lada-,LATA,"wife, woman",lycian_kinship,lycian,fuzzy_d1,1,SYZa1,Syme,conventional,False,ATA,ATAI*WAJA
tbi-,TAPI,one (numeral '1'),lycian_number,lycian,fuzzy_d1,1,SYZa1,Syme,conventional,False,TAI,ATAI*WAJA𐄁
tri-,TARI,three,lycian_number,lycian,fuzzy_d1,1,SYZa1,Syme,conventional,False,TAI,ATAI*WAJA𐄁
atta-,ATTA,father,luwian_kinship,luwian,fuzzy_d1,1,SYZa2,Syme,conventional,False,ATA,ATAI*WAJA
nāna-,NANA,brother (?),luwian_kinship,luwian,fuzzy_d1,1,SYZa2,Syme,conventional,False,NAKA,UOLIVUNAKANASIOL
warwala-,WAWA,"seed, offspring",luwian_kinship,luwian,fuzzy_d1,1,SYZa2,Syme,conventional,False,WAJA,ATAI*WAJA𐄁JASUM
pata-,PATA,foot,luwian_body_parts,luwian,fuzzy_d1,1,SYZa2,Syme,conventional,False,ATA,ATAI*WAJA
gant-,KATA,tooth,luwian_body_parts,luwian,fuzzy_d1,1,SYZa2,Syme,conventional,False,KANA,LIVUNAKANASIOLEA
wār-,WARA,water,luwian_agriculture_trade,luwian,fuzzy_d1,1,SYZa2,Syme,conventional,False,WAJA,ATAI*WAJA𐄁JASUM
walā-,WALA,to die,luwian_verb,luwian,fuzzy_d1,1,SYZa2,Syme,conventional,False,WAJA,ATAI*WAJA𐄁JASUM
kuen-,KUNA,"to kill, strike",luwian_verb,luwian,fuzzy_d1,1,SYZa2,Syme,conventional,False,VUNA,ATUOLIVUNAKANASI
tarri-,TARI,three,luwian_number,luwian,fuzzy_d1,1,SYZa2,Syme,conventional,False,TAI,ATAI*WAJA𐄁
-tari,TARI,middle voice 3sg [Mediopassive marker],luwian_suffix,luwian,fuzzy_d1,1,SYZa2,Syme,conventional,False,TAI,ATAI*WAJA𐄁
-war,WARA,verbal noun [Gerundive/verbal noun],luwian_suffix,luwian,fuzzy_d1,1,SYZa2,Syme,conventional,False,WAJA,ATAI*WAJA𐄁JASUM
lada-,LATA,"wife, woman",lycian_kinship,lycian,fuzzy_d1,1,SYZa2,Syme,conventional,False,ATA,ATAI*WAJA
tbi-,TAPI,one (numeral '1'),lycian_number,lycian,fuzzy_d1,1,SYZa2,Syme,conventional,False,TAI,ATAI*WAJA𐄁
tri-,TARI,three,lycian_number,lycian,fuzzy_d1,1,SYZa2,Syme,conventional,False,TAI,ATAI*WAJA𐄁
atta-,ATTA,father,luwian_kinship,luwian,fuzzy_d1,1,SYZa3,Syme,conventional,False,ATA,ATAI*WAJA
nāna-,NANA,brother (?),luwian_kinship,luwian,fuzzy_d1,1,SYZa3,Syme,conventional,False,KANA,WAJASEKANASISIRU
warwala-,WAWA,"seed, offspring",luwian_kinship,luwian,fuzzy_d1,1,SYZa3,Syme,conventional,False,WAJA,ATAI*WAJASEKANA
pata-,PATA,foot,luwian_body_parts,luwian,fuzzy_d1,1,SYZa3,Syme,conventional,False,ATA,ATAI*WAJA
gant-,KATA,tooth,luwian_body_parts,luwian,fuzzy_d1,1,SYZa3,Syme,conventional,False,KANA,WAJASEKANASISIRU
wār-,WARA,water,luwian_agriculture_trade,luwian,fuzzy_d1,1,SYZa3,Syme,conventional,False,WAJA,ATAI*WAJASEKANA
temi-,TEMI,forest,luwian_nature,luwian,fuzzy_d1,1,SYZa3,Syme,conventional,False,TEMU,SISIRUTEMUTE
ziti-,SITI,"man, citizen",luwian_social_political,luwian,fuzzy_d1,1,SYZa3,Syme,conventional,False,SISI,SEKANASISIRUTEMU
walā-,WALA,to die,luwian_verb,luwian,fuzzy_d1,1,SYZa3,Syme,conventional,False,WAJA,ATAI*WAJASEKANA
kuen-,KUNA,"to kill, strike",luwian_verb,luwian,fuzzy_d1,1,SYZa3,Syme,conventional,False,KANA,WAJASEKANASISIRU
tarri-,TARI,three,luwian_number,luwian,fuzzy_d1,1,SYZa3,Syme,conventional,False,TAI,ATAI*WAJAS
-tari,TARI,middle voice 3sg [Mediopassive marker],luwian_suffix,luwian,fuzzy_d1,1,SYZa3,Syme,conventional,False,TAI,ATAI*WAJAS
-war,WARA,verbal noun [Gerundive/verbal noun],luwian_suffix,luwian,fuzzy_d1,1,SYZa3,Syme,conventional,False,WAJA,ATAI*WAJASEKANA
lada-,LATA,"wife, woman",lycian_kinship,lycian,fuzzy_d1,1,SYZa3,Syme,conventional,False,ATA,ATAI*WAJA
tbi-,TAPI,one (numeral '1'),lycian_number,lycian,fuzzy_d1,1,SYZa3,Syme,conventional,False,TAI,ATAI*WAJAS
tri-,TARI,three,lycian_number,lycian,fuzzy_d1,1,SYZa3,Syme,conventional,False,TAI,ATAI*WAJAS
atta-,ATTA,father,luwian_kinship,luwian,fuzzy_d1,1,SYZa4,Syme,conventional,False,ATA,ATAI*WAJA
warwala-,WAWA,"seed, offspring",luwian_kinship,luwian,fuzzy_d1,1,SYZa4,Syme,conventional,False,WAJA,ATAI*WAJA𐄁JAINW
pata-,PATA,foot,luwian_body_parts,luwian,fuzzy_d1,1,SYZa4,Syme,conventional,False,ATA,ATAI*WAJA
gant-,KATA,tooth,luwian_body_parts,luwian,fuzzy_d1,1,SYZa4,Syme,conventional,False,ATA,ATAI*WAJA
wār-,WARA,water,luwian_agriculture_trade,luwian,fuzzy_d1,1,SYZa4,Syme,conventional,False,WAJA,ATAI*WAJA𐄁JAINW
walā-,WALA,to die,luwian_verb,luwian,fuzzy_d1,1,SYZa4,Syme,conventional,False,WAJA,ATAI*WAJA𐄁JAINW
tarri-,TARI,three,luwian_number,luwian,fuzzy_d1,1,SYZa4,Syme,conventional,False,TAI,ATAI*WAJA𐄁
-tari,TARI,middle voice 3sg [Mediopassive marker],luwian_suffix,luwian,fuzzy_d1,1,SYZa4,Syme,conventional,False,TAI,ATAI*WAJA𐄁
-war,WARA,verbal noun [Gerundive/verbal noun],luwian_suffix,luwian,fuzzy_d1,1,SYZa4,Syme,conventional,False,WAJA,ATAI*WAJA𐄁JAINW
lada-,LATA,"wife, woman",lycian_kinship,lycian,fuzzy_d1,1,SYZa4,Syme,conventional,False,ATA,ATAI*WAJA
tbi-,TAPI,one (numeral '1'),lycian_number,lycian,fuzzy_d1,1,SYZa4,Syme,conventional,False,TAI,ATAI*WAJA𐄁
tri-,TARI,three,lycian_number,lycian,fuzzy_d1,1,SYZa4,Syme,conventional,False,TAI,ATAI*WAJA𐄁
warwala-,WAWA,"seed, offspring",luwian_kinship,luwian,fuzzy_d1,1,SYZa5,Syme,conventional,False,JAWA,"MIJA𐄁JAWAPA,NWA"
tawa-,TAWA,eye,luwian_body_parts,luwian,fuzzy_d1,1,SYZa5,Syme,conventional,False,JAWA,"MIJA𐄁JAWAPA,NWA"
wār-,WARA,water,luwian_agriculture_trade,luwian,fuzzy_d1,1,SYZa5,Syme,conventional,False,WAPA,"IJA𐄁JAWAPA,NWA𐝫"
piya-,PIJA,to give,luwian_verb,luwian,fuzzy_d1,1,SYZa5,Syme,conventional,True,MIJA,MIJA𐄁JAWAP
walā-,WALA,to die,luwian_verb,luwian,fuzzy_d1,1,SYZa5,Syme,conventional,False,WAPA,"IJA𐄁JAWAPA,NWA𐝫"
māwa-,MAWA,four,luwian_number,luwian,fuzzy_d1,1,SYZa5,Syme,conventional,False,JAWA,"MIJA𐄁JAWAPA,NWA"
*daw(a)-,TAWA,six (reconstructed),luwian_number,luwian,fuzzy_d1,1,SYZa5,Syme,conventional,False,JAWA,"MIJA𐄁JAWAPA,NWA"
-war,WARA,verbal noun [Gerundive/verbal noun],luwian_suffix,luwian,fuzzy_d1,1,SYZa5,Syme,conventional,False,WAPA,"IJA𐄁JAWAPA,NWA𐝫"
Aḫḫiyawa,AIJAWA,toponym: Aḫḫiyawa,toponym,anatolian,fuzzy_d1,1,SYZa5,Syme,conventional,False,A𐄁JAWA,"MIJA𐄁JAWAPA,NWA"
pddẽ-,PATE,place,lycian_agriculture_trade,lycian,fuzzy_d1,1,SYZa6,Syme,conventional,False,RATE,DASERATE
tese-,TESE,"oath, agreement",lycian_agriculture_trade,lycian,fuzzy_d1,1,SYZb7,Syme,conventional,False,SESE,RAKINISESE
atta-,ATTA,father,luwian_kinship,luwian,fuzzy_d1,1,SYZa8,Syme,conventional,False,ATA,ATAI*WAJA
warwala-,WAWA,"seed, offspring",luwian_kinship,luwian,fuzzy_d1,1,SYZa8,Syme,conventional,False,WAJA,ATAI*WAJA𐄁JAJA𐝫
pata-,PATA,foot,luwian_body_parts,luwian,fuzzy_d1,1,SYZa8,Syme,conventional,False,ATA,ATAI*WAJA
gant-,KATA,tooth,luwian_body_parts,luwian,fuzzy_d1,1,SYZa8,Syme,conventional,False,ATA,ATAI*WAJA
wār-,WARA,water,luwian_agriculture_trade,luwian,fuzzy_d1,1,SYZa8,Syme,conventional,False,WAJA,ATAI*WAJA𐄁JAJA𐝫
walā-,WALA,to die,luwian_verb,luwian,fuzzy_d1,1,SYZa8,Syme,conventional,False,WAJA,ATAI*WAJA𐄁JAJA𐝫
tarri-,TARI,three,luwian_number,luwian,fuzzy_d1,1,SYZa8,Syme,conventional,False,TAI,ATAI*WAJA𐄁
-tari,TARI,middle voice 3sg [Mediopassive marker],luwian_suffix,luwian,fuzzy_d1,1,SYZa8,Syme,conventional,False,TAI,ATAI*WAJA𐄁
-war,WARA,verbal noun [Gerundive/verbal noun],luwian_suffix,luwian,fuzzy_d1,1,SYZa8,Syme,conventional,False,WAJA,ATAI*WAJA𐄁JAJA𐝫
lada-,LATA,"wife, woman",lycian_kinship,lycian,fuzzy_d1,1,SYZa8,Syme,conventional,False,ATA,ATAI*WAJA
tbi-,TAPI,one (numeral '1'),lycian_number,lycian,fuzzy_d1,1,SYZa8,Syme,conventional,False,TAI,ATAI*WAJA𐄁
tri-,TARI,three,lycian_number,lycian,fuzzy_d1,1,SYZa8,Syme,conventional,False,TAI,ATAI*WAJA𐄁
pata-,PATA,foot,luwian_body_parts,luwian,fuzzy_d1,1,SYZa9,Syme,conventional,False,PARA,JAPARAJASE
wār-,WARA,water,luwian_agriculture_trade,luwian,fuzzy_d1,1,SYZa9,Syme,conventional,False,PARA,JAPARAJASE
parna-,PARANA,house,luwian_agriculture_trade,luwian,fuzzy_d1,1,SYZa9,Syme,conventional,False,PARAJA,JAPARAJASE
tapar-,TAPARA,"to rule, govern",luwian_agriculture_trade,luwian,fuzzy_d1,1,SYZa9,Syme,conventional,False,JAPARA,JAPARAJASE
tār-,TARA,tree/wood,luwian_nature,luwian,fuzzy_d1,1,SYZa9,Syme,conventional,False,PARA,JAPARAJASE
arma-,ARAMA,moon,luwian_nature,luwian,fuzzy_d1,1,SYZa9,Syme,conventional,False,ARAJA,JAPARAJASE
-war,WARA,verbal noun [Gerundive/verbal noun],luwian_suffix,luwian,fuzzy_d1,1,SYZa9,Syme,conventional,False,PARA,JAPARAJASE
prñna-,PARANA,"house, building",lycian_agriculture_trade,lycian,fuzzy_d1,1,SYZa9,Syme,conventional,False,PARAJA,JAPARAJASE
Apasa,APASA,toponym: Apasa,toponym,anatolian,fuzzy_d1,1,SYZa9,Syme,conventional,False,APARA,JAPARAJASE
ḫašta-,ASATA,bone,luwian_body_parts,luwian,fuzzy_d1,1,SYZa10,Syme,conventional,False,ASARA,QASARAKU
ēšḫar-,ESARA,blood,luwian_body_parts,luwian,fuzzy_d1,1,SYZa10,Syme,conventional,False,ASARA,QASARAKU
wār-,WARA,water,luwian_agriculture_trade,luwian,fuzzy_d1,1,SYZa10,Syme,conventional,False,SARA,QASARAKU
tār-,TARA,tree/wood,luwian_nature,luwian,fuzzy_d1,1,SYZa10,Syme,conventional,False,SARA,QASARAKU
ḫašt-,ASATA,"star, bone (dual meaning)",luwian_nature,luwian,fuzzy_d1,1,SYZa10,Syme,conventional,False,ASARA,QASARAKU
pānkʷ-,PAKU,five,luwian_number,luwian,fuzzy_d1,1,SYZa10,Syme,conventional,False,RAKU,QASARAKU
*ašta-,ASATA,eight (reconstructed),luwian_number,luwian,fuzzy_d1,1,SYZa10,Syme,conventional,False,ASARA,QASARAKU
-šša-,SASA,"iterative/durative [Verbal suffix, also in toponyms]",luwian_suffix,luwian,fuzzy_d1,1,SYZa10,Syme,conventional,False,QASA,QASARAKU
-war,WARA,verbal noun [Gerundive/verbal noun],luwian_suffix,luwian,fuzzy_d1,1,SYZa10,Syme,conventional,False,SARA,QASARAKU
-ašša-,ASASA,genitival adjective [Very important for toponyms: -assos/-assa],luwian_suffix,luwian,fuzzy_d1,1,SYZa10,Syme,conventional,False,ASARA,QASARAKU
pddẽ-,PATE,place,lycian_agriculture_trade,lycian,fuzzy_d1,1,TELZb1,Tel Haror,conventional,False,WATE,MU≈WATE≈NI
temi-,TEMI,forest,luwian_nature,luwian,fuzzy_d1,1,THEtab.5,Thera,conventional,False,TEME,𐄁TEMEDAI𐝫
tede-,TETE,father,lycian_kinship,lycian,fuzzy_d1,1,THEtab.5,Thera,conventional,False,TEME,𐄁TEMEDAI𐝫
tese-,TESE,"oath, agreement",lycian_agriculture_trade,lycian,fuzzy_d1,1,THEtab.5,Thera,conventional,False,TEME,𐄁TEMEDAI𐝫
ziti-,SITI,"man, citizen",luwian_social_political,luwian,fuzzy_d1,1,THEZb1,Thera,conventional,False,SINI,SINIPU𐝫
nāna-,NANA,brother (?),luwian_kinship,luwian,fuzzy_d1,1,THEZb2,Thera,conventional,False,SANA,ARESANA
ēšḫar-,ESARA,blood,luwian_body_parts,luwian,fuzzy_d1,1,THEZb2,Thera,conventional,False,ESANA,ARESANA
-šša-,SASA,"iterative/durative [Verbal suffix, also in toponyms]",luwian_suffix,luwian,fuzzy_d1,1,THEZb2,Thera,conventional,False,SANA,ARESANA
zida-,ZITA,"man, male",luwian_kinship,luwian,fuzzy_d1,1,THEZg5,Thera,conventional,False,ZOTA,MAPU*ZOTA
gant-,KATA,tooth,luwian_body_parts,luwian,fuzzy_d1,1,THEZb13,Thera,conventional,True,KAA,QIKAASITETE
ziti-,SITI,"man, citizen",luwian_social_political,luwian,fuzzy_d1,1,THEZb13,Thera,conventional,False,SITE,QIKAASITETE𐄙𐄑
tese-,TESE,"oath, agreement",lycian_agriculture_trade,lycian,fuzzy_d1,1,THEZb13,Thera,conventional,False,TETE,IKAASITETE𐄙𐄑
atta-,ATTA,father,luwian_kinship,luwian,fuzzy_d1,1,TLZa1,Troullos,conventional,False,ATA,ATAI*WAJA
nāna-,NANA,brother (?),luwian_kinship,luwian,fuzzy_d1,1,TLZa1,Troullos,conventional,False,NAKA,RAME𐄁UNAKANAIPIN
warwala-,WAWA,"seed, offspring",luwian_kinship,luwian,fuzzy_d1,1,TLZa1,Troullos,conventional,False,WAJA,ATAI*WAJA𐄁OSUQA
pata-,PATA,foot,luwian_body_parts,luwian,fuzzy_d1,1,TLZa1,Troullos,conventional,False,ATA,ATAI*WAJA
ḫašta-,ASATA,bone,luwian_body_parts,luwian,fuzzy_d1,1,TLZa1,Troullos,conventional,False,ASASA,QARE𐄁JASASARAME𐄁U
ēšḫar-,ESARA,blood,luwian_body_parts,luwian,fuzzy_d1,1,TLZa1,Troullos,conventional,False,ASARA,RE𐄁JASASARAME𐄁UNA
gant-,KATA,tooth,luwian_body_parts,luwian,fuzzy_d1,1,TLZa1,Troullos,conventional,False,KANA,ME𐄁UNAKANAIPINAM
wār-,WARA,water,luwian_agriculture_trade,luwian,fuzzy_d1,1,TLZa1,Troullos,conventional,False,WAJA,ATAI*WAJA𐄁OSUQA
tār-,TARA,tree/wood,luwian_nature,luwian,fuzzy_d1,1,TLZa1,Troullos,conventional,False,SARA,E𐄁JASASARAME𐄁UNA
temi-,TEMI,forest,luwian_nature,luwian,fuzzy_d1,1,TLZa1,Troullos,conventional,False,TEMU,MASIRUTEMU𐝫TE
arma-,ARAMA,moon,luwian_nature,luwian,fuzzy_d1,1,TLZa1,Troullos,conventional,False,ARAME,𐄁JASASARAME𐄁UNAKA
ḫašt-,ASATA,"star, bone (dual meaning)",luwian_nature,luwian,fuzzy_d1,1,TLZa1,Troullos,conventional,False,ASASA,QARE𐄁JASASARAME𐄁U
piya-,PIJA,to give,luwian_verb,luwian,fuzzy_d1,1,TLZa1,Troullos,conventional,False,PINA,AKANAIPINAMASIRU
walā-,WALA,to die,luwian_verb,luwian,fuzzy_d1,1,TLZa1,Troullos,conventional,False,WAJA,ATAI*WAJA𐄁OSUQA
kuen-,KUNA,"to kill, strike",luwian_verb,luwian,fuzzy_d1,1,TLZa1,Troullos,conventional,False,𐄁UNA,SARAME𐄁UNAKANAIP
malli-,MALI,to grind,luwian_verb,luwian,fuzzy_d1,1,TLZa1,Troullos,conventional,False,MASI,AIPINAMASIRUTEMU
tarri-,TARI,three,luwian_number,luwian,fuzzy_d1,1,TLZa1,Troullos,conventional,False,TAI,ATAI*WAJA𐄁
*ašta-,ASATA,eight (reconstructed),luwian_number,luwian,fuzzy_d1,1,TLZa1,Troullos,conventional,False,ASASA,QARE𐄁JASASARAME𐄁U
-tari,TARI,middle voice 3sg [Mediopassive marker],luwian_suffix,luwian,fuzzy_d1,1,TLZa1,Troullos,conventional,False,TAI,ATAI*WAJA𐄁
-war,WARA,verbal noun [Gerundive/verbal noun],luwian_suffix,luwian,fuzzy_d1,1,TLZa1,Troullos,conventional,False,WAJA,ATAI*WAJA𐄁OSUQA
lada-,LATA,"wife, woman",lycian_kinship,lycian,fuzzy_d1,1,TLZa1,Troullos,conventional,False,ATA,ATAI*WAJA
tbi-,TAPI,one (numeral '1'),lycian_number,lycian,fuzzy_d1,1,TLZa1,Troullos,conventional,False,TAI,ATAI*WAJA𐄁
tri-,TARI,three,lycian_number,lycian,fuzzy_d1,1,TLZa1,Troullos,conventional,False,TAI,ATAI*WAJA𐄁
Apasa,APASA,toponym: Apasa,toponym,anatolian,fuzzy_d1,1,TLZa1,Troullos,conventional,False,ASASA,QARE𐄁JASASARAME𐄁U
zida-,ZITA,"man, male",luwian_kinship,luwian,fuzzy_d1,1,TROZg1,Troy,conventional,False,MITA,PIMITATIRA
tār-,TARA,tree/wood,luwian_nature,luwian,fuzzy_d1,1,TROZg1,Troy,conventional,False,TIRA,PIMITATIRA
tarri-,TARI,three,luwian_number,luwian,fuzzy_d1,1,TROZg1,Troy,conventional,False,TATI,PIMITATIRA
-tari,TARI,middle voice 3sg [Mediopassive marker],luwian_suffix,luwian,fuzzy_d1,1,TROZg1,Troy,conventional,False,TATI,PIMITATIRA
tura-,TURA,"land, earth",lycian_nature,lycian,fuzzy_d1,1,TROZg1,Troy,conventional,False,TIRA,PIMITATIRA
tbi-,TAPI,one (numeral '1'),lycian_number,lycian,fuzzy_d1,1,TROZg1,Troy,conventional,False,TATI,PIMITATIRA
tri-,TARI,three,lycian_number,lycian,fuzzy_d1,1,TROZg1,Troy,conventional,False,TATI,PIMITATIRA
zida-,ZITA,"man, male",luwian_kinship,luwian,fuzzy_d1,1,TROZg2,Troy,conventional,False,MITA,DUMITATIRA
tār-,TARA,tree/wood,luwian_nature,luwian,fuzzy_d1,1,TROZg2,Troy,conventional,False,TIRA,DUMITATIRA
tarri-,TARI,three,luwian_number,luwian,fuzzy_d1,1,TROZg2,Troy,conventional,False,TATI,DUMITATIRA
-tari,TARI,middle voice 3sg [Mediopassive marker],luwian_suffix,luwian,fuzzy_d1,1,TROZg2,Troy,conventional,False,TATI,DUMITATIRA
tura-,TURA,"land, earth",lycian_nature,lycian,fuzzy_d1,1,TROZg2,Troy,conventional,False,TIRA,DUMITATIRA
tbi-,TAPI,one (numeral '1'),lycian_number,lycian,fuzzy_d1,1,TROZg2,Troy,conventional,False,TATI,DUMITATIRA
tri-,TARI,three,lycian_number,lycian,fuzzy_d1,1,TROZg2,Troy,conventional,False,TATI,DUMITATIRA
temi-,TEMI,forest,luwian_nature,luwian,fuzzy_d1,1,TRYZb1,Trypiti,conventional,True,NEMI,NEMI≈MINE𐝫
pata-,PATA,foot,luwian_body_parts,luwian,fuzzy_d1,1,TY2,Tylissos,conventional,False,PADA,BKI*DAPADARUJUKI
Apasa,APASA,toponym: Apasa,toponym,anatolian,fuzzy_d1,1,TY2,Tylissos,conventional,False,APADA,*BKI*DAPADARUJUKI
atta-,ATTA,father,luwian_kinship,luwian,fuzzy_d1,1,TY3a,Tylissos,conventional,False,ATA,LE+TU—ATAJA𐝫𐝫𐄋𐄇
pata-,PATA,foot,luwian_body_parts,luwian,fuzzy_d1,1,TY3a,Tylissos,conventional,False,—ATA,OLE+TU—ATAJA𐝫𐝫𐄋𐄇
tawa-,TAWA,eye,luwian_body_parts,luwian,fuzzy_d1,1,TY3a,Tylissos,conventional,False,TAJA,E+TU—ATAJA𐝫𐝫𐄋𐄇—
gant-,KATA,tooth,luwian_body_parts,luwian,fuzzy_d1,1,TY3a,Tylissos,conventional,False,—ATA,OLE+TU—ATAJA𐝫𐝫𐄋𐄇
tār-,TARA,tree/wood,luwian_nature,luwian,fuzzy_d1,1,TY3a,Tylissos,conventional,False,TAJA,E+TU—ATAJA𐝫𐝫𐄋𐄇—
tūwa-,TUWA,"to put, place",luwian_verb,luwian,fuzzy_d1,1,TY3a,Tylissos,conventional,False,TU—A,KIOLE+TU—ATAJA𐝫𐝫
tuwā-,TUWA,to look at,luwian_verb,luwian,fuzzy_d1,1,TY3a,Tylissos,conventional,False,TU—A,KIOLE+TU—ATAJA𐝫𐝫
tuw(a)-,TUWA,two,luwian_number,luwian,fuzzy_d1,1,TY3a,Tylissos,conventional,False,TU—A,KIOLE+TU—ATAJA𐝫𐝫
*daw(a)-,TAWA,six (reconstructed),luwian_number,luwian,fuzzy_d1,1,TY3a,Tylissos,conventional,False,TAJA,E+TU—ATAJA𐝫𐝫𐄋𐄇—
lada-,LATA,"wife, woman",lycian_kinship,lycian,fuzzy_d1,1,TY3a,Tylissos,conventional,False,—ATA,OLE+TU—ATAJA𐝫𐝫𐄋𐄇
tura-,TURA,"land, earth",lycian_nature,lycian,fuzzy_d1,1,TY3a,Tylissos,conventional,False,TU—A,KIOLE+TU—ATAJA𐝫𐝫
zida-,ZITA,"man, male",luwian_kinship,luwian,fuzzy_d1,1,TYZb4,Tylissos,conventional,False,KITA,A*KITAA
tawa-,TAWA,eye,luwian_body_parts,luwian,fuzzy_d1,1,TYZb4,Tylissos,conventional,False,TAA,A*KITAA
gant-,KATA,tooth,luwian_body_parts,luwian,fuzzy_d1,1,TYZb4,Tylissos,conventional,False,KITA,A*KITAA
tār-,TARA,tree/wood,luwian_nature,luwian,fuzzy_d1,1,TYZb4,Tylissos,conventional,False,TAA,A*KITAA
*daw(a)-,TAWA,six (reconstructed),luwian_number,luwian,fuzzy_d1,1,TYZb4,Tylissos,conventional,False,TAA,A*KITAA
aruna-,ARUNA,sea,luwian_nature,luwian,fuzzy_d1,1,TYZg1,Tylissos,conventional,False,ARUAA,MARUAA
nāna-,NANA,brother (?),luwian_kinship,luwian,fuzzy_d1,1,VRYZa1,Vrysinas,conventional,False,NAMA,IPINAMARUTE𐄁𐄁
piya-,PIJA,to give,luwian_verb,luwian,fuzzy_d1,1,VRYZa1,Vrysinas,conventional,False,PINA,IPINAMARUTE
temi-,TEMI,forest,luwian_nature,luwian,fuzzy_d1,1,ZA1b,Zakros,conventional,False,EMI,EMIGRA𐝫𐄍𐝫
pata-,PATA,foot,luwian_body_parts,luwian,fuzzy_d1,1,ZA4a,Zakros,conventional,False,PATU,AARUJAPATUMESEQE
temi-,TEMI,forest,luwian_nature,luwian,fuzzy_d1,1,ZA4a,Zakros,conventional,False,TEDI,"AKI𐄔,PTEDI𐄉"
aruna-,ARUNA,sea,luwian_nature,luwian,fuzzy_d1,1,ZA4a,Zakros,conventional,False,ARUJA,JATOJAARUJAPATUME
pānkʷ-,PAKU,five,luwian_number,luwian,fuzzy_d1,1,ZA4a,Zakros,conventional,False,PATU,AARUJAPATUMESEQE
pddẽ-,PATE,place,lycian_agriculture_trade,lycian,fuzzy_d1,1,ZA4a,Zakros,conventional,True,PATU,AARUJAPATUMESEQE
tese-,TESE,"oath, agreement",lycian_agriculture_trade,lycian,fuzzy_d1,1,ZA4a,Zakros,conventional,False,MESE,JAPATUMESEQESIZU
kbi-,KAPI,two (numeral '2'),lycian_number,lycian,fuzzy_d1,1,ZA4a,Zakros,conventional,False,KADI,"EPIKIEKADI𐄉JO,PA"
atta-,ATTA,father,luwian_kinship,luwian,fuzzy_d1,1,ZA5a,Zakros,conventional,False,AOTA,UKINIMAOTANIZASE
tarri-,TARI,three,luwian_number,luwian,fuzzy_d1,1,ZA5a,Zakros,conventional,False,TANI,INIMAOTANIZASESA
-šša-,SASA,"iterative/durative [Verbal suffix, also in toponyms]",luwian_suffix,luwian,fuzzy_d1,1,ZA5a,Zakros,conventional,False,SESA,TANIZASESAMIDAE𐝫
-tari,TARI,middle voice 3sg [Mediopassive marker],luwian_suffix,luwian,fuzzy_d1,1,ZA5a,Zakros,conventional,False,TANI,INIMAOTANIZASESA
-ašša-,ASASA,genitival adjective [Very important for toponyms: -assos/-assa],luwian_suffix,luwian,fuzzy_d1,1,ZA5a,Zakros,conventional,False,ASESA,OTANIZASESAMIDAE𐝫
tbi-,TAPI,one (numeral '1'),lycian_number,lycian,fuzzy_d1,1,ZA5a,Zakros,conventional,False,TANI,INIMAOTANIZASESA
tri-,TARI,three,lycian_number,lycian,fuzzy_d1,1,ZA5a,Zakros,conventional,False,TANI,INIMAOTANIZASESA
atta-,ATTA,father,luwian_kinship,luwian,fuzzy_d1,1,ZA5b,Zakros,conventional,False,AITA,IKIMAKAITA
zida-,ZITA,"man, male",luwian_kinship,luwian,fuzzy_d1,1,ZA5b,Zakros,conventional,False,AITA,IKIMAKAITA
gant-,KATA,tooth,luwian_body_parts,luwian,fuzzy_d1,1,ZA5b,Zakros,conventional,False,KAITA,PIKIMAKAITA
immara-,IMARA,"field, open country",luwian_agriculture_trade,luwian,fuzzy_d1,1,ZA5b,Zakros,conventional,False,IMAKA,ESIPIKIMAKAITA
ziti-,SITI,"man, citizen",luwian_social_political,luwian,fuzzy_d1,1,ZA5b,Zakros,conventional,False,SIPI,NUMARESIPIKIMAKA
malā-,MALA,to think,luwian_verb,luwian,fuzzy_d1,1,ZA5b,Zakros,conventional,False,MAKA,SIPIKIMAKAITA
māwa-,MAWA,four,luwian_number,luwian,fuzzy_d1,1,ZA5b,Zakros,conventional,False,MAKA,SIPIKIMAKAITA
kbi-,KAPI,two (numeral '2'),lycian_number,lycian,fuzzy_d1,1,ZA5b,Zakros,conventional,False,KAI,PIKIMAKAITA
nāna-,NANA,brother (?),luwian_kinship,luwian,fuzzy_d1,1,ZA6a,Zakros,conventional,False,WANA,*WANA*JUTEM
warwala-,WAWA,"seed, offspring",luwian_kinship,luwian,fuzzy_d1,1,ZA6a,Zakros,conventional,False,WANA,*WANA*JUTEM
wār-,WARA,water,luwian_agriculture_trade,luwian,fuzzy_d1,1,ZA6a,Zakros,conventional,False,WANA,*WANA*JUTEM
walā-,WALA,to die,luwian_verb,luwian,fuzzy_d1,1,ZA6a,Zakros,conventional,False,WANA,*WANA*JUTEM
-war,WARA,verbal noun [Gerundive/verbal noun],luwian_suffix,luwian,fuzzy_d1,1,ZA6a,Zakros,conventional,False,WANA,*WANA*JUTEM
tura-,TURA,"land, earth",lycian_nature,lycian,fuzzy_d1,1,ZA6a,Zakros,conventional,True,PURA,EOLIVIPURAGRA+PA
atta-,ATTA,father,luwian_kinship,luwian,fuzzy_d1,1,ZA7a,Zakros,conventional,False,ATUA,UJUARATUARETUMI
wār-,WARA,water,luwian_agriculture_trade,luwian,fuzzy_d1,1,ZA7a,Zakros,conventional,False,UARA,UJUARATUARET
tār-,TARA,tree/wood,luwian_nature,luwian,fuzzy_d1,1,ZA7a,Zakros,conventional,False,UARA,UJUARATUARET
temi-,TEMI,forest,luwian_nature,luwian,fuzzy_d1,1,ZA7a,Zakros,conventional,False,TUMI,ATUARETUMI𐝫
tūwa-,TUWA,"to put, place",luwian_verb,luwian,fuzzy_d1,1,ZA7a,Zakros,conventional,False,TUA,UJUARATUARETUMI
tuwā-,TUWA,to look at,luwian_verb,luwian,fuzzy_d1,1,ZA7a,Zakros,conventional,False,TUA,UJUARATUARETUMI
tuw(a)-,TUWA,two,luwian_number,luwian,fuzzy_d1,1,ZA7a,Zakros,conventional,False,TUA,UJUARATUARETUMI
-war,WARA,verbal noun [Gerundive/verbal noun],luwian_suffix,luwian,fuzzy_d1,1,ZA7a,Zakros,conventional,False,UARA,UJUARATUARET
tura-,TURA,"land, earth",lycian_nature,lycian,fuzzy_d1,1,ZA7a,Zakros,conventional,False,TUA,UJUARATUARETUMI
Ḫattuša,ATUSA,toponym: Ḫattuša,toponym,anatolian,fuzzy_d1,1,ZA7a,Zakros,conventional,False,ATUA,UJUARATUARETUMI
atta-,ATTA,father,luwian_kinship,luwian,fuzzy_d1,1,ZA8,Zakros,conventional,False,ATA,KIRA𐄁ATARE𐄁NIK
zida-,ZITA,"man, male",luwian_kinship,luwian,fuzzy_d1,1,ZA8,Zakros,conventional,False,NITA,OREARINITANUMAPA
pata-,PATA,foot,luwian_body_parts,luwian,fuzzy_d1,1,ZA8,Zakros,conventional,False,𐄁ATA,KIRA𐄁ATARE𐄁NIK
ḫašta-,ASATA,bone,luwian_body_parts,luwian,fuzzy_d1,1,ZA8,Zakros,conventional,False,A𐄁ATA,KIRA𐄁ATARE𐄁NIK
gant-,KATA,tooth,luwian_body_parts,luwian,fuzzy_d1,1,ZA8,Zakros,conventional,False,𐄁ATA,KIRA𐄁ATARE𐄁NIK
tār-,TARA,tree/wood,luwian_nature,luwian,fuzzy_d1,1,ZA8,Zakros,conventional,False,TARE,KIRA𐄁ATARE𐄁NIKUT
ḫašt-,ASATA,"star, bone (dual meaning)",luwian_nature,luwian,fuzzy_d1,1,ZA8,Zakros,conventional,False,A𐄁ATA,KIRA𐄁ATARE𐄁NIK
arinniti-,ARINITI,Sun-goddess of Arinna,luwian_deities_divine,luwian,fuzzy_d1,1,ZA8,Zakros,conventional,False,ARINITA,TUKOREARINITANUMAPA
malā-,MALA,to think,luwian_verb,luwian,fuzzy_d1,1,ZA8,Zakros,conventional,False,MAPA,NITANUMAPA¹⁄ISE𐝃
tarri-,TARI,three,luwian_number,luwian,fuzzy_d1,1,ZA8,Zakros,conventional,False,TARE,KIRA𐄁ATARE𐄁NIKUT
māwa-,MAWA,four,luwian_number,luwian,fuzzy_d1,1,ZA8,Zakros,conventional,False,MAPA,NITANUMAPA¹⁄ISE𐝃
*ašta-,ASATA,eight (reconstructed),luwian_number,luwian,fuzzy_d1,1,ZA8,Zakros,conventional,False,A𐄁ATA,KIRA𐄁ATARE𐄁NIK
-tari,TARI,middle voice 3sg [Mediopassive marker],luwian_suffix,luwian,fuzzy_d1,1,ZA8,Zakros,conventional,False,TARE,KIRA𐄁ATARE𐄁NIKUT
-anda-,ANATA,gerundive/place [Very important for toponyms: -anda],luwian_suffix,luwian,fuzzy_d1,1,ZA8,Zakros,conventional,False,A𐄁ATA,KIRA𐄁ATARE𐄁NIK
lada-,LATA,"wife, woman",lycian_kinship,lycian,fuzzy_d1,1,ZA8,Zakros,conventional,False,𐄁ATA,KIRA𐄁ATARE𐄁NIK
arina-,ARINA,"spring, water source",lycian_agriculture_trade,lycian,fuzzy_d1,1,ZA8,Zakros,conventional,False,ARINI,TUKOREARINITANUMA
arina-,ARINA,"spring, source",lycian_nature,lycian,fuzzy_d1,1,ZA8,Zakros,conventional,False,ARINI,TUKOREARINITANUMA
tri-,TARI,three,lycian_number,lycian,fuzzy_d1,1,ZA8,Zakros,conventional,False,TARE,KIRA𐄁ATARE𐄁NIKUT
Arinna,ARINA,toponym: Arinna,toponym,anatolian,fuzzy_d1,1,ZA8,Zakros,conventional,False,ARINI,TUKOREARINITANUMA
atta-,ATTA,father,luwian_kinship,luwian,fuzzy_d1,1,ZA9,Zakros,conventional,False,ATA,IQI+SIATA𐄁QI+SI
pata-,PATA,foot,luwian_body_parts,luwian,fuzzy_d1,1,ZA9,Zakros,conventional,False,IATA,SIQI+SIATA𐄁QI+SI
gant-,KATA,tooth,luwian_body_parts,luwian,fuzzy_d1,1,ZA9,Zakros,conventional,False,IATA,SIQI+SIATA𐄁QI+SI
wār-,WARA,water,luwian_agriculture_trade,luwian,fuzzy_d1,1,ZA9,Zakros,conventional,True,WIRA,I𐄁MAJUWIRAREMITE
temi-,TEMI,forest,luwian_nature,luwian,fuzzy_d1,1,ZA9,Zakros,conventional,False,REMI,JUWIRAREMITE*FTI
šiwat-,SIWATA,sun/day,luwian_nature,luwian,fuzzy_d1,1,ZA9,Zakros,conventional,False,SIATA,ASIQI+SIATA𐄁QI+SI
ziti-,SITI,"man, citizen",luwian_social_political,luwian,fuzzy_d1,1,ZA9,Zakros,conventional,True,SIQI,UTI𐄁RASIQI+SIATA
išta-,ISATA,to hear,luwian_verb,luwian,fuzzy_d1,1,ZA9,Zakros,conventional,False,IATA,SIQI+SIATA𐄁QI+SI
-war,WARA,verbal noun [Gerundive/verbal noun],luwian_suffix,luwian,fuzzy_d1,1,ZA9,Zakros,conventional,True,WIRA,I𐄁MAJUWIRAREMITE
tede-,TETE,father,lycian_kinship,lycian,fuzzy_d1,1,ZA9,Zakros,conventional,False,NETE,TE*FTINETEZO𐄇
lada-,LATA,"wife, woman",lycian_kinship,lycian,fuzzy_d1,1,ZA9,Zakros,conventional,False,IATA,SIQI+SIATA𐄁QI+SI
izre-,ISARE,hand,lycian_body_parts,lycian,fuzzy_d1,1,ZA9,Zakros,conventional,False,IRARE,𐄁MAJUWIRAREMITE*F
atta-,ATTA,father,luwian_kinship,luwian,fuzzy_d1,1,ZA10a,Zakros,conventional,False,ATA,AKUMINATANATEMI
nāna-,NANA,brother (?),luwian_kinship,luwian,fuzzy_d1,1,ZA10a,Zakros,conventional,False,TANA,TANATEPAKU
zida-,ZITA,"man, male",luwian_kinship,luwian,fuzzy_d1,1,ZA10a,Zakros,conventional,False,PITA,UMINAIPITAREZASE
pata-,PATA,foot,luwian_body_parts,luwian,fuzzy_d1,1,ZA10a,Zakros,conventional,False,NATA,PAKUMINATANATEMI
tawa-,TAWA,eye,luwian_body_parts,luwian,fuzzy_d1,1,ZA10a,Zakros,conventional,False,TANA,TANATEPAKU
gant-,KATA,tooth,luwian_body_parts,luwian,fuzzy_d1,1,ZA10a,Zakros,conventional,False,NATA,PAKUMINATANATEMI
tār-,TARA,tree/wood,luwian_nature,luwian,fuzzy_d1,1,ZA10a,Zakros,conventional,False,TANA,TANATEPAKU
piya-,PIJA,to give,luwian_verb,luwian,fuzzy_d1,1,ZA10a,Zakros,conventional,False,PITA,UMINAIPITAREZASE
išta-,ISATA,to hear,luwian_verb,luwian,fuzzy_d1,1,ZA10a,Zakros,conventional,False,INATA,EPAKUMINATANATEMI
tarri-,TARI,three,luwian_number,luwian,fuzzy_d1,1,ZA10a,Zakros,conventional,False,TARE,INAIPITAREZASE𐄈
*daw(a)-,TAWA,six (reconstructed),luwian_number,luwian,fuzzy_d1,1,ZA10a,Zakros,conventional,False,TANA,TANATEPAKU
-tari,TARI,middle voice 3sg [Mediopassive marker],luwian_suffix,luwian,fuzzy_d1,1,ZA10a,Zakros,conventional,False,TARE,INAIPITAREZASE𐄈
-anda-,ANATA,gerundive/place [Very important for toponyms: -anda],luwian_suffix,luwian,fuzzy_d1,1,ZA10a,Zakros,conventional,False,ANATE,TANATEPAKUMI
lada-,LATA,"wife, woman",lycian_kinship,lycian,fuzzy_d1,1,ZA10a,Zakros,conventional,False,NATA,PAKUMINATANATEMI
izre-,ISARE,hand,lycian_body_parts,lycian,fuzzy_d1,1,ZA10a,Zakros,conventional,False,ITARE,MINAIPITAREZASE𐄈
pddẽ-,PATE,place,lycian_agriculture_trade,lycian,fuzzy_d1,1,ZA10a,Zakros,conventional,False,NATE,TANATEPAKUMI
natr-,NATARA,reeds,lycian_nature,lycian,fuzzy_d1,1,ZA10a,Zakros,conventional,False,NATANA,PAKUMINATANATEMIDA
tri-,TARI,three,lycian_number,lycian,fuzzy_d1,1,ZA10a,Zakros,conventional,False,TARE,INAIPITAREZASE𐄈
zida-,ZITA,"man, male",luwian_kinship,luwian,fuzzy_d1,1,ZA10b,Zakros,conventional,False,MITA,MAADEAMITARARORE
pata-,PATA,foot,luwian_body_parts,luwian,fuzzy_d1,1,ZA10b,Zakros,conventional,False,PAJA,RAROREPAJAREKAKU
ēšḫar-,ESARA,blood,luwian_body_parts,luwian,fuzzy_d1,1,ZA10b,Zakros,conventional,False,ESAMA,AKIDETESAMAADEAMI
tawa-,TAWA,eye,luwian_body_parts,luwian,fuzzy_d1,1,ZA10b,Zakros,conventional,False,TARA,ADEAMITARAROREPA
wār-,WARA,water,luwian_agriculture_trade,luwian,fuzzy_d1,1,ZA10b,Zakros,conventional,False,TARA,ADEAMITARAROREPA
immara-,IMARA,"field, open country",luwian_agriculture_trade,luwian,fuzzy_d1,1,ZA10b,Zakros,conventional,False,ITARA,AADEAMITARAROREPA
arma-,ARAMA,moon,luwian_nature,luwian,fuzzy_d1,1,ZA10b,Zakros,conventional,False,AZAMA,E*BU*MAZAMAKIDETE
piya-,PIJA,to give,luwian_verb,luwian,fuzzy_d1,1,ZA10b,Zakros,conventional,False,PAJA,RAROREPAJAREKAKU
kuen-,KUNA,"to kill, strike",luwian_verb,luwian,fuzzy_d1,1,ZA10b,Zakros,conventional,True,KUNE,JAREKAKUNETETADU
malli-,MALI,to grind,luwian_verb,luwian,fuzzy_d1,1,ZA10b,Zakros,conventional,False,MAKI,U*MAZAMAKIDETESA
malā-,MALA,to think,luwian_verb,luwian,fuzzy_d1,1,ZA10b,Zakros,conventional,False,MAZA,SE*BU*MAZAMAKIDE
tarri-,TARI,three,luwian_number,luwian,fuzzy_d1,1,ZA10b,Zakros,conventional,False,TARA,ADEAMITARAROREPA
māwa-,MAWA,four,luwian_number,luwian,fuzzy_d1,1,ZA10b,Zakros,conventional,False,MAZA,SE*BU*MAZAMAKIDE
pānkʷ-,PAKU,five,luwian_number,luwian,fuzzy_d1,1,ZA10b,Zakros,conventional,True,KAKU,PAJAREKAKUNETETA
*daw(a)-,TAWA,six (reconstructed),luwian_number,luwian,fuzzy_d1,1,ZA10b,Zakros,conventional,False,TARA,ADEAMITARAROREPA
-šša-,SASA,"iterative/durative [Verbal suffix, also in toponyms]",luwian_suffix,luwian,fuzzy_d1,1,ZA10b,Zakros,conventional,False,SAMA,KIDETESAMAADEAMI
-tari,TARI,middle voice 3sg [Mediopassive marker],luwian_suffix,luwian,fuzzy_d1,1,ZA10b,Zakros,conventional,False,TARA,ADEAMITARAROREPA
-war,WARA,verbal noun [Gerundive/verbal noun],luwian_suffix,luwian,fuzzy_d1,1,ZA10b,Zakros,conventional,False,TARA,ADEAMITARAROREPA
tede-,TETE,father,lycian_kinship,lycian,fuzzy_d1,1,ZA10b,Zakros,conventional,False,DETE,ZAMAKIDETESAMAAD
tese-,TESE,"oath, agreement",lycian_agriculture_trade,lycian,fuzzy_d1,1,ZA10b,Zakros,conventional,False,TESA,MAKIDETESAMAADEA
tura-,TURA,"land, earth",lycian_nature,lycian,fuzzy_d1,1,ZA10b,Zakros,conventional,False,TARA,ADEAMITARAROREPA
tri-,TARI,three,lycian_number,lycian,fuzzy_d1,1,ZA10b,Zakros,conventional,False,TARA,ADEAMITARAROREPA
kup-,KUPA,"to plan, devise",luwian_agriculture_trade,luwian,fuzzy_d1,1,ZA11a,Zakros,conventional,False,KUPI,¹⁄JU𐝈𐝉KUPI*AOLIV
ziti-,SITI,"man, citizen",luwian_social_political,luwian,fuzzy_d1,1,ZA11a,Zakros,conventional,False,SIVI,TA𐄁*RASIVIN¹⁄ERU
piya-,PIJA,to give,luwian_verb,luwian,fuzzy_d1,1,ZA11a,Zakros,conventional,False,PI*A,JU𐝈𐝉KUPI*AOLIV𐝫A
xupa-,KUPA,tomb,lycian_agriculture_trade,lycian,fuzzy_d1,1,ZA11a,Zakros,conventional,False,KUPI,¹⁄JU𐝈𐝉KUPI*AOLIV
kbi-,KAPI,two (numeral '2'),lycian_number,lycian,fuzzy_d1,1,ZA11a,Zakros,conventional,False,KUPI,¹⁄JU𐝈𐝉KUPI*AOLIV
tarri-,TARI,three,luwian_number,luwian,fuzzy_d1,1,ZA11b,Zakros,conventional,False,TORI,ETORI𐄁SA*RI
-tari,TARI,middle voice 3sg [Mediopassive marker],luwian_suffix,luwian,fuzzy_d1,1,ZA11b,Zakros,conventional,False,TORI,ETORI𐄁SA*RI
tri-,TARI,three,lycian_number,lycian,fuzzy_d1,1,ZA11b,Zakros,conventional,False,TORI,ETORI𐄁SA*RI
pata-,PATA,foot,luwian_body_parts,luwian,fuzzy_d1,1,ZA12a,Zakros,conventional,False,PATI,𐝫PATIRUMU𐄑𐄎
pddẽ-,PATE,place,lycian_agriculture_trade,lycian,fuzzy_d1,1,ZA12a,Zakros,conventional,False,PATI,𐝫PATIRUMU𐄑𐄎
pata-,PATA,foot,luwian_body_parts,luwian,fuzzy_d1,1,ZA12b,Zakros,conventional,False,PATI,𐝫TUPATIRU𐄐𐄉MU
tummanti-,TUMATI,ear,luwian_body_parts,luwian,fuzzy_d1,1,ZA12b,Zakros,conventional,False,TUPATI,𐝫TUPATIRU𐄐𐄉MU
kup-,KUPA,"to plan, devise",luwian_agriculture_trade,luwian,fuzzy_d1,1,ZA12b,Zakros,conventional,False,TUPA,𐝫TUPATIRU𐄐𐄉
tūwa-,TUWA,"to put, place",luwian_verb,luwian,fuzzy_d1,1,ZA12b,Zakros,conventional,False,TUPA,𐝫TUPATIRU𐄐𐄉
tuwā-,TUWA,to look at,luwian_verb,luwian,fuzzy_d1,1,ZA12b,Zakros,conventional,False,TUPA,𐝫TUPATIRU𐄐𐄉
tuw(a)-,TUWA,two,luwian_number,luwian,fuzzy_d1,1,ZA12b,Zakros,conventional,False,TUPA,𐝫TUPATIRU𐄐𐄉
pddẽ-,PATE,place,lycian_agriculture_trade,lycian,fuzzy_d1,1,ZA12b,Zakros,conventional,False,PATI,𐝫TUPATIRU𐄐𐄉MU
xupa-,KUPA,tomb,lycian_agriculture_trade,lycian,fuzzy_d1,1,ZA12b,Zakros,conventional,False,TUPA,𐝫TUPATIRU𐄐𐄉
tura-,TURA,"land, earth",lycian_nature,lycian,fuzzy_d1,1,ZA12b,Zakros,conventional,False,TUPA,𐝫TUPATIRU𐄐𐄉
kup-,KUPA,"to plan, devise",luwian_agriculture_trade,luwian,fuzzy_d1,1,ZA13,Zakros,conventional,False,SUPA,𐝫SUPA𐝫𐝫
xupa-,KUPA,tomb,lycian_agriculture_trade,lycian,fuzzy_d1,1,ZA13,Zakros,conventional,False,SUPA,𐝫SUPA𐝫𐝫
tummanti-,TUMATI,ear,luwian_body_parts,luwian,fuzzy_d1,1,ZA14,Zakros,conventional,False,TUMITI,JUKUPITUMITIZASEPA
gant-,KATA,tooth,luwian_body_parts,luwian,fuzzy_d1,1,ZA14,Zakros,conventional,False,KAQA,F*PUNIKAQATIJUKU
kup-,KUPA,"to plan, devise",luwian_agriculture_trade,luwian,fuzzy_d1,1,ZA14,Zakros,conventional,False,KUPI,QATIJUKUPITUMITI
temi-,TEMI,forest,luwian_nature,luwian,fuzzy_d1,1,ZA14,Zakros,conventional,False,TUMI,JUKUPITUMITIZASE
ziti-,SITI,"man, citizen",luwian_social_political,luwian,fuzzy_d1,1,ZA14,Zakros,conventional,False,MITI,KUPITUMITIZASEPA
pddẽ-,PATE,place,lycian_agriculture_trade,lycian,fuzzy_d1,1,ZA14,Zakros,conventional,False,PAQE,TIZASEPAQEJA𐝫𐝫𐝫
xupa-,KUPA,tomb,lycian_agriculture_trade,lycian,fuzzy_d1,1,ZA14,Zakros,conventional,False,KUPI,QATIJUKUPITUMITI
kbi-,KAPI,two (numeral '2'),lycian_number,lycian,fuzzy_d1,1,ZA14,Zakros,conventional,False,KUPI,QATIJUKUPITUMITI
nāna-,NANA,brother (?),luwian_kinship,luwian,fuzzy_d1,1,ZA15a,Zakros,conventional,False,NASA,*KUNASAVINQES
iššari-,ISARI,hand,luwian_body_parts,luwian,fuzzy_d1,1,ZA15a,Zakros,conventional,False,ISAVI,ZUETINISAVINZASEN
kup-,KUPA,"to plan, devise",luwian_agriculture_trade,luwian,fuzzy_d1,1,ZA15a,Zakros,conventional,False,KUNA,*KUNASAVINQ
-šša-,SASA,"iterative/durative [Verbal suffix, also in toponyms]",luwian_suffix,luwian,fuzzy_d1,1,ZA15a,Zakros,conventional,False,NASA,*KUNASAVINQES
xupa-,KUPA,tomb,lycian_agriculture_trade,lycian,fuzzy_d1,1,ZA15a,Zakros,conventional,False,KUNA,*KUNASAVINQ
kbi-,KAPI,two (numeral '2'),lycian_number,lycian,fuzzy_d1,1,ZA15b,Zakros,conventional,False,KADI,KADI𐄁VIN—K
pānkʷ-,PAKU,five,luwian_number,luwian,fuzzy_d1,1,ZA16,Zakros,conventional,False,PASU,𐝫SI𐝫PASU𐝫PU𐄊𐝫𐝫
temi-,TEMI,forest,luwian_nature,luwian,fuzzy_d1,1,ZA18a,Zakros,conventional,True,LEMI,LEDOUBLEMINA𐝫𐝫
pddẽ-,PATE,place,lycian_agriculture_trade,lycian,fuzzy_d1,1,ZA19,Zakros,conventional,False,RATE,𐝫RATE𐝫𐝫
atta-,ATTA,father,luwian_kinship,luwian,fuzzy_d1,1,ZA20,Zakros,conventional,False,ATA,ROMRUMATASEKURA
pata-,PATA,foot,luwian_body_parts,luwian,fuzzy_d1,1,ZA20,Zakros,conventional,False,MATA,AROMRUMATASEKURA
gant-,KATA,tooth,luwian_body_parts,luwian,fuzzy_d1,1,ZA20,Zakros,conventional,False,MATA,AROMRUMATASEKURA
kup-,KUPA,"to plan, devise",luwian_agriculture_trade,luwian,fuzzy_d1,1,ZA20,Zakros,conventional,False,KURA,MATASEKURATA𐄙𐄒𐝫
temi-,TEMI,forest,luwian_nature,luwian,fuzzy_d1,1,ZA20,Zakros,conventional,False,SEMI,DUREZASEMI𐄁TETUS
ziti-,SITI,"man, citizen",luwian_social_political,luwian,fuzzy_d1,1,ZA20,Zakros,conventional,False,SITU,I𐄁TETUSITUTEAROM
kuen-,KUNA,"to kill, strike",luwian_verb,luwian,fuzzy_d1,1,ZA20,Zakros,conventional,False,KURA,MATASEKURATA𐄙𐄒𐝫
malā-,MALA,to think,luwian_verb,luwian,fuzzy_d1,1,ZA20,Zakros,conventional,False,MATA,AROMRUMATASEKURA
māwa-,MAWA,four,luwian_number,luwian,fuzzy_d1,1,ZA20,Zakros,conventional,False,MATA,AROMRUMATASEKURA
tede-,TETE,father,lycian_kinship,lycian,fuzzy_d1,1,ZA20,Zakros,conventional,True,TETU,ASEMI𐄁TETUSITUTE
lada-,LATA,"wife, woman",lycian_kinship,lycian,fuzzy_d1,1,ZA20,Zakros,conventional,False,MATA,AROMRUMATASEKURA
xupa-,KUPA,tomb,lycian_agriculture_trade,lycian,fuzzy_d1,1,ZA20,Zakros,conventional,False,KURA,MATASEKURATA𐄙𐄒𐝫
tese-,TESE,"oath, agreement",lycian_agriculture_trade,lycian,fuzzy_d1,1,ZA20,Zakros,conventional,True,TASE,OMRUMATASEKURATA
tura-,TURA,"land, earth",lycian_nature,lycian,fuzzy_d1,1,ZA20,Zakros,conventional,False,KURA,MATASEKURATA𐄙𐄒𐝫
atta-,ATTA,father,luwian_kinship,luwian,fuzzy_d1,1,ZA21a,Zakros,conventional,False,A𐝫TA,"𐝫MATETA𐝫TAPIAMI,"
piya-,PIJA,to give,luwian_verb,luwian,fuzzy_d1,1,ZA21a,Zakros,conventional,False,PIA,"ETA𐝫TAPIAMI,PA𐝫"
tarri-,TARI,three,luwian_number,luwian,fuzzy_d1,1,ZA21a,Zakros,conventional,True,TAPI,"ATETA𐝫TAPIAMI,PA"
-tari,TARI,middle voice 3sg [Mediopassive marker],luwian_suffix,luwian,fuzzy_d1,1,ZA21a,Zakros,conventional,True,TAPI,"ATETA𐝫TAPIAMI,PA"
tede-,TETE,father,lycian_kinship,lycian,fuzzy_d1,1,ZA21a,Zakros,conventional,False,TETA,EPI𐝫MATETA𐝫TAPIA
pddẽ-,PATE,place,lycian_agriculture_trade,lycian,fuzzy_d1,1,ZA21a,Zakros,conventional,True,MATE,MEPI𐝫MATETA𐝫TAP
kbi-,KAPI,two (numeral '2'),lycian_number,lycian,fuzzy_d1,1,ZA21a,Zakros,conventional,True,TAPI,"ATETA𐝫TAPIAMI,PA"
tri-,TARI,three,lycian_number,lycian,fuzzy_d1,1,ZA21a,Zakros,conventional,True,TAPI,"ATETA𐝫TAPIAMI,PA"
iššari-,ISARI,hand,luwian_body_parts,luwian,fuzzy_d1,1,ZA21b,Zakros,conventional,False,IDARI,IDARI𐝫𐝫𐝫SO
tarri-,TARI,three,luwian_number,luwian,fuzzy_d1,1,ZA21b,Zakros,conventional,False,DARI,IDARI𐝫𐝫𐝫SO
-tari,TARI,middle voice 3sg [Mediopassive marker],luwian_suffix,luwian,fuzzy_d1,1,ZA21b,Zakros,conventional,False,DARI,IDARI𐝫𐝫𐝫SO
tri-,TARI,three,lycian_number,lycian,fuzzy_d1,1,ZA21b,Zakros,conventional,False,DARI,IDARI𐝫𐝫𐝫SO
tese-,TESE,"oath, agreement",lycian_agriculture_trade,lycian,fuzzy_d1,1,ZA23,Zakros,conventional,False,TETE,𐝫—TETEMI𐝫NE𐝫
ziti-,SITI,"man, citizen",luwian_social_political,luwian,fuzzy_d1,1,ZA26a,Zakros,conventional,False,SITE,SITE𐄁DIDIJ
piya-,PIJA,to give,luwian_verb,luwian,fuzzy_d1,1,ZA26a,Zakros,conventional,False,DIJA,ITE𐄁DIDIJAKIKI𐝫𐝫
tede-,TETE,father,lycian_kinship,lycian,fuzzy_d1,1,ZA29,Zakros,conventional,False,TE𐝫TE,𐝫MATE𐝫TE𐝫𐝫
pddẽ-,PATE,place,lycian_agriculture_trade,lycian,fuzzy_d1,1,ZA29,Zakros,conventional,False,MATE,𐝫MATE𐝫TE𐝫𐝫
gant-,KATA,tooth,luwian_body_parts,luwian,fuzzy_d1,1,ZAWc2,Zakros,conventional,False,KAA,ATIKAADUKOMI
ḫašta-,ASATA,bone,luwian_body_parts,luwian,fuzzy_d1,1,ZAZb3,Zakros,conventional,False,ASETA,SAMUNEASETAI*DEKA
gant-,KATA,tooth,luwian_body_parts,luwian,fuzzy_d1,1,ZAZb3,Zakros,conventional,False,KA𐄁A,TAI*DEKA𐄁AREPIRE
kup-,KUPA,"to plan, devise",luwian_agriculture_trade,luwian,fuzzy_d1,1,ZAZb3,Zakros,conventional,False,KUTA,A𐄁TITIKUTA
ḫašt-,ASATA,"star, bone (dual meaning)",luwian_nature,luwian,fuzzy_d1,1,ZAZb3,Zakros,conventional,False,ASETA,SAMUNEASETAI*DEKA
ziti-,SITI,"man, citizen",luwian_social_political,luwian,fuzzy_d1,1,ZAZb3,Zakros,conventional,False,TITI,IRENA𐄁TITIKUTA
kuen-,KUNA,"to kill, strike",luwian_verb,luwian,fuzzy_d1,1,ZAZb3,Zakros,conventional,False,KUTA,A𐄁TITIKUTA
tarri-,TARI,three,luwian_number,luwian,fuzzy_d1,1,ZAZb3,Zakros,conventional,False,TAI,UNEASETAI*DEKA𐄁
*ašta-,ASATA,eight (reconstructed),luwian_number,luwian,fuzzy_d1,1,ZAZb3,Zakros,conventional,False,ASETA,SAMUNEASETAI*DEKA
-šša-,SASA,"iterative/durative [Verbal suffix, also in toponyms]",luwian_suffix,luwian,fuzzy_d1,1,ZAZb3,Zakros,conventional,False,EASA,NDIKASEASAMUNEAS
-tari,TARI,middle voice 3sg [Mediopassive marker],luwian_suffix,luwian,fuzzy_d1,1,ZAZb3,Zakros,conventional,False,TAI,UNEASETAI*DEKA𐄁
-ašša-,ASASA,genitival adjective [Very important for toponyms: -assos/-assa],luwian_suffix,luwian,fuzzy_d1,1,ZAZb3,Zakros,conventional,False,ASEASA,VINDIKASEASAMUNEAS
xupa-,KUPA,tomb,lycian_agriculture_trade,lycian,fuzzy_d1,1,ZAZb3,Zakros,conventional,False,KUTA,A𐄁TITIKUTA
tbi-,TAPI,one (numeral '1'),lycian_number,lycian,fuzzy_d1,1,ZAZb3,Zakros,conventional,False,TAI,UNEASETAI*DEKA𐄁
tri-,TARI,three,lycian_number,lycian,fuzzy_d1,1,ZAZb3,Zakros,conventional,False,TAI,UNEASETAI*DEKA𐄁
warwala-,WAWA,"seed, offspring",luwian_kinship,luwian,fuzzy_d1,1,ZAZg35,Zakros,conventional,False,WAA,ARU𐄁SEWAAUDEE
wār-,WARA,water,luwian_agriculture_trade,luwian,fuzzy_d1,1,ZAZg35,Zakros,conventional,False,WAA,ARU𐄁SEWAAUDEE
temi-,TEMI,forest,luwian_nature,luwian,fuzzy_d1,1,ZAZg35,Zakros,conventional,False,MEMI,MEMIJARU𐄁S
piya-,PIJA,to give,luwian_verb,luwian,fuzzy_d1,1,ZAZg35,Zakros,conventional,False,MIJA,MEMIJARU𐄁SEW
walā-,WALA,to die,luwian_verb,luwian,fuzzy_d1,1,ZAZg35,Zakros,conventional,False,WAA,ARU𐄁SEWAAUDEE
-war,WARA,verbal noun [Gerundive/verbal noun],luwian_suffix,luwian,fuzzy_d1,1,ZAZg35,Zakros,conventional,False,WAA,ARU𐄁SEWAAUDEE
atta-,ATTA,father,luwian_kinship,luwian,fuzzy_d1,1,APZa1,Apodoulou,conventional,False,ATA,JATAI*UJA𐄁
pata-,PATA,foot,luwian_body_parts,luwian,fuzzy_d1,1,APZa1,Apodoulou,conventional,False,JATA,JATAI*UJA𐄁
gant-,KATA,tooth,luwian_body_parts,luwian,fuzzy_d1,1,APZa1,Apodoulou,conventional,False,JATA,JATAI*UJA𐄁
tarri-,TARI,three,luwian_number,luwian,fuzzy_d1,1,APZa1,Apodoulou,conventional,False,TAI,JATAI*UJA𐄁
-tari,TARI,middle voice 3sg [Mediopassive marker],luwian_suffix,luwian,fuzzy_d1,1,APZa1,Apodoulou,conventional,False,TAI,JATAI*UJA𐄁
lada-,LATA,"wife, woman",lycian_kinship,lycian,fuzzy_d1,1,APZa1,Apodoulou,conventional,False,JATA,JATAI*UJA𐄁
tbi-,TAPI,one (numeral '1'),lycian_number,lycian,fuzzy_d1,1,APZa1,Apodoulou,conventional,False,TAI,JATAI*UJA𐄁
tri-,TARI,three,lycian_number,lycian,fuzzy_d1,1,APZa1,Apodoulou,conventional,False,TAI,JATAI*UJA𐄁
nāna-,NANA,brother (?),luwian_kinship,luwian,fuzzy_d1,1,APZa2,Apodoulou,conventional,False,NAMA,SI𐄁IPINAMA𐄁IKUPA
pata-,PATA,foot,luwian_body_parts,luwian,fuzzy_d1,1,APZa2,Apodoulou,conventional,False,PANA,MA𐄁IKUPANATUNATE
temi-,TEMI,forest,luwian_nature,luwian,fuzzy_d1,1,APZa2,Apodoulou,conventional,False,TEPI,NATUNATEPIMINA𐄁I
aruna-,ARUNA,sea,luwian_nature,luwian,fuzzy_d1,1,APZa2,Apodoulou,conventional,False,ATUNA,IKUPANATUNATEPIMI
kubaba-,KUPAPA,goddess Kubaba,luwian_deities_divine,luwian,fuzzy_d1,1,APZa2,Apodoulou,conventional,False,KUPANA,NAMA𐄁IKUPANATUNATE
ziti-,SITI,"man, citizen",luwian_social_political,luwian,fuzzy_d1,1,APZa2,Apodoulou,conventional,False,SI𐄁I,NASI𐄁IPINAMA
piya-,PIJA,to give,luwian_verb,luwian,fuzzy_d1,1,APZa2,Apodoulou,conventional,False,PINA,NASI𐄁IPINAMA𐄁IKU
kuen-,KUNA,"to kill, strike",luwian_verb,luwian,fuzzy_d1,1,APZa2,Apodoulou,conventional,True,KUPA,NAMA𐄁IKUPANATUNA
malli-,MALI,to grind,luwian_verb,luwian,fuzzy_d1,1,APZa2,Apodoulou,conventional,False,MA𐄁I,𐄁IPINAMA𐄁IKUPANA
tūwa-,TUWA,"to put, place",luwian_verb,luwian,fuzzy_d1,1,APZa2,Apodoulou,conventional,False,TUNA,KUPANATUNATEPIMI
tuwā-,TUWA,to look at,luwian_verb,luwian,fuzzy_d1,1,APZa2,Apodoulou,conventional,False,TUNA,KUPANATUNATEPIMI
tuw(a)-,TUWA,two,luwian_number,luwian,fuzzy_d1,1,APZa2,Apodoulou,conventional,False,TUNA,KUPANATUNATEPIMI
-anda-,ANATA,gerundive/place [Very important for toponyms: -anda],luwian_suffix,luwian,fuzzy_d1,1,APZa2,Apodoulou,conventional,False,ANATU,A𐄁IKUPANATUNATEPI
arina-,ARINA,"spring, water source",lycian_agriculture_trade,lycian,fuzzy_d1,1,APZa2,Apodoulou,conventional,False,A𐄁INA,EPIMINA𐄁INAJARETA
pddẽ-,PATE,place,lycian_agriculture_trade,lycian,fuzzy_d1,1,APZa2,Apodoulou,conventional,False,NATE,PANATUNATEPIMINA
arina-,ARINA,"spring, source",lycian_nature,lycian,fuzzy_d1,1,APZa2,Apodoulou,conventional,False,A𐄁INA,EPIMINA𐄁INAJARETA
tura-,TURA,"land, earth",lycian_nature,lycian,fuzzy_d1,1,APZa2,Apodoulou,conventional,False,TUNA,KUPANATUNATEPIMI
tbi-,TAPI,one (numeral '1'),lycian_number,lycian,fuzzy_d1,1,APZa2,Apodoulou,conventional,False,TEPI,NATUNATEPIMINA𐄁I
Arinna,ARINA,toponym: Arinna,toponym,anatolian,fuzzy_d1,1,APZa2,Apodoulou,conventional,False,A𐄁INA,EPIMINA𐄁INAJARETA
Ḫattuša,ATUSA,toponym: Ḫattuša,toponym,anatolian,fuzzy_d1,1,APZa2,Apodoulou,conventional,False,ATUNA,IKUPANATUNATEPIMI
pddẽ-,PATE,place,lycian_agriculture_trade,lycian,fuzzy_d1,1,ARZf1,Arkhalkhori,conventional,False,MATE,IDAMATE
pddẽ-,PATE,place,lycian_agriculture_trade,lycian,fuzzy_d1,1,ARZf2,Arkhalkhori,conventional,False,MATE,IDAMATE𐝫
išta-,ISATA,to hear,luwian_verb,luwian,fuzzy_d1,1,ARKH1a,Arkhalkhori,conventional,False,ISAA,APAMIKISAAPA𐝫𐝫NI
tarri-,TARI,three,luwian_number,luwian,fuzzy_d1,1,ARKH1a,Arkhalkhori,conventional,False,TAPI,TAPI𐄁KI𐝫𐄁R
-šša-,SASA,"iterative/durative [Verbal suffix, also in toponyms]",luwian_suffix,luwian,fuzzy_d1,1,ARKH1a,Arkhalkhori,conventional,False,SAA,PAMIKISAAPA𐝫𐝫NI
-tari,TARI,middle voice 3sg [Mediopassive marker],luwian_suffix,luwian,fuzzy_d1,1,ARKH1a,Arkhalkhori,conventional,False,TAPI,TAPI𐄁KI𐝫𐄁R
kbi-,KAPI,two (numeral '2'),lycian_number,lycian,fuzzy_d1,1,ARKH1a,Arkhalkhori,conventional,False,TAPI,TAPI𐄁KI𐝫𐄁R
tri-,TARI,three,lycian_number,lycian,fuzzy_d1,1,ARKH1a,Arkhalkhori,conventional,False,TAPI,TAPI𐄁KI𐝫𐄁R
kup-,KUPA,"to plan, devise",luwian_agriculture_trade,luwian,fuzzy_d1,1,ARKH2,Arkhalkhori,conventional,False,KURA,SIDATEKURA*BASID
uwan(i)-,UWANI,wine (?),luwian_agriculture_trade,luwian,fuzzy_d1,1,ARKH2,Arkhalkhori,conventional,False,UWAMI,*F*SUPUWAMI𐝫𐝫
kuen-,KUNA,"to kill, strike",luwian_verb,luwian,fuzzy_d1,1,ARKH2,Arkhalkhori,conventional,False,KURA,SIDATEKURA*BASID
tūwa-,TUWA,"to put, place",luwian_verb,luwian,fuzzy_d1,1,ARKH2,Arkhalkhori,conventional,False,PUWA,E*F*SUPUWAMI𐝫𐝫
tuwā-,TUWA,to look at,luwian_verb,luwian,fuzzy_d1,1,ARKH2,Arkhalkhori,conventional,False,PUWA,E*F*SUPUWAMI𐝫𐝫
tuw(a)-,TUWA,two,luwian_number,luwian,fuzzy_d1,1,ARKH2,Arkhalkhori,conventional,False,PUWA,E*F*SUPUWAMI𐝫𐝫
pddẽ-,PATE,place,lycian_agriculture_trade,lycian,fuzzy_d1,1,ARKH2,Arkhalkhori,conventional,False,DATE,SIDATEKURA*B
xupa-,KUPA,tomb,lycian_agriculture_trade,lycian,fuzzy_d1,1,ARKH2,Arkhalkhori,conventional,False,KURA,SIDATEKURA*BASID
tura-,TURA,"land, earth",lycian_nature,lycian,fuzzy_d1,1,ARKH2,Arkhalkhori,conventional,False,KURA,SIDATEKURA*BASID
tbi-,TAPI,one (numeral '1'),lycian_number,lycian,fuzzy_d1,1,ARKH3b,Arkhalkhori,conventional,False,JAPI,JAPIGRAPIG
kbi-,KAPI,two (numeral '2'),lycian_number,lycian,fuzzy_d1,1,ARKH3b,Arkhalkhori,conventional,False,JAPI,JAPIGRAPIG
atta-,ATTA,father,luwian_kinship,luwian,fuzzy_d1,1,ARKH4a,Arkhalkhori,conventional,False,ATA,𐝫NITATAREA𐄁DE
zida-,ZITA,"man, male",luwian_kinship,luwian,fuzzy_d1,1,ARKH4a,Arkhalkhori,conventional,False,NITA,𐝫NITATAREA𐄁
pata-,PATA,foot,luwian_body_parts,luwian,fuzzy_d1,1,ARKH4a,Arkhalkhori,conventional,False,TATA,𐝫NITATAREA𐄁DE
tawa-,TAWA,eye,luwian_body_parts,luwian,fuzzy_d1,1,ARKH4a,Arkhalkhori,conventional,False,TATA,𐝫NITATAREA𐄁DE
gant-,KATA,tooth,luwian_body_parts,luwian,fuzzy_d1,1,ARKH4a,Arkhalkhori,conventional,False,TATA,𐝫NITATAREA𐄁DE
tār-,TARA,tree/wood,luwian_nature,luwian,fuzzy_d1,1,ARKH4a,Arkhalkhori,conventional,True,TATA,𐝫NITATAREA𐄁DE
ziti-,SITI,"man, citizen",luwian_social_political,luwian,fuzzy_d1,1,ARKH4a,Arkhalkhori,conventional,True,PITI,"DESU𐄁*PITINEA𐝫,P"
piya-,PIJA,to give,luwian_verb,luwian,fuzzy_d1,1,ARKH4a,Arkhalkhori,conventional,False,PIA,"EA𐝫,PAPIA𐝫𐝫"
išta-,ISATA,to hear,luwian_verb,luwian,fuzzy_d1,1,ARKH4a,Arkhalkhori,conventional,False,ITATA,𐝫NITATAREA𐄁DE
tarri-,TARI,three,luwian_number,luwian,fuzzy_d1,1,ARKH4a,Arkhalkhori,conventional,True,TARE,𐝫NITATAREA𐄁DESU
*daw(a)-,TAWA,six (reconstructed),luwian_number,luwian,fuzzy_d1,1,ARKH4a,Arkhalkhori,conventional,False,TATA,𐝫NITATAREA𐄁DE
-tari,TARI,middle voice 3sg [Mediopassive marker],luwian_suffix,luwian,fuzzy_d1,1,ARKH4a,Arkhalkhori,conventional,True,TARE,𐝫NITATAREA𐄁DESU
lada-,LATA,"wife, woman",lycian_kinship,lycian,fuzzy_d1,1,ARKH4a,Arkhalkhori,conventional,False,TATA,𐝫NITATAREA𐄁DE
tbi-,TAPI,one (numeral '1'),lycian_number,lycian,fuzzy_d1,1,ARKH4a,Arkhalkhori,conventional,False,PAPI,"INEA𐝫,PAPIA𐝫𐝫"
kbi-,KAPI,two (numeral '2'),lycian_number,lycian,fuzzy_d1,1,ARKH4a,Arkhalkhori,conventional,False,PAPI,"INEA𐝫,PAPIA𐝫𐝫"
tri-,TARI,three,lycian_number,lycian,fuzzy_d1,1,ARKH4a,Arkhalkhori,conventional,True,TARE,𐝫NITATAREA𐄁DESU
nāna-,NANA,brother (?),luwian_kinship,luwian,fuzzy_d1,1,ARKH5,Arkhalkhori,conventional,False,TANA,ADUNITANAADAGRA
zida-,ZITA,"man, male",luwian_kinship,luwian,fuzzy_d1,1,ARKH5,Arkhalkhori,conventional,False,NITA,ADUNITANAADAG
tawa-,TAWA,eye,luwian_body_parts,luwian,fuzzy_d1,1,ARKH5,Arkhalkhori,conventional,False,TANA,ADUNITANAADAGRA
tār-,TARA,tree/wood,luwian_nature,luwian,fuzzy_d1,1,ARKH5,Arkhalkhori,conventional,False,TANA,ADUNITANAADAGRA
*daw(a)-,TAWA,six (reconstructed),luwian_number,luwian,fuzzy_d1,1,ARKH5,Arkhalkhori,conventional,False,TANA,ADUNITANAADAGRA
-anda-,ANATA,gerundive/place [Very important for toponyms: -anda],luwian_suffix,luwian,fuzzy_d1,1,ARKH5,Arkhalkhori,conventional,False,ANAA,ADUNITANAADAGRA*
nāna-,NANA,brother (?),luwian_kinship,luwian,fuzzy_d1,1,ARKH6,Arkhalkhori,conventional,False,DANA,DANATU𐄁KUR
-anda-,ANATA,gerundive/place [Very important for toponyms: -anda],luwian_suffix,luwian,fuzzy_d1,1,ARKH6,Arkhalkhori,conventional,False,ANATU,DANATU𐄁KURI𐝫
wār-,WARA,water,luwian_agriculture_trade,luwian,fuzzy_d1,1,ARKHZf9,Arkhalkhori,conventional,False,MARA,U𐄁MIDAMARA𐄁
immara-,IMARA,"field, open country",luwian_agriculture_trade,luwian,fuzzy_d1,1,ARKHZf9,Arkhalkhori,conventional,False,AMARA,NU𐄁MIDAMARA𐄁
tār-,TARA,tree/wood,luwian_nature,luwian,fuzzy_d1,1,ARKHZf9,Arkhalkhori,conventional,False,MARA,U𐄁MIDAMARA𐄁
ziti-,SITI,"man, citizen",luwian_social_political,luwian,fuzzy_d1,1,ARKHZf9,Arkhalkhori,conventional,False,SIKI,JAKISIKINU𐄁MID
malā-,MALA,to think,luwian_verb,luwian,fuzzy_d1,1,ARKHZf9,Arkhalkhori,conventional,False,MARA,U𐄁MIDAMARA𐄁
māwa-,MAWA,four,luwian_number,luwian,fuzzy_d1,1,ARKHZf9,Arkhalkhori,conventional,False,MARA,U𐄁MIDAMARA𐄁
-war,WARA,verbal noun [Gerundive/verbal noun],luwian_suffix,luwian,fuzzy_d1,1,ARKHZf9,Arkhalkhori,conventional,False,MARA,U𐄁MIDAMARA𐄁
atta-,ATTA,father,luwian_kinship,luwian,fuzzy_d1,1,CR(?)Zf1,Crete,conventional,False,ATA,ENUTI𐄁ATADE
warwala-,WAWA,"seed, offspring",luwian_kinship,luwian,fuzzy_d1,1,CR(?)Zf1,Crete,conventional,False,MAWA,AMAWASI𐄁KAN
pata-,PATA,foot,luwian_body_parts,luwian,fuzzy_d1,1,CR(?)Zf1,Crete,conventional,False,𐄁ATA,SENUTI𐄁ATADE
tawa-,TAWA,eye,luwian_body_parts,luwian,fuzzy_d1,1,CR(?)Zf1,Crete,conventional,False,MAWA,AMAWASI𐄁KAN
gant-,KATA,tooth,luwian_body_parts,luwian,fuzzy_d1,1,CR(?)Zf1,Crete,conventional,False,𐄁ATA,SENUTI𐄁ATADE
piya-,PIJA,to give,luwian_verb,luwian,fuzzy_d1,1,CR(?)Zf1,Crete,conventional,False,NIJA,ASI𐄁KANIJAMI𐄁IJA
išta-,ISATA,to hear,luwian_verb,luwian,fuzzy_d1,1,CR(?)Zf1,Crete,conventional,False,I𐄁ATA,ISENUTI𐄁ATADE
malā-,MALA,to think,luwian_verb,luwian,fuzzy_d1,1,CR(?)Zf1,Crete,conventional,False,MAWA,AMAWASI𐄁KAN
*daw(a)-,TAWA,six (reconstructed),luwian_number,luwian,fuzzy_d1,1,CR(?)Zf1,Crete,conventional,False,MAWA,AMAWASI𐄁KAN
lada-,LATA,"wife, woman",lycian_kinship,lycian,fuzzy_d1,1,CR(?)Zf1,Crete,conventional,False,𐄁ATA,SENUTI𐄁ATADE
kbi-,KAPI,two (numeral '2'),lycian_number,lycian,fuzzy_d1,1,CR(?)Zf1,Crete,conventional,False,KANI,AWASI𐄁KANIJAMI𐄁I
tese-,TESE,"oath, agreement",lycian_agriculture_trade,lycian,fuzzy_d1,1,GO2v,Gournia,conventional,False,RESE,𐝫DARESESI𐝫𐝫𐝫𐝫
malli-,MALI,to grind,luwian_verb,luwian,fuzzy_d1,1,GOWc1a,Gournia,conventional,False,MAI,ASASUMAISE
-šša-,SASA,"iterative/durative [Verbal suffix, also in toponyms]",luwian_suffix,luwian,fuzzy_d1,1,GOWc1a,Gournia,conventional,False,SASU,ASASUMAISE
-ašša-,ASASA,genitival adjective [Very important for toponyms: -assos/-assa],luwian_suffix,luwian,fuzzy_d1,1,GOWc1a,Gournia,conventional,False,ASASU,ASASUMAISE
pānkʷ-,PAKU,five,luwian_number,luwian,fuzzy_d1,1,MILZb2,Miletos,conventional,False,PAPU,PAPU
ziti-,SITI,"man, citizen",luwian_social_political,luwian,fuzzy_d1,1,MILZb3,Miletos,conventional,False,SITE,SITE
zida-,ZITA,"man, male",luwian_kinship,luwian,fuzzy_d1,1,PORZf2,Poros Herakleiou,conventional,False,PITA,TUPITA
pata-,PATA,foot,luwian_body_parts,luwian,fuzzy_d1,1,PORZf2,Poros Herakleiou,conventional,False,PITA,TUPITA
piya-,PIJA,to give,luwian_verb,luwian,fuzzy_d1,1,PORZf2,Poros Herakleiou,conventional,False,PITA,TUPITA
tbi-,TAPI,one (numeral '1'),lycian_number,lycian,fuzzy_d1,1,PORZf2,Poros Herakleiou,conventional,False,TUPI,TUPITA
tarri-,TARI,three,luwian_number,luwian,fuzzy_d1,1,KH103,Khania,conventional,True,TANI,OLEOLETANICYPVIN
-tari,TARI,middle voice 3sg [Mediopassive marker],luwian_suffix,luwian,fuzzy_d1,1,KH103,Khania,conventional,True,TANI,OLEOLETANICYPVIN
lada-,LATA,"wife, woman",lycian_kinship,lycian,fuzzy_d1,1,KH103,Khania,conventional,False,LETA,LEOLEOLETANICYPV
tbi-,TAPI,one (numeral '1'),lycian_number,lycian,fuzzy_d1,1,KH103,Khania,conventional,True,TANI,OLEOLETANICYPVIN
tri-,TARI,three,lycian_number,lycian,fuzzy_d1,1,KH103,Khania,conventional,True,TANI,OLEOLETANICYPVIN
atta-,ATTA,father,luwian_kinship,luwian,fuzzy_d1,1,THEZb6,Thera,conventional,False,ATA,ATANAJE
nāna-,NANA,brother (?),luwian_kinship,luwian,fuzzy_d1,1,THEZb6,Thera,conventional,False,TANA,ATANAJE
pata-,PATA,foot,luwian_body_parts,luwian,fuzzy_d1,1,THEZb6,Thera,conventional,False,ATA,ATANAJE
tawa-,TAWA,eye,luwian_body_parts,luwian,fuzzy_d1,1,THEZb6,Thera,conventional,False,TANA,ATANAJE
gant-,KATA,tooth,luwian_body_parts,luwian,fuzzy_d1,1,THEZb6,Thera,conventional,False,ATA,ATANAJE
tār-,TARA,tree/wood,luwian_nature,luwian,fuzzy_d1,1,THEZb6,Thera,conventional,False,TANA,ATANAJE
*daw(a)-,TAWA,six (reconstructed),luwian_number,luwian,fuzzy_d1,1,THEZb6,Thera,conventional,False,TANA,ATANAJE
lada-,LATA,"wife, woman",lycian_kinship,lycian,fuzzy_d1,1,THEZb6,Thera,conventional,False,ATA,ATANAJE
nāna-,NANA,brother (?),luwian_kinship,luwian,fuzzy_d1,1,PKZa27,Palaikastro,conventional,False,NAKA,ARAMEUNAKANASI
ḫašta-,ASATA,bone,luwian_body_parts,luwian,fuzzy_d1,1,PKZa27,Palaikastro,conventional,False,ASASA,JASASARAMEUN
ēšḫar-,ESARA,blood,luwian_body_parts,luwian,fuzzy_d1,1,PKZa27,Palaikastro,conventional,False,ASARA,JASASARAMEUNAK
gant-,KATA,tooth,luwian_body_parts,luwian,fuzzy_d1,1,PKZa27,Palaikastro,conventional,False,KANA,AMEUNAKANASI
wār-,WARA,water,luwian_agriculture_trade,luwian,fuzzy_d1,1,PKZa27,Palaikastro,conventional,False,SARA,JASASARAMEUNAK
tār-,TARA,tree/wood,luwian_nature,luwian,fuzzy_d1,1,PKZa27,Palaikastro,conventional,False,SARA,JASASARAMEUNAK
arma-,ARAMA,moon,luwian_nature,luwian,fuzzy_d1,1,PKZa27,Palaikastro,conventional,False,ARAME,JASASARAMEUNAKAN
ḫašt-,ASATA,"star, bone (dual meaning)",luwian_nature,luwian,fuzzy_d1,1,PKZa27,Palaikastro,conventional,False,ASASA,JASASARAMEUN
kuen-,KUNA,"to kill, strike",luwian_verb,luwian,fuzzy_d1,1,PKZa27,Palaikastro,conventional,False,EUNA,ASARAMEUNAKANASI
*ašta-,ASATA,eight (reconstructed),luwian_number,luwian,fuzzy_d1,1,PKZa27,Palaikastro,conventional,False,ASASA,JASASARAMEUN
-war,WARA,verbal noun [Gerundive/verbal noun],luwian_suffix,luwian,fuzzy_d1,1,PKZa27,Palaikastro,conventional,False,SARA,JASASARAMEUNAK
Apasa,APASA,toponym: Apasa,toponym,anatolian,fuzzy_d1,1,PKZa27,Palaikastro,conventional,False,ASASA,JASASARAMEUN
tarri-,TARI,three,luwian_number,luwian,fuzzy_d1,1,PH54,Phaistos,conventional,False,SARI,ISARIKE
-tari,TARI,middle voice 3sg [Mediopassive marker],luwian_suffix,luwian,fuzzy_d1,1,PH54,Phaistos,conventional,False,SARI,ISARIKE
izre-,ISARE,hand,lycian_body_parts,lycian,fuzzy_d1,1,PH54,Phaistos,conventional,False,ISARI,ISARIKE
tri-,TARI,three,lycian_number,lycian,fuzzy_d1,1,PH54,Phaistos,conventional,False,SARI,ISARIKE
ziti-,SITI,"man, citizen",luwian_social_political,luwian,fuzzy_d1,1,KH105,Khania,conventional,False,KITI,DEKITI
tarri-,TARI,three,luwian_number,luwian,fuzzy_d1,1,KNZg57b,Knossos,conventional,False,TATI,"RUTATI,PTEၶB"
-tari,TARI,middle voice 3sg [Mediopassive marker],luwian_suffix,luwian,fuzzy_d1,1,KNZg57b,Knossos,conventional,False,TATI,"RUTATI,PTEၶB"
pddẽ-,PATE,place,lycian_agriculture_trade,lycian,fuzzy_d1,1,KNZg57b,Knossos,conventional,True,PTE,"UTATI,PTEၶB"
tbi-,TAPI,one (numeral '1'),lycian_number,lycian,fuzzy_d1,1,KNZg57b,Knossos,conventional,False,TATI,"RUTATI,PTEၶB"
tri-,TARI,three,lycian_number,lycian,fuzzy_d1,1,KNZg57b,Knossos,conventional,False,TATI,"RUTATI,PTEၶB"
