greek,transliteration,english_gloss,minoan_form,category,query,matched,distance,distance_threshold,inscription_id,gorila_id,site,material,period,semantic_score,confidence_score,found_commodities,context_syllabograms,text_type,object_type,full_inscription_text,full_transliteration,sign_count,num_logograms,num_numerals,num_fractions,logogram_list,numeral_list,context_before_5,context_after_5,findspot_context,findspot_lat,findspot_lon,findspot_inscription_count,findspot_has_parallels,linear_b_parallels,semantic_field,context_plausibility,notes
Ἄργος,Argos,Argos,arg,place_name,ARUKU,ARUKU,0,0,12,HT9a,Haghia Triada - Villa Magazine,clay,LM IB,0.1,58.0,,DINAU,administrative,tablet (page-shaped),𐘞 𐘁 𐄁 𐘃 𐄁 𐙍 𐄁 𐘂 𐘦 𐄁 𐄋 𐝕 𐙚 𐘹 𐄐 𐘆 𐘅 𐘉 𐄊 𐘿 𐘫 𐄈 𐙰 𐘆 𐘴 𐄈 𐝆 𐘳 𐘚 𐙌 𐄈 𐝆 𐘇 𐘘 𐄊 𐝃 𐙂 𐘁 𐄒 𐄇 𐝕,SA RO 𐄁 TE 𐄁 VIN 𐄁 PA DE 𐄁 5 ³⁄₄ *306 TU 10 DI NA U 4 QE PU 2 *324 DI RA 2 ¹⁄₂ TA I AROM 2 ¹⁄₂ A RU 4 ¹⁄₄ KU RO 31 ³⁄₄ [?],41,5,0,0,³⁄₄; 𐝕; ¹⁄₂; 𐝆; ¹⁄₂; ¹⁄₄; 𐝃; [?],,TA I AROM 2 ¹⁄₂,RU 4 ¹⁄₄ KU RO,,,,96,no,,toponym/geography,"administrative context typical for toponyms; co-occurs with commodities: ³⁄₄, 𐝕, ¹⁄₂",exact phonetic match; 5 logogram(s) present; text: administrative
Λύκτος,Lyktos,Lyctus,lukt,place_name,RUKUTU,RUKUTU,0,0,65,HT49a,Haghia Triada - Villa Magazine,clay,LM IB,0.1,58.0,,𐝫RI,administrative,tablet (page-shaped),𐝫 𐄁 𐝫 𐘽 𐘬 𐝫 𐝫 𐘳 𐘅 𐘠 𐄁 𐄇 𐝫 𐝫 𐝫 𐘭 𐄇 𐘲 𐘸 𐝫 𐝫 𐄇 𐘠 𐘬 𐘝 𐄇 𐝫 𐝫 𐝫 𐘤 𐘴 𐄇 𐘇 𐘘 𐄇 𐚞 𐄇 𐙢 𐄇 𐙂 𐘰 𐘯 𐄇 𐘹 𐘲 𐘜 𐄇 𐘸 𐄇 — 𐝫 𐄋 𐘹 𐄊 𐘸 𐄇 𐝫 𐝫,𐝫 𐄁 RA₂ DU ? TA TI 𐄁 1 ? 𐝫 ? RI ? KI ? 𐝫 ? TI DU 1 ? ? SI RA 1 ? RU ? *370 1 ? 1 ? KU NU 1 TU SU 1 ? KI 1 — ? 𐝫 5 TU 4 KI ? 𐝫 ja 𐄊 ? 𐄇 𐝫 𐝫,58,1,0,0,NU; 𐚞,,"
 SI RA 1 
","
 *370 1 
 1",,,,96,no,,toponym/geography,"administrative context typical for toponyms; co-occurs with commodities: NU, 𐚞",exact phonetic match; 1 logogram(s) present; text: administrative
Τύλισος,Tylisos,Tylissos,tulis,place_name,TURISU,RURISU,1,1,154,HT118,Haghia Triada - Casa Room 9,clay,LM IB,0.1,43.0,,𐄁MADI,administrative,tablet (page-shaped),𐙄 𐄁 𐛀 𐄁 𐙁 𐘆 𐄐 𐄋 𐘸 𐄐 𐘌 𐘌 𐘘 𐄌 𐘸 𐄊 𐘇 𐘭 𐘲 𐄊 𐘸 𐄇 𐘭 𐘘 𐙁 𐄐 𐙂 𐘁 𐄒 𐘸 𐄐 𐄋 𐝫,AU 𐄁 *516 𐄁 MA DI 15 ? 10 ? QA RU 6 ? 4 ? RI SU 4 ? 1 ? RU MA 10 ? RO 30 ? 15 𐄐 𐄋 𐝫,33,1,0,0,*516; 𐛀,,"15 
 10 
 QA","6 
 4 
 RI",,,,16,no,,toponym/geography,"administrative context typical for toponyms; co-occurs with commodities: *516, 𐛀",approximate match (levenshtein=1); 1 logogram(s) present; text: administrative
Τύλισος,Tylisos,Tylissos,tulis,place_name,TURISU,JARISU,1,1,148,HT115a,Haghia Triada - Casa Room 9,clay,LM IB,0.1,43.0,,SEKUTU,administrative,tablet (page-shaped),𐘨 𐘯 𐘴 𐘱 𐄁 𐘚 𐄁 𐛯 𐘭 𐘳 𐙁 𐘯 𐘣 𐄈 𐙕 𐘉 𐘴 𐘅 𐘐 𐘗 𐘻 𐘅 𐄇 𐘈 𐙂 𐘹 𐝆 𐘂 𐘴 𐘗 𐄇 𐘇 𐘈 𐘱 𐝂 𐝂 𐝂 𐝂 𐘾 𐘊 𐘘 𐄇 𐘭 𐘲 𐙁 𐝫 𐘲 𐄈 𐝂 𐝫 𐝫,*47 NU RA JA 𐄁 I 𐄁 GRA+BOSm RI TA MA NU WI 2 *301 U RA NA *21F NE MI NA 1 SE KU TU ¹⁄₂ PA RA NE 1 A SE JA 𐝂𐝂𐝂𐝂 ? KA PO 1 ? RI SU ? SU 2 ¹⁄₅ 𐝫 𐄈 vase 𐝫 𐝫,51,7,0,0,GRA+BOSm; 𐛯; ¹⁄₂; 𐝆; 𐝂𐝂𐝂𐝂; 𐝂; KA; PO; vase,,*47 NU RA,𐄁 I 𐄁 GRA+BOSm RI,,,,16,no,,toponym/geography,"administrative context typical for toponyms; co-occurs with commodities: GRA+BOSm, 𐛯, ¹⁄₂",approximate match (levenshtein=1); 7 logogram(s) present; text: administrative
Τύλισος,Tylisos,Tylissos,tulis,place_name,TURISU,TURISI,1,1,1385,KNZb5,Knossos,pottery/ceramic,MMIIIB,0.1,43.0,,TURISI,religious,Clay vessel,𐘇 𐘹 𐘭 𐘤 𐘠 𐄁,A TU RI SI TI 𐄁,6,0,0,0,,,A,RI SI TI 𐄁,,,,59,no,,toponym/geography,unexpected text type for toponym: religious; ⚠ context mismatch,approximate match (levenshtein=1); text: religious
Τύλισος,Tylisos,Tylissos,tulis,place_name,TURISU,TUSU,1,1,65,HT49a,Haghia Triada - Villa Magazine,clay,LM IB,0.1,43.0,,RIKI,administrative,tablet (page-shaped),𐝫 𐄁 𐝫 𐘽 𐘬 𐝫 𐝫 𐘳 𐘅 𐘠 𐄁 𐄇 𐝫 𐝫 𐝫 𐘭 𐄇 𐘲 𐘸 𐝫 𐝫 𐄇 𐘠 𐘬 𐘝 𐄇 𐝫 𐝫 𐝫 𐘤 𐘴 𐄇 𐘇 𐘘 𐄇 𐚞 𐄇 𐙢 𐄇 𐙂 𐘰 𐘯 𐄇 𐘹 𐘲 𐘜 𐄇 𐘸 𐄇 — 𐝫 𐄋 𐘹 𐄊 𐘸 𐄇 𐝫 𐝫,𐝫 𐄁 RA₂ DU ? TA TI 𐄁 1 ? 𐝫 ? RI ? KI ? 𐝫 ? TI DU 1 ? ? SI RA 1 ? RU ? *370 1 ? 1 ? KU NU 1 TU SU 1 ? KI 1 — ? 𐝫 5 TU 4 KI ? 𐝫 ja 𐄊 ? 𐄇 𐝫 𐝫,58,1,0,0,NU; 𐚞,,"1 
 KU NU 1","SU 1 
 KI 1",,,,96,no,,toponym/geography,"administrative context typical for toponyms; co-occurs with commodities: NU, 𐚞",approximate match (levenshtein=1); 1 logogram(s) present; text: administrative
Τύλισος,Tylisos,Tylissos,tulis,place_name,TURISU,TUSU,1,1,1526,PK1,Palaikastro,clay,LMI,0.1,43.0,,TA₂TE1,administrative,tablet (page-shaped),𐘤 𐝫 𐄁 𐝫 𐘗 𐘠 𐄇 𐘾 𐘌 𐄈 — 𐘇 𐘬 𐘍 𐄇 𐘷 𐘳 𐘙 𐄇 — 𐘷 𐘠 𐘃 𐄇 𐘵 𐘾 𐘻 𐘍 𐘤 𐘚 𐘅 𐄇 — 𐘵 𐘃 𐘱 𐄇 — 𐘴 𐘅 𐘹 𐘲 𐄇 𐘝 𐘻 𐄇 — 𐘹 𐘲 𐄇 𐙁 𐘠 𐘍 𐘚 𐘃 𐄇 — 𐙁 𐘃 𐘠 𐄇 𐙁 𐘾 𐘚 𐘳 𐄇,SI 𐄁 NE TI 1 ? KA 2 ? — A ZA 1 ? TA₂ RE 1 ? — TA₂ TE 1 ? O MI ZA SI I NA 1 ? — O JA 1 ? — RA TU SU 1 ? NI 1 ? — TU 1 ? MA ZA I TE 1 ? — MA TI 1 ? MA I TA 1 du? 𐄇,66,0,0,0,,,"JA 1 
 — RA","SU 1 
 NI 1",,,,25,no,,toponym/geography,administrative context typical for toponyms,approximate match (levenshtein=1); text: administrative
Τύλισος,Tylisos,Tylissos,tulis,place_name,TURISU,RISU,1,1,101,HT81,Haghia Triada - Villa Magazine,clay,LM IB,0.1,43.0,,𐄁𐄁,administrative,tablet (page-shaped),𐘇 𐘈 𐄁 𐛚 𐄁 𐝅 𐝫 𐝫 𐘭 𐘲 𐙁 𐝋 𐘸 𐝫 𐝫,A SE 𐄁 MI+JA+RU 𐄁 ≈ ¹⁄₆ RI SU MA 𐝋 ? ? 𐝫 𐝫,15,3,0,0,MI+JA+RU; 𐛚; ≈; 𐝅; 𐝋,,𐄁 MI+JA+RU 𐄁 ≈ ¹⁄₆,"SU MA 𐝋 
 
",,,,96,no,,toponym/geography,"administrative context typical for toponyms; co-occurs with commodities: MI+JA+RU, 𐛚, ≈",approximate match (levenshtein=1); 3 logogram(s) present; text: administrative
Τύλισος,Tylisos,Tylissos,tulis,place_name,TURISU,TUSESU,1,1,1091,HTZb158a,Haghia Triada - Villa Magazine Room 5,pottery/ceramic,LM IB,0.1,43.0,,𐄁TUSE,religious,Clay vessel,𐄁 𐝫 𐘹 𐘈 𐘲 𐘸,𐄁 TU SE SU KI ?,6,0,0,0,,,𐄁,SE SU KI ?,,,,2,no,,toponym/geography,unexpected text type for toponym: religious; ⚠ context mismatch,approximate match (levenshtein=1); text: religious
Ἀσίνη,Asinē,Asine,asin,place_name,ASINU,ASITE,1,1,1590,THEZb13,Thera,pottery/ceramic,Uncertain,0.15,39.5,VIN,120KAA,religious,Clay vessel,𐘏 𐛻 𐄙 𐄑 𐘾 𐘇 𐘤 𐝫 𐘃 𐄙 𐄑,QI VIN+TE 120 KA A SI TE 120 te 𐄙 𐄑,11,0,0,1,,VIN+TE,QI VIN+TE 120 KA,SI TE 120 te 𐄙,,,,18,no,,toponym/geography,unexpected text type for toponym: religious; ⚠ context mismatch,approximate match (levenshtein=1); text: religious
Ἀσίνη,Asinē,Asine,asin,place_name,ASINU,ASI,1,1,39,HT28a,Haghia Triada - Villa Magazine,clay,LM IB,0.1,38.0,,ASIJA,administrative,tablet (page-shaped),𐘇 𐘤 𐘱 𐘾 𐄁 𐘱 𐘐 𐄁 𐛱 𐄋 𐜋 𐄈 𐜓 𐝆 𐜗 𐄇 𐜖 𐝉 𐘞 𐘽 𐜉 𐄇 𐘝 𐄈 𐙍 𐄉 𐛧 𐙍 𐄌 𐘇 𐘘 𐘀 𐘴 𐙉 𐄋 𐙘 𐄈 𐜉 𐄉 𐘚 𐘳 𐘱 𐜉 𐄐,A SI JA KA 𐄁 JA *21F 𐄁 GRA+QE 5 OLE+U 2 OLE+KI ¹⁄₂ OLE+MI 1 OLE+TU 𐝉 SA RA₂ OLE+DI 1 NI 2 VIN 3 VIR+KA VIN 6 A RU DA RA GRA 5 *304 2 OLE+DI 3 I TA JA OLE+DI 10,44,3,0,5,¹⁄₂; 𐝆; 𐝉; VIR+KA; 𐛧,GRA+QE; OLE+U; OLE+KI; OLE+MI; OLE+TU; OLE+DI; OLE+DI; OLE+DI,,SI JA KA 𐄁 JA,,,,96,no,,toponym/geography,"administrative context typical for toponyms; co-occurs with commodities: ¹⁄₂, 𐝆, 𐝉",approximate match (levenshtein=1); 3 logogram(s) present; text: administrative
Ἀσίνη,Asinē,Asine,asin,place_name,ASINU,ASI,1,1,40,HT28b,Haghia Triada - Villa Magazine,clay,LM IB,0.1,38.0,,ASIJA,administrative,tablet (page-shaped),𐘇 𐘤 𐘱 𐘾 𐄁 𐘉 𐘻 𐘅 𐘤 𐄁 𐘞 𐘽 𐙉 𐄑 𐜉 𐄋 𐘝 𐄈 𐙍 𐄊 𐘫 𐘽 𐘝 𐄌 𐘱 𐘐 𐙍 𐄌 𐘣 𐘆 𐘅 𐜉 𐄉 𐙍 𐄉 𐝃,A SI JA KA 𐄁 U MI NA SI 𐄁 SA RA₂ GRA 20 OLE+DI 5 NI 2 VIN 4 PU RA₂ NI 6 JA *21F VIN 6 WI DI NA OLE+DI 3 VIN 3 ¹⁄₄,36,1,0,2,¹⁄₄; 𐝃,OLE+DI; OLE+DI,,SI JA KA 𐄁 U,,,,96,no,,toponym/geography,"administrative context typical for toponyms; co-occurs with commodities: ¹⁄₄, 𐝃",approximate match (levenshtein=1); 1 logogram(s) present; text: administrative
Ἀσίνη,Asinē,Asine,asin,place_name,ASINU,ASI,1,1,1143,KH9,Khania,clay,LM IB,0.15,39.5,VIR,ASISU,administrative,tablet (page-shaped),𐘇 𐘤 𐘲 𐘊 𐘇 𐄁 𐛨 𐝫 𐝫 𐝇 𐘝 𐝃 𐝁 𐘻 𐝫 𐝫 𐘚 𐘤 𐄁 𐜙 𐝆 𐝫 𐝫 𐄈 𐙗 𐝃 𐙍 𐝫 𐝫 𐙗 𐝃 𐝉 𐝫 𐝫 𐝎 𐛌 𐙘 𐄇 𐝫,A SI SU PO A 𐄁 VIR+*307 ? ? NI ? MI ? SI 𐄁 ¹⁄₂ ? 2 ? CYP ¹⁄₄ ? ? CYP ? .3 SI+TA2 *304 𐝫 ? vase vase 𐝫 𐝫 [?] [?] ? 𐄇 𐝫,39,10,0,0,VIR+*307; 𐛨; NI; 𐝇; MI; 𐝃; 𐝁; ¹⁄₄; 𐝆; .3; vase; vase; 𐝉; [?]; 𐝎; [?]; 𐛌,CYP,,SI SU PO A 𐄁,,,,226,no,,toponym/geography; agriculture (grain),"administrative context typical for toponyms; co-occurs with commodities: VIR+*307, 𐛨, NI",approximate match (levenshtein=1); 10 logogram(s) present; text: administrative
Ἀσίνη,Asinē,Asine,asin,place_name,ASINU,ASI,1,1,1154,KH20,Khania,clay,LM IB,0.1,38.0,,𐝫𐝫A,administrative,tablet (page-shaped),𐝫 𐝫 𐘇 𐘤 𐘸 𐘴 𐄁 𐜚 𐝫 𐝫 𐝁 𐝫 𐘬 𐘙 𐘍 𐄁 𐜚 𐝆 𐘝 𐝃,𐝫 𐝫 A SI KI RA 𐄁 CYP+E ? ? DU ZA 𐄁 CYP+E ¹⁄₂ ? NI ¹⁄₄ pu vase,20,3,0,0,DU; 𐝁; ¹⁄₄; 𐝆; vase; 𐝃,CYP+E; NI,𐝫 𐝫,SI KI RA 𐄁 CYP+E,,,,226,no,,toponym/geography,"administrative context typical for toponyms; co-occurs with commodities: DU, 𐝁, ¹⁄₄",approximate match (levenshtein=1); 3 logogram(s) present; text: administrative
Ἀσίνη,Asinē,Asine,asin,place_name,ASINU,ASI,1,1,1665,ARKH2,Arkhalkhori,clay,LM IB,0.1,38.0,,*131B5A,administrative,tablet (page-shaped),𐘤 𐘀 𐘃 𐙂 𐘴 𐙎 𐄋 𐘇 𐘤 𐘀 𐘄 𐘚 𐄐 𐄈 𐙀 𐙕 𐘈 𐘦 𐘐 𐙈 𐄌 𐘇 𐘲 𐘫 𐘮 𐄊 𐘘 𐘻 𐝫 𐝫,SI DA TE KU RA *131B 5 A SI DA TO I 12 ? *301 SE DE *21F *118 6 ? SU PU WA 4 ? MI ? 𐝫 𐝫,30,0,0,0,,,TE KU RA *131B 5,SI DA TO I 12,,,,15,no,,toponym/geography,administrative context typical for toponyms,approximate match (levenshtein=1); text: administrative
Ἀσίνη,Asinē,Asine,asin,place_name,ASINU,ANANU,1,1,1093,HTZb159,Haghia Triada,pottery/ceramic,LM IB,0.1,38.0,,ANANU,religious,Clay vessel,𐘇 𐘅 𐘯 𐘤 𐘱 𐘈 𐝫,A NA NU SI JA SE 𐝫,7,0,0,0,,,,NA NU SI JA SE,,,,49,no,,toponym/geography,unexpected text type for toponym: religious; ⚠ context mismatch,approximate match (levenshtein=1); text: religious
Ἀσίνη,Asinē,Asine,asin,place_name,ASINU,AKANU,1,1,1399,KNZc7,Knossos,,Uncertain,0.1,38.0,,AKANU,unknown,Inked inscription,𐘇 𐘾 𐘯 𐘍 𐘠 𐄁 𐘬 𐘴 𐘙 𐄁 𐘇 𐙀 𐘴 𐄁 𐘱 𐘞 𐘴 𐘇 𐘅 𐘗 𐄁 𐘣 𐘢 𐝫 𐄁,A KA NU ZA TI 𐄁 DU RA RE 𐄁 A ZU RA 𐄁 JA SA RA A NA NE 𐄁 WI PI 𐄁 𐄁,25,0,0,0,,,,KA NU ZA TI 𐄁,,,,59,no,,toponym/geography,unexpected text type for toponym: unknown; ⚠ context mismatch,approximate match (levenshtein=1)
Ἀσίνη,Asinē,Asine,asin,place_name,ASINU,ANU,1,1,1454,PEZb,Petras,pottery/ceramic,Uncertain,0.1,38.0,,ANU?,religious,Clay vessel,𐝫 𐘇 𐘯 𐝫,A NU ? 𐝫,4,0,0,0,,,,NU ? 𐝫,,,,12,no,,toponym/geography,unexpected text type for toponym: religious; ⚠ context mismatch,approximate match (levenshtein=1); text: religious
Ἴαλυσος,Ialysos,Ialysos,ialus,place_name,IARUSU,IARU,1,1,12,HT9a,Haghia Triada - Villa Magazine,clay,LM IB,0.1,38.0,,10DINAU,administrative,tablet (page-shaped),𐘞 𐘁 𐄁 𐘃 𐄁 𐙍 𐄁 𐘂 𐘦 𐄁 𐄋 𐝕 𐙚 𐘹 𐄐 𐘆 𐘅 𐘉 𐄊 𐘿 𐘫 𐄈 𐙰 𐘆 𐘴 𐄈 𐝆 𐘳 𐘚 𐙌 𐄈 𐝆 𐘇 𐘘 𐄊 𐝃 𐙂 𐘁 𐄒 𐄇 𐝕,SA RO 𐄁 TE 𐄁 VIN 𐄁 PA DE 𐄁 5 ³⁄₄ *306 TU 10 DI NA U 4 QE PU 2 *324 DI RA 2 ¹⁄₂ TA I AROM 2 ¹⁄₂ A RU 4 ¹⁄₄ KU RO 31 ³⁄₄ [?],41,5,0,0,³⁄₄; 𐝕; ¹⁄₂; 𐝆; ¹⁄₂; ¹⁄₄; 𐝃; [?],,DI RA 2 ¹⁄₂ TA,AROM 2 ¹⁄₂ A RU,,,,96,no,,toponym/geography,"administrative context typical for toponyms; co-occurs with commodities: ³⁄₄, 𐝕, ¹⁄₂",approximate match (levenshtein=1); 5 logogram(s) present; text: administrative
Ἄργος,Argos,Argos,arg,place_name,ARUKU,ARUKU,0,1,12,HT9a,Haghia Triada - Villa Magazine,clay,LM IB,0.1,58.0,,DINAU,administrative,tablet (page-shaped),𐘞 𐘁 𐄁 𐘃 𐄁 𐙍 𐄁 𐘂 𐘦 𐄁 𐄋 𐝕 𐙚 𐘹 𐄐 𐘆 𐘅 𐘉 𐄊 𐘿 𐘫 𐄈 𐙰 𐘆 𐘴 𐄈 𐝆 𐘳 𐘚 𐙌 𐄈 𐝆 𐘇 𐘘 𐄊 𐝃 𐙂 𐘁 𐄒 𐄇 𐝕,SA RO 𐄁 TE 𐄁 VIN 𐄁 PA DE 𐄁 5 ³⁄₄ *306 TU 10 DI NA U 4 QE PU 2 *324 DI RA 2 ¹⁄₂ TA I AROM 2 ¹⁄₂ A RU 4 ¹⁄₄ KU RO 31 ³⁄₄ [?],41,5,0,0,³⁄₄; 𐝕; ¹⁄₂; 𐝆; ¹⁄₂; ¹⁄₄; 𐝃; [?],,TA I AROM 2 ¹⁄₂,RU 4 ¹⁄₄ KU RO,,,,96,no,,toponym/geography,"administrative context typical for toponyms; co-occurs with commodities: ³⁄₄, 𐝕, ¹⁄₂",exact phonetic match; 5 logogram(s) present; text: administrative
Ἄργος,Argos,Argos,arg,place_name,ARUKU,AKUKU,1,1,60,HT45b,Haghia Triada - Villa Magazine,clay,LM IB,0.1,43.0,,𐝫—8,administrative,tablet (page-shaped),𐝫 — 𐝫 𐄎 𐝂 𐝂 𐚺 𐝉 𐝫 𐙂 𐝃 — 𐙪 𐄁 𐙙 𐄍 𐚺 𐝉 𐘂 𐝫 𐄁 𐝫 𐘇 𐄑 𐝁 𐄁 𐙂 𐝃 𐙂 𐝃,𐝫 — 8 double mina ? 𐝉 ? ¹⁄₄ ? — *318 *305 7 ? QA2+[?]+RE+PU ? PA A 20 ¹⁄₃ ? 𐄁 KU ¹⁄₄ KU ¹⁄₄ vase ta? vase,30,10,0,0,mina; 𐝂; 𐝉; 𐚺; —; 𐝃; PA; ¹⁄₄; 𐝁; vase; vase,,"7 
 QA2+[?]+RE+PU 
 PA","20 ¹⁄₃ 
 𐄁 KU",,,,96,no,,toponym/geography,"administrative context typical for toponyms; co-occurs with commodities: mina, 𐝂, 𐝉",approximate match (levenshtein=1); 10 logogram(s) present; text: administrative
Ἄργος,Argos,Argos,arg,place_name,ARUKU,AKU,1,1,1231,KH99,Khania,clay,Uncertain,0.1,43.0,,A*118,administrative,tablet (page-shaped),𐝫 𐘂 𐘭 𐘦 𐝫 𐝫 𐘇 𐘤 𐙈 𐝫 𐙂 𐘾 𐝫,"PA RI DE ? A *118 ? KU KA 𐝫 ta? ?,pte? 𐝫",13,0,0,0,,,"PA RI DE 
","*118 
 KU KA 𐝫",,,,226,no,,toponym/geography,administrative context typical for toponyms,approximate match (levenshtein=1); text: administrative
Ἄργος,Argos,Argos,arg,place_name,ARUKU,AKU,1,1,1449,PA1,Papourou,clay,Uncertain,0.1,43.0,,AKUJU,administrative,tablet (page-shaped),𐘇 𐙂 𐘶 𐘂 𐙈 𐄒 𐄋,A KU JU PA *118 35 𐄋,7,0,0,0,,,,KU JU PA *118 35,,,,1,no,,toponym/geography,administrative context typical for toponyms,approximate match (levenshtein=1); text: administrative
Ἄργος,Argos,Argos,arg,place_name,ARUKU,ADUKU,1,1,1598,TY3a,Tylissos,clay,Uncertain,0.2,46.0,"OLE+U,OLE",¹⁄₄,administrative,tablet (page-shaped),𐝫 𐘍 𐙭 𐜓 𐄐 𐄋 𐝃 𐜋 𐄑 𐄈 𐘗 𐘸 𐄋 𐜌 𐄉 𐝆 𐜗 𐝫 𐜋 𐄍 𐝆 — 𐘇 𐘬 𐝫 𐄁 𐝫 𐜓 𐄔 𐄇 𐜔 𐄈 𐝂 𐜕 𐄇 𐜌 𐄊 𐝆 𐝫 𐙋 𐝫 𐄊 𐝫 — 𐘇 𐘀 𐜋 𐄑 𐄇 𐜗 𐄈 𐝫 𐝫 𐘺 𐘇 𐘬 𐘮 𐙖 𐝫 𐄍 𐝂 — 𐘇 𐙂 𐘹 𐚕 𐝫 𐝫 𐘸 𐄋 𐜖 𐄇 —,ZA *321 OLE+KI 15 ¹⁄₄ ? OLE+U ? NE KI ? OLE+QIf 3 ? OLE+MI ? 7 ¹⁄₂ — ? A 𐄁 OLE+KI 51 ? OLE+KI+U 2 ¹⁄₅ ? OLE+KI+ME ? OLE+QIf 4 ? OLIV ? — ? DA OLE+U 21 ? OLE+MI ? A DU WA OLE 7 ? — ? KU TU *361 ? KI 5 ? OLE+TU 1 — a ta? ja [?] 𐝫 𐝫 ? 𐄋 weigh D 𐄇 —,73,7,0,5,OLE+U; 𐝃; 𐝆; A; 4; 𐝂; 1; [?]; 𐚕,15; 7; —; ¹⁄₅; WA; weigh D,"
 7 ¹⁄₂ — 
","𐄁 OLE+KI 51 
 OLE+KI+U",,,,6,no,,toponym/geography,"administrative context typical for toponyms; co-occurs with commodities: OLE+U, 𐝃, 𐝆",approximate match (levenshtein=1); 7 logogram(s) present; text: administrative
Ἄργος,Argos,Argos,arg,place_name,ARUKU,ARUKURO,1,1,12,HT9a,Haghia Triada - Villa Magazine,clay,LM IB,0.1,43.0,,DINAU,administrative,tablet (page-shaped),𐘞 𐘁 𐄁 𐘃 𐄁 𐙍 𐄁 𐘂 𐘦 𐄁 𐄋 𐝕 𐙚 𐘹 𐄐 𐘆 𐘅 𐘉 𐄊 𐘿 𐘫 𐄈 𐙰 𐘆 𐘴 𐄈 𐝆 𐘳 𐘚 𐙌 𐄈 𐝆 𐘇 𐘘 𐄊 𐝃 𐙂 𐘁 𐄒 𐄇 𐝕,SA RO 𐄁 TE 𐄁 VIN 𐄁 PA DE 𐄁 5 ³⁄₄ *306 TU 10 DI NA U 4 QE PU 2 *324 DI RA 2 ¹⁄₂ TA I AROM 2 ¹⁄₂ A RU 4 ¹⁄₄ KU RO 31 ³⁄₄ [?],41,5,0,0,³⁄₄; 𐝕; ¹⁄₂; 𐝆; ¹⁄₂; ¹⁄₄; 𐝃; [?],,TA I AROM 2 ¹⁄₂,RU 4 ¹⁄₄ KU RO,,,,96,no,,toponym/geography,"administrative context typical for toponyms; co-occurs with commodities: ³⁄₄, 𐝕, ¹⁄₂",approximate match (levenshtein=1); 5 logogram(s) present; text: administrative
Ἄργος,Argos,Argos,arg,place_name,ARUKU,MURUKU,1,1,61,HT46a,Haghia Triada - Villa Magazine,clay,LM IB,0.1,43.0,,𐝫MURU,administrative,tablet (page-shaped),𐝫 𐝫 𐘕 𐘘 𐄇 𐝫 𐝫 𐙂 𐘁 𐄓 𐄉 𐝆,𐝫 MU RU 1 ? KU 43 ¹⁄₂ ro 𐄓 𐄉 vase,12,1,0,0,vase; 𐝆,,𐝫,"RU 1 
 KU 43",,,,96,no,,toponym/geography,"administrative context typical for toponyms; co-occurs with commodities: vase, 𐝆",approximate match (levenshtein=1); 1 logogram(s) present; text: administrative
Ἄργος,Argos,Argos,arg,place_name,ARUKU,KARUKU,1,1,106,HT86a,Haghia Triada - Casa Room 7,clay,LM IB,0.1,43.0,,KARU𐄁,administrative,tablet (page-shaped),𐘇 𐘾 𐘘 𐄁 𐙂 𐘝 𐘲 𐛷 𐄑 𐘞 𐘘 𐄑 𐘆 𐘦 𐘘 𐄑 𐘌 𐘽 𐘮 𐄐 — 𐘇 𐘬 𐄁 𐘀 𐘋 𐛳 𐄑 𐘻 𐘯 𐘃 𐄑,A KA RU 𐄁 KU NI SU GRA+K+L 20 SA RU 20 DI DE RU 20 QA RA₂ WA 10 — A DU 𐄁 DA ME GRA+B 20 MI NU TE 20,32,0,0,2,,GRA+K+L; GRA+B,A,RU 𐄁 KU NI SU,,,,42,no,,toponym/geography,administrative context typical for toponyms,approximate match (levenshtein=1); text: administrative
Ἄργος,Argos,Argos,arg,place_name,ARUKU,KARUKU,1,1,107,HT86b,Haghia Triada - Casa Room 7,clay,LM IB,0.1,43.0,,KARU𐄁,administrative,tablet (page-shaped),𐘇 𐘾 𐘘 𐄁 𐙂 𐘝 𐘲 𐛷 𐄑 𐘞 𐘘 𐄑 𐘆 𐘦,A KA RU 𐄁 KU NI SU GRA+K+L 20 SA RU 20 DI DE,14,0,0,1,,GRA+K+L,A,RU 𐄁 KU NI SU,,,,42,no,,toponym/geography,administrative context typical for toponyms,approximate match (levenshtein=1); text: administrative
Ἄργος,Argos,Argos,arg,place_name,ARUKU,ARUDA,1,1,39,HT28a,Haghia Triada - Villa Magazine,clay,LM IB,0.25,47.5,"OLE+U,GRA,OLE",5,administrative,tablet (page-shaped),𐘇 𐘤 𐘱 𐘾 𐄁 𐘱 𐘐 𐄁 𐛱 𐄋 𐜋 𐄈 𐜓 𐝆 𐜗 𐄇 𐜖 𐝉 𐘞 𐘽 𐜉 𐄇 𐘝 𐄈 𐙍 𐄉 𐛧 𐙍 𐄌 𐘇 𐘘 𐘀 𐘴 𐙉 𐄋 𐙘 𐄈 𐜉 𐄉 𐘚 𐘳 𐘱 𐜉 𐄐,A SI JA KA 𐄁 JA *21F 𐄁 GRA+QE 5 OLE+U 2 OLE+KI ¹⁄₂ OLE+MI 1 OLE+TU 𐝉 SA RA₂ OLE+DI 1 NI 2 VIN 3 VIR+KA VIN 6 A RU DA RA GRA 5 *304 2 OLE+DI 3 I TA JA OLE+DI 10,44,3,0,5,¹⁄₂; 𐝆; 𐝉; VIR+KA; 𐛧,GRA+QE; OLE+U; OLE+KI; OLE+MI; OLE+TU; OLE+DI; OLE+DI; OLE+DI,VIN 3 VIR+KA VIN 6,RU DA RA GRA 5,,,,96,no,,toponym/geography,"administrative context typical for toponyms; co-occurs with commodities: ¹⁄₂, 𐝆, 𐝉",approximate match (levenshtein=1); 3 logogram(s) present; text: administrative
Ἄργος,Argos,Argos,arg,place_name,ARUKU,SARUKU,1,1,117,HT94b,Haghia Triada - Casa Room 7,clay,LM IB,0.1,43.0,,1KEKI,administrative,tablet (page-shaped),𐘸 𐘁 𐄁 𐘹 𐙁 𐄇 𐘂 𐘳 𐘗 𐄇 𐘦 𐘆 𐄇 𐘥 𐘸 𐘘 𐄇 𐘞 𐘘 𐄇 𐙂 𐘁 𐄋 𐙅 𐄁 𐘴 𐝫 𐄁 𐝫 𐘦 𐘋 𐘃 𐄇 𐘐 𐘹 𐝫 𐄁 𐄇,KI RO 𐄁 TU MA 1 PA TA NE 1 DE DI 1 KE KI RU 1 SA RU 1 KU RO 5 *86 𐄁 RA 𐄁 DE ME TE 1 ? *21F 𐄁 1 𐝫 𐄁 𐄇,38,0,0,0,,,1 KE KI RU 1,RU 1 KU RO 5,,,,42,no,,toponym/geography,administrative context typical for toponyms,approximate match (levenshtein=1); text: administrative
Ἄργος,Argos,Argos,arg,place_name,ARUKU,SARUKU,1,1,118,HT95a,Haghia Triada - Casa Room 7,clay,LM IB,0.1,43.0,,MINUTE,administrative,tablet (page-shaped),𐘀 𐘬 𐙁 𐘳 𐄁 𐙉 𐘀 𐘋 𐄐 𐘻 𐘯 𐘃 𐄐 𐘞 𐘘 𐄑 𐙂 𐘝 𐘲 𐄐 𐘆 𐘦 𐘘 𐄐 𐘿 𐘽 𐘉 𐄍,DA DU MA TA 𐄁 GRA DA ME 10 MI NU TE 10 SA RU 20 KU NI SU 10 DI DE RU 10 QE RA₂ U 7,28,0,0,0,,,10 MI NU TE 10,RU 20 KU NI SU,,,,42,no,,toponym/geography,administrative context typical for toponyms,approximate match (levenshtein=1); text: administrative
Ἄργος,Argos,Argos,arg,place_name,ARUKU,ARUDI,1,1,1504,PH(?)31a,Phaistos,clay,Uncertain,0.1,43.0,,𐝫A,administrative,tablet (page-shaped),𐝫 𐝫 𐘇 𐝫 𐝫 𐘘 𐚾 𐄇 𐙁 𐘆 𐘑 𐄇 𐘓 𐝫 𐄁 𐝫 𐘗 𐄇 𐙂 𐘰 𐘯 𐙄 𐘤 𐘙 𐄇 𐘂 𐘳 𐘀 𐝫 𐝫 𐄇 𐙂 𐘁 𐚾 𐄇 𐘑 𐄋 𐘐 𐄉 𐝫,𐝫 A ? RU 1 ? MA DI 1 ? *22F ? NE 1 KU PA₃ NU AU RE 1 ? PA TA DA 1 KU RO CAPm+KU 1 ? *21M ? *21F 3 𐄇 zo 𐄋 za 𐄉 𐝫,40,2,0,0,MA; 𐚾; 3,,𐝫,"
 RU 1 
 MA",,,,66,no,,toponym/geography; agriculture (grain),"administrative context typical for toponyms; co-occurs with commodities: MA, 𐚾, 3",approximate match (levenshtein=1); 2 logogram(s) present; text: administrative
Ἄργος,Argos,Argos,arg,place_name,ARUKU,MARUKU,1,1,152,HT117a,Haghia Triada - Casa Room 9,clay,LM IB,0.1,43.0,,TU1KU,administrative,tablet (page-shaped),𐙁 𐘾 𐘭 𐘃 𐄁 𐘸 𐘁 𐄁 𐘉 𐘻 𐘅 𐘤 𐄁 𐘉 𐘲 𐄇 𐘻 𐘹 𐄇 𐙂 𐘴 𐘕 𐄇 𐙁 𐘘 𐄇 𐙂 𐘰 𐘯 𐄇 𐘹 𐘶 𐙁 𐄇 𐘉 𐘆 𐘻 𐄇 𐘻 𐘘 𐘳 𐘴 𐘙 𐄇 𐘃 𐘱 𐘙 𐄇 𐘅 𐘀 𐘙 𐄇 𐙂 𐘁 𐄐 — 𐘞 𐘳 𐄁 𐙂 𐙂 𐘀 𐘴 𐄇 𐘺 𐘞 𐘚 𐘠 𐄇 𐘀 𐘻 𐘯 𐄇 𐘀 𐘗 𐙂 𐘠 𐄇 𐘸 𐘀 𐘁 𐄇,MA KA RI TE 𐄁 KI RO 𐄁 U MI NA SI 𐄁 U SU 1 MI TU 1 KU RA MU 1 MA RU 1 KU PA₃ NU 1 TU JU MA 1 U DI MI 1 MI RU TA RA RE 1 TE JA RE 1 NA DA RE 1 KU RO 10 — SA TA 𐄁 KU KU DA RA 1 KO SA I TI 1 DA MI NU 1 DA NE KU TI 1 KI DA RO 1,82,0,0,0,,,,KA RI TE 𐄁 KI,,,,16,no,,toponym/geography,administrative context typical for toponyms,approximate match (levenshtein=1); text: administrative
Ἄργος,Argos,Argos,arg,place_name,ARUKU,ARU,1,1,16,HT11a,Haghia Triada - Villa Magazine,clay,LM IB,0.1,43.0,,ARURA,administrative,tablet (page-shaped),𐘇 𐘘 𐘴 𐝫 𐄁 𐝫 𐄉 𐘾 𐘁 𐘅 𐄈 𐙮 𐘭 𐄇 𐙂 𐘁 𐄐 𐘇 𐘲 𐘱 𐄇 𐙇 𐘚 𐄉 𐘷 𐄐 𐄋,A RU RA 𐄁 3 ? KA NA 2 ? *322 1 ? KU 10 ? A JA 1 ? VIR+[?] 3 ? TA₂ nu 𐄐 𐄋,27,0,0,0,,,,"RU RA 𐄁 3 
",,,,96,no,,toponym/geography,administrative context typical for toponyms,approximate match (levenshtein=1); text: administrative
Ἄργος,Argos,Argos,arg,place_name,ARUKU,ARU,1,1,1606,ZA4a,Zakros,stone,Uncertain,0.1,43.0,,5JA,religious,stone vessel,𐝫 𐝫 𐝫 𐘡 𐝫 𐝫 𐘢 𐝫 𐄁 𐝫 𐘈 𐝫 𐝫 𐄋 𐘱 𐘄 𐘱 𐝫 𐝫 𐄉 𐝫 𐘇 𐘠 𐘘 𐄊 𐘱 𐘂 𐄇 𐝫 𐄁 𐝫 𐘹 𐘋 𐘈 𐄐 𐄎 𐘿 𐘤 𐙀 𐘡 𐄊 𐘛 𐘯 𐙁 𐘙 𐄐 𐄉 𐘤 𐘢 𐘸 𐄋 𐘡 𐙃 𐄔 𐘾 𐘆 𐄉,"𐝫 𐝫 E ? PI SE 5 ? JA TO JA 3 ? A RU 4 ? JA PA 1 ? TU ME SE 18 QE SI ZU E ? *28B NU MA RE 13 ? PI KI 5 ? E 50 ? KA DI 3 𐄉 jo ?,pa2? ? 𐄋 ra? ki 𐄔 ?,pte? di 𐄉",57,0,0,0,,,"JA TO JA 3 
","RU 4 
 JA PA",,,,53,no,,toponym/geography,unexpected text type for toponym: religious; ⚠ context mismatch,approximate match (levenshtein=1); text: religious
Ἄργος,Argos,Argos,arg,place_name,ARUKU,RARUKU,1,1,65,HT49a,Haghia Triada - Villa Magazine,clay,LM IB,0.1,43.0,,𐝫,administrative,tablet (page-shaped),𐝫 𐄁 𐝫 𐘽 𐘬 𐝫 𐝫 𐘳 𐘅 𐘠 𐄁 𐄇 𐝫 𐝫 𐝫 𐘭 𐄇 𐘲 𐘸 𐝫 𐝫 𐄇 𐘠 𐘬 𐘝 𐄇 𐝫 𐝫 𐝫 𐘤 𐘴 𐄇 𐘇 𐘘 𐄇 𐚞 𐄇 𐙢 𐄇 𐙂 𐘰 𐘯 𐄇 𐘹 𐘲 𐘜 𐄇 𐘸 𐄇 — 𐝫 𐄋 𐘹 𐄊 𐘸 𐄇 𐝫 𐝫,𐝫 𐄁 RA₂ DU ? TA TI 𐄁 1 ? 𐝫 ? RI ? KI ? 𐝫 ? TI DU 1 ? ? SI RA 1 ? RU ? *370 1 ? 1 ? KU NU 1 TU SU 1 ? KI 1 — ? 𐝫 5 TU 4 KI ? 𐝫 ja 𐄊 ? 𐄇 𐝫 𐝫,58,1,0,0,NU; 𐚞,,"DU 1 
 
 SI","1 
 RU 
 *370",,,,96,no,,toponym/geography,"administrative context typical for toponyms; co-occurs with commodities: NU, 𐚞",approximate match (levenshtein=1); 1 logogram(s) present; text: administrative
Ἄργος,Argos,Argos,arg,place_name,ARUKU,RUKU,1,1,108,HT87,Haghia Triada - Casa Room 7,clay,LM IB,0.1,43.0,,SE1QE,administrative,tablet (page-shaped),𐘐 𐘹 𐘗 𐄁 𐙁 𐘾 𐘭 𐘃 𐄁 𐘢 𐘳 𐘥 𐘤 𐄇 𐘱 𐘙 𐘻 𐄇 𐘆 𐘸 𐘈 𐄇 𐘿 𐘲 𐘫 𐄇 𐙂 𐘘 𐙂 𐄇 𐘇 𐘴 𐝫 𐄁 𐝫 𐘇 𐘹 𐄇,*21F TU NE 𐄁 MA KA RI TE 𐄁 PI TA KE SI 1 JA RE MI 1 DI KI SE 1 QE SU PU 1 KU RU KU 1 A RA 𐄁 A TU 1 ja 𐄇,38,0,0,0,,,QE SU PU 1 KU,KU 1 A RA 𐄁,,,,42,no,,toponym/geography,administrative context typical for toponyms,approximate match (levenshtein=1); text: administrative
Ἄργος,Argos,Argos,arg,place_name,ARUKU,RUKU,1,1,1182,KH49,Khania,clay,LM IB,0.1,43.0,,𐝫RU,administrative,tablet (page-shaped),𐝫 𐝫 𐘘 𐝫 𐝫 𐙂 𐝫 𐝫,𐝫 RU ? KU 𐝫 ta? 𐝫 𐝫,8,0,0,0,,,𐝫,"
 KU 𐝫 ta? 𐝫",,,,226,no,,toponym/geography,administrative context typical for toponyms,approximate match (levenshtein=1); text: administrative
Ἄργος,Argos,Argos,arg,place_name,ARUKU,AJAKU,1,1,1406,KNZf13,Knossos,metal,LM IA,0.1,43.0,,MUAJA,religious,metal object,𐘇 𐘙 𐘗 𐘤 𐘆 𐙕 𐘢 𐘥 𐘂 𐘱 𐘳 𐘭 𐘈 𐘃 𐘭 𐘕 𐘇 𐘱 𐙂,A RE NE SI DI *301 PI KE PA JA TA RI SE TE RI MU A JA KU,19,0,0,0,,,RI SE TE RI MU,JA KU,,,,59,no,,toponym/geography,unexpected text type for toponym: religious; ⚠ context mismatch,approximate match (levenshtein=1); text: religious
Πύργος,Pyrgos,Pyrgos (place/tower),purg,place_name,PURUKU,PUKU,1,1,108,HT87,Haghia Triada - Casa Room 7,clay,LM IB,0.1,43.0,,DIKISE,administrative,tablet (page-shaped),𐘐 𐘹 𐘗 𐄁 𐙁 𐘾 𐘭 𐘃 𐄁 𐘢 𐘳 𐘥 𐘤 𐄇 𐘱 𐘙 𐘻 𐄇 𐘆 𐘸 𐘈 𐄇 𐘿 𐘲 𐘫 𐄇 𐙂 𐘘 𐙂 𐄇 𐘇 𐘴 𐝫 𐄁 𐝫 𐘇 𐘹 𐄇,*21F TU NE 𐄁 MA KA RI TE 𐄁 PI TA KE SI 1 JA RE MI 1 DI KI SE 1 QE SU PU 1 KU RU KU 1 A RA 𐄁 A TU 1 ja 𐄇,38,0,0,0,,,KI SE 1 QE SU,1 KU RU KU 1,,,,42,no,,toponym/geography,administrative context typical for toponyms,approximate match (levenshtein=1); text: administrative
Πύργος,Pyrgos,Pyrgos (place/tower),purg,place_name,PURUKU,MURUKU,1,1,61,HT46a,Haghia Triada - Villa Magazine,clay,LM IB,0.1,43.0,,𐝫MURU,administrative,tablet (page-shaped),𐝫 𐝫 𐘕 𐘘 𐄇 𐝫 𐝫 𐙂 𐘁 𐄓 𐄉 𐝆,𐝫 MU RU 1 ? KU 43 ¹⁄₂ ro 𐄓 𐄉 vase,12,1,0,0,vase; 𐝆,,𐝫,"RU 1 
 KU 43",,,,96,no,,toponym/geography,"administrative context typical for toponyms; co-occurs with commodities: vase, 𐝆",approximate match (levenshtein=1); 1 logogram(s) present; text: administrative
Πύργος,Pyrgos,Pyrgos (place/tower),purg,place_name,PURUKU,KARUKU,1,1,106,HT86a,Haghia Triada - Casa Room 7,clay,LM IB,0.1,43.0,,KARU𐄁,administrative,tablet (page-shaped),𐘇 𐘾 𐘘 𐄁 𐙂 𐘝 𐘲 𐛷 𐄑 𐘞 𐘘 𐄑 𐘆 𐘦 𐘘 𐄑 𐘌 𐘽 𐘮 𐄐 — 𐘇 𐘬 𐄁 𐘀 𐘋 𐛳 𐄑 𐘻 𐘯 𐘃 𐄑,A KA RU 𐄁 KU NI SU GRA+K+L 20 SA RU 20 DI DE RU 20 QA RA₂ WA 10 — A DU 𐄁 DA ME GRA+B 20 MI NU TE 20,32,0,0,2,,GRA+K+L; GRA+B,A,RU 𐄁 KU NI SU,,,,42,no,,toponym/geography,administrative context typical for toponyms,approximate match (levenshtein=1); text: administrative
Πύργος,Pyrgos,Pyrgos (place/tower),purg,place_name,PURUKU,KARUKU,1,1,107,HT86b,Haghia Triada - Casa Room 7,clay,LM IB,0.1,43.0,,KARU𐄁,administrative,tablet (page-shaped),𐘇 𐘾 𐘘 𐄁 𐙂 𐘝 𐘲 𐛷 𐄑 𐘞 𐘘 𐄑 𐘆 𐘦,A KA RU 𐄁 KU NI SU GRA+K+L 20 SA RU 20 DI DE,14,0,0,1,,GRA+K+L,A,RU 𐄁 KU NI SU,,,,42,no,,toponym/geography,administrative context typical for toponyms,approximate match (levenshtein=1); text: administrative
Πύργος,Pyrgos,Pyrgos (place/tower),purg,place_name,PURUKU,PUMAKU,1,1,181,HT139,Haghia Triada - Casa del Lebete,clay,LM IB,0.1,43.0,,PUMAKU,administrative,tablet (page-shaped),𐝫 𐘫 𐙁 𐙂 𐝫 𐝫 𐙉 𐝫 𐄇 𐙖 𐝆 𐝫 𐘾 𐘽 𐝫 𐝫,"PU MA KU ? GRA ? OLE ¹⁄₂ ? RA₂ ? 𐝫 ?,pte? ? 𐝫 𐝫",16,1,0,0,𐝆,,,"MA KU 
 GRA 
",,,,38,no,,toponym/geography,administrative context typical for toponyms; co-occurs with commodities: 𐝆,approximate match (levenshtein=1); 1 logogram(s) present; text: administrative
Πύργος,Pyrgos,Pyrgos (place/tower),purg,place_name,PURUKU,SARUKU,1,1,117,HT94b,Haghia Triada - Casa Room 7,clay,LM IB,0.1,43.0,,1KEKI,administrative,tablet (page-shaped),𐘸 𐘁 𐄁 𐘹 𐙁 𐄇 𐘂 𐘳 𐘗 𐄇 𐘦 𐘆 𐄇 𐘥 𐘸 𐘘 𐄇 𐘞 𐘘 𐄇 𐙂 𐘁 𐄋 𐙅 𐄁 𐘴 𐝫 𐄁 𐝫 𐘦 𐘋 𐘃 𐄇 𐘐 𐘹 𐝫 𐄁 𐄇,KI RO 𐄁 TU MA 1 PA TA NE 1 DE DI 1 KE KI RU 1 SA RU 1 KU RO 5 *86 𐄁 RA 𐄁 DE ME TE 1 ? *21F 𐄁 1 𐝫 𐄁 𐄇,38,0,0,0,,,1 KE KI RU 1,RU 1 KU RO 5,,,,42,no,,toponym/geography,administrative context typical for toponyms,approximate match (levenshtein=1); text: administrative
Πύργος,Pyrgos,Pyrgos (place/tower),purg,place_name,PURUKU,SARUKU,1,1,118,HT95a,Haghia Triada - Casa Room 7,clay,LM IB,0.1,43.0,,MINUTE,administrative,tablet (page-shaped),𐘀 𐘬 𐙁 𐘳 𐄁 𐙉 𐘀 𐘋 𐄐 𐘻 𐘯 𐘃 𐄐 𐘞 𐘘 𐄑 𐙂 𐘝 𐘲 𐄐 𐘆 𐘦 𐘘 𐄐 𐘿 𐘽 𐘉 𐄍,DA DU MA TA 𐄁 GRA DA ME 10 MI NU TE 10 SA RU 20 KU NI SU 10 DI DE RU 10 QE RA₂ U 7,28,0,0,0,,,10 MI NU TE 10,RU 20 KU NI SU,,,,42,no,,toponym/geography,administrative context typical for toponyms,approximate match (levenshtein=1); text: administrative
Πύργος,Pyrgos,Pyrgos (place/tower),purg,place_name,PURUKU,ARUKU,1,1,12,HT9a,Haghia Triada - Villa Magazine,clay,LM IB,0.1,43.0,,DINAU,administrative,tablet (page-shaped),𐘞 𐘁 𐄁 𐘃 𐄁 𐙍 𐄁 𐘂 𐘦 𐄁 𐄋 𐝕 𐙚 𐘹 𐄐 𐘆 𐘅 𐘉 𐄊 𐘿 𐘫 𐄈 𐙰 𐘆 𐘴 𐄈 𐝆 𐘳 𐘚 𐙌 𐄈 𐝆 𐘇 𐘘 𐄊 𐝃 𐙂 𐘁 𐄒 𐄇 𐝕,SA RO 𐄁 TE 𐄁 VIN 𐄁 PA DE 𐄁 5 ³⁄₄ *306 TU 10 DI NA U 4 QE PU 2 *324 DI RA 2 ¹⁄₂ TA I AROM 2 ¹⁄₂ A RU 4 ¹⁄₄ KU RO 31 ³⁄₄ [?],41,5,0,0,³⁄₄; 𐝕; ¹⁄₂; 𐝆; ¹⁄₂; ¹⁄₄; 𐝃; [?],,TA I AROM 2 ¹⁄₂,RU 4 ¹⁄₄ KU RO,,,,96,no,,toponym/geography,"administrative context typical for toponyms; co-occurs with commodities: ³⁄₄, 𐝕, ¹⁄₂",approximate match (levenshtein=1); 5 logogram(s) present; text: administrative
Πύργος,Pyrgos,Pyrgos (place/tower),purg,place_name,PURUKU,MARUKU,1,1,152,HT117a,Haghia Triada - Casa Room 9,clay,LM IB,0.1,43.0,,TU1KU,administrative,tablet (page-shaped),𐙁 𐘾 𐘭 𐘃 𐄁 𐘸 𐘁 𐄁 𐘉 𐘻 𐘅 𐘤 𐄁 𐘉 𐘲 𐄇 𐘻 𐘹 𐄇 𐙂 𐘴 𐘕 𐄇 𐙁 𐘘 𐄇 𐙂 𐘰 𐘯 𐄇 𐘹 𐘶 𐙁 𐄇 𐘉 𐘆 𐘻 𐄇 𐘻 𐘘 𐘳 𐘴 𐘙 𐄇 𐘃 𐘱 𐘙 𐄇 𐘅 𐘀 𐘙 𐄇 𐙂 𐘁 𐄐 — 𐘞 𐘳 𐄁 𐙂 𐙂 𐘀 𐘴 𐄇 𐘺 𐘞 𐘚 𐘠 𐄇 𐘀 𐘻 𐘯 𐄇 𐘀 𐘗 𐙂 𐘠 𐄇 𐘸 𐘀 𐘁 𐄇,MA KA RI TE 𐄁 KI RO 𐄁 U MI NA SI 𐄁 U SU 1 MI TU 1 KU RA MU 1 MA RU 1 KU PA₃ NU 1 TU JU MA 1 U DI MI 1 MI RU TA RA RE 1 TE JA RE 1 NA DA RE 1 KU RO 10 — SA TA 𐄁 KU KU DA RA 1 KO SA I TI 1 DA MI NU 1 DA NE KU TI 1 KI DA RO 1,82,0,0,0,,,,KA RI TE 𐄁 KI,,,,16,no,,toponym/geography,administrative context typical for toponyms,approximate match (levenshtein=1); text: administrative
Πύργος,Pyrgos,Pyrgos (place/tower),purg,place_name,PURUKU,RARUKU,1,1,65,HT49a,Haghia Triada - Villa Magazine,clay,LM IB,0.1,43.0,,𐝫,administrative,tablet (page-shaped),𐝫 𐄁 𐝫 𐘽 𐘬 𐝫 𐝫 𐘳 𐘅 𐘠 𐄁 𐄇 𐝫 𐝫 𐝫 𐘭 𐄇 𐘲 𐘸 𐝫 𐝫 𐄇 𐘠 𐘬 𐘝 𐄇 𐝫 𐝫 𐝫 𐘤 𐘴 𐄇 𐘇 𐘘 𐄇 𐚞 𐄇 𐙢 𐄇 𐙂 𐘰 𐘯 𐄇 𐘹 𐘲 𐘜 𐄇 𐘸 𐄇 — 𐝫 𐄋 𐘹 𐄊 𐘸 𐄇 𐝫 𐝫,𐝫 𐄁 RA₂ DU ? TA TI 𐄁 1 ? 𐝫 ? RI ? KI ? 𐝫 ? TI DU 1 ? ? SI RA 1 ? RU ? *370 1 ? 1 ? KU NU 1 TU SU 1 ? KI 1 — ? 𐝫 5 TU 4 KI ? 𐝫 ja 𐄊 ? 𐄇 𐝫 𐝫,58,1,0,0,NU; 𐚞,,"DU 1 
 
 SI","1 
 RU 
 *370",,,,96,no,,toponym/geography,"administrative context typical for toponyms; co-occurs with commodities: NU, 𐚞",approximate match (levenshtein=1); 1 logogram(s) present; text: administrative
Πύργος,Pyrgos,Pyrgos (place/tower),purg,place_name,PURUKU,RUKU,1,1,1182,KH49,Khania,clay,LM IB,0.1,43.0,,𐝫RU,administrative,tablet (page-shaped),𐝫 𐝫 𐘘 𐝫 𐝫 𐙂 𐝫 𐝫,𐝫 RU ? KU 𐝫 ta? 𐝫 𐝫,8,0,0,0,,,𐝫,"
 KU 𐝫 ta? 𐝫",,,,226,no,,toponym/geography,administrative context typical for toponyms,approximate match (levenshtein=1); text: administrative
Πακτύη,Paktyē,Paktye,paktu,place_name,PAKUTUU,PAKUNUU,1,1,1398,KNZc6,Knossos,,Uncertain,0.1,43.0,,JUKUNAPA,unknown,Inked inscription,𐘟 𐘠 𐘭 𐘇 𐘆 𐘀 𐘸 𐘠 𐘂 𐙂 𐄁 𐘝 𐘱 𐘯 𐄁 𐘶 𐙂 𐘅 𐘂 𐙂 𐘯 𐘉 𐝫 𐘚 𐙀 𐄁,*34 TI RI A DI DA KI TI PA KU 𐄁 NI JA NU 𐄁 JU KU NA PA KU NU U I ZU 𐄁 𐄁,26,0,0,0,,,NU 𐄁 JU KU NA,KU NU U I ZU,,,,59,no,,toponym/geography,unexpected text type for toponym: unknown; ⚠ context mismatch,approximate match (levenshtein=1)
Σηπιάς,Sēpias,Sepias,sepia,place_name,SEPIA,SEA,1,1,1652,ZAZb3,Zakros,stone,LM IB,0.1,38.0,,DIKA,religious,stone vessel,𐙍 𐄒 𐄈 𐘆 𐘆 𐘾 𐘈 𐘇 𐘞 𐘕 𐘗 𐘇 𐘈 𐘇 𐘳 𐘚 𐙕 𐘦 𐘾 𐄁 𐘇 𐘙 𐘢 𐘙 𐘅 𐄁 𐘠 𐘠 𐙂,VIN 32 ? DI KA SE A SA MU NE A SE ? TA I *301 DE KA 𐄁 A RE PI RE NA 𐄁 TI TI KU ta?,29,0,0,0,,,"VIN 32 
 DI KA",A SA MU NE A,,,,53,no,,toponym/geography,unexpected text type for toponym: religious; ⚠ context mismatch,approximate match (levenshtein=1); text: religious
Σηπιάς,Sēpias,Sepias,sepia,place_name,SEPIA,PIA,1,1,1618,ZA11a,Zakros,stone,Uncertain,0.1,38.0,,SIVIN¹⁄₂,religious,stone vessel,𐘆 𐘆 𐘺 𐘴 𐘋 𐝫 𐘷 𐄁 𐛀 𐄁 𐛭 𐝫 𐝫 𐘴 𐙁 𐘤 𐙍 𐝆 𐝫 𐝫 𐘡 𐙂 𐘘 𐄈 𐝃 𐘶 𐝈 𐝉 𐙍 𐝆 𐛟 𐄊 𐙂 𐘂 𐄁 𐛭 𐄇 𐝫 𐘢 𐙠 𐘇 𐝫 𐝫 𐙋 𐄈 𐝫,DI DI KO RA ME TA₂ 𐄁 *516 𐄁 ? ? RA SI VIN ¹⁄₂ ? E KU RU ¹⁄₄ ? JU 𐝈𐝉 ? VIN ? QE+GRA+PA 4 KU PA GRA+PA 1 PI *310 A ? OLIV 2 𐝫 ? a 𐝫 𐝫 ? 𐄈 𐝫,46,9,0,0,𐄁; 𐛀; 𐛭; KU; 𐝆; VIN; 𐝃; QE+GRA+PA; 𐝈; 4; 𐝉; PA; GRA+PA; 𐛟,,4 KU PA GRA+PA 1,"*310 A 
 OLIV 2",,,,53,no,,toponym/geography; viticulture (wine),"unexpected text type for toponym: religious; co-occurs with commodities: 𐄁, 𐛀, 𐛭; ⚠ context mismatch",approximate match (levenshtein=1); 9 logogram(s) present; text: religious
Σηπιάς,Sēpias,Sepias,sepia,place_name,SEPIA,PIA,1,1,1632,ZA21a,Zakros,stone,Uncertain,0.1,38.0,,MATE,religious,stone vessel,𐝫 𐘋 𐝫 𐝫 𐘢 𐘕 𐄓 𐝫 𐝫 𐝫 𐙁 𐝫 𐘃 𐄈 𐘳 𐘥 𐝫 𐝫 𐝫 𐘂 𐝫 𐄋 𐘳 𐙁 𐘢 𐝫 𐝫 𐄉 𐘇 𐝫 𐝫 𐙈 𐘻 𐝫 𐝫 𐄈,"ME ? PI 40 ? 𐝫 ? MA TE ? TA ? 𐝫 ? 5 ? TA PI 3 ? A ? MI 2 ?,pa2? 𐝫 𐝫 𐄉 a 𐝫 𐝫 ? ? 𐝫 𐝫 𐄈",36,0,0,0,,,"ME 
","40 
 𐝫 
 MA",,,,53,no,,toponym/geography,unexpected text type for toponym: religious; ⚠ context mismatch,approximate match (levenshtein=1); text: religious
Θήρα,Thēra,Thera,tʰer,place_name,TUERU,SIERU,1,1,1618,ZA11a,Zakros,stone,Uncertain,0.1,43.0,,*516,religious,stone vessel,𐘆 𐘆 𐘺 𐘴 𐘋 𐝫 𐘷 𐄁 𐛀 𐄁 𐛭 𐝫 𐝫 𐘴 𐙁 𐘤 𐙍 𐝆 𐝫 𐝫 𐘡 𐙂 𐘘 𐄈 𐝃 𐘶 𐝈 𐝉 𐙍 𐝆 𐛟 𐄊 𐙂 𐘂 𐄁 𐛭 𐄇 𐝫 𐘢 𐙠 𐘇 𐝫 𐝫 𐙋 𐄈 𐝫,DI DI KO RA ME TA₂ 𐄁 *516 𐄁 ? ? RA SI VIN ¹⁄₂ ? E KU RU ¹⁄₄ ? JU 𐝈𐝉 ? VIN ? QE+GRA+PA 4 KU PA GRA+PA 1 PI *310 A ? OLIV 2 𐝫 ? a 𐝫 𐝫 ? 𐄈 𐝫,46,9,0,0,𐄁; 𐛀; 𐛭; KU; 𐝆; VIN; 𐝃; QE+GRA+PA; 𐝈; 4; 𐝉; PA; GRA+PA; 𐛟,,"*516 𐄁 
 
 RA","VIN ¹⁄₂ 
 E KU",,,,53,no,,toponym/geography; viticulture (wine),"unexpected text type for toponym: religious; co-occurs with commodities: 𐄁, 𐛀, 𐛭; ⚠ context mismatch",approximate match (levenshtein=1); 9 logogram(s) present; text: religious
Θήρα,Thēra,Thera,tʰer,place_name,TUERU,TURU,1,1,168,HT128a,Haghia Triada - Casa del Lebete,clay,LM IB,0.1,43.0,,PARATU,administrative,tablet (page-shaped),𐙲 𐄁 𐘂 𐘴 𐘹 𐘘 𐘯 𐘈 𐘋 𐙉 𐝫 𐄐 𐘮 𐘹 𐙁 𐘙 𐛲 𐄐 𐄈 𐝫 𐝫 𐘻 𐘳 𐛭 𐝆 𐝫 𐛲 𐄌 𐘆 𐝫 𐛲 𐄊 𐙁 𐘭 𐝫 𐝫,"*326 𐄁 PA RA TU RU NU SE ME GRA 10 ? TU MA RE GRA+KU 12 ? MI TA ¹⁄₂ ? GRA+KU 6 ? DI GRA+KU 4 MA RI 𐝫 𐄊 ju? ?,de? 𐝫 𐝫",36,2,0,3,6; 𐛭; 𐝆,12; GRA+KU; 𐝫,*326 𐄁 PA RA,RU NU SE ME GRA,,,,38,no,,toponym/geography,"administrative context typical for toponyms; co-occurs with commodities: 6, 𐛭, 𐝆",approximate match (levenshtein=1); 2 logogram(s) present; text: administrative
Θήρα,Thēra,Thera,tʰer,place_name,TUERU,TURU,1,1,1410,KOZa1,Kophinas,stone,Uncertain,0.1,43.0,,JATURU,religious,stone vessel,𐘇 𐘳 𐘚 𐙕 𐘮 𐘱 𐘹 𐘘 𐘞 𐄁 𐘬 𐙦 𐘙 𐄁 𐘚 𐘀 𐘇 𐄁 𐘉 𐘅 𐘾 𐘅 𐘤 𐄁 𐘚 𐘢 𐘅 𐙁 𐄁 𐘤 𐘘 𐘃,A TA I *301 WA JA TU RU SA 𐄁 DU *314 RE 𐄁 I DA A 𐄁 U NA KA NA SI 𐄁 I PI NA MA 𐄁 SI RU TE,32,0,0,0,,,TA I *301 WA JA,RU SA 𐄁 DU *314,,,,2,no,,toponym/geography,unexpected text type for toponym: religious; ⚠ context mismatch,approximate match (levenshtein=1); text: religious
Θήρα,Thēra,Thera,tʰer,place_name,TUERU,TUTERU,1,1,1631,ZA20,Zakros,stone,LM IB,0.1,43.0,,4TE,religious,stone vessel,𐝫 𐝫 𐘬 𐘙 𐘍 𐘈 𐝫 𐝫 𐘻 𐝫 𐄁 𐄊 𐘤 𐘃 𐘹 𐄇 𐘤 𐘹 𐄌 𐘃 𐙌 𐄐 𐄈 𐘘 𐙁 𐘳 𐘈 𐄉 𐙂 𐘴 𐄙 𐄒 𐝫,𐝫 DU RE ZA SE MI ? 𐄁 4 ? TE TU ? SI TU 6 TE AROM 12 RU MA TA SE ? KU RA 130 ? ta? ? 𐄙 𐄒 𐝫,33,0,0,0,,,"
 𐄁 4 
 TE","
 SI TU 6 TE",,,,53,no,,toponym/geography,unexpected text type for toponym: religious; ⚠ context mismatch,approximate match (levenshtein=1); text: religious
Περγαμός,Pergamos,Pergamon,pergam,place_name,RUKUAMU,RUKUARA,1,1,108,HT87,Haghia Triada - Casa Room 7,clay,LM IB,0.1,43.0,,SE1QESU,administrative,tablet (page-shaped),𐘐 𐘹 𐘗 𐄁 𐙁 𐘾 𐘭 𐘃 𐄁 𐘢 𐘳 𐘥 𐘤 𐄇 𐘱 𐘙 𐘻 𐄇 𐘆 𐘸 𐘈 𐄇 𐘿 𐘲 𐘫 𐄇 𐙂 𐘘 𐙂 𐄇 𐘇 𐘴 𐝫 𐄁 𐝫 𐘇 𐘹 𐄇,*21F TU NE 𐄁 MA KA RI TE 𐄁 PI TA KE SI 1 JA RE MI 1 DI KI SE 1 QE SU PU 1 KU RU KU 1 A RA 𐄁 A TU 1 ja 𐄇,38,0,0,0,,,QE SU PU 1 KU,KU 1 A RA 𐄁,,,,42,no,,toponym/geography,administrative context typical for toponyms,approximate match (levenshtein=1); text: administrative
Λακωνία,Lakōnia,Laconia,lakon,place_name,RAKONU,RAKO,1,1,152,HT117a,Haghia Triada - Casa Room 9,clay,LM IB,0.1,43.0,,RE1NA,administrative,tablet (page-shaped),𐙁 𐘾 𐘭 𐘃 𐄁 𐘸 𐘁 𐄁 𐘉 𐘻 𐘅 𐘤 𐄁 𐘉 𐘲 𐄇 𐘻 𐘹 𐄇 𐙂 𐘴 𐘕 𐄇 𐙁 𐘘 𐄇 𐙂 𐘰 𐘯 𐄇 𐘹 𐘶 𐙁 𐄇 𐘉 𐘆 𐘻 𐄇 𐘻 𐘘 𐘳 𐘴 𐘙 𐄇 𐘃 𐘱 𐘙 𐄇 𐘅 𐘀 𐘙 𐄇 𐙂 𐘁 𐄐 — 𐘞 𐘳 𐄁 𐙂 𐙂 𐘀 𐘴 𐄇 𐘺 𐘞 𐘚 𐘠 𐄇 𐘀 𐘻 𐘯 𐄇 𐘀 𐘗 𐙂 𐘠 𐄇 𐘸 𐘀 𐘁 𐄇,MA KA RI TE 𐄁 KI RO 𐄁 U MI NA SI 𐄁 U SU 1 MI TU 1 KU RA MU 1 MA RU 1 KU PA₃ NU 1 TU JU MA 1 U DI MI 1 MI RU TA RA RE 1 TE JA RE 1 NA DA RE 1 KU RO 10 — SA TA 𐄁 KU KU DA RA 1 KO SA I TI 1 DA MI NU 1 DA NE KU TI 1 KI DA RO 1,82,0,0,0,,,1 MI TU 1 KU,MU 1 MA RU 1,,,,16,no,,toponym/geography,administrative context typical for toponyms,approximate match (levenshtein=1); text: administrative
Λακωνία,Lakōnia,Laconia,lakon,place_name,RAKONU,RAKO,1,1,1411,KO(?)Zf2,Kophinas,metal,Uncertain,0.1,43.0,,RAKOKU,religious,metal object,𐘇 𐘴 𐘺 𐙂 𐙀 𐘮 𐘞 𐘄 𐙁 𐘁 𐙄 𐘳 𐘦 𐘊 𐘝 𐘍,A RA KO KU ZU WA SA TO MA RO AU TA DE PO NI ZA,16,0,0,0,,,A,KO KU ZU WA SA,,,,2,no,,toponym/geography,unexpected text type for toponym: religious; ⚠ context mismatch,approximate match (levenshtein=1); text: religious
Λακωνία,Lakōnia,Laconia,lakon,place_name,RAKONU,RANENU,1,1,149,HT115b,Haghia Triada - Casa Room 9,clay,LM IB,0.1,43.0,,PARANE,administrative,tablet (page-shaped),𐝫 𐘘 𐄁 𐘂 𐘴 𐘗 𐝆 𐘠 𐘯 𐘱 𐄁 𐘯 𐘣 𐄁 𐙉 𐝆 𐘬 𐘰 𐘅 𐄇 𐙂 𐘘 𐙁 𐄁 𐘚 𐝆 𐙚 𐘹 𐘱 𐄇 𐘇 𐘚 𐝫 𐄇 𐜞 𐄇 𐙂 𐘳 𐝫,RU 𐄁 PA RA NE ¹⁄₂ ? NU JA 𐄁 NU WI 𐄁 GRA ¹⁄₂ ? PA₃ NA 1 ? RU MA 𐄁 I ¹⁄₂ ? TU JA 1 ? I 1 ? *306+MI ? KU ta? du? 𐝫,39,4,0,0,𐝆; 𐜞,,RU 𐄁 PA,"NE ¹⁄₂ 
 NU JA",,,,16,no,,toponym/geography,"administrative context typical for toponyms; co-occurs with commodities: 𐝆, 𐜞",approximate match (levenshtein=1); 4 logogram(s) present; text: administrative
Μίλητος,Milētos,Miletus,milet,place_name,MIRETU,MITU,1,1,152,HT117a,Haghia Triada - Casa Room 9,clay,LM IB,0.1,43.0,,𐄁USU,administrative,tablet (page-shaped),𐙁 𐘾 𐘭 𐘃 𐄁 𐘸 𐘁 𐄁 𐘉 𐘻 𐘅 𐘤 𐄁 𐘉 𐘲 𐄇 𐘻 𐘹 𐄇 𐙂 𐘴 𐘕 𐄇 𐙁 𐘘 𐄇 𐙂 𐘰 𐘯 𐄇 𐘹 𐘶 𐙁 𐄇 𐘉 𐘆 𐘻 𐄇 𐘻 𐘘 𐘳 𐘴 𐘙 𐄇 𐘃 𐘱 𐘙 𐄇 𐘅 𐘀 𐘙 𐄇 𐙂 𐘁 𐄐 — 𐘞 𐘳 𐄁 𐙂 𐙂 𐘀 𐘴 𐄇 𐘺 𐘞 𐘚 𐘠 𐄇 𐘀 𐘻 𐘯 𐄇 𐘀 𐘗 𐙂 𐘠 𐄇 𐘸 𐘀 𐘁 𐄇,MA KA RI TE 𐄁 KI RO 𐄁 U MI NA SI 𐄁 U SU 1 MI TU 1 KU RA MU 1 MA RU 1 KU PA₃ NU 1 TU JU MA 1 U DI MI 1 MI RU TA RA RE 1 TE JA RE 1 NA DA RE 1 KU RO 10 — SA TA 𐄁 KU KU DA RA 1 KO SA I TI 1 DA MI NU 1 DA NE KU TI 1 KI DA RO 1,82,0,0,0,,,SI 𐄁 U SU 1,TU 1 KU RA MU,,,,16,no,,toponym/geography,administrative context typical for toponyms,approximate match (levenshtein=1); text: administrative
Μίλητος,Milētos,Miletus,milet,place_name,MIRETU,RETU,1,1,1529,PKZa8,Palaikastro,stone,Uncertain,0.1,43.0,,TE*307PU₂,religious,stone vessel,𐝫 𐘯 𐄁 𐘰 𐘡 𐄁 𐘱 𐘆 𐘸 𐘃 𐘃 𐙛 𐘜 𐘙 𐄁 𐘹 𐘋 𐘚 𐘱 𐘞 𐝫 𐘉 𐘅 𐘾 𐘅 𐘤 𐝫 𐘚 𐘢 𐝫,"NU 𐄁 PA₃ E 𐄁 JA DI KI TE TE *307 PU₂ RE 𐄁 TU ME I ? SA U NA KA NA SI ? I PI ru ?,pa2? 𐝫",30,0,0,0,,,KI TE TE *307 PU₂,"𐄁 TU ME I 
",,,,25,no,,toponym/geography,unexpected text type for toponym: religious; ⚠ context mismatch,approximate match (levenshtein=1); text: religious
Μίλητος,Milētos,Miletus,milet,place_name,MIRETU,RETU,1,1,1612,ZA7a,Zakros,stone,Uncertain,0.1,43.0,,4ARE,religious,stone vessel,𐘉 𐘶 𐄋 𐘇 𐘴 𐘹 𐄊 𐘇 𐘙 𐘹 𐘻 𐝫 𐝫,U JU 5 A RA TU 4 A RE TU MI ? 𐝫,13,0,0,0,,,A RA TU 4 A,"TU MI 
 𐝫",,,,53,no,,toponym/geography,unexpected text type for toponym: religious; ⚠ context mismatch,approximate match (levenshtein=1); text: religious
Μίλητος,Milētos,Miletus,milet,place_name,MIRETU,MITETU,1,1,1631,ZA20,Zakros,stone,LM IB,0.1,43.0,,SEMI,religious,stone vessel,𐝫 𐝫 𐘬 𐘙 𐘍 𐘈 𐝫 𐝫 𐘻 𐝫 𐄁 𐄊 𐘤 𐘃 𐘹 𐄇 𐘤 𐘹 𐄌 𐘃 𐙌 𐄐 𐄈 𐘘 𐙁 𐘳 𐘈 𐄉 𐙂 𐘴 𐄙 𐄒 𐝫,𐝫 DU RE ZA SE MI ? 𐄁 4 ? TE TU ? SI TU 6 TE AROM 12 RU MA TA SE ? KU RA 130 ? ta? ? 𐄙 𐄒 𐝫,33,0,0,0,,,𐝫 DU RE ZA SE,"
 𐄁 4 
 TE",,,,53,no,,toponym/geography,unexpected text type for toponym: religious; ⚠ context mismatch,approximate match (levenshtein=1); text: religious
Λύκτος,Lyktos,Lyctus,lukt,place_name,RUKUTU,RUKUTU,0,1,65,HT49a,Haghia Triada - Villa Magazine,clay,LM IB,0.1,58.0,,𐝫RI,administrative,tablet (page-shaped),𐝫 𐄁 𐝫 𐘽 𐘬 𐝫 𐝫 𐘳 𐘅 𐘠 𐄁 𐄇 𐝫 𐝫 𐝫 𐘭 𐄇 𐘲 𐘸 𐝫 𐝫 𐄇 𐘠 𐘬 𐘝 𐄇 𐝫 𐝫 𐝫 𐘤 𐘴 𐄇 𐘇 𐘘 𐄇 𐚞 𐄇 𐙢 𐄇 𐙂 𐘰 𐘯 𐄇 𐘹 𐘲 𐘜 𐄇 𐘸 𐄇 — 𐝫 𐄋 𐘹 𐄊 𐘸 𐄇 𐝫 𐝫,𐝫 𐄁 RA₂ DU ? TA TI 𐄁 1 ? 𐝫 ? RI ? KI ? 𐝫 ? TI DU 1 ? ? SI RA 1 ? RU ? *370 1 ? 1 ? KU NU 1 TU SU 1 ? KI 1 — ? 𐝫 5 TU 4 KI ? 𐝫 ja 𐄊 ? 𐄇 𐝫 𐝫,58,1,0,0,NU; 𐚞,,"
 SI RA 1 
","
 *370 1 
 1",,,,96,no,,toponym/geography,"administrative context typical for toponyms; co-occurs with commodities: NU, 𐚞",exact phonetic match; 1 logogram(s) present; text: administrative
Λύκτος,Lyktos,Lyctus,lukt,place_name,RUKUTU,RUKURO,1,1,12,HT9a,Haghia Triada - Villa Magazine,clay,LM IB,0.1,43.0,,NAU4,administrative,tablet (page-shaped),𐘞 𐘁 𐄁 𐘃 𐄁 𐙍 𐄁 𐘂 𐘦 𐄁 𐄋 𐝕 𐙚 𐘹 𐄐 𐘆 𐘅 𐘉 𐄊 𐘿 𐘫 𐄈 𐙰 𐘆 𐘴 𐄈 𐝆 𐘳 𐘚 𐙌 𐄈 𐝆 𐘇 𐘘 𐄊 𐝃 𐙂 𐘁 𐄒 𐄇 𐝕,SA RO 𐄁 TE 𐄁 VIN 𐄁 PA DE 𐄁 5 ³⁄₄ *306 TU 10 DI NA U 4 QE PU 2 *324 DI RA 2 ¹⁄₂ TA I AROM 2 ¹⁄₂ A RU 4 ¹⁄₄ KU RO 31 ³⁄₄ [?],41,5,0,0,³⁄₄; 𐝕; ¹⁄₂; 𐝆; ¹⁄₂; ¹⁄₄; 𐝃; [?],,I AROM 2 ¹⁄₂ A,4 ¹⁄₄ KU RO 31,,,,96,no,,toponym/geography,"administrative context typical for toponyms; co-occurs with commodities: ³⁄₄, 𐝕, ¹⁄₂",approximate match (levenshtein=1); 5 logogram(s) present; text: administrative
Λύκτος,Lyktos,Lyctus,lukt,place_name,RUKUTU,RUKURO,1,1,117,HT94b,Haghia Triada - Casa Room 7,clay,LM IB,0.1,43.0,,KEKIRU,administrative,tablet (page-shaped),𐘸 𐘁 𐄁 𐘹 𐙁 𐄇 𐘂 𐘳 𐘗 𐄇 𐘦 𐘆 𐄇 𐘥 𐘸 𐘘 𐄇 𐘞 𐘘 𐄇 𐙂 𐘁 𐄋 𐙅 𐄁 𐘴 𐝫 𐄁 𐝫 𐘦 𐘋 𐘃 𐄇 𐘐 𐘹 𐝫 𐄁 𐄇,KI RO 𐄁 TU MA 1 PA TA NE 1 DE DI 1 KE KI RU 1 SA RU 1 KU RO 5 *86 𐄁 RA 𐄁 DE ME TE 1 ? *21F 𐄁 1 𐝫 𐄁 𐄇,38,0,0,0,,,DE DI 1 KE KI,1 SA RU 1 KU,,,,42,no,,toponym/geography,administrative context typical for toponyms,approximate match (levenshtein=1); text: administrative
Λύκτος,Lyktos,Lyctus,lukt,place_name,RUKUTU,NIKUTU,1,1,1614,ZA8,Zakros,stone,LM IB,0.1,43.0,,RE𐄁NI,religious,stone vessel,𐘸 𐘴 𐄁 𐘇 𐘳 𐘙 𐄁 𐘝 𐝆 𐙂 𐘹 𐘺 𐘙 𐝂 𐝂 𐘇 𐘭 𐘝 𐘳 𐄇 𐝫 𐝁 𐝁 𐘳 𐘚 𐘯 𐙁 𐘂 𐝆 𐙁 𐘾 𐘚 𐘈 𐄈 𐝃 𐝆 𐘀 𐘚 𐘢 𐘳 𐄈 𐝆 𐘾 𐘚 𐘁 𐄊 𐝁 𐝁,KI RA 𐄁 A TA RE 𐄁 NI ¹⁄₂ KU TU KO RE double mina A RI NI TA 1 ? ? TA NU MA PA ¹⁄₂ ? MA I SE 2 𐝃𐝆 ? DA I TA 2 ¹⁄₂ ? KA I 4 ? ro 𐄊 vase vase,48,11,0,0,¹⁄₂; 𐝆; double; 𐝂; mina; 𐝁; TA; MA; DA; 𐝃; I; I; vase; vase,,𐄁 A TA RE 𐄁,¹⁄₂ KU TU KO RE,,,,53,no,,toponym/geography; agriculture (grain),"unexpected text type for toponym: religious; co-occurs with commodities: ¹⁄₂, 𐝆, double; ⚠ context mismatch",approximate match (levenshtein=1); 11 logogram(s) present; text: religious
Λύκτος,Lyktos,Lyctus,lukt,place_name,RUKUTU,RUKUNI,1,1,106,HT86a,Haghia Triada - Casa Room 7,clay,LM IB,0.15,44.5,GRA,RU𐄁KU,administrative,tablet (page-shaped),𐘇 𐘾 𐘘 𐄁 𐙂 𐘝 𐘲 𐛷 𐄑 𐘞 𐘘 𐄑 𐘆 𐘦 𐘘 𐄑 𐘌 𐘽 𐘮 𐄐 — 𐘇 𐘬 𐄁 𐘀 𐘋 𐛳 𐄑 𐘻 𐘯 𐘃 𐄑,A KA RU 𐄁 KU NI SU GRA+K+L 20 SA RU 20 DI DE RU 20 QA RA₂ WA 10 — A DU 𐄁 DA ME GRA+B 20 MI NU TE 20,32,0,0,2,,GRA+K+L; GRA+B,A KA,𐄁 KU NI SU GRA+K+L,,,,42,no,,toponym/geography,administrative context typical for toponyms,approximate match (levenshtein=1); text: administrative
Λύκτος,Lyktos,Lyctus,lukt,place_name,RUKUTU,RUKUNI,1,1,107,HT86b,Haghia Triada - Casa Room 7,clay,LM IB,0.15,44.5,GRA,RU𐄁KU,administrative,tablet (page-shaped),𐘇 𐘾 𐘘 𐄁 𐙂 𐘝 𐘲 𐛷 𐄑 𐘞 𐘘 𐄑 𐘆 𐘦,A KA RU 𐄁 KU NI SU GRA+K+L 20 SA RU 20 DI DE,14,0,0,1,,GRA+K+L,A KA,𐄁 KU NI SU GRA+K+L,,,,42,no,,toponym/geography,administrative context typical for toponyms,approximate match (levenshtein=1); text: administrative
Λύκτος,Lyktos,Lyctus,lukt,place_name,RUKUTU,RUKUNI,1,1,118,HT95a,Haghia Triada - Casa Room 7,clay,LM IB,0.1,43.0,,NUTE10,administrative,tablet (page-shaped),𐘀 𐘬 𐙁 𐘳 𐄁 𐙉 𐘀 𐘋 𐄐 𐘻 𐘯 𐘃 𐄐 𐘞 𐘘 𐄑 𐙂 𐘝 𐘲 𐄐 𐘆 𐘦 𐘘 𐄐 𐘿 𐘽 𐘉 𐄍,DA DU MA TA 𐄁 GRA DA ME 10 MI NU TE 10 SA RU 20 KU NI SU 10 DI DE RU 10 QE RA₂ U 7,28,0,0,0,,,MI NU TE 10 SA,20 KU NI SU 10,,,,42,no,,toponym/geography,administrative context typical for toponyms,approximate match (levenshtein=1); text: administrative
Λύκτος,Lyktos,Lyctus,lukt,place_name,RUKUTU,SEKUTU,1,1,148,HT115a,Haghia Triada - Casa Room 9,clay,LM IB,0.1,43.0,,URANA,administrative,tablet (page-shaped),𐘨 𐘯 𐘴 𐘱 𐄁 𐘚 𐄁 𐛯 𐘭 𐘳 𐙁 𐘯 𐘣 𐄈 𐙕 𐘉 𐘴 𐘅 𐘐 𐘗 𐘻 𐘅 𐄇 𐘈 𐙂 𐘹 𐝆 𐘂 𐘴 𐘗 𐄇 𐘇 𐘈 𐘱 𐝂 𐝂 𐝂 𐝂 𐘾 𐘊 𐘘 𐄇 𐘭 𐘲 𐙁 𐝫 𐘲 𐄈 𐝂 𐝫 𐝫,*47 NU RA JA 𐄁 I 𐄁 GRA+BOSm RI TA MA NU WI 2 *301 U RA NA *21F NE MI NA 1 SE KU TU ¹⁄₂ PA RA NE 1 A SE JA 𐝂𐝂𐝂𐝂 ? KA PO 1 ? RI SU ? SU 2 ¹⁄₅ 𐝫 𐄈 vase 𐝫 𐝫,51,7,0,0,GRA+BOSm; 𐛯; ¹⁄₂; 𐝆; 𐝂𐝂𐝂𐝂; 𐝂; KA; PO; vase,,*21F NE MI NA 1,KU TU ¹⁄₂ PA RA,,,,16,no,,toponym/geography,"administrative context typical for toponyms; co-occurs with commodities: GRA+BOSm, 𐛯, ¹⁄₂",approximate match (levenshtein=1); 7 logogram(s) present; text: administrative
Λύκτος,Lyktos,Lyctus,lukt,place_name,RUKUTU,RARUKUTU,1,1,65,HT49a,Haghia Triada - Villa Magazine,clay,LM IB,0.1,43.0,,𐝫,administrative,tablet (page-shaped),𐝫 𐄁 𐝫 𐘽 𐘬 𐝫 𐝫 𐘳 𐘅 𐘠 𐄁 𐄇 𐝫 𐝫 𐝫 𐘭 𐄇 𐘲 𐘸 𐝫 𐝫 𐄇 𐘠 𐘬 𐘝 𐄇 𐝫 𐝫 𐝫 𐘤 𐘴 𐄇 𐘇 𐘘 𐄇 𐚞 𐄇 𐙢 𐄇 𐙂 𐘰 𐘯 𐄇 𐘹 𐘲 𐘜 𐄇 𐘸 𐄇 — 𐝫 𐄋 𐘹 𐄊 𐘸 𐄇 𐝫 𐝫,𐝫 𐄁 RA₂ DU ? TA TI 𐄁 1 ? 𐝫 ? RI ? KI ? 𐝫 ? TI DU 1 ? ? SI RA 1 ? RU ? *370 1 ? 1 ? KU NU 1 TU SU 1 ? KI 1 — ? 𐝫 5 TU 4 KI ? 𐝫 ja 𐄊 ? 𐄇 𐝫 𐝫,58,1,0,0,NU; 𐚞,,"DU 1 
 
 SI","1 
 RU 
 *370",,,,96,no,,toponym/geography,"administrative context typical for toponyms; co-occurs with commodities: NU, 𐚞",approximate match (levenshtein=1); 1 logogram(s) present; text: administrative
Λύκτος,Lyktos,Lyctus,lukt,place_name,RUKUTU,RUKUA,1,1,108,HT87,Haghia Triada - Casa Room 7,clay,LM IB,0.1,43.0,,SE1QE,administrative,tablet (page-shaped),𐘐 𐘹 𐘗 𐄁 𐙁 𐘾 𐘭 𐘃 𐄁 𐘢 𐘳 𐘥 𐘤 𐄇 𐘱 𐘙 𐘻 𐄇 𐘆 𐘸 𐘈 𐄇 𐘿 𐘲 𐘫 𐄇 𐙂 𐘘 𐙂 𐄇 𐘇 𐘴 𐝫 𐄁 𐝫 𐘇 𐘹 𐄇,*21F TU NE 𐄁 MA KA RI TE 𐄁 PI TA KE SI 1 JA RE MI 1 DI KI SE 1 QE SU PU 1 KU RU KU 1 A RA 𐄁 A TU 1 ja 𐄇,38,0,0,0,,,QE SU PU 1 KU,KU 1 A RA 𐄁,,,,42,no,,toponym/geography,administrative context typical for toponyms,approximate match (levenshtein=1); text: administrative
Λύκτος,Lyktos,Lyctus,lukt,place_name,RUKUTU,RUKUPA₃,1,1,152,HT117a,Haghia Triada - Casa Room 9,clay,LM IB,0.1,43.0,,1KURA,administrative,tablet (page-shaped),𐙁 𐘾 𐘭 𐘃 𐄁 𐘸 𐘁 𐄁 𐘉 𐘻 𐘅 𐘤 𐄁 𐘉 𐘲 𐄇 𐘻 𐘹 𐄇 𐙂 𐘴 𐘕 𐄇 𐙁 𐘘 𐄇 𐙂 𐘰 𐘯 𐄇 𐘹 𐘶 𐙁 𐄇 𐘉 𐘆 𐘻 𐄇 𐘻 𐘘 𐘳 𐘴 𐘙 𐄇 𐘃 𐘱 𐘙 𐄇 𐘅 𐘀 𐘙 𐄇 𐙂 𐘁 𐄐 — 𐘞 𐘳 𐄁 𐙂 𐙂 𐘀 𐘴 𐄇 𐘺 𐘞 𐘚 𐘠 𐄇 𐘀 𐘻 𐘯 𐄇 𐘀 𐘗 𐙂 𐘠 𐄇 𐘸 𐘀 𐘁 𐄇,MA KA RI TE 𐄁 KI RO 𐄁 U MI NA SI 𐄁 U SU 1 MI TU 1 KU RA MU 1 MA RU 1 KU PA₃ NU 1 TU JU MA 1 U DI MI 1 MI RU TA RA RE 1 TE JA RE 1 NA DA RE 1 KU RO 10 — SA TA 𐄁 KU KU DA RA 1 KO SA I TI 1 DA MI NU 1 DA NE KU TI 1 KI DA RO 1,82,0,0,0,,,KU RA MU 1 MA,1 KU PA₃ NU 1,,,,16,no,,toponym/geography,administrative context typical for toponyms,approximate match (levenshtein=1); text: administrative
Λύκτος,Lyktos,Lyctus,lukt,place_name,RUKUTU,KUTU,1,1,1598,TY3a,Tylissos,clay,Uncertain,0.2,46.0,"OLE+U,OLE",NE,administrative,tablet (page-shaped),𐝫 𐘍 𐙭 𐜓 𐄐 𐄋 𐝃 𐜋 𐄑 𐄈 𐘗 𐘸 𐄋 𐜌 𐄉 𐝆 𐜗 𐝫 𐜋 𐄍 𐝆 — 𐘇 𐘬 𐝫 𐄁 𐝫 𐜓 𐄔 𐄇 𐜔 𐄈 𐝂 𐜕 𐄇 𐜌 𐄊 𐝆 𐝫 𐙋 𐝫 𐄊 𐝫 — 𐘇 𐘀 𐜋 𐄑 𐄇 𐜗 𐄈 𐝫 𐝫 𐘺 𐘇 𐘬 𐘮 𐙖 𐝫 𐄍 𐝂 — 𐘇 𐙂 𐘹 𐚕 𐝫 𐝫 𐘸 𐄋 𐜖 𐄇 —,ZA *321 OLE+KI 15 ¹⁄₄ ? OLE+U ? NE KI ? OLE+QIf 3 ? OLE+MI ? 7 ¹⁄₂ — ? A 𐄁 OLE+KI 51 ? OLE+KI+U 2 ¹⁄₅ ? OLE+KI+ME ? OLE+QIf 4 ? OLIV ? — ? DA OLE+U 21 ? OLE+MI ? A DU WA OLE 7 ? — ? KU TU *361 ? KI 5 ? OLE+TU 1 — a ta? ja [?] 𐝫 𐝫 ? 𐄋 weigh D 𐄇 —,73,7,0,5,OLE+U; 𐝃; 𐝆; A; 4; 𐝂; 1; [?]; 𐚕,15; 7; —; ¹⁄₅; WA; weigh D,"OLE 7 
 — 
","TU *361 
 KI 5",,,,6,no,,toponym/geography,"administrative context typical for toponyms; co-occurs with commodities: OLE+U, 𐝃, 𐝆",approximate match (levenshtein=1); 7 logogram(s) present; text: administrative
Λύκτος,Lyktos,Lyctus,lukt,place_name,RUKUTU,RUKU,1,1,61,HT46a,Haghia Triada - Villa Magazine,clay,LM IB,0.1,43.0,,MURU1,administrative,tablet (page-shaped),𐝫 𐝫 𐘕 𐘘 𐄇 𐝫 𐝫 𐙂 𐘁 𐄓 𐄉 𐝆,𐝫 MU RU 1 ? KU 43 ¹⁄₂ ro 𐄓 𐄉 vase,12,1,0,0,vase; 𐝆,,𐝫 MU,"1 
 KU 43 ¹⁄₂",,,,96,no,,toponym/geography,"administrative context typical for toponyms; co-occurs with commodities: vase, 𐝆",approximate match (levenshtein=1); 1 logogram(s) present; text: administrative
Λύκτος,Lyktos,Lyctus,lukt,place_name,RUKUTU,RUKU,1,1,1182,KH49,Khania,clay,LM IB,0.1,43.0,,𐝫RU,administrative,tablet (page-shaped),𐝫 𐝫 𐘘 𐝫 𐝫 𐙂 𐝫 𐝫,𐝫 RU ? KU 𐝫 ta? 𐝫 𐝫,8,0,0,0,,,𐝫,"
 KU 𐝫 ta? 𐝫",,,,226,no,,toponym/geography,administrative context typical for toponyms,approximate match (levenshtein=1); text: administrative
Ἔλυρος,Elyros,Elyrus,elur,place_name,ERURU,ERUJU,1,1,1618,ZA11a,Zakros,stone,Uncertain,0.1,43.0,,,religious,stone vessel,𐘆 𐘆 𐘺 𐘴 𐘋 𐝫 𐘷 𐄁 𐛀 𐄁 𐛭 𐝫 𐝫 𐘴 𐙁 𐘤 𐙍 𐝆 𐝫 𐝫 𐘡 𐙂 𐘘 𐄈 𐝃 𐘶 𐝈 𐝉 𐙍 𐝆 𐛟 𐄊 𐙂 𐘂 𐄁 𐛭 𐄇 𐝫 𐘢 𐙠 𐘇 𐝫 𐝫 𐙋 𐄈 𐝫,DI DI KO RA ME TA₂ 𐄁 *516 𐄁 ? ? RA SI VIN ¹⁄₂ ? E KU RU ¹⁄₄ ? JU 𐝈𐝉 ? VIN ? QE+GRA+PA 4 KU PA GRA+PA 1 PI *310 A ? OLIV 2 𐝫 ? a 𐝫 𐝫 ? 𐄈 𐝫,46,9,0,0,𐄁; 𐛀; 𐛭; KU; 𐝆; VIN; 𐝃; QE+GRA+PA; 𐝈; 4; 𐝉; PA; GRA+PA; 𐛟,,"RA SI VIN ¹⁄₂ 
","KU RU ¹⁄₄ 
 JU",,,,53,no,,toponym/geography; viticulture (wine),"unexpected text type for toponym: religious; co-occurs with commodities: 𐄁, 𐛀, 𐛭; ⚠ context mismatch",approximate match (levenshtein=1); 9 logogram(s) present; text: religious
Ἔλυρος,Elyros,Elyrus,elur,place_name,ERURU,MARURU,1,1,31,HT24a,Haghia Triada - Corridor 9 and Vestibule 26,clay,LM IB,0.1,43.0,,9MA,administrative,tablet (page-shaped),𐙂 𐘰 𐘭 𐘱 𐘸 𐙁 𐘘 𐝫 𐝫 𐄌 𐙁 𐘘 𐘋 𐄐 𐝫 𐄏 𐝆 𐙁 𐘘 𐘋 𐄌 𐘂 𐘞 𐘭 𐘱 𐙁 𐘘 𐘋 𐝫 𐘘 𐘚 𐘺 𐛢 𐝫,KU PA₃ RI JA KI MA RU ? ? MA ME 10 ? 9 ? MA RU 6 ? PA SA JA ? MA RU RU I KO *560 mu ru ? [?] 𐝫,34,2,0,0,RU; 𐝆; [?]; 𐛢,,"
 PA SA JA 
",RU RU I KO *560,,,,2,no,,toponym/geography,"administrative context typical for toponyms; co-occurs with commodities: RU, 𐝆, [?]",approximate match (levenshtein=1); 2 logogram(s) present; text: administrative
Ἀξός,Axos,Axos,aks,place_name,AKUSU,AKUKU,1,1,60,HT45b,Haghia Triada - Villa Magazine,clay,LM IB,0.1,43.0,,𐝫—8,administrative,tablet (page-shaped),𐝫 — 𐝫 𐄎 𐝂 𐝂 𐚺 𐝉 𐝫 𐙂 𐝃 — 𐙪 𐄁 𐙙 𐄍 𐚺 𐝉 𐘂 𐝫 𐄁 𐝫 𐘇 𐄑 𐝁 𐄁 𐙂 𐝃 𐙂 𐝃,𐝫 — 8 double mina ? 𐝉 ? ¹⁄₄ ? — *318 *305 7 ? QA2+[?]+RE+PU ? PA A 20 ¹⁄₃ ? 𐄁 KU ¹⁄₄ KU ¹⁄₄ vase ta? vase,30,10,0,0,mina; 𐝂; 𐝉; 𐚺; —; 𐝃; PA; ¹⁄₄; 𐝁; vase; vase,,"7 
 QA2+[?]+RE+PU 
 PA","20 ¹⁄₃ 
 𐄁 KU",,,,96,no,,toponym/geography,"administrative context typical for toponyms; co-occurs with commodities: mina, 𐝂, 𐝉",approximate match (levenshtein=1); 10 logogram(s) present; text: administrative
Ἀξός,Axos,Axos,aks,place_name,AKUSU,AKU,1,1,1231,KH99,Khania,clay,Uncertain,0.1,43.0,,A*118,administrative,tablet (page-shaped),𐝫 𐘂 𐘭 𐘦 𐝫 𐝫 𐘇 𐘤 𐙈 𐝫 𐙂 𐘾 𐝫,"PA RI DE ? A *118 ? KU KA 𐝫 ta? ?,pte? 𐝫",13,0,0,0,,,"PA RI DE 
","*118 
 KU KA 𐝫",,,,226,no,,toponym/geography,administrative context typical for toponyms,approximate match (levenshtein=1); text: administrative
Ἀξός,Axos,Axos,aks,place_name,AKUSU,AKU,1,1,1449,PA1,Papourou,clay,Uncertain,0.1,43.0,,AKUJU,administrative,tablet (page-shaped),𐘇 𐙂 𐘶 𐘂 𐙈 𐄒 𐄋,A KU JU PA *118 35 𐄋,7,0,0,0,,,,KU JU PA *118 35,,,,1,no,,toponym/geography,administrative context typical for toponyms,approximate match (levenshtein=1); text: administrative
Ἀξός,Axos,Axos,aks,place_name,AKUSU,ASASU,1,1,1683,GOWc1a,Gournia,clay,Uncertain,0.1,43.0,,ASASU,administrative,roundel,𐘇 𐘞 𐘲 𐙁 𐘚 𐘈,A SA SU MA I SE,6,0,0,0,,,,SA SU MA I SE,,,,5,no,,toponym/geography,administrative context typical for toponyms,approximate match (levenshtein=1); text: administrative
Ἀξός,Axos,Axos,aks,place_name,AKUSU,ASISU,1,1,1143,KH9,Khania,clay,LM IB,0.15,44.5,VIR,ASISU,administrative,tablet (page-shaped),𐘇 𐘤 𐘲 𐘊 𐘇 𐄁 𐛨 𐝫 𐝫 𐝇 𐘝 𐝃 𐝁 𐘻 𐝫 𐝫 𐘚 𐘤 𐄁 𐜙 𐝆 𐝫 𐝫 𐄈 𐙗 𐝃 𐙍 𐝫 𐝫 𐙗 𐝃 𐝉 𐝫 𐝫 𐝎 𐛌 𐙘 𐄇 𐝫,A SI SU PO A 𐄁 VIR+*307 ? ? NI ? MI ? SI 𐄁 ¹⁄₂ ? 2 ? CYP ¹⁄₄ ? ? CYP ? .3 SI+TA2 *304 𐝫 ? vase vase 𐝫 𐝫 [?] [?] ? 𐄇 𐝫,39,10,0,0,VIR+*307; 𐛨; NI; 𐝇; MI; 𐝃; 𐝁; ¹⁄₄; 𐝆; .3; vase; vase; 𐝉; [?]; 𐝎; [?]; 𐛌,CYP,,SI SU PO A 𐄁,,,,226,no,,toponym/geography; agriculture (grain),"administrative context typical for toponyms; co-occurs with commodities: VIR+*307, 𐛨, NI",approximate match (levenshtein=1); 10 logogram(s) present; text: administrative
Ἀξός,Axos,Axos,aks,place_name,AKUSU,ADESU,1,1,1668,ARKH4a,Arkhalkhori,clay,Uncertain,0.1,43.0,,TARE5,administrative,tablet (page-shaped),𐝫 𐝫 𐘝 𐘳 𐝫 𐝫 𐘳 𐄁 𐘙 𐄋 𐘇 𐝫 𐄁 𐝫 𐘶 𐄊 𐘦 𐘲 𐝫 𐄁 𐝫 𐘨 𐘃 𐄋 𐘢 𐘠 𐘗 𐘇 𐝫 𐝫,"𐝫 NI TA ? TA RE 5 ? A 𐄁 4 ? DE SU 𐄁 *47 5 ? PI TI NE A ? 𐝫 ?,pa2? ? pi? a 𐝫 𐝫",30,0,0,0,,,"
 TA RE 5 
","𐄁 4 
 DE SU",,,,15,no,,toponym/geography,administrative context typical for toponyms,approximate match (levenshtein=1); text: administrative
Ἀξός,Axos,Axos,aks,place_name,AKUSU,ASU,1,1,1663,ARKH1a,Arkhalkhori,clay,Uncertain,0.1,43.0,,KI𐝫,administrative,tablet (page-shaped),𐝫 𐘳 𐘢 𐄁 𐘌 𐝫 𐝫 𐘸 𐝫 𐝫 𐄁 𐘇 𐘴 𐝫 𐝫 𐝫 𐘇 𐘲 𐘻 𐙈 𐝫 𐝫 𐘗 𐄈 𐝆 𐘇 𐘂 𐝫 𐝫 𐘻 𐘸 𐘞 𐘗 𐝫,TA PI 𐄁 ? ? KI 𐝫 𐄁 ? RA ? ? A SU *118 NE 2 ¹⁄₂ ? A PA MI KI SA NE a pa 𐝫 𐝫 ? ? ni pi? 𐝫,34,1,0,0,NE; 𐝆,,"𐄁 
 RA 
 
",SU *118 NE 2 ¹⁄₂,,,,15,no,,toponym/geography,"administrative context typical for toponyms; co-occurs with commodities: NE, 𐝆",approximate match (levenshtein=1); 1 logogram(s) present; text: administrative
Παισός,Paisos,Paisus,pais,place_name,PAISU,PAISA,1,1,86,HT62+73,Haghia Triada - Villa Magazine,clay,LM IB,0.1,38.0,,¹⁄₄KA,administrative,tablet (page-shaped),𐝫 𐘞 𐘴 𐄁 𐘃 𐄁 𐙍 𐝫 𐄁 𐝫 𐘅 𐙉 𐄐 𐄋 𐝃 𐘾 𐙂 𐄊 𐝫 𐝫 𐄐 𐄎 𐘛 𐘠 𐝫 𐄁 𐄌 𐘆 𐝫 𐝫 𐄊 𐝃 𐘾 𐝫 𐝫 𐙇 𐝫 𐝫 𐄊 𐘺 𐝫 𐝫 𐘯 𐄐 𐄍 𐝫 𐝫 𐄑 𐄋 𐝫 𐝫 𐝫 𐙂 𐝫 𐄁 𐝫 𐄇 𐝫 𐘂 𐘚 𐘸 𐝫 𐝫 𐄎 𐘞 𐘁 𐘿 𐝫 𐝫 𐄑 𐄎 𐝫 𐝫,SA RA 𐄁 TE 𐄁 VIN ? 𐄁 GRA 15 ¹⁄₄ ? KA KU 4 18 ? *28B TI 6 ? DI 4 ¹⁄₄ ? KA ? 4 ? ? NU 17 25 ? ? KU ? 𐄁 1 PA I ? 8 ? SA RO ? 28 ? 𐝫 𐝫 𐝫 ta? 𐝫 𐄁 𐝫 𐄇 𐝫 pa ru ? 𐝫 𐝫 𐄎 ni ro ? 𐝫 𐝫 𐄑 𐄎 𐝫 𐝫,73,2,0,0,4; 𐝃; 17,,"
 KU 
 𐄁 1","I 
 8 
 SA",,,,96,no,,toponym/geography,"administrative context typical for toponyms; co-occurs with commodities: 4, 𐝃, 17",approximate match (levenshtein=1); 2 logogram(s) present; text: administrative
Παισός,Paisos,Paisus,pais,place_name,PAISU,PAIMA,1,1,1611,ZA6b,Zakros,stone,Uncertain,0.25,42.5,"GRA,GRA+PA,VIN",50,religious,stone vessel,𐘚 𐙂 𐘶 𐘠 𐘛 𐛭 𐄔 𐝃 𐛿 𐄓 𐜁 𐄐 𐙢 𐘷 𐛭 𐄓 𐝫 𐝫 𐄑 — 𐘂 𐘍 𐝫 𐝫 𐘚 𐙁 𐝫,I KU JU TI *28B GRA+PA 50 ¹⁄₄ VIN+RA 40 VIN+KA 10 *312 TA₂ GRA+PA 40 ? ? — PA ? I MA 𐝫 ru ju? 𐝫,27,3,0,2,GRA+PA; 𐛭; ¹⁄₄; 𐝃; GRA+PA,VIN+RA; VIN+KA,"GRA+PA 40 
 
 —","
 I MA 𐝫 ru",,,,53,no,,toponym/geography,"unexpected text type for toponym: religious; co-occurs with commodities: GRA+PA, 𐛭, ¹⁄₄; ⚠ context mismatch",approximate match (levenshtein=1); 3 logogram(s) present; text: religious
Παισός,Paisos,Paisus,pais,place_name,PAISU,PAROSU,1,1,26,HT20,Haghia Triada - Villa Magazine,clay,LM IB,0.1,38.0,,PAROSU,administrative,tablet (page-shaped),𐘂 𐘁 𐘲 𐄁 𐙂 𐙁 𐘶 𐝃 𐘿 𐙂 𐘙 𐄁 𐘆 𐝆 𐘑 𐝄 𐘞 𐘙 𐘶 𐝄 𐘮 𐝃 𐜇 𐝆,PA RO SU 𐄁 KU MA JU ¹⁄₄ QE KU RE 𐄁 DI ¹⁄₂ *21M ¹⁄₈ SA RE JU ¹⁄₈ WA ¹⁄₄ *188+KU ¹⁄₂,24,6,0,1,¹⁄₄; 𐝃; ¹⁄₂; 𐝆; ¹⁄₈; 𐝄; ¹⁄₈; ¹⁄₄; ¹⁄₂,*188+KU,,RO SU 𐄁 KU MA,,,,96,no,,toponym/geography,"administrative context typical for toponyms; co-occurs with commodities: ¹⁄₄, 𐝃, ¹⁄₂",approximate match (levenshtein=1); 6 logogram(s) present; text: administrative
Παισός,Paisos,Paisus,pais,place_name,PAISU,PAIDI,1,1,122,HT97a,Haghia Triada - Casa Room 7,clay,LM IB,0.15,39.5,VIR,𐄁82,administrative,tablet (page-shaped),𐘾 𐘘 𐄁 𐜠 𐄁 𐛧 𐄗 𐄈 𐙳 𐄒 𐄉 𐘾 𐘯 𐘠 𐄑 𐄋 𐘂 𐘚 𐘄 𐄌 𐘆 𐄊 𐘅 𐘠 𐄊 𐙁 𐘆 𐄋 𐘶 𐄐 𐄋 𐘸 𐄉 𐙀 𐝫 𐄋 𐘳 𐘠 𐄈 𐘦 𐝫 𐄁 𐄉 𐝫 𐝫 𐘇 𐄋 𐝫,KA RU 𐄁 *307+*387 𐄁 VIR+KA 82 ? 33 ? KA TI 25 ? PA I 6 ? DI 4 NA TI ? MA DI ? JU 15 KI 3 ? 5 ? TI 2 ? 𐄁 ? ? A 5 𐝫 𐄉 𐝫 𐝫 a 𐄋 𐝫,48,2,0,0,*307+*387; 𐜠; VIR+KA; 𐛧,,"
 KA TI 25 
","I 6 
 DI 4",,,,42,no,,toponym/geography,"administrative context typical for toponyms; co-occurs with commodities: *307+*387, 𐜠, VIR+KA",approximate match (levenshtein=1); 2 logogram(s) present; text: administrative
Παισός,Paisos,Paisus,pais,place_name,PAISU,PASU,1,1,1365,KN32b,Knossos,clay,Uncertain,0.1,38.0,,SA,administrative,tablet (page-shaped),𐝫 𐝫 𐘃 𐝫 𐝫 𐘞 𐘫 𐘂 𐝫 𐝫 𐘱 𐘲 𐝫,𐝫 TE ? SA ? PA ? SU ? 𐝫 ? pu? 𐝫,13,0,0,0,,,"𐝫 TE 
 SA 
","
 SU 
 𐝫 ?",,,,59,no,,toponym/geography,administrative context typical for toponyms,approximate match (levenshtein=1); text: administrative
Παισός,Paisos,Paisus,pais,place_name,PAISU,PASU,1,1,1626,ZA16,Zakros,stone,LM IB,0.1,38.0,,SI𐝫,religious,stone vessel,𐝫 𐝫 𐘤 𐝫 𐝫 𐝫 𐘂 𐄌 𐝫 𐝫 𐘲 𐄊 𐝫 𐝫,𐝫 SI ? 𐝫 PA ? SU 4 ? 𐝫 pu? 𐄊 𐝫 𐝫,14,0,0,0,,,"𐝫 SI 
 𐝫","
 SU 4 
 𐝫",,,,53,no,,toponym/geography,unexpected text type for toponym: religious; ⚠ context mismatch,approximate match (levenshtein=1); text: religious
Παισός,Paisos,Paisus,pais,place_name,PAISU,PAII,1,1,56,HT43,Haghia Triada - Villa Magazine,clay,LM IB,0.2,41.0,"GRA,GRA+PA",𐄁PA*342,administrative,tablet (page-shaped),𐙁 𐘤 𐘬 𐄁 𐘂 𐚂 𐘚 𐄁 𐘚 𐄁 𐛭 𐄋 𐝫,MA SI DU 𐄁 PA *342 I 𐄁 I 𐄁 GRA+PA 5 𐝫,13,1,0,0,GRA+PA; 𐛭,,MA SI DU 𐄁,*342 I 𐄁 I 𐄁,,,,96,no,,toponym/geography,"administrative context typical for toponyms; co-occurs with commodities: GRA+PA, 𐛭",approximate match (levenshtein=1); 1 logogram(s) present; text: administrative
Παισός,Paisos,Paisus,pais,place_name,PAISU,PAI,1,1,1614,ZA8,Zakros,stone,LM IB,0.1,38.0,,RINITA,religious,stone vessel,𐘸 𐘴 𐄁 𐘇 𐘳 𐘙 𐄁 𐘝 𐝆 𐙂 𐘹 𐘺 𐘙 𐝂 𐝂 𐘇 𐘭 𐘝 𐘳 𐄇 𐝫 𐝁 𐝁 𐘳 𐘚 𐘯 𐙁 𐘂 𐝆 𐙁 𐘾 𐘚 𐘈 𐄈 𐝃 𐝆 𐘀 𐘚 𐘢 𐘳 𐄈 𐝆 𐘾 𐘚 𐘁 𐄊 𐝁 𐝁,KI RA 𐄁 A TA RE 𐄁 NI ¹⁄₂ KU TU KO RE double mina A RI NI TA 1 ? ? TA NU MA PA ¹⁄₂ ? MA I SE 2 𐝃𐝆 ? DA I TA 2 ¹⁄₂ ? KA I 4 ? ro 𐄊 vase vase,48,11,0,0,¹⁄₂; 𐝆; double; 𐝂; mina; 𐝁; TA; MA; DA; 𐝃; I; I; vase; vase,,"? 
 TA NU MA","¹⁄₂ 
 MA I SE",,,,53,no,,toponym/geography; agriculture (grain),"unexpected text type for toponym: religious; co-occurs with commodities: ¹⁄₂, 𐝆, double; ⚠ context mismatch",approximate match (levenshtein=1); 11 logogram(s) present; text: religious
Λέσβος,Lesbos,Lesbos,lesb,place_name,RESUPU,SUPU,1,1,43,HT31,Haghia Triada - Villa Magazine,clay,LM IB,0.1,43.0,,KO𐄁*410,administrative,tablet (page-shaped),𐄁 𐝫 𐘠 𐘞 𐄁 𐘫 𐘺 𐄁 𐚪 𐝫 𐝫 𐄋 𐚢 𐘌 𐘰 𐄐 𐚯 𐘲 𐘫 𐄐 𐝫 𐚰 𐘾 𐘁 𐘰 𐄐 𐘞 𐘱 𐙁 𐄒 𐝫 𐝫 𐄐 𐘸 𐘦 𐙁 𐙯 𐘅 𐚢 𐄜 𐚢 𐘲 𐘰 𐘴 𐄛 𐚢 𐘂 𐘳 𐘿 𐄤,𐄁 TI SA 𐄁 PU KO 𐄁 *410 VS 𐝫 5 ? QA PA₃ 10 ? VS SU PU 10 *416 VS KA RO PA₃ 10 SA JA MA 30 ? ? KI MA *323 NA ? *815 ? *815 PA₃ RA 300 ? *815 TA QE 3000 ? 𐄤,50,7,0,0,VS; 𐚪; QA; 𐚢; VS; 𐚯; VS; 𐚰; PA₃; TA,,"QA PA₃ 10 
 VS",PU 10 *416 VS KA,,,,96,no,,toponym/geography,"administrative context typical for toponyms; co-occurs with commodities: VS, 𐚪, QA",approximate match (levenshtein=1); 7 logogram(s) present; text: administrative
Λέσβος,Lesbos,Lesbos,lesb,place_name,RESUPU,SUPU,1,1,108,HT87,Haghia Triada - Casa Room 7,clay,LM IB,0.1,43.0,,1DIKI,administrative,tablet (page-shaped),𐘐 𐘹 𐘗 𐄁 𐙁 𐘾 𐘭 𐘃 𐄁 𐘢 𐘳 𐘥 𐘤 𐄇 𐘱 𐘙 𐘻 𐄇 𐘆 𐘸 𐘈 𐄇 𐘿 𐘲 𐘫 𐄇 𐙂 𐘘 𐙂 𐄇 𐘇 𐘴 𐝫 𐄁 𐝫 𐘇 𐘹 𐄇,*21F TU NE 𐄁 MA KA RI TE 𐄁 PI TA KE SI 1 JA RE MI 1 DI KI SE 1 QE SU PU 1 KU RU KU 1 A RA 𐄁 A TU 1 ja 𐄇,38,0,0,0,,,DI KI SE 1 QE,PU 1 KU RU KU,,,,42,no,,toponym/geography,administrative context typical for toponyms,approximate match (levenshtein=1); text: administrative
Λέσβος,Lesbos,Lesbos,lesb,place_name,RESUPU,SUPU,1,1,1665,ARKH2,Arkhalkhori,clay,LM IB,0.1,43.0,,12*301,administrative,tablet (page-shaped),𐘤 𐘀 𐘃 𐙂 𐘴 𐙎 𐄋 𐘇 𐘤 𐘀 𐘄 𐘚 𐄐 𐄈 𐙀 𐙕 𐘈 𐘦 𐘐 𐙈 𐄌 𐘇 𐘲 𐘫 𐘮 𐄊 𐘘 𐘻 𐝫 𐝫,SI DA TE KU RA *131B 5 A SI DA TO I 12 ? *301 SE DE *21F *118 6 ? SU PU WA 4 ? MI ? 𐝫 𐝫,30,0,0,0,,,"DE *21F *118 6 
","PU WA 4 
 MI",,,,15,no,,toponym/geography,administrative context typical for toponyms,approximate match (levenshtein=1); text: administrative
Νάξος,Naxos,Naxos,naks,place_name,NAKUSU,NAKUPA,1,1,1138,KH5,Khania,clay,LM IB,0.15,44.5,VIN,22,administrative,tablet (page-shaped),𐘇 𐘀 𐘸 𐘤 𐘾 𐄁 𐘇 𐘴 𐘉 𐘀 𐄁 𐘣 𐘞 𐘞 𐘗 𐜚 𐄈 𐜂 𐄈 𐘣 𐘅 𐘬 𐄁 𐙕 𐘅 𐄁 𐙂 𐘂 𐙀 𐙗 𐝫 𐄉 𐝫 𐝀 𐘝 𐄈 𐝆 𐝁,A DA KI SI KA 𐄁 A RA U DA 𐄁 WI SA SA NE CYP+E 2 VINb+WI 2 WI NA DU 𐄁 *301 NA 𐄁 KU PA ZU CYP 3 ≈ ¹⁄₆ ? 2 𐝆𐝁 vase vase,38,3,0,1,𐝀; vase; 𐝆; vase; 𐝁,CYP+E; VINb+WI,CYP+E 2 VINb+WI 2 WI,DU 𐄁 *301 NA 𐄁,,,,226,no,,toponym/geography,"administrative context typical for toponyms; co-occurs with commodities: 𐝀, vase, 𐝆",approximate match (levenshtein=1); 3 logogram(s) present; text: administrative
Νάξος,Naxos,Naxos,naks,place_name,NAKUSU,NAKUPA,1,1,1450,PE1,Petras,clay,Uncertain,0.1,43.0,,NAKUPA,administrative,tablet (page-shaped),𐘉 𐘾 𐘙 𐘇 𐘈 𐘤 𐘅 𐙂 𐘂 𐘭 𐙇 𐄔 𐝫 𐛭 𐄑 𐄌 𐝆 𐘡 𐘾 𐝫 𐙇 𐄖 𐄈 𐛭 𐄒 𐄌,U KA RE A SE SI NA KU PA RI VIR+[?] 50 ? 26 ¹⁄₂ ? E VIR+[?] 72 ? GRA+PA 36 𐄈 [?] 𐄒 𐄌,26,3,0,0,26; 𐛭; E; 𐝆; [?],,KA RE A SE SI,KU PA RI VIR+[?] 50,,,,12,no,,toponym/geography,"administrative context typical for toponyms; co-occurs with commodities: 26, 𐛭, E",approximate match (levenshtein=1); 3 logogram(s) present; text: administrative
Νάξος,Naxos,Naxos,naks,place_name,NAKUSU,NASU,1,1,1074,HTWc3010,Haghia Triada,clay,LM IB,0.1,43.0,,DINASU,administrative,roundel,𐙹 𐘆 𐘅 𐘲 𐘾,*333 DI NA SU KA,5,0,0,0,,,*333 DI,SU KA,,,,49,no,,toponym/geography,administrative context typical for toponyms,approximate match (levenshtein=1); text: administrative
Νάξος,Naxos,Naxos,naks,place_name,NAKUSU,NASU,1,1,1550,PRZa1,Prassa,stone,LM IA,0.1,43.0,,NASUTE,religious,stone vessel,𐘳 𐘅 𐘲 𐘃 𐝫 𐘥 𐘈 𐘄 𐘚 𐘱 𐘇 𐘞 𐘞 𐝢 𐘋,TA NA SU TE KE ? TO I JA ? SA SA *802 ME so,15,0,0,0,,,TA,"SU TE KE 
 TO",,,,1,no,,toponym/geography,unexpected text type for toponym: religious; ⚠ context mismatch,approximate match (levenshtein=1); text: religious
Νάξος,Naxos,Naxos,naks,place_name,NAKUSU,NAKU,1,1,16,HT11a,Haghia Triada - Villa Magazine,clay,LM IB,0.1,43.0,,3KA,administrative,tablet (page-shaped),𐘇 𐘘 𐘴 𐝫 𐄁 𐝫 𐄉 𐘾 𐘁 𐘅 𐄈 𐙮 𐘭 𐄇 𐙂 𐘁 𐄐 𐘇 𐘲 𐘱 𐄇 𐙇 𐘚 𐄉 𐘷 𐄐 𐄋,A RU RA 𐄁 3 ? KA NA 2 ? *322 1 ? KU 10 ? A JA 1 ? VIR+[?] 3 ? TA₂ nu 𐄐 𐄋,27,0,0,0,,,"RA 𐄁 3 
 KA","2 
 *322 1 
",,,,96,no,,toponym/geography,administrative context typical for toponyms,approximate match (levenshtein=1); text: administrative
Νάξος,Naxos,Naxos,naks,place_name,NAKUSU,NAKU,1,1,161,HT123+124b,Haghia Triada - Casa del Lebete,clay,LM IB,0.1,43.0,,SA4,administrative,tablet (page-shaped),𐙓 𐙜 𐄐 𐄇 𐙢 𐄇 𐝕 𐘠 𐘀 𐘳 𐄁 𐘢 𐘞 𐄊 𐙓 𐄇 𐙓 𐘬 𐄁 𐄐 𐘹 𐘂 𐘆 𐘀 𐝆 𐝉 𐘾 𐘅 𐝫 𐝫 𐘤 𐘬 𐝀 𐘬 𐙁 𐘚 𐘅 𐝃 𐝄 𐙂 𐘁 𐄑 𐘸 𐘁 𐄋 𐝫,*188 *308 11 ? 1 ³⁄₄ ? DA TA 𐄁 ? SA 4 ? 1 ? DU 𐄁 10 ? PA DI DA 13/20 ? KA ? SI DU ¹⁄₆ ? DU MA NA ³⁄₈ ? KU RO 20 KI RO 5 ? ro 𐄋 𐝫,46,6,0,0,𐝕; 𐝆; KA; 𐝉; MA; 𐝀; RO; 𐝃; 20; 𐝄,,"DU ¹⁄₆ 
 DU MA","³⁄₈ 
 KU RO 20",,,,38,no,,toponym/geography; agriculture (grain),"administrative context typical for toponyms; co-occurs with commodities: 𐝕, 𐝆, KA",approximate match (levenshtein=1); 6 logogram(s) present; text: administrative
Μόχλος,Mochlos,Mochlos,mokʰl,place_name,MOKURU,KURU,1,1,108,HT87,Haghia Triada - Casa Room 7,clay,LM IB,0.1,43.0,,KISE1,administrative,tablet (page-shaped),𐘐 𐘹 𐘗 𐄁 𐙁 𐘾 𐘭 𐘃 𐄁 𐘢 𐘳 𐘥 𐘤 𐄇 𐘱 𐘙 𐘻 𐄇 𐘆 𐘸 𐘈 𐄇 𐘿 𐘲 𐘫 𐄇 𐙂 𐘘 𐙂 𐄇 𐘇 𐘴 𐝫 𐄁 𐝫 𐘇 𐘹 𐄇,*21F TU NE 𐄁 MA KA RI TE 𐄁 PI TA KE SI 1 JA RE MI 1 DI KI SE 1 QE SU PU 1 KU RU KU 1 A RA 𐄁 A TU 1 ja 𐄇,38,0,0,0,,,1 QE SU PU 1,RU KU 1 A RA,,,,42,no,,toponym/geography,administrative context typical for toponyms,approximate match (levenshtein=1); text: administrative
Ζάκρος,Zakros,Zakros,zakr,place_name,ZAKURU,KURU,1,1,108,HT87,Haghia Triada - Casa Room 7,clay,LM IB,0.1,43.0,,KISE1,administrative,tablet (page-shaped),𐘐 𐘹 𐘗 𐄁 𐙁 𐘾 𐘭 𐘃 𐄁 𐘢 𐘳 𐘥 𐘤 𐄇 𐘱 𐘙 𐘻 𐄇 𐘆 𐘸 𐘈 𐄇 𐘿 𐘲 𐘫 𐄇 𐙂 𐘘 𐙂 𐄇 𐘇 𐘴 𐝫 𐄁 𐝫 𐘇 𐘹 𐄇,*21F TU NE 𐄁 MA KA RI TE 𐄁 PI TA KE SI 1 JA RE MI 1 DI KI SE 1 QE SU PU 1 KU RU KU 1 A RA 𐄁 A TU 1 ja 𐄇,38,0,0,0,,,1 QE SU PU 1,RU KU 1 A RA,,,,42,no,,toponym/geography,administrative context typical for toponyms,approximate match (levenshtein=1); text: administrative
Ζάκρος,Zakros,Zakros,zakr,place_name,ZAKURU,ZARU,1,1,14,HT10a,Haghia Triada - Villa Magazine,clay,LM IB,0.1,43.0,,𐄁DARE,administrative,tablet (page-shaped),𐙂 𐘝 𐘲 𐄁 𐘞 𐙁 𐄊 𐄁 𐘂 𐄁 𐘀 𐘙 𐄐 𐄌 𐝆 𐘉 𐙱 𐘍 𐄊 𐙕 𐄌 𐘉 𐙱 𐘍 𐄐 𐄊 𐝫 𐙙 𐘘 𐄈 𐝆 𐘀 𐘭 𐘀 𐄎 𐘋 𐘍 𐄉,KU NI SU 𐄁 SA MA 4 𐄁 PA 𐄁 DA RE 16 ¹⁄₂ ? *325 ZA 4 ? 6 ? *325 ZA 14 ? *305 RU ¹⁄₂ ? DA RI 8 ? ME ZA so do 𐄉,38,2,0,0,𐝆; RI,,"RE 16 ¹⁄₂ 
 *325","4 
 6 
 *325",,,,96,no,,toponym/geography,"administrative context typical for toponyms; co-occurs with commodities: 𐝆, RI",approximate match (levenshtein=1); 2 logogram(s) present; text: administrative
νήριτον,neriton,sea-plant,nerit,nature,NERITU,PARITU,1,1,99,HT79+83,Haghia Triada - Villa Magazine,clay,LM IB,0.05,41.5,,DAPA₃,administrative,tablet (page-shaped),𐝫 𐘚 𐄁 𐙙 𐝫 𐝫 𐘾 𐄁 𐘀 𐘰 𐝫 𐝫 𐘹 𐘂 𐘭 𐄇 𐝫 𐝫 𐘹 𐝫 𐄁 𐝫 𐄉 𐝫 𐙂 𐘝 𐝫 𐝫 𐙀 𐄉 𐝫,"I 𐄁 *305 ? KA ? DA PA₃ TU PA RI ? TU 𐄁 3 ? KU ? ZU 3 ? 𐝫 𐄉 𐝫 ta? pu 𐝫 𐝫 ?,swi? 𐄉 𐝫",31,0,0,0,,,"KA 
 DA PA₃ TU","RI 
 TU 𐄁 3",,,,96,no,,unknown,category 'nature' — no specific plausibility criteria,approximate match (levenshtein=1); text: administrative
νήριτον,neriton,sea-plant,nerit,nature,NERITU,NESITU,1,1,222,HTWa1019,Haghia Triada - Portico 11 and Room 13,,LM IB,0.05,41.5,,NESITU,administrative,Nodule,𐘂 𐘳 𐘗 𐘤 𐘹,PA TA NE SI TU,5,0,0,0,,,PA TA,SI TU,,,,863,no,,unknown,category 'nature' — no specific plausibility criteria,approximate match (levenshtein=1); text: administrative
νήριτον,neriton,sea-plant,nerit,nature,NERITU,NERITA,1,1,1139,KH6,Khania,clay,LM IB,0.05,41.5,,TERE,administrative,tablet (page-shaped),𐝫 𐜙 𐝆 𐘆 𐘤 𐝫 𐝫 𐘃 𐘯 𐘙 𐝫 𐝫 𐘸 𐘞 𐘗 𐜙 𐝆 𐚇 𐝫 𐝫 𐙗 𐝫 𐝆 𐘭 𐘳 𐘧 𐜙 𐝫 𐝫 𐘑 𐄇 𐜙 𐝆 𐘕 𐄇 𐘂 𐝫 𐝫 𐘙 𐄁 𐙺 𐄇 𐜙 𐝆 𐘢 𐘞 𐝫 𐝫 𐜙 𐝆 𐙄 𐘙 𐘃 𐄁 𐙚 𐄇 𐝫 𐄎 𐙗 𐄈 𐝆 𐝁,CYP+D ¹⁄₂ ? SI ? TE RE ? KI SA NE ¹⁄₂ ? *347 ? CYP ¹⁄₂ RI TA CYP+D ? *21M 1 CYP+D ¹⁄₂ ? MU 1 PA ? RE *334 1 CYP+D ¹⁄₂ PI SA CYP+D ¹⁄₂ ? AU RE 𐄁 *306 ? 8 ? 2 𐝆𐝁 vase ro2? ne te 𐄁 ? 𐄇 𐝫 𐄎 ? 𐄈 vase vase,62,8,0,0,𐝆; ¹⁄₂; 1; 1; *306; vase; vase; vase; 𐝁,¹⁄₂; CYP; MU; *334; 𐄁; 𐝆𐝁,"TE RE 
 KI SA","¹⁄₂ 
 *347 
 CYP",,,,226,no,,unknown,category 'nature' — no specific plausibility criteria,approximate match (levenshtein=1); 8 logogram(s) present; text: administrative
νήριτον,neriton,sea-plant,nerit,nature,NERITU,NETU,1,1,158,HT122a,Haghia Triada - Casa del Lebete,clay,LM IB,0.05,41.5,,DARE,administrative,tablet (page-shaped),𐝫 𐘴 𐘭 𐄁 𐘉 𐘦 𐘍 𐄈 𐝫 𐝫 𐄈 𐘀 𐘤 𐙈 𐄈 𐘂 𐝫 𐄁 𐝫 𐘆 𐄇 𐘃 𐘸 𐄈 𐘌 𐙠 𐘚 𐄉 𐘱 𐘻 𐘀 𐘙 𐄇 𐘤 𐘀 𐘙 𐄇 𐙰 𐘆 𐘴 𐄇 𐘂 𐘦 𐄇 𐙂 𐘰 𐘯 𐄇 𐘂 𐘳 𐘗 𐄇 𐙚 𐘹 𐄇 𐝫 𐘬 𐄇 𐙂 𐘰 𐘯 𐄇 𐘀 𐘭 𐘀 𐄇 𐙂 𐘁 𐄒 𐄇 𐙂 𐘀 𐄇,RA RI 𐄁 U DE ZA 2 ? 2 DA SI 2 ? PA 𐄁 DI 1 ? KI 2 ? *310 I 3 JA MI DA RE ? SI DA RE 1 *324 DI RA 1 PA DE 1 ? PA₃ NU 1 PA TA NE 1 *306 TU 1 ? 1 ? KU NU 1 ? RI DA 1 ? RO 31 ? KU 1 ro 𐄒 𐄇 ta? da 𐄇,73,0,0,0,,,PA₃ NU 1 PA TA,"1 *306 TU 1 
",,,,38,no,,unknown,category 'nature' — no specific plausibility criteria,approximate match (levenshtein=1); text: administrative
μίνθη,minthē,mint,mintʰ,nature,MINUTU,MITU,1,1,152,HT117a,Haghia Triada - Casa Room 9,clay,LM IB,0.05,41.5,,𐄁USU,administrative,tablet (page-shaped),𐙁 𐘾 𐘭 𐘃 𐄁 𐘸 𐘁 𐄁 𐘉 𐘻 𐘅 𐘤 𐄁 𐘉 𐘲 𐄇 𐘻 𐘹 𐄇 𐙂 𐘴 𐘕 𐄇 𐙁 𐘘 𐄇 𐙂 𐘰 𐘯 𐄇 𐘹 𐘶 𐙁 𐄇 𐘉 𐘆 𐘻 𐄇 𐘻 𐘘 𐘳 𐘴 𐘙 𐄇 𐘃 𐘱 𐘙 𐄇 𐘅 𐘀 𐘙 𐄇 𐙂 𐘁 𐄐 — 𐘞 𐘳 𐄁 𐙂 𐙂 𐘀 𐘴 𐄇 𐘺 𐘞 𐘚 𐘠 𐄇 𐘀 𐘻 𐘯 𐄇 𐘀 𐘗 𐙂 𐘠 𐄇 𐘸 𐘀 𐘁 𐄇,MA KA RI TE 𐄁 KI RO 𐄁 U MI NA SI 𐄁 U SU 1 MI TU 1 KU RA MU 1 MA RU 1 KU PA₃ NU 1 TU JU MA 1 U DI MI 1 MI RU TA RA RE 1 TE JA RE 1 NA DA RE 1 KU RO 10 — SA TA 𐄁 KU KU DA RA 1 KO SA I TI 1 DA MI NU 1 DA NE KU TI 1 KI DA RO 1,82,0,0,0,,,SI 𐄁 U SU 1,TU 1 KU RA MU,,,,16,no,,unknown,category 'nature' — no specific plausibility criteria,approximate match (levenshtein=1); text: administrative
μίνθη,minthē,mint,mintʰ,nature,MINUTU,MINU,1,1,106,HT86a,Haghia Triada - Casa Room 7,clay,LM IB,0.05,41.5,,WA10—,administrative,tablet (page-shaped),𐘇 𐘾 𐘘 𐄁 𐙂 𐘝 𐘲 𐛷 𐄑 𐘞 𐘘 𐄑 𐘆 𐘦 𐘘 𐄑 𐘌 𐘽 𐘮 𐄐 — 𐘇 𐘬 𐄁 𐘀 𐘋 𐛳 𐄑 𐘻 𐘯 𐘃 𐄑,A KA RU 𐄁 KU NI SU GRA+K+L 20 SA RU 20 DI DE RU 20 QA RA₂ WA 10 — A DU 𐄁 DA ME GRA+B 20 MI NU TE 20,32,0,0,2,,GRA+K+L; GRA+B,𐄁 DA ME GRA+B 20,NU TE 20,,,,42,no,,unknown,category 'nature' — no specific plausibility criteria,approximate match (levenshtein=1); text: administrative
μίνθη,minthē,mint,mintʰ,nature,MINUTU,MINU,1,1,118,HT95a,Haghia Triada - Casa Room 7,clay,LM IB,0.05,41.5,,DAME10,administrative,tablet (page-shaped),𐘀 𐘬 𐙁 𐘳 𐄁 𐙉 𐘀 𐘋 𐄐 𐘻 𐘯 𐘃 𐄐 𐘞 𐘘 𐄑 𐙂 𐘝 𐘲 𐄐 𐘆 𐘦 𐘘 𐄐 𐘿 𐘽 𐘉 𐄍,DA DU MA TA 𐄁 GRA DA ME 10 MI NU TE 10 SA RU 20 KU NI SU 10 DI DE RU 10 QE RA₂ U 7,28,0,0,0,,,𐄁 GRA DA ME 10,NU TE 10 SA RU,,,,42,no,,unknown,category 'nature' — no specific plausibility criteria,approximate match (levenshtein=1); text: administrative
μίνθη,minthē,mint,mintʰ,nature,MINUTU,MINU,1,1,119,HT95b,Haghia Triada - Casa Room 7,clay,LM IB,0.05,41.5,,𐝫𐄁𐝫,administrative,tablet (page-shaped),𐘇 𐘬 𐄁 𐘞 𐘘 𐄐 𐝫 𐄁 𐝫 𐘀 𐘋 𐄐 𐘻 𐘯 𐘃 𐄐 𐙂 𐘝 𐘲 𐄐 𐘆 𐘦 𐘘 𐄐 𐘿 𐘽 𐘉 𐄐,A DU 𐄁 SA RU 10 𐝫 𐄁 𐝫 DA ME 10 MI NU TE 10 KU NI SU 10 DI DE RU 10 QE RA₂ U 10,28,0,0,0,,,𐄁 𐝫 DA ME 10,NU TE 10 KU NI,,,,42,no,,unknown,category 'nature' — no specific plausibility criteria,approximate match (levenshtein=1); text: administrative
μίνθη,minthē,mint,mintʰ,nature,MINUTU,MINU,1,1,134,HT106,Haghia Triada - Casa Room 7,clay,LM IB,0.05,41.5,,MINUTE,administrative,tablet (page-shaped),𐘻 𐘯 𐘃 𐙗 𐄌 𐝫 𐘤 𐄋 𐝆 𐘤 𐄇 — 𐘀 𐝫 𐄁 𐄎 𐝫 𐝫 𐘤 𐄉 𐝫 𐝫,MI NU TE CYP 6 ? 5 ¹⁄₂ ? 1 ? ? 𐄁 ? ? 3 𐝫 𐝫 jo 𐄉 𐝫 𐝫,22,1,0,0,𐝆,,,"NU TE CYP 6 
",,,,42,no,,unknown,category 'nature' — no specific plausibility criteria,approximate match (levenshtein=1); 1 logogram(s) present; text: administrative
μίνθη,minthē,mint,mintʰ,nature,MINUTU,MINU,1,1,1415,MA1a,Malia,,Uncertain,0.05,41.5,,QEDEMI,administrative,3-sided bar,𐄂 𐘚 𐘬 𐘣 𐘨 𐘿 𐘦 𐘻 𐘯 𐄁,*903 I DU WI *47 QE DE MI NU 𐄁,10,0,0,0,,,DU WI *47 QE DE,NU 𐄁,,,,18,no,,unknown,category 'nature' — no specific plausibility criteria,approximate match (levenshtein=1); text: administrative
μίνθη,minthē,mint,mintʰ,nature,MINUTU,MINU,1,1,1416,MA1b,Malia,,Uncertain,0.05,41.5,,QEDEMI,administrative,3-sided bar,𐘇 𐙁 𐄁 𐘨 𐘿 𐘦 𐘻 𐘯,A MA 𐄁 *47 QE DE MI NU,8,0,0,0,,,MA 𐄁 *47 QE DE,NU,,,,18,no,,unknown,category 'nature' — no specific plausibility criteria,approximate match (levenshtein=1); text: administrative
μίνθη,minthē,mint,mintʰ,nature,MINUTU,MITETU,1,1,1631,ZA20,Zakros,stone,LM IB,0.05,41.5,,SEMI,religious,stone vessel,𐝫 𐝫 𐘬 𐘙 𐘍 𐘈 𐝫 𐝫 𐘻 𐝫 𐄁 𐄊 𐘤 𐘃 𐘹 𐄇 𐘤 𐘹 𐄌 𐘃 𐙌 𐄐 𐄈 𐘘 𐙁 𐘳 𐘈 𐄉 𐙂 𐘴 𐄙 𐄒 𐝫,𐝫 DU RE ZA SE MI ? 𐄁 4 ? TE TU ? SI TU 6 TE AROM 12 RU MA TA SE ? KU RA 130 ? ta? ? 𐄙 𐄒 𐝫,33,0,0,0,,,𐝫 DU RE ZA SE,"
 𐄁 4 
 TE",,,,53,no,,unknown,category 'nature' — no specific plausibility criteria,approximate match (levenshtein=1); text: religious
σίναπι,sinapi,mustard,sinap,nature,SINAPU,SINA,1,1,1174,KH40,Khania,clay,LM IB,0.05,36.5,,𐝫SINA,administrative,tablet (page-shaped),𐝫 𐝫 𐘤 𐘅 𐝫 𐝫,𐝫 SI NA ? 𐝫 𐝫,6,0,0,0,,,𐝫,"NA 
 𐝫 𐝫",,,,226,no,,unknown,category 'nature' — no specific plausibility criteria,approximate match (levenshtein=1); text: administrative
σίναπι,sinapi,mustard,sinap,nature,SINAPU,SINA,1,1,1450,PE1,Petras,clay,Uncertain,0.05,36.5,,SINAKU,administrative,tablet (page-shaped),𐘉 𐘾 𐘙 𐘇 𐘈 𐘤 𐘅 𐙂 𐘂 𐘭 𐙇 𐄔 𐝫 𐛭 𐄑 𐄌 𐝆 𐘡 𐘾 𐝫 𐙇 𐄖 𐄈 𐛭 𐄒 𐄌,U KA RE A SE SI NA KU PA RI VIR+[?] 50 ? 26 ¹⁄₂ ? E VIR+[?] 72 ? GRA+PA 36 𐄈 [?] 𐄒 𐄌,26,3,0,0,26; 𐛭; E; 𐝆; [?],,U KA RE A SE,NA KU PA RI VIR+[?],,,,12,no,,unknown,category 'nature' — no specific plausibility criteria,approximate match (levenshtein=1); 3 logogram(s) present; text: administrative
σίναπι,sinapi,mustard,sinap,nature,SINAPU,SIPU,1,1,1095,HTZb161,Haghia Triada,pottery/ceramic,LM IB,0.05,36.5,,SIPUai?,religious,Clay vessel,𐝫 𐘤 𐘫 𐝫,SI PU ai? 𐝫,4,0,0,0,,,,PU ai? 𐝫,,,,49,no,,unknown,category 'nature' — no specific plausibility criteria,approximate match (levenshtein=1); text: religious
κρόκος,krokos,saffron,krok,nature,KURUOKU,KURUKU,1,1,108,HT87,Haghia Triada - Casa Room 7,clay,LM IB,0.05,41.5,,KISE1QE,administrative,tablet (page-shaped),𐘐 𐘹 𐘗 𐄁 𐙁 𐘾 𐘭 𐘃 𐄁 𐘢 𐘳 𐘥 𐘤 𐄇 𐘱 𐘙 𐘻 𐄇 𐘆 𐘸 𐘈 𐄇 𐘿 𐘲 𐘫 𐄇 𐙂 𐘘 𐙂 𐄇 𐘇 𐘴 𐝫 𐄁 𐝫 𐘇 𐘹 𐄇,*21F TU NE 𐄁 MA KA RI TE 𐄁 PI TA KE SI 1 JA RE MI 1 DI KI SE 1 QE SU PU 1 KU RU KU 1 A RA 𐄁 A TU 1 ja 𐄇,38,0,0,0,,,1 QE SU PU 1,RU KU 1 A RA,,,,42,no,,unknown,category 'nature' — no specific plausibility criteria,approximate match (levenshtein=1); text: administrative
ῥόδον,rhodon,rose,wrod,nature,WARODU,SARODU,1,1,25,HT19,Haghia Triada - Villa Magazine,clay,LM IB,0.05,41.5,,𐄁TE𐄁,administrative,tablet (page-shaped),𐘴 𐙐 𐘠 𐄁 𐘃 𐄁 𐙍 𐄒 𐘞 𐘁 𐄋 𐝆 𐘬 𐘋 𐘆 𐄓 𐄉 𐝆,RA *164 TI 𐄁 TE 𐄁 VIN 30 SA RO 5 ¹⁄₂ DU ME DI 43 ¹⁄₂ vase,18,2,0,0,¹⁄₂; 𐝆; vase,,𐄁 TE 𐄁 VIN 30,RO 5 ¹⁄₂ DU ME,,,,96,no,,unknown,category 'nature' — no specific plausibility criteria,approximate match (levenshtein=1); 2 logogram(s) present; text: administrative
ῥόδον,rhodon,rose,wrod,nature,WARODU,WADU,1,1,7,HT6b,Haghia Triada - Villa Magazine,clay,LM IB,0.05,41.5,,WADUNI,administrative,tablet (page-shaped),𐘮 𐘬 𐘝 𐘻 𐄉 𐝅 𐘴 𐘠 𐘈 𐄇 𐙁 𐘭 𐘙 𐘚 𐄉 𐘬 𐘀 𐙁 𐄕 𐄌 𐘀 𐘸 𐄉 𐝃 𐘞 𐙁 𐄒 𐄋 𐘰 𐘝 𐘅 𐄐 𐄍 𐝆,WA DU NI MI 3 ≈ ? RA TI SE ? MA RI RE I ? DU DA MA 66 DA KI 3 ¹⁄₄ SA MA 35 ? NI NA 17 ¹⁄₂ 𐄍 vase,34,3,0,0,≈; 𐝅; ¹⁄₄; 𐝃; vase; 𐝆,,,DU NI MI 3 ≈,,,,96,no,,unknown,category 'nature' — no specific plausibility criteria,approximate match (levenshtein=1); 3 logogram(s) present; text: administrative
ῥόδον,rhodon,rose,wrod,nature,WARODU,WADU,1,1,1380,KNZa10,Knossos,stone,LM IA,0.05,41.5,,𐄁DA,religious,stone vessel,𐝫 𐘳 𐘯 𐘕 𐘠 𐄁 𐘱 𐘞 𐘞 𐘴 𐙁 𐘅 𐄁 𐘀 𐘮 𐝫 𐄁 𐝫 𐘬 𐘮 𐘄 𐄁 𐘚 𐘱 𐝫,TA NU MU TI 𐄁 JA SA SA RA MA ? 𐄁 DA WA 𐄁 DU WA TO 𐄁 I JA 𐄁 ru ? 𐝫,25,0,0,0,,,"RA MA 
 𐄁 DA",𐄁 DU WA TO 𐄁,,,,59,no,,unknown,category 'nature' — no specific plausibility criteria,approximate match (levenshtein=1); text: religious
ῥόδον,rhodon,rose,wrod,nature,WARODU,WADU,1,1,1617,ZA10b,Zakros,stone,Uncertain,0.05,41.5,,WA2,religious,stone vessel,𐘮 𐚖 𐄈 𐘬 𐘙 𐘍 𐘈 𐙎 𐄋 𐘉 𐘪 𐄌 𐙁 𐘍 𐄋 𐙁 𐘸 𐘦 𐘃 𐄋 𐘞 𐙁 𐄋 𐘇 𐘦 𐄊 𐘇 𐘻 𐘳 𐄉 𐘽 𐘁 𐘙 𐄈 𐘂 𐘱 𐘙 𐄇 𐘾 𐙂 𐘗 𐘃 𐝆 𐘳 𐄈 𐘬 𐄇 𐝫,WA *362 2 DU RE ZA SE *131B 5 U *49 6 MA ZA 5 MA KI DE TE 5 SA MA 5 A DE 4 A MI TA 3 RA₂ RO RE 2 PA JA RE 1 KA KU NE TE ¹⁄₂ TA 2 DU 1 𐝫,48,2,0,0,*362; 𐚖; ¹⁄₂; 𐝆,,,*362 2 DU RE ZA,,,,53,no,,unknown,category 'nature' — no specific plausibility criteria,approximate match (levenshtein=1); 2 logogram(s) present; text: religious
ῥόδον,rhodon,rose,wrod,nature,WARODU,WAADU,1,1,106,HT86a,Haghia Triada - Casa Room 7,clay,LM IB,0.05,41.5,,DERU20,administrative,tablet (page-shaped),𐘇 𐘾 𐘘 𐄁 𐙂 𐘝 𐘲 𐛷 𐄑 𐘞 𐘘 𐄑 𐘆 𐘦 𐘘 𐄑 𐘌 𐘽 𐘮 𐄐 — 𐘇 𐘬 𐄁 𐘀 𐘋 𐛳 𐄑 𐘻 𐘯 𐘃 𐄑,A KA RU 𐄁 KU NI SU GRA+K+L 20 SA RU 20 DI DE RU 20 QA RA₂ WA 10 — A DU 𐄁 DA ME GRA+B 20 MI NU TE 20,32,0,0,2,,GRA+K+L; GRA+B,DE RU 20 QA RA₂,10 — A DU 𐄁,,,,42,no,,unknown,category 'nature' — no specific plausibility criteria,approximate match (levenshtein=1); text: administrative
ῥόδον,rhodon,rose,wrod,nature,WARODU,RODU,1,1,136,HT108,Haghia Triada - Casa Room 7,clay,LM IB,0.1,43.0,GRA,70—,administrative,tablet (page-shaped),𐘸 𐘙 𐘳 𐘅 𐙇 𐄇 𐛶 𐄖 — 𐘆 𐘅 𐘁 𐄈 𐘬 𐘲 𐘝 𐄋 𐝫 𐄁 𐝫 𐘽 𐘠 𐄐 𐘶 𐝫 𐝫,KI RE TA NA VIR+[?] 1 GRA+H 70 — DI NA RO 2 DU SU NI 5 ? RA₂ TI 10 ? JU 𐝫 𐝫 𐝫,26,0,0,1,,GRA+H,GRA+H 70 — DI NA,2 DU SU NI 5,,,,42,no,,unknown,category 'nature' — no specific plausibility criteria,approximate match (levenshtein=1); text: administrative
δάφνη,daphnē,laurel,dapʰn,nature,DAPUNU,DANU,1,1,63,HT47a,Haghia Triada - Villa Magazine,clay,LM IB,0.05,41.5,,DU20,administrative,tablet (page-shaped),𐘾 𐝫 𐝫 𐛗 𐄁 𐙂 𐘰 𐘅 𐘹 𐄑 𐝫 𐝫 𐘬 𐄑 𐝫 𐘉 𐝫 𐝫 𐘢 𐄐 𐘸 𐘀 𐘁 𐝫 𐝫 𐄋 𐝫 𐘻 𐘯 𐘻,KA ]TU+RO 𐄁 ? KU NA TU 20 ? DU 20 U ? PI 10 KI DA ? 5 ? NU MI ro 𐝫 𐝫 𐄋 𐝫 ? ? ?,30,1,0,0,𐛗,,"U 
 PI 10 KI","
 5 
 NU MI",,,,96,no,,unknown,category 'nature' — no specific plausibility criteria,approximate match (levenshtein=1); 1 logogram(s) present; text: administrative
δάφνη,daphnē,laurel,dapʰn,nature,DAPUNU,DAMINU,1,1,152,HT117a,Haghia Triada - Casa Room 9,clay,LM IB,0.05,41.5,,1KURO,administrative,tablet (page-shaped),𐙁 𐘾 𐘭 𐘃 𐄁 𐘸 𐘁 𐄁 𐘉 𐘻 𐘅 𐘤 𐄁 𐘉 𐘲 𐄇 𐘻 𐘹 𐄇 𐙂 𐘴 𐘕 𐄇 𐙁 𐘘 𐄇 𐙂 𐘰 𐘯 𐄇 𐘹 𐘶 𐙁 𐄇 𐘉 𐘆 𐘻 𐄇 𐘻 𐘘 𐘳 𐘴 𐘙 𐄇 𐘃 𐘱 𐘙 𐄇 𐘅 𐘀 𐘙 𐄇 𐙂 𐘁 𐄐 — 𐘞 𐘳 𐄁 𐙂 𐙂 𐘀 𐘴 𐄇 𐘺 𐘞 𐘚 𐘠 𐄇 𐘀 𐘻 𐘯 𐄇 𐘀 𐘗 𐙂 𐘠 𐄇 𐘸 𐘀 𐘁 𐄇,MA KA RI TE 𐄁 KI RO 𐄁 U MI NA SI 𐄁 U SU 1 MI TU 1 KU RA MU 1 MA RU 1 KU PA₃ NU 1 TU JU MA 1 U DI MI 1 MI RU TA RA RE 1 TE JA RE 1 NA DA RE 1 KU RO 10 — SA TA 𐄁 KU KU DA RA 1 KO SA I TI 1 DA MI NU 1 DA NE KU TI 1 KI DA RO 1,82,0,0,0,,,KO SA I TI 1,MI NU 1 DA NE,,,,16,no,,unknown,category 'nature' — no specific plausibility criteria,approximate match (levenshtein=1); text: administrative
κυπάρισσος,kyparissos,cypress,kuparis,nature,KUPARISU,KUPARI,1,1,1450,PE1,Petras,clay,Uncertain,0.05,36.5,,KUPARIVIR+[?],administrative,tablet (page-shaped),𐘉 𐘾 𐘙 𐘇 𐘈 𐘤 𐘅 𐙂 𐘂 𐘭 𐙇 𐄔 𐝫 𐛭 𐄑 𐄌 𐝆 𐘡 𐘾 𐝫 𐙇 𐄖 𐄈 𐛭 𐄒 𐄌,U KA RE A SE SI NA KU PA RI VIR+[?] 50 ? 26 ¹⁄₂ ? E VIR+[?] 72 ? GRA+PA 36 𐄈 [?] 𐄒 𐄌,26,3,0,0,26; 𐛭; E; 𐝆; [?],,RE A SE SI NA,"PA RI VIR+[?] 50 
",,,,12,no,,unknown,category 'nature' — no specific plausibility criteria,approximate match (levenshtein=1); 3 logogram(s) present; text: administrative
ἐλαία,elaia,olive (tree),elai,nature,ERAI,DARAI,1,1,39,HT28a,Haghia Triada - Villa Magazine,clay,LM IB,0.467,39.0,"OLE+U,GRA,OLE",2,administrative,tablet (page-shaped),𐘇 𐘤 𐘱 𐘾 𐄁 𐘱 𐘐 𐄁 𐛱 𐄋 𐜋 𐄈 𐜓 𐝆 𐜗 𐄇 𐜖 𐝉 𐘞 𐘽 𐜉 𐄇 𐘝 𐄈 𐙍 𐄉 𐛧 𐙍 𐄌 𐘇 𐘘 𐘀 𐘴 𐙉 𐄋 𐙘 𐄈 𐜉 𐄉 𐘚 𐘳 𐘱 𐜉 𐄐,A SI JA KA 𐄁 JA *21F 𐄁 GRA+QE 5 OLE+U 2 OLE+KI ¹⁄₂ OLE+MI 1 OLE+TU 𐝉 SA RA₂ OLE+DI 1 NI 2 VIN 3 VIR+KA VIN 6 A RU DA RA GRA 5 *304 2 OLE+DI 3 I TA JA OLE+DI 10,44,3,0,5,¹⁄₂; 𐝆; 𐝉; VIR+KA; 𐛧,GRA+QE; OLE+U; OLE+KI; OLE+MI; OLE+TU; OLE+DI; OLE+DI; OLE+DI,VIR+KA VIN 6 A RU,RA GRA 5 *304 2,,,,96,no,,unknown,category 'nature' — no specific plausibility criteria,approximate match (levenshtein=1); above-average semantic score; 3 logogram(s) present; text: administrative
ἐλαία,elaia,olive (tree),elai,nature,ERAI,ENAI,1,1,1140,KH7a,Khania,clay,Uncertain,0.05,26.5,,KI*3344,administrative,tablet (page-shaped),𐝫 𐘗 𐝫 𐄁 𐝫 𐘸 𐙺 𐄊 𐜙 𐄇 𐝫 𐝫 𐘚 𐜚 𐝇 𐘡 𐘅 𐘤 𐄁 𐛪 𐄐 𐜙 𐝆 𐘚 𐘱 𐘂 𐘋 𐄁 𐘳 𐘳 𐄁 𐘌 𐘠 𐘸 𐛪 𐄊 𐜙 𐝁 𐘈 𐙙 𐄁 𐙂 𐝫 𐄁 𐝫 𐘺 𐘡 𐛪 𐝫 𐄐 𐄎 𐜙 𐄇 𐝕 𐝉 𐝫 𐝫 𐝁 𐝌 𐝫,NE 𐄁 KI *334 4 ? CYP+D 1 I CYP+E ¹⁄₁₆ E NA SI 𐄁 10 ? CYP+D ¹⁄₂ ? I PA ME TA TA 𐄁 ? QA TI KI VIR+*313b ? CYP+D ¹⁄₃ ? SE 𐄁 ? 𐄁 KO E 18 ? CYP+D 1 𐝕𐝉𐝫 ? 𐝫𐝁𐝌 ? 𐝫 𐄎 weigh G 𐄇 [?] vase 𐝫 𐝫 vase vase 𐝫,60,10,0,0,𐄁; 𐝇; 𐛪; ME; 𐝆; 𐝁; 𐝫𐝁𐝌; [?]; 𐝕; vase; 𐝉; vase; vase; 𐝌,I; SI; PA; 𐄁; weigh G,CYP+D 1 I CYP+E ¹⁄₁₆,"NA SI 𐄁 10 
",,,,226,no,,unknown,category 'nature' — no specific plausibility criteria,approximate match (levenshtein=1); 10 logogram(s) present; text: administrative
κυνάρα,kynara,artichoke,kunara,nature,KUNARA,KUARA,1,1,108,HT87,Haghia Triada - Casa Room 7,clay,LM IB,0.05,36.5,,1QESU,administrative,tablet (page-shaped),𐘐 𐘹 𐘗 𐄁 𐙁 𐘾 𐘭 𐘃 𐄁 𐘢 𐘳 𐘥 𐘤 𐄇 𐘱 𐘙 𐘻 𐄇 𐘆 𐘸 𐘈 𐄇 𐘿 𐘲 𐘫 𐄇 𐙂 𐘘 𐙂 𐄇 𐘇 𐘴 𐝫 𐄁 𐝫 𐘇 𐘹 𐄇,*21F TU NE 𐄁 MA KA RI TE 𐄁 PI TA KE SI 1 JA RE MI 1 DI KI SE 1 QE SU PU 1 KU RU KU 1 A RA 𐄁 A TU 1 ja 𐄇,38,0,0,0,,,1 QE SU PU 1,RU KU 1 A RA,,,,42,no,,unknown,category 'nature' — no specific plausibility criteria,approximate match (levenshtein=1); text: administrative
κυνάρα,kynara,artichoke,kunara,nature,KUNARA,MINARA,1,1,1407,KNZf31,Knossos,metal,Uncertain,0.05,36.5,,NE𐄁QA,religious,metal object,𐝫 𐘤 𐝫 𐘤 𐘍 𐘗 𐙠 𐄁 𐘀 𐘬 𐘻 𐘗 𐄁 𐘌 𐘻 𐘨 𐘅 𐘴 𐄁 𐘇 𐘮 𐘢 𐄁 𐘃 𐘲 𐘦 𐘈 𐘥 𐘚 𐄁 𐘇 𐘀 𐘴 𐄁 𐘠 𐘆 𐘃 𐘌 𐘠 𐄁 𐘳 𐘞 𐘍 𐄁 𐘳 𐘃 𐘚 𐘥 𐘍 𐘙 𐄁,SI SI ZA NE *310 𐄁 DA DU MI NE 𐄁 QA MI *47 NA RA 𐄁 A WA PI 𐄁 TE SU DE SE KE I 𐄁 A DA RA 𐄁 TI DI TE QA TI 𐄁 TA SA ZA 𐄁 TA TE I KE ZA RE 𐄁 ne 𐄁,51,0,0,0,,,NE *310 𐄁 DA DU,NE 𐄁 QA MI *47,,,,59,no,,unknown,category 'nature' — no specific plausibility criteria,approximate match (levenshtein=1); text: religious
κυνάρα,kynara,artichoke,kunara,nature,KUNARA,MANARA,1,1,43,HT31,Haghia Triada - Villa Magazine,clay,LM IB,0.05,36.5,,10,administrative,tablet (page-shaped),𐄁 𐝫 𐘠 𐘞 𐄁 𐘫 𐘺 𐄁 𐚪 𐝫 𐝫 𐄋 𐚢 𐘌 𐘰 𐄐 𐚯 𐘲 𐘫 𐄐 𐝫 𐚰 𐘾 𐘁 𐘰 𐄐 𐘞 𐘱 𐙁 𐄒 𐝫 𐝫 𐄐 𐘸 𐘦 𐙁 𐙯 𐘅 𐚢 𐄜 𐚢 𐘲 𐘰 𐘴 𐄛 𐚢 𐘂 𐘳 𐘿 𐄤,𐄁 TI SA 𐄁 PU KO 𐄁 *410 VS 𐝫 5 ? QA PA₃ 10 ? VS SU PU 10 *416 VS KA RO PA₃ 10 SA JA MA 30 ? ? KI MA *323 NA ? *815 ? *815 PA₃ RA 300 ? *815 TA QE 3000 ? 𐄤,50,7,0,0,VS; 𐚪; QA; 𐚢; VS; 𐚯; VS; 𐚰; PA₃; TA,,RO PA₃ 10 SA JA,"30 
 
 KI MA",,,,96,no,,unknown,category 'nature' — no specific plausibility criteria,approximate match (levenshtein=1); 7 logogram(s) present; text: administrative
κυνάρα,kynara,artichoke,kunara,nature,KUNARA,KUNA,1,1,63,HT47a,Haghia Triada - Villa Magazine,clay,LM IB,0.05,36.5,,]TU+RO𐄁,administrative,tablet (page-shaped),𐘾 𐝫 𐝫 𐛗 𐄁 𐙂 𐘰 𐘅 𐘹 𐄑 𐝫 𐝫 𐘬 𐄑 𐝫 𐘉 𐝫 𐝫 𐘢 𐄐 𐘸 𐘀 𐘁 𐝫 𐝫 𐄋 𐝫 𐘻 𐘯 𐘻,KA ]TU+RO 𐄁 ? KU NA TU 20 ? DU 20 U ? PI 10 KI DA ? 5 ? NU MI ro 𐝫 𐝫 𐄋 𐝫 ? ? ?,30,1,0,0,𐛗,,"KA ]TU+RO 𐄁 
","NA TU 20 
 DU",,,,96,no,,unknown,category 'nature' — no specific plausibility criteria,approximate match (levenshtein=1); 1 logogram(s) present; text: administrative
κυνάρα,kynara,artichoke,kunara,nature,KUNARA,KUNA,1,1,1398,KNZc6,Knossos,,Uncertain,0.05,36.5,,NU𐄁JU,unknown,Inked inscription,𐘟 𐘠 𐘭 𐘇 𐘆 𐘀 𐘸 𐘠 𐘂 𐙂 𐄁 𐘝 𐘱 𐘯 𐄁 𐘶 𐙂 𐘅 𐘂 𐙂 𐘯 𐘉 𐝫 𐘚 𐙀 𐄁,*34 TI RI A DI DA KI TI PA KU 𐄁 NI JA NU 𐄁 JU KU NA PA KU NU U I ZU 𐄁 𐄁,26,0,0,0,,,NI JA NU 𐄁 JU,NA PA KU NU U,,,,59,no,,unknown,category 'nature' — no specific plausibility criteria,approximate match (levenshtein=1)
κυνάρα,kynara,artichoke,kunara,nature,KUNARA,KUNA,1,1,1624,ZA15a,Zakros,stone,Uncertain,0.05,36.5,,*47KUNA,religious,stone vessel,𐘨 𐙂 𐘅 𐘞 𐙍 𐘿 𐘤 𐙀 𐘡 𐄔 𐄍 𐘚 𐘠 𐘝 𐘞 𐄐 𐘋 𐙍 𐘻 𐘍 𐘈 𐄉 𐘛 𐘯 𐙁 𐘙 𐄌 𐘤 𐘢 𐘸 𐄈 𐝆 𐘱 𐘞 𐘕 𐄋 𐘞 𐘻 𐘀 𐘡 𐄊 𐚗 𐘥 𐙁 𐘈 𐄋,*47 KU NA SA VIN QE SI ZU E 57 ? TI NI SA 10 ? VIN ? ZA SE 3 ? NU MA RE 6 ? PI KI 2 ¹⁄₂ ? SA MU 5 ? MI DA E 4 ? KE MA SE 5 𐄋,46,2,0,0,𐝆; KE; 𐚗,,*47,NA SA VIN QE SI,,,,53,no,,unknown,category 'nature' — no specific plausibility criteria,approximate match (levenshtein=1); 2 logogram(s) present; text: religious
κυνάρα,kynara,artichoke,kunara,nature,KUNARA,KURA,1,1,37,HT27a,Haghia Triada - Villa Magazine,clay,LM IB,0.05,36.5,,51RE,administrative,tablet (page-shaped),𐘠 𐘝 𐘳 𐄁 𐙛 𐄁 𐙇 𐄘 𐝫 𐄔 𐙅 𐄔 𐄇 𐘙 𐄑 𐝫 𐘚 𐘻 𐘞 𐘴 𐄓 𐄉 𐝫 𐘿 𐄑 𐄇 𐘸 𐘀 𐝫 𐝫 𐘸 𐙠 𐄁 𐙂 𐙙 𐝫 𐝫 𐘞 𐘴 𐘆 𐄋 𐙇 𐄓 𐄈 𐙂 𐘁 𐄛 𐄒 𐄋 𐙗 𐄏 𐝕 𐝁 𐘝 𐄐 𐝁 𐙍 𐄍,TI NI TA 𐄁 *307 𐄁 VIR+[?] 90 50 ? 51 ? RE ? I SA RA 43 ? QE 21 ? DA ? KI *310 KU *305 ? RA DI 5 ? VIR+[?] 42 ? RO 335 ? CYP 9 ? NI 10 ? VIN 7 𐄒 𐄋 ? 𐄏 [?] vase pu 𐄐 vase ka 𐄍,58,3,0,0,[?]; 𐝕; vase; 𐝁; vase,,"
 DA 
 KI *310","*305 
 RA DI 5",,,,96,no,,unknown,category 'nature' — no specific plausibility criteria,approximate match (levenshtein=1); 3 logogram(s) present; text: administrative
κυνάρα,kynara,artichoke,kunara,nature,KUNARA,KURA,1,1,152,HT117a,Haghia Triada - Casa Room 9,clay,LM IB,0.05,36.5,,SU1MI,administrative,tablet (page-shaped),𐙁 𐘾 𐘭 𐘃 𐄁 𐘸 𐘁 𐄁 𐘉 𐘻 𐘅 𐘤 𐄁 𐘉 𐘲 𐄇 𐘻 𐘹 𐄇 𐙂 𐘴 𐘕 𐄇 𐙁 𐘘 𐄇 𐙂 𐘰 𐘯 𐄇 𐘹 𐘶 𐙁 𐄇 𐘉 𐘆 𐘻 𐄇 𐘻 𐘘 𐘳 𐘴 𐘙 𐄇 𐘃 𐘱 𐘙 𐄇 𐘅 𐘀 𐘙 𐄇 𐙂 𐘁 𐄐 — 𐘞 𐘳 𐄁 𐙂 𐙂 𐘀 𐘴 𐄇 𐘺 𐘞 𐘚 𐘠 𐄇 𐘀 𐘻 𐘯 𐄇 𐘀 𐘗 𐙂 𐘠 𐄇 𐘸 𐘀 𐘁 𐄇,MA KA RI TE 𐄁 KI RO 𐄁 U MI NA SI 𐄁 U SU 1 MI TU 1 KU RA MU 1 MA RU 1 KU PA₃ NU 1 TU JU MA 1 U DI MI 1 MI RU TA RA RE 1 TE JA RE 1 NA DA RE 1 KU RO 10 — SA TA 𐄁 KU KU DA RA 1 KO SA I TI 1 DA MI NU 1 DA NE KU TI 1 KI DA RO 1,82,0,0,0,,,SU 1 MI TU 1,RA MU 1 MA RU,,,,16,no,,unknown,category 'nature' — no specific plausibility criteria,approximate match (levenshtein=1); text: administrative
κυνάρα,kynara,artichoke,kunara,nature,KUNARA,KURA,1,1,1631,ZA20,Zakros,stone,LM IB,0.05,36.5,,TU6TE,religious,stone vessel,𐝫 𐝫 𐘬 𐘙 𐘍 𐘈 𐝫 𐝫 𐘻 𐝫 𐄁 𐄊 𐘤 𐘃 𐘹 𐄇 𐘤 𐘹 𐄌 𐘃 𐙌 𐄐 𐄈 𐘘 𐙁 𐘳 𐘈 𐄉 𐙂 𐘴 𐄙 𐄒 𐝫,𐝫 DU RE ZA SE MI ? 𐄁 4 ? TE TU ? SI TU 6 TE AROM 12 RU MA TA SE ? KU RA 130 ? ta? ? 𐄙 𐄒 𐝫,33,0,0,0,,,"RU MA TA SE 
","RA 130 
 ta? ?",,,,53,no,,unknown,category 'nature' — no specific plausibility criteria,approximate match (levenshtein=1); text: religious
κυνάρα,kynara,artichoke,kunara,nature,KUNARA,KURA,1,1,1665,ARKH2,Arkhalkhori,clay,LM IB,0.05,36.5,,KURA*131B,administrative,tablet (page-shaped),𐘤 𐘀 𐘃 𐙂 𐘴 𐙎 𐄋 𐘇 𐘤 𐘀 𐘄 𐘚 𐄐 𐄈 𐙀 𐙕 𐘈 𐘦 𐘐 𐙈 𐄌 𐘇 𐘲 𐘫 𐘮 𐄊 𐘘 𐘻 𐝫 𐝫,SI DA TE KU RA *131B 5 A SI DA TO I 12 ? *301 SE DE *21F *118 6 ? SU PU WA 4 ? MI ? 𐝫 𐝫,30,0,0,0,,,SI DA TE,RA *131B 5 A SI,,,,15,no,,unknown,category 'nature' — no specific plausibility criteria,approximate match (levenshtein=1); text: administrative
κυνάρα,kynara,artichoke,kunara,nature,KUNARA,NARA,1,1,1109,IOZa2,Iouktas,stone,Uncertain,0.05,36.5,,MA𐄁,religious,stone vessel,𐘇 𐘳 𐘚 𐙕 𐘮 𐘱 𐄁 𐘱 𐘆 𐘸 𐘹 𐄁 𐘱 𐘞 𐘞 𐘴 𐝫 𐘋 𐄁 𐘉 𐘅 𐘾 𐘅 𐝫 𐘤 𐝫 𐄁 𐝫 𐘚 𐘢 𐘅 𐙁 𐄁 𐘤 𐘘 𐘃 𐄁 𐘳 𐘅 𐘴 𐘃 𐘉 𐘠 𐘯 𐄁 𐘚 𐝫 𐄁,A TA I *301 WA JA 𐄁 JA DI KI TU 𐄁 JA SA SA RA ME 𐄁 U NA KA NA SI 𐄁 I PI NA MA 𐄁 ? SI RU TE TA NA RA TE U TI NU 𐄁 I 𐄁 ? 𐄁 ru 𐝫 𐄁,48,0,0,0,,,"
 SI RU TE TA",RA TE U TI NU,,,,16,no,,unknown,category 'nature' — no specific plausibility criteria,approximate match (levenshtein=1); text: religious
κυνάρα,kynara,artichoke,kunara,nature,KUNARA,KURORA,1,1,117,HT94b,Haghia Triada - Casa Room 7,clay,LM IB,0.05,36.5,,KIRU1,administrative,tablet (page-shaped),𐘸 𐘁 𐄁 𐘹 𐙁 𐄇 𐘂 𐘳 𐘗 𐄇 𐘦 𐘆 𐄇 𐘥 𐘸 𐘘 𐄇 𐘞 𐘘 𐄇 𐙂 𐘁 𐄋 𐙅 𐄁 𐘴 𐝫 𐄁 𐝫 𐘦 𐘋 𐘃 𐄇 𐘐 𐘹 𐝫 𐄁 𐄇,KI RO 𐄁 TU MA 1 PA TA NE 1 DE DI 1 KE KI RU 1 SA RU 1 KU RO 5 *86 𐄁 RA 𐄁 DE ME TE 1 ? *21F 𐄁 1 𐝫 𐄁 𐄇,38,0,0,0,,,RU 1 SA RU 1,RO 5 *86 𐄁 RA,,,,42,no,,unknown,category 'nature' — no specific plausibility criteria,approximate match (levenshtein=1); text: administrative
λαύρα,laurada,lane/alley,laur,nature,RAURU,RAUNARU,1,1,1123,IOZa16,Iouktas,stone,Uncertain,0.05,41.5,,SASARA,religious,stone vessel,𐝫 𐙌 𐄁 𐘱 𐘞 𐘞 𐘴 𐘋 𐄁 𐘉 𐘅 𐘘 𐘾 𐝫 𐘅 𐘤,AROM 𐄁 JA SA SA RA ? 𐄁 U NA RU KA NA SI na jo,16,0,0,0,,,AROM 𐄁 JA SA SA,"
 𐄁 U NA RU",,,,16,no,,unknown,category 'nature' — no specific plausibility criteria,approximate match (levenshtein=1); text: religious
λαύρα,laurada,lane/alley,laur,nature,RAURU,RAUDE,1,1,159,HT122b,Haghia Triada - Casa del Lebete,clay,LM IB,0.05,41.5,,VIR+[?]KI,administrative,tablet (page-shaped),𐘧 𐘆 𐄁 𐚆 𐄁 𐙇 𐝫 𐝫 𐙚 𐘸 𐘷 𐄍 𐝫 𐝫 𐘇 𐘴 𐘶 𐘉 𐘦 𐘍 𐄈 𐘌 𐘌 𐘘 𐄈 𐘆 𐄈 𐘀 𐘙 𐄈 𐙂 𐘁 𐄕 𐄋 𐘊 𐘄 𐙂 𐘁 𐄘 𐄍,JE DI 𐄁 *346 𐄁 VIR+[?] ? KI TA₂ 7 ? A RA U DE ZA 2 ? QA QA RU ? DI 2 ? RE 2 KU RO 65 PO TO KU RO si to ta? ro 𐄘 𐄍,40,0,0,0,,,"KI TA₂ 7 
 A","U DE ZA 2 
",,,,38,no,,unknown,category 'nature' — no specific plausibility criteria,approximate match (levenshtein=1); text: administrative
λαύρα,laurada,lane/alley,laur,nature,RAURU,RAUDA,1,1,1138,KH5,Khania,clay,LM IB,0.05,41.5,,ARAU,administrative,tablet (page-shaped),𐘇 𐘀 𐘸 𐘤 𐘾 𐄁 𐘇 𐘴 𐘉 𐘀 𐄁 𐘣 𐘞 𐘞 𐘗 𐜚 𐄈 𐜂 𐄈 𐘣 𐘅 𐘬 𐄁 𐙕 𐘅 𐄁 𐙂 𐘂 𐙀 𐙗 𐝫 𐄉 𐝫 𐝀 𐘝 𐄈 𐝆 𐝁,A DA KI SI KA 𐄁 A RA U DA 𐄁 WI SA SA NE CYP+E 2 VINb+WI 2 WI NA DU 𐄁 *301 NA 𐄁 KU PA ZU CYP 3 ≈ ¹⁄₆ ? 2 𐝆𐝁 vase vase,38,3,0,1,𐝀; vase; 𐝆; vase; 𐝁,CYP+E; VINb+WI,KI SI KA 𐄁 A,U DA 𐄁 WI SA,,,,226,no,,unknown,category 'nature' — no specific plausibility criteria,approximate match (levenshtein=1); 3 logogram(s) present; text: administrative
λαύρα,laurada,lane/alley,laur,nature,RAURU,RATURU,1,1,168,HT128a,Haghia Triada - Casa del Lebete,clay,LM IB,0.05,41.5,,𐄁PARA,administrative,tablet (page-shaped),𐙲 𐄁 𐘂 𐘴 𐘹 𐘘 𐘯 𐘈 𐘋 𐙉 𐝫 𐄐 𐘮 𐘹 𐙁 𐘙 𐛲 𐄐 𐄈 𐝫 𐝫 𐘻 𐘳 𐛭 𐝆 𐝫 𐛲 𐄌 𐘆 𐝫 𐛲 𐄊 𐙁 𐘭 𐝫 𐝫,"*326 𐄁 PA RA TU RU NU SE ME GRA 10 ? TU MA RE GRA+KU 12 ? MI TA ¹⁄₂ ? GRA+KU 6 ? DI GRA+KU 4 MA RI 𐝫 𐄊 ju? ?,de? 𐝫 𐝫",36,2,0,3,6; 𐛭; 𐝆,12; GRA+KU; 𐝫,*326 𐄁 PA,TU RU NU SE ME,,,,38,no,,unknown,category 'nature' — no specific plausibility criteria,approximate match (levenshtein=1); 2 logogram(s) present; text: administrative
λαύρα,laurada,lane/alley,laur,nature,RAURU,URU,1,1,33,HT25a,Haghia Triada - Villa Magazine,clay,LM IB,0.05,41.5,,1NA,administrative,tablet (page-shaped),𐝫 𐝫 𐄇 𐘆 𐘅 𐘉 𐝫 𐝫 𐘘 𐘝 𐄇 𐘉 𐘙 𐘣 𐄇 𐘆 𐘅 𐘉 𐄇 𐘇 𐘭 𐘝 𐘳 𐄇 𐘹 𐘿 𐘯 𐝫 𐝫 𐙀 𐘶 𐘜 𐄇 𐘬 𐘘 𐘣 𐝫 𐝫 𐘚 𐘸 𐘴 𐄇 𐘂 𐄇,𐝫 1 ? NA U ? RU 1 ? U RE 1 ? DI NA 1 ? A RI TA 1 ? TU QE ? ZU JU PU₂ ? DU RU WI ? KI RA 1 ? 1 ru ? ? 𐄇 pa 𐄇,44,0,0,0,,,"
 ZU JU PU₂ 
","RU WI 
 KI RA",,,,96,no,,unknown,category 'nature' — no specific plausibility criteria,approximate match (levenshtein=1); text: administrative
λαύρα,laurada,lane/alley,laur,nature,RAURU,RARU,1,1,65,HT49a,Haghia Triada - Villa Magazine,clay,LM IB,0.05,41.5,,𐝫,administrative,tablet (page-shaped),𐝫 𐄁 𐝫 𐘽 𐘬 𐝫 𐝫 𐘳 𐘅 𐘠 𐄁 𐄇 𐝫 𐝫 𐝫 𐘭 𐄇 𐘲 𐘸 𐝫 𐝫 𐄇 𐘠 𐘬 𐘝 𐄇 𐝫 𐝫 𐝫 𐘤 𐘴 𐄇 𐘇 𐘘 𐄇 𐚞 𐄇 𐙢 𐄇 𐙂 𐘰 𐘯 𐄇 𐘹 𐘲 𐘜 𐄇 𐘸 𐄇 — 𐝫 𐄋 𐘹 𐄊 𐘸 𐄇 𐝫 𐝫,𐝫 𐄁 RA₂ DU ? TA TI 𐄁 1 ? 𐝫 ? RI ? KI ? 𐝫 ? TI DU 1 ? ? SI RA 1 ? RU ? *370 1 ? 1 ? KU NU 1 TU SU 1 ? KI 1 — ? 𐝫 5 TU 4 KI ? 𐝫 ja 𐄊 ? 𐄇 𐝫 𐝫,58,1,0,0,NU; 𐚞,,"DU 1 
 
 SI","1 
 RU 
 *370",,,,96,no,,unknown,category 'nature' — no specific plausibility criteria,approximate match (levenshtein=1); 1 logogram(s) present; text: administrative
λίμνη,limnē,lake/marsh,limn,nature,RIMUNU,RIMU,1,1,1406,KNZf13,Knossos,metal,LM IA,0.05,41.5,,TERIMU,religious,metal object,𐘇 𐘙 𐘗 𐘤 𐘆 𐙕 𐘢 𐘥 𐘂 𐘱 𐘳 𐘭 𐘈 𐘃 𐘭 𐘕 𐘇 𐘱 𐙂,A RE NE SI DI *301 PI KE PA JA TA RI SE TE RI MU A JA KU,19,0,0,0,,,JA TA RI SE TE,MU A JA KU,,,,59,no,,unknown,category 'nature' — no specific plausibility criteria,approximate match (levenshtein=1); text: religious
πύργος,pyrgos,tower,purg,architecture,PURUKU,PUKU,1,1,108,HT87,Haghia Triada - Casa Room 7,clay,LM IB,0.05,41.5,,DIKISE,administrative,tablet (page-shaped),𐘐 𐘹 𐘗 𐄁 𐙁 𐘾 𐘭 𐘃 𐄁 𐘢 𐘳 𐘥 𐘤 𐄇 𐘱 𐘙 𐘻 𐄇 𐘆 𐘸 𐘈 𐄇 𐘿 𐘲 𐘫 𐄇 𐙂 𐘘 𐙂 𐄇 𐘇 𐘴 𐝫 𐄁 𐝫 𐘇 𐘹 𐄇,*21F TU NE 𐄁 MA KA RI TE 𐄁 PI TA KE SI 1 JA RE MI 1 DI KI SE 1 QE SU PU 1 KU RU KU 1 A RA 𐄁 A TU 1 ja 𐄇,38,0,0,0,,,KI SE 1 QE SU,1 KU RU KU 1,,,,42,no,,unknown,category 'architecture' — no specific plausibility criteria,approximate match (levenshtein=1); text: administrative
πύργος,pyrgos,tower,purg,architecture,PURUKU,MURUKU,1,1,61,HT46a,Haghia Triada - Villa Magazine,clay,LM IB,0.05,41.5,,𐝫MURU,administrative,tablet (page-shaped),𐝫 𐝫 𐘕 𐘘 𐄇 𐝫 𐝫 𐙂 𐘁 𐄓 𐄉 𐝆,𐝫 MU RU 1 ? KU 43 ¹⁄₂ ro 𐄓 𐄉 vase,12,1,0,0,vase; 𐝆,,𐝫,"RU 1 
 KU 43",,,,96,no,,unknown,category 'architecture' — no specific plausibility criteria,approximate match (levenshtein=1); 1 logogram(s) present; text: administrative
πύργος,pyrgos,tower,purg,architecture,PURUKU,KARUKU,1,1,106,HT86a,Haghia Triada - Casa Room 7,clay,LM IB,0.05,41.5,,KARU𐄁,administrative,tablet (page-shaped),𐘇 𐘾 𐘘 𐄁 𐙂 𐘝 𐘲 𐛷 𐄑 𐘞 𐘘 𐄑 𐘆 𐘦 𐘘 𐄑 𐘌 𐘽 𐘮 𐄐 — 𐘇 𐘬 𐄁 𐘀 𐘋 𐛳 𐄑 𐘻 𐘯 𐘃 𐄑,A KA RU 𐄁 KU NI SU GRA+K+L 20 SA RU 20 DI DE RU 20 QA RA₂ WA 10 — A DU 𐄁 DA ME GRA+B 20 MI NU TE 20,32,0,0,2,,GRA+K+L; GRA+B,A,RU 𐄁 KU NI SU,,,,42,no,,unknown,category 'architecture' — no specific plausibility criteria,approximate match (levenshtein=1); text: administrative
πύργος,pyrgos,tower,purg,architecture,PURUKU,KARUKU,1,1,107,HT86b,Haghia Triada - Casa Room 7,clay,LM IB,0.05,41.5,,KARU𐄁,administrative,tablet (page-shaped),𐘇 𐘾 𐘘 𐄁 𐙂 𐘝 𐘲 𐛷 𐄑 𐘞 𐘘 𐄑 𐘆 𐘦,A KA RU 𐄁 KU NI SU GRA+K+L 20 SA RU 20 DI DE,14,0,0,1,,GRA+K+L,A,RU 𐄁 KU NI SU,,,,42,no,,unknown,category 'architecture' — no specific plausibility criteria,approximate match (levenshtein=1); text: administrative
πύργος,pyrgos,tower,purg,architecture,PURUKU,PUMAKU,1,1,181,HT139,Haghia Triada - Casa del Lebete,clay,LM IB,0.05,41.5,,PUMAKU,administrative,tablet (page-shaped),𐝫 𐘫 𐙁 𐙂 𐝫 𐝫 𐙉 𐝫 𐄇 𐙖 𐝆 𐝫 𐘾 𐘽 𐝫 𐝫,"PU MA KU ? GRA ? OLE ¹⁄₂ ? RA₂ ? 𐝫 ?,pte? ? 𐝫 𐝫",16,1,0,0,𐝆,,,"MA KU 
 GRA 
",,,,38,no,,unknown,category 'architecture' — no specific plausibility criteria,approximate match (levenshtein=1); 1 logogram(s) present; text: administrative
πύργος,pyrgos,tower,purg,architecture,PURUKU,SARUKU,1,1,117,HT94b,Haghia Triada - Casa Room 7,clay,LM IB,0.05,41.5,,1KEKI,administrative,tablet (page-shaped),𐘸 𐘁 𐄁 𐘹 𐙁 𐄇 𐘂 𐘳 𐘗 𐄇 𐘦 𐘆 𐄇 𐘥 𐘸 𐘘 𐄇 𐘞 𐘘 𐄇 𐙂 𐘁 𐄋 𐙅 𐄁 𐘴 𐝫 𐄁 𐝫 𐘦 𐘋 𐘃 𐄇 𐘐 𐘹 𐝫 𐄁 𐄇,KI RO 𐄁 TU MA 1 PA TA NE 1 DE DI 1 KE KI RU 1 SA RU 1 KU RO 5 *86 𐄁 RA 𐄁 DE ME TE 1 ? *21F 𐄁 1 𐝫 𐄁 𐄇,38,0,0,0,,,1 KE KI RU 1,RU 1 KU RO 5,,,,42,no,,unknown,category 'architecture' — no specific plausibility criteria,approximate match (levenshtein=1); text: administrative
πύργος,pyrgos,tower,purg,architecture,PURUKU,SARUKU,1,1,118,HT95a,Haghia Triada - Casa Room 7,clay,LM IB,0.05,41.5,,MINUTE,administrative,tablet (page-shaped),𐘀 𐘬 𐙁 𐘳 𐄁 𐙉 𐘀 𐘋 𐄐 𐘻 𐘯 𐘃 𐄐 𐘞 𐘘 𐄑 𐙂 𐘝 𐘲 𐄐 𐘆 𐘦 𐘘 𐄐 𐘿 𐘽 𐘉 𐄍,DA DU MA TA 𐄁 GRA DA ME 10 MI NU TE 10 SA RU 20 KU NI SU 10 DI DE RU 10 QE RA₂ U 7,28,0,0,0,,,10 MI NU TE 10,RU 20 KU NI SU,,,,42,no,,unknown,category 'architecture' — no specific plausibility criteria,approximate match (levenshtein=1); text: administrative
πύργος,pyrgos,tower,purg,architecture,PURUKU,ARUKU,1,1,12,HT9a,Haghia Triada - Villa Magazine,clay,LM IB,0.05,41.5,,DINAU,administrative,tablet (page-shaped),𐘞 𐘁 𐄁 𐘃 𐄁 𐙍 𐄁 𐘂 𐘦 𐄁 𐄋 𐝕 𐙚 𐘹 𐄐 𐘆 𐘅 𐘉 𐄊 𐘿 𐘫 𐄈 𐙰 𐘆 𐘴 𐄈 𐝆 𐘳 𐘚 𐙌 𐄈 𐝆 𐘇 𐘘 𐄊 𐝃 𐙂 𐘁 𐄒 𐄇 𐝕,SA RO 𐄁 TE 𐄁 VIN 𐄁 PA DE 𐄁 5 ³⁄₄ *306 TU 10 DI NA U 4 QE PU 2 *324 DI RA 2 ¹⁄₂ TA I AROM 2 ¹⁄₂ A RU 4 ¹⁄₄ KU RO 31 ³⁄₄ [?],41,5,0,0,³⁄₄; 𐝕; ¹⁄₂; 𐝆; ¹⁄₂; ¹⁄₄; 𐝃; [?],,TA I AROM 2 ¹⁄₂,RU 4 ¹⁄₄ KU RO,,,,96,no,,unknown,category 'architecture' — no specific plausibility criteria,approximate match (levenshtein=1); 5 logogram(s) present; text: administrative
πύργος,pyrgos,tower,purg,architecture,PURUKU,MARUKU,1,1,152,HT117a,Haghia Triada - Casa Room 9,clay,LM IB,0.05,41.5,,TU1KU,administrative,tablet (page-shaped),𐙁 𐘾 𐘭 𐘃 𐄁 𐘸 𐘁 𐄁 𐘉 𐘻 𐘅 𐘤 𐄁 𐘉 𐘲 𐄇 𐘻 𐘹 𐄇 𐙂 𐘴 𐘕 𐄇 𐙁 𐘘 𐄇 𐙂 𐘰 𐘯 𐄇 𐘹 𐘶 𐙁 𐄇 𐘉 𐘆 𐘻 𐄇 𐘻 𐘘 𐘳 𐘴 𐘙 𐄇 𐘃 𐘱 𐘙 𐄇 𐘅 𐘀 𐘙 𐄇 𐙂 𐘁 𐄐 — 𐘞 𐘳 𐄁 𐙂 𐙂 𐘀 𐘴 𐄇 𐘺 𐘞 𐘚 𐘠 𐄇 𐘀 𐘻 𐘯 𐄇 𐘀 𐘗 𐙂 𐘠 𐄇 𐘸 𐘀 𐘁 𐄇,MA KA RI TE 𐄁 KI RO 𐄁 U MI NA SI 𐄁 U SU 1 MI TU 1 KU RA MU 1 MA RU 1 KU PA₃ NU 1 TU JU MA 1 U DI MI 1 MI RU TA RA RE 1 TE JA RE 1 NA DA RE 1 KU RO 10 — SA TA 𐄁 KU KU DA RA 1 KO SA I TI 1 DA MI NU 1 DA NE KU TI 1 KI DA RO 1,82,0,0,0,,,,KA RI TE 𐄁 KI,,,,16,no,,unknown,category 'architecture' — no specific plausibility criteria,approximate match (levenshtein=1); text: administrative
πύργος,pyrgos,tower,purg,architecture,PURUKU,RARUKU,1,1,65,HT49a,Haghia Triada - Villa Magazine,clay,LM IB,0.05,41.5,,𐝫,administrative,tablet (page-shaped),𐝫 𐄁 𐝫 𐘽 𐘬 𐝫 𐝫 𐘳 𐘅 𐘠 𐄁 𐄇 𐝫 𐝫 𐝫 𐘭 𐄇 𐘲 𐘸 𐝫 𐝫 𐄇 𐘠 𐘬 𐘝 𐄇 𐝫 𐝫 𐝫 𐘤 𐘴 𐄇 𐘇 𐘘 𐄇 𐚞 𐄇 𐙢 𐄇 𐙂 𐘰 𐘯 𐄇 𐘹 𐘲 𐘜 𐄇 𐘸 𐄇 — 𐝫 𐄋 𐘹 𐄊 𐘸 𐄇 𐝫 𐝫,𐝫 𐄁 RA₂ DU ? TA TI 𐄁 1 ? 𐝫 ? RI ? KI ? 𐝫 ? TI DU 1 ? ? SI RA 1 ? RU ? *370 1 ? 1 ? KU NU 1 TU SU 1 ? KI 1 — ? 𐝫 5 TU 4 KI ? 𐝫 ja 𐄊 ? 𐄇 𐝫 𐝫,58,1,0,0,NU; 𐚞,,"DU 1 
 
 SI","1 
 RU 
 *370",,,,96,no,,unknown,category 'architecture' — no specific plausibility criteria,approximate match (levenshtein=1); 1 logogram(s) present; text: administrative
πύργος,pyrgos,tower,purg,architecture,PURUKU,RUKU,1,1,1182,KH49,Khania,clay,LM IB,0.05,41.5,,𐝫RU,administrative,tablet (page-shaped),𐝫 𐝫 𐘘 𐝫 𐝫 𐙂 𐝫 𐝫,𐝫 RU ? KU 𐝫 ta? 𐝫 𐝫,8,0,0,0,,,𐝫,"
 KU 𐝫 ta? 𐝫",,,,226,no,,unknown,category 'architecture' — no specific plausibility criteria,approximate match (levenshtein=1); text: administrative
οἶκος,oikos,house,oik,architecture,OIKU,KUIKU,1,1,47,HT35,Haghia Triada - Villa Magazine,clay,LM IB,0.05,31.5,,KU𐄁*326,administrative,tablet (page-shaped),𐘠 𐘠 𐙂 𐄁 𐙲 𐄁 𐘚 𐙂 𐘳 𐙗 𐄇 𐛚 𐝁 𐜏 𐝁 𐙜 𐝁 𐜐 𐝫 𐘡 𐄋 𐚻 𐝇 𐙍 𐝂,TI TI KU 𐄁 *326 𐄁 I KU TA CYP 1 MI+JA+RU ¹⁄₃ OLE+RI ¹⁄₃ *308 ¹⁄₃ OLE+TA ? 5 ? ¹⁄₁₆ ? ¹⁄₅ vase,25,7,2,0,MI+JA+RU; 𐛚; ¹⁄₃; 𐝁; ¹⁄₃; ¹⁄₃; ¹⁄₁₆; 𐚻; 𐝇; vase; 𐝂,OLE+RI; OLE+TA,TI TI,𐄁 *326 𐄁 I KU,,,,96,no,,unknown,category 'architecture' — no specific plausibility criteria,approximate match (levenshtein=1); 7 logogram(s) present; text: administrative
οἶκος,oikos,house,oik,architecture,OIKU,MAIKU,1,1,1659,APZa2,Apodoulou,stone,Uncertain,0.05,31.5,,NAMA𐄁,religious,stone vessel,𐝫 𐘅 𐘤 𐄁 𐘚 𐘢 𐘅 𐙁 𐝫 𐄁 𐝫 𐘚 𐙂 𐘰 𐘅 𐘹 𐘅 𐘃 𐝫 𐝫 𐘢 𐘻 𐘅 𐘃 𐄁 𐘚 𐘅 𐘱 𐘙 𐘳 𐝫 𐄁 𐝫 𐘌 𐄁,NA SI 𐄁 I PI NA MA 𐄁 I KU PA₃ NA TU NA TE ? PI MI NA 𐄁 I NA JA RE TA 𐄁 QA 𐄁 ne du? 𐝫 𐄁 𐝫 me 𐄁,35,0,0,0,,,SI 𐄁 I PI NA,𐄁 I KU PA₃ NA,,,,3,no,,unknown,category 'architecture' — no specific plausibility criteria,approximate match (levenshtein=1); text: religious
οἶκος,oikos,house,oik,architecture,OIKU,IKU,1,1,111,HT90,Haghia Triada - Casa Room 7,clay,LM IB,0.05,31.5,,IKURI,administrative,tablet (page-shaped),𐘚 𐙂 𐘭 𐘅 𐘞 𐘽 𐙉 𐄑 𐘝 𐄐 𐜉 𐄉 𐘤 𐘘 𐙁 𐘭 𐘷 𐙉 𐄇 𐘝 𐄇 𐜗 𐄇 𐙘 𐄇,I KU RI NA SA RA₂ GRA 20 NI 10 OLE+DI 3 SI RU MA RI TA₂ GRA 1 NI 1 OLE+MI 1 *304 1,25,0,0,1,,OLE+DI; OLE+MI,,KU RI NA SA RA₂,,,,42,no,,unknown,category 'architecture' — no specific plausibility criteria,approximate match (levenshtein=1); text: administrative
οἶκος,oikos,house,oik,architecture,OIKU,IKU,1,1,149,HT115b,Haghia Triada - Casa Room 9,clay,LM IB,0.05,31.5,,PA₃NA,administrative,tablet (page-shaped),𐝫 𐘘 𐄁 𐘂 𐘴 𐘗 𐝆 𐘠 𐘯 𐘱 𐄁 𐘯 𐘣 𐄁 𐙉 𐝆 𐘬 𐘰 𐘅 𐄇 𐙂 𐘘 𐙁 𐄁 𐘚 𐝆 𐙚 𐘹 𐘱 𐄇 𐘇 𐘚 𐝫 𐄇 𐜞 𐄇 𐙂 𐘳 𐝫,RU 𐄁 PA RA NE ¹⁄₂ ? NU JA 𐄁 NU WI 𐄁 GRA ¹⁄₂ ? PA₃ NA 1 ? RU MA 𐄁 I ¹⁄₂ ? TU JA 1 ? I 1 ? *306+MI ? KU ta? du? 𐝫,39,4,0,0,𐝆; 𐜞,,"1 
 RU MA 𐄁","¹⁄₂ 
 TU JA 1",,,,16,no,,unknown,category 'architecture' — no specific plausibility criteria,approximate match (levenshtein=1); 4 logogram(s) present; text: administrative
οἶκος,oikos,house,oik,architecture,OIKU,IKU,1,1,1611,ZA6b,Zakros,stone,Uncertain,0.1,33.0,"GRA,GRA+PA",IKUJU,religious,stone vessel,𐘚 𐙂 𐘶 𐘠 𐘛 𐛭 𐄔 𐝃 𐛿 𐄓 𐜁 𐄐 𐙢 𐘷 𐛭 𐄓 𐝫 𐝫 𐄑 — 𐘂 𐘍 𐝫 𐝫 𐘚 𐙁 𐝫,I KU JU TI *28B GRA+PA 50 ¹⁄₄ VIN+RA 40 VIN+KA 10 *312 TA₂ GRA+PA 40 ? ? — PA ? I MA 𐝫 ru ju? 𐝫,27,3,0,2,GRA+PA; 𐛭; ¹⁄₄; 𐝃; GRA+PA,VIN+RA; VIN+KA,,KU JU TI *28B GRA+PA,,,,53,no,,unknown,category 'architecture' — no specific plausibility criteria,approximate match (levenshtein=1); 3 logogram(s) present; text: religious
θύρα,thyra,door,tʰur,architecture,TUURU,TUUNA,1,1,1565,SYZa2,Syme,stone,LMI,0.05,41.5,,SUMATU,religious,stone vessel,𐘇 𐘳 𐘚 𐙕 𐘮 𐘱 𐄁 𐘱 𐘲 𐙁 𐘹 𐙋 𐄇 𐘉 𐘅 𐘾 𐘅 𐘤 𐙖 𐘇 𐘱,A TA I *301 WA JA 𐄁 JA SU MA TU OLIV 1 U NA KA NA SI OLE A JA,21,0,0,0,,,JA 𐄁 JA SU MA,OLIV 1 U NA KA,,,,12,no,,unknown,category 'architecture' — no specific plausibility criteria,approximate match (levenshtein=1); text: religious
θύρα,thyra,door,tʰur,architecture,TUURU,TURU,1,1,168,HT128a,Haghia Triada - Casa del Lebete,clay,LM IB,0.05,41.5,,PARATU,administrative,tablet (page-shaped),𐙲 𐄁 𐘂 𐘴 𐘹 𐘘 𐘯 𐘈 𐘋 𐙉 𐝫 𐄐 𐘮 𐘹 𐙁 𐘙 𐛲 𐄐 𐄈 𐝫 𐝫 𐘻 𐘳 𐛭 𐝆 𐝫 𐛲 𐄌 𐘆 𐝫 𐛲 𐄊 𐙁 𐘭 𐝫 𐝫,"*326 𐄁 PA RA TU RU NU SE ME GRA 10 ? TU MA RE GRA+KU 12 ? MI TA ¹⁄₂ ? GRA+KU 6 ? DI GRA+KU 4 MA RI 𐝫 𐄊 ju? ?,de? 𐝫 𐝫",36,2,0,3,6; 𐛭; 𐝆,12; GRA+KU; 𐝫,*326 𐄁 PA RA,RU NU SE ME GRA,,,,38,no,,unknown,category 'architecture' — no specific plausibility criteria,approximate match (levenshtein=1); 2 logogram(s) present; text: administrative
θύρα,thyra,door,tʰur,architecture,TUURU,TURU,1,1,1410,KOZa1,Kophinas,stone,Uncertain,0.05,41.5,,JATURU,religious,stone vessel,𐘇 𐘳 𐘚 𐙕 𐘮 𐘱 𐘹 𐘘 𐘞 𐄁 𐘬 𐙦 𐘙 𐄁 𐘚 𐘀 𐘇 𐄁 𐘉 𐘅 𐘾 𐘅 𐘤 𐄁 𐘚 𐘢 𐘅 𐙁 𐄁 𐘤 𐘘 𐘃,A TA I *301 WA JA TU RU SA 𐄁 DU *314 RE 𐄁 I DA A 𐄁 U NA KA NA SI 𐄁 I PI NA MA 𐄁 SI RU TE,32,0,0,0,,,TA I *301 WA JA,RU SA 𐄁 DU *314,,,,2,no,,unknown,category 'architecture' — no specific plausibility criteria,approximate match (levenshtein=1); text: religious
θύρα,thyra,door,tʰur,architecture,TUURU,TUTERU,1,1,1631,ZA20,Zakros,stone,LM IB,0.05,41.5,,4TE,religious,stone vessel,𐝫 𐝫 𐘬 𐘙 𐘍 𐘈 𐝫 𐝫 𐘻 𐝫 𐄁 𐄊 𐘤 𐘃 𐘹 𐄇 𐘤 𐘹 𐄌 𐘃 𐙌 𐄐 𐄈 𐘘 𐙁 𐘳 𐘈 𐄉 𐙂 𐘴 𐄙 𐄒 𐝫,𐝫 DU RE ZA SE MI ? 𐄁 4 ? TE TU ? SI TU 6 TE AROM 12 RU MA TA SE ? KU RA 130 ? ta? ? 𐄙 𐄒 𐝫,33,0,0,0,,,"
 𐄁 4 
 TE","
 SI TU 6 TE",,,,53,no,,unknown,category 'architecture' — no specific plausibility criteria,approximate match (levenshtein=1); text: religious
θύρα,thyra,door,tʰur,architecture,TUURU,URU,1,1,33,HT25a,Haghia Triada - Villa Magazine,clay,LM IB,0.05,41.5,,1NA,administrative,tablet (page-shaped),𐝫 𐝫 𐄇 𐘆 𐘅 𐘉 𐝫 𐝫 𐘘 𐘝 𐄇 𐘉 𐘙 𐘣 𐄇 𐘆 𐘅 𐘉 𐄇 𐘇 𐘭 𐘝 𐘳 𐄇 𐘹 𐘿 𐘯 𐝫 𐝫 𐙀 𐘶 𐘜 𐄇 𐘬 𐘘 𐘣 𐝫 𐝫 𐘚 𐘸 𐘴 𐄇 𐘂 𐄇,𐝫 1 ? NA U ? RU 1 ? U RE 1 ? DI NA 1 ? A RI TA 1 ? TU QE ? ZU JU PU₂ ? DU RU WI ? KI RA 1 ? 1 ru ? ? 𐄇 pa 𐄇,44,0,0,0,,,"
 ZU JU PU₂ 
","RU WI 
 KI RA",,,,96,no,,unknown,category 'architecture' — no specific plausibility criteria,approximate match (levenshtein=1); text: administrative
σκοτίη,skotiē,darkness/dark chamber,skoti,architecture,SUKUOTI,KUOTI,1,1,114,HT93a,Haghia Triada - Casa Room 7,clay,LM IB,0.05,41.5,,NI5,administrative,tablet (page-shaped),𐘰 𐘝 𐘅 𐄁 𐙉 𐘰 𐄁 𐚿 𐄐 𐄈 𐘆 𐘭 𐘅 𐄁 𐚴 𐄓 𐄉 𐝆 𐘸 𐘆 𐘝 𐄋 𐝆 𐝅 𐘇 𐘈 𐄁 𐘚 𐛭 𐄑 𐄌 𐝕 𐘞 𐘽 𐄑 𐘌 𐘌 𐘘 𐄁 𐘚 𐛭 𐄋 𐙇 𐘚 𐄌 𐘦 𐘶 𐙂 𐄇 𐝆 𐘵 𐘠 𐝫 𐄁 𐄉 𐘀 𐘭 𐘀 𐚦 𐄈 𐚃 𐄈 𐘰 𐘝 𐘅 𐝫 𐝫 𐘂 𐘈 𐘱 𐄑 𐙇 𐄐 𐝄 𐝫 𐝫 𐘾 𐄊,"PA₃ NI NA 𐄁 GRA PA₃ 𐄁 RE+SE 12 ? RI NA 𐄁 DA+RE+SE 43 ¹⁄₂ ? KI NI 5 𐝆𐝅 ? A SE I GRA+PA 26 ³⁄₄ ? SA RA₂ 20 QA QA RU I GRA+PA 5 ? VIR+[?] I 6 DE JU KU ¹⁄₂ ? O TI 𐄁 ? DA RI DA *406 2 ? *343 2 ? NI NA PA SE JA 20 VIR+[?] 10 ¹⁄₈ ? KA ? 𐄐 vase 𐝫 𐝫 ?,pte? 𐄊",78,11,0,0,RE+SE; 𐚿; 43; 𐚴; KI; 𐝆; A; SE; 𐝅; 𐛭; 20; 𐝕; I; 𐄁; 2; 𐚦; vase; 𐝄,,VIR+[?] I 6 DE JU,"¹⁄₂ 
 O TI 𐄁",,,,42,no,,unknown,category 'architecture' — no specific plausibility criteria,approximate match (levenshtein=1); 11 logogram(s) present; text: administrative
κλίνη,klinē,bed/couch,klin,architecture,KURINU,KURI,1,1,111,HT90,Haghia Triada - Casa Room 7,clay,LM IB,0.05,41.5,,KURINA,administrative,tablet (page-shaped),𐘚 𐙂 𐘭 𐘅 𐘞 𐘽 𐙉 𐄑 𐘝 𐄐 𐜉 𐄉 𐘤 𐘘 𐙁 𐘭 𐘷 𐙉 𐄇 𐘝 𐄇 𐜗 𐄇 𐙘 𐄇,I KU RI NA SA RA₂ GRA 20 NI 10 OLE+DI 3 SI RU MA RI TA₂ GRA 1 NI 1 OLE+MI 1 *304 1,25,0,0,1,,OLE+DI; OLE+MI,I,RI NA SA RA₂ GRA,,,,42,no,,unknown,category 'architecture' — no specific plausibility criteria,approximate match (levenshtein=1); text: administrative
κλίνη,klinē,bed/couch,klin,architecture,KURINU,KURI,1,1,1671,ARKH6,Arkhalkhori,clay,LM IB,0.05,41.5,,𐄁KU,administrative,tablet (page-shaped),𐘀 𐘅 𐘹 𐄁 𐙂 𐝫 𐝫 𐘃 𐘭 𐝫 𐝫,DA NA TU 𐄁 KU ? RI ? 𐝫 𐝫 𐝫,11,0,0,0,,,DA NA TU 𐄁,"
 RI 
 𐝫 𐝫",,,,15,no,,unknown,category 'architecture' — no specific plausibility criteria,approximate match (levenshtein=1); text: administrative
κλίνη,klinē,bed/couch,klin,architecture,KURINU,KUPA₃NU,1,1,109,HT88,Haghia Triada - Casa Room 7,clay,LM IB,0.05,41.5,,𐄁KUPA₃,administrative,tablet (page-shaped),𐘇 𐘬 𐛧 𐄑 𐘙 𐘍 𐄌 𐘝 𐄁 𐘸 𐘸 𐘅 𐄍 𐘸 𐘁 𐄁 𐙂 𐘰 𐘰 𐄇 𐘾 𐘶 𐄇 𐙂 𐘰 𐘯 𐄇 𐘂 𐘱 𐘙 𐄇 𐘞 𐙁 𐘁 𐄇 𐘀 𐘳 𐘙 𐄇 𐙂 𐘁 𐄌,A DU VIR+KA 20 RE ZA 6 NI 𐄁 KI KI NA 7 KI RO 𐄁 KU PA₃ PA₃ 1 KA JU 1 KU PA₃ NU 1 PA JA RE 1 SA MA RO 1 DA TA RE 1 KU RO 6,42,1,0,0,VIR+KA; 𐛧,,PA₃ 1 KA JU 1,PA₃ NU 1 PA JA,,,,42,no,,unknown,category 'architecture' — no specific plausibility criteria,approximate match (levenshtein=1); 1 logogram(s) present; text: administrative
κλίνη,klinē,bed/couch,klin,architecture,KURINU,KUPA₃NU,1,1,152,HT117a,Haghia Triada - Casa Room 9,clay,LM IB,0.05,41.5,,KURAMU,administrative,tablet (page-shaped),𐙁 𐘾 𐘭 𐘃 𐄁 𐘸 𐘁 𐄁 𐘉 𐘻 𐘅 𐘤 𐄁 𐘉 𐘲 𐄇 𐘻 𐘹 𐄇 𐙂 𐘴 𐘕 𐄇 𐙁 𐘘 𐄇 𐙂 𐘰 𐘯 𐄇 𐘹 𐘶 𐙁 𐄇 𐘉 𐘆 𐘻 𐄇 𐘻 𐘘 𐘳 𐘴 𐘙 𐄇 𐘃 𐘱 𐘙 𐄇 𐘅 𐘀 𐘙 𐄇 𐙂 𐘁 𐄐 — 𐘞 𐘳 𐄁 𐙂 𐙂 𐘀 𐘴 𐄇 𐘺 𐘞 𐘚 𐘠 𐄇 𐘀 𐘻 𐘯 𐄇 𐘀 𐘗 𐙂 𐘠 𐄇 𐘸 𐘀 𐘁 𐄇,MA KA RI TE 𐄁 KI RO 𐄁 U MI NA SI 𐄁 U SU 1 MI TU 1 KU RA MU 1 MA RU 1 KU PA₃ NU 1 TU JU MA 1 U DI MI 1 MI RU TA RA RE 1 TE JA RE 1 NA DA RE 1 KU RO 10 — SA TA 𐄁 KU KU DA RA 1 KO SA I TI 1 DA MI NU 1 DA NE KU TI 1 KI DA RO 1,82,0,0,0,,,MU 1 MA RU 1,PA₃ NU 1 TU JU,,,,16,no,,unknown,category 'architecture' — no specific plausibility criteria,approximate match (levenshtein=1); text: administrative
κλίνη,klinē,bed/couch,klin,architecture,KURINU,KUPA₃NU,1,1,1504,PH(?)31a,Phaistos,clay,Uncertain,0.05,41.5,,1,administrative,tablet (page-shaped),𐝫 𐝫 𐘇 𐝫 𐝫 𐘘 𐚾 𐄇 𐙁 𐘆 𐘑 𐄇 𐘓 𐝫 𐄁 𐝫 𐘗 𐄇 𐙂 𐘰 𐘯 𐙄 𐘤 𐘙 𐄇 𐘂 𐘳 𐘀 𐝫 𐝫 𐄇 𐙂 𐘁 𐚾 𐄇 𐘑 𐄋 𐘐 𐄉 𐝫,𐝫 A ? RU 1 ? MA DI 1 ? *22F ? NE 1 KU PA₃ NU AU RE 1 ? PA TA DA 1 KU RO CAPm+KU 1 ? *21M ? *21F 3 𐄇 zo 𐄋 za 𐄉 𐝫,40,2,0,0,MA; 𐚾; 3,,"
 *22F 
 NE 1",PA₃ NU AU RE 1,,,,66,no,,agriculture (grain),category 'architecture' — no specific plausibility criteria,approximate match (levenshtein=1); 2 logogram(s) present; text: administrative
κλίνη,klinē,bed/couch,klin,architecture,KURINU,KUNU,1,1,158,HT122a,Haghia Triada - Casa del Lebete,clay,LM IB,0.05,41.5,,SIDA,administrative,tablet (page-shaped),𐝫 𐘴 𐘭 𐄁 𐘉 𐘦 𐘍 𐄈 𐝫 𐝫 𐄈 𐘀 𐘤 𐙈 𐄈 𐘂 𐝫 𐄁 𐝫 𐘆 𐄇 𐘃 𐘸 𐄈 𐘌 𐙠 𐘚 𐄉 𐘱 𐘻 𐘀 𐘙 𐄇 𐘤 𐘀 𐘙 𐄇 𐙰 𐘆 𐘴 𐄇 𐘂 𐘦 𐄇 𐙂 𐘰 𐘯 𐄇 𐘂 𐘳 𐘗 𐄇 𐙚 𐘹 𐄇 𐝫 𐘬 𐄇 𐙂 𐘰 𐘯 𐄇 𐘀 𐘭 𐘀 𐄇 𐙂 𐘁 𐄒 𐄇 𐙂 𐘀 𐄇,RA RI 𐄁 U DE ZA 2 ? 2 DA SI 2 ? PA 𐄁 DI 1 ? KI 2 ? *310 I 3 JA MI DA RE ? SI DA RE 1 *324 DI RA 1 PA DE 1 ? PA₃ NU 1 PA TA NE 1 *306 TU 1 ? 1 ? KU NU 1 ? RI DA 1 ? RO 31 ? KU 1 ro 𐄒 𐄇 ta? da 𐄇,73,0,0,0,,,"TU 1 
 1 
","NU 1 
 RI DA",,,,38,no,,unknown,category 'architecture' — no specific plausibility criteria,approximate match (levenshtein=1); text: administrative
κλίνη,klinē,bed/couch,klin,architecture,KURINU,KUNU,1,1,1398,KNZc6,Knossos,,Uncertain,0.05,41.5,,KUNAPA,unknown,Inked inscription,𐘟 𐘠 𐘭 𐘇 𐘆 𐘀 𐘸 𐘠 𐘂 𐙂 𐄁 𐘝 𐘱 𐘯 𐄁 𐘶 𐙂 𐘅 𐘂 𐙂 𐘯 𐘉 𐝫 𐘚 𐙀 𐄁,*34 TI RI A DI DA KI TI PA KU 𐄁 NI JA NU 𐄁 JU KU NA PA KU NU U I ZU 𐄁 𐄁,26,0,0,0,,,𐄁 JU KU NA PA,NU U I ZU 𐄁,,,,59,no,,unknown,category 'architecture' — no specific plausibility criteria,approximate match (levenshtein=1)
θρόνος,thronos,throne,tʰron,architecture,TURUONU,TURUNU,1,1,168,HT128a,Haghia Triada - Casa del Lebete,clay,LM IB,0.05,41.5,,PARATURU,administrative,tablet (page-shaped),𐙲 𐄁 𐘂 𐘴 𐘹 𐘘 𐘯 𐘈 𐘋 𐙉 𐝫 𐄐 𐘮 𐘹 𐙁 𐘙 𐛲 𐄐 𐄈 𐝫 𐝫 𐘻 𐘳 𐛭 𐝆 𐝫 𐛲 𐄌 𐘆 𐝫 𐛲 𐄊 𐙁 𐘭 𐝫 𐝫,"*326 𐄁 PA RA TU RU NU SE ME GRA 10 ? TU MA RE GRA+KU 12 ? MI TA ¹⁄₂ ? GRA+KU 6 ? DI GRA+KU 4 MA RI 𐝫 𐄊 ju? ?,de? 𐝫 𐝫",36,2,0,3,6; 𐛭; 𐝆,12; GRA+KU; 𐝫,*326 𐄁 PA RA,RU NU SE ME GRA,,,,38,no,,unknown,category 'architecture' — no specific plausibility criteria,approximate match (levenshtein=1); 2 logogram(s) present; text: administrative
βάθρον,bathron,base/pedestal,batʰr,architecture,PATURU,PATU,1,1,1606,ZA4a,Zakros,stone,Uncertain,0.05,41.5,,TOJA3,religious,stone vessel,𐝫 𐝫 𐝫 𐘡 𐝫 𐝫 𐘢 𐝫 𐄁 𐝫 𐘈 𐝫 𐝫 𐄋 𐘱 𐘄 𐘱 𐝫 𐝫 𐄉 𐝫 𐘇 𐘠 𐘘 𐄊 𐘱 𐘂 𐄇 𐝫 𐄁 𐝫 𐘹 𐘋 𐘈 𐄐 𐄎 𐘿 𐘤 𐙀 𐘡 𐄊 𐘛 𐘯 𐙁 𐘙 𐄐 𐄉 𐘤 𐘢 𐘸 𐄋 𐘡 𐙃 𐄔 𐘾 𐘆 𐄉,"𐝫 𐝫 E ? PI SE 5 ? JA TO JA 3 ? A RU 4 ? JA PA 1 ? TU ME SE 18 QE SI ZU E ? *28B NU MA RE 13 ? PI KI 5 ? E 50 ? KA DI 3 𐄉 jo ?,pa2? ? 𐄋 ra? ki 𐄔 ?,pte? di 𐄉",57,0,0,0,,,"A RU 4 
 JA","1 
 TU ME SE",,,,53,no,,unknown,category 'architecture' — no specific plausibility criteria,approximate match (levenshtein=1); text: religious
βάθρον,bathron,base/pedestal,batʰr,architecture,PATURU,JATURU,1,1,1410,KOZa1,Kophinas,stone,Uncertain,0.05,41.5,,WAJATU,religious,stone vessel,𐘇 𐘳 𐘚 𐙕 𐘮 𐘱 𐘹 𐘘 𐘞 𐄁 𐘬 𐙦 𐘙 𐄁 𐘚 𐘀 𐘇 𐄁 𐘉 𐘅 𐘾 𐘅 𐘤 𐄁 𐘚 𐘢 𐘅 𐙁 𐄁 𐘤 𐘘 𐘃,A TA I *301 WA JA TU RU SA 𐄁 DU *314 RE 𐄁 I DA A 𐄁 U NA KA NA SI 𐄁 I PI NA MA 𐄁 SI RU TE,32,0,0,0,,,A TA I *301 WA,TU RU SA 𐄁 DU,,,,2,no,,unknown,category 'architecture' — no specific plausibility criteria,approximate match (levenshtein=1); text: religious
βάθρον,bathron,base/pedestal,batʰr,architecture,PATURU,PATIRU,1,1,1620,ZA12a,Zakros,stone,Uncertain,0.05,41.5,,𐝫PA64,religious,stone vessel,𐝫 𐘂 𐝫 𐄕 𐄊 𐝫 𐘠 𐄐 𐄉 𐝫 𐘘 𐄑 𐄎 𐄌,𐝫 PA 64 ? TI 13 RU 28 ? 6 mu 𐄑 𐄎 𐄌,14,0,0,0,,,𐝫,"64 
 TI 13 RU",,,,53,no,,unknown,category 'architecture' — no specific plausibility criteria,approximate match (levenshtein=1); text: religious
βάθρον,bathron,base/pedestal,batʰr,architecture,PATURU,PATIRU,1,1,1621,ZA12b,Zakros,stone,Uncertain,0.05,41.5,,TU6,religious,stone vessel,𐝫 𐝫 𐘹 𐝫 𐄌 𐝫 𐘂 𐝫 𐄓 𐝫 𐘠 𐄐 𐄉 𐘘 𐄑 𐄌,𐝫 TU 6 ? PA 40 TI 13 ? RU ? 𐄐 𐄉 mu 𐄑 𐄌,16,0,0,0,,,"𐝫 TU 6 
","40 TI 13 
 RU",,,,53,no,,unknown,category 'architecture' — no specific plausibility criteria,approximate match (levenshtein=1); text: religious
βάθρον,bathron,base/pedestal,batʰr,architecture,PATURU,RATURU,1,1,168,HT128a,Haghia Triada - Casa del Lebete,clay,LM IB,0.05,41.5,,𐄁PARA,administrative,tablet (page-shaped),𐙲 𐄁 𐘂 𐘴 𐘹 𐘘 𐘯 𐘈 𐘋 𐙉 𐝫 𐄐 𐘮 𐘹 𐙁 𐘙 𐛲 𐄐 𐄈 𐝫 𐝫 𐘻 𐘳 𐛭 𐝆 𐝫 𐛲 𐄌 𐘆 𐝫 𐛲 𐄊 𐙁 𐘭 𐝫 𐝫,"*326 𐄁 PA RA TU RU NU SE ME GRA 10 ? TU MA RE GRA+KU 12 ? MI TA ¹⁄₂ ? GRA+KU 6 ? DI GRA+KU 4 MA RI 𐝫 𐄊 ju? ?,de? 𐝫 𐝫",36,2,0,3,6; 𐛭; 𐝆,12; GRA+KU; 𐝫,*326 𐄁 PA,TU RU NU SE ME,,,,38,no,,unknown,category 'architecture' — no specific plausibility criteria,approximate match (levenshtein=1); 2 logogram(s) present; text: administrative
βάθρον,bathron,base/pedestal,batʰr,architecture,PATURU,PADARU,1,1,1597,TY2,Tylissos,clay,Uncertain,0.05,41.5,,500290,administrative,tablet (page-shaped),𐙞 𐝫 𐘟 𐘫 𐘢 𐄝 𐙝 𐝫 𐄚 𐄘 𐙞 𐘸 𐘫 𐄔 𐙝 𐘀 𐘫 𐝫 𐄐 𐘂 𐘀 𐘘 𐙝 𐘶 𐘸 𐄙 𐙝 𐘭 𐘶 𐝫 𐙝 𐝫 𐝫 𐄌 𐙇 𐄗 𐄊 𐙟 𐘀 𐘶 𐄐 𐄍 𐝫 𐙟 𐘘 𐘾 𐄒 𐙝 𐘭 𐘮 𐘶 𐄙 𐄕 𐝫 𐙞 𐘭 𐘶 𐄚 𐄔 𐙞 𐝫 𐝫,"*309B *34 PU PI 500 ? 290 ? *309B KI 50 ? *309 DA 10 ? PA DA RU JU KI 100 ? *309 RI JU *309 6 ? VIR+[?] ? *309C DA JU ? *309C RU 30 ? *309 RI WA JU ? *309B RI JU ? *309B ? 𐝫 𐄙 𐄕 𐝫 ? ?,de? wa 𐄚 𐄔 ? 𐝫 𐝫",62,0,0,0,,,"
 *309 DA 10 
",DA RU JU KI 100,,,,6,no,,unknown,category 'architecture' — no specific plausibility criteria,approximate match (levenshtein=1); text: administrative
κύαθος,kyathos,ladle/cup,kuatʰ,domestic,KUATU,KUARA,1,1,108,HT87,Haghia Triada - Casa Room 7,clay,LM IB,0.05,41.5,,1QESU,administrative,tablet (page-shaped),𐘐 𐘹 𐘗 𐄁 𐙁 𐘾 𐘭 𐘃 𐄁 𐘢 𐘳 𐘥 𐘤 𐄇 𐘱 𐘙 𐘻 𐄇 𐘆 𐘸 𐘈 𐄇 𐘿 𐘲 𐘫 𐄇 𐙂 𐘘 𐙂 𐄇 𐘇 𐘴 𐝫 𐄁 𐝫 𐘇 𐘹 𐄇,*21F TU NE 𐄁 MA KA RI TE 𐄁 PI TA KE SI 1 JA RE MI 1 DI KI SE 1 QE SU PU 1 KU RU KU 1 A RA 𐄁 A TU 1 ja 𐄇,38,0,0,0,,,1 QE SU PU 1,RU KU 1 A RA,,,,42,no,,unknown,category 'domestic' — no specific plausibility criteria,approximate match (levenshtein=1); text: administrative
κύαθος,kyathos,ladle/cup,kuatʰ,domestic,KUATU,KUAJA,1,1,16,HT11a,Haghia Triada - Villa Magazine,clay,LM IB,0.05,41.5,,KANA,administrative,tablet (page-shaped),𐘇 𐘘 𐘴 𐝫 𐄁 𐝫 𐄉 𐘾 𐘁 𐘅 𐄈 𐙮 𐘭 𐄇 𐙂 𐘁 𐄐 𐘇 𐘲 𐘱 𐄇 𐙇 𐘚 𐄉 𐘷 𐄐 𐄋,A RU RA 𐄁 3 ? KA NA 2 ? *322 1 ? KU 10 ? A JA 1 ? VIR+[?] 3 ? TA₂ nu 𐄐 𐄋,27,0,0,0,,,"2 
 *322 1 
","10 
 A JA 1",,,,96,no,,unknown,category 'domestic' — no specific plausibility criteria,approximate match (levenshtein=1); text: administrative
κύαθος,kyathos,ladle/cup,kuatʰ,domestic,KUATU,KUPITU,1,1,1623,ZA14,Zakros,stone,LM IB,0.05,41.5,,KA3,religious,stone vessel,𐘋 𐘸 𐘆 𐄇 𐘐 𐙈 𐄇 𐘫 𐘝 𐘾 𐚗 𐄉 𐘌 𐘠 𐘶 𐄎 𐙂 𐘢 𐄇 𐘹 𐘻 𐘠 𐘍 𐘈 𐄓 𐄋 𐝫 𐘂 𐘯 𐘿 𐄈 𐘱 𐘣 𐝫 𐝫 𐝫,ME KI DI 1 *21F *118 1 PU NI KA *363 3 QA TI JU 8 KU PI 1 TU MI TI ZA SE 45 ? PA QE 2 ? JA ? 𐝫 ? 𐝫 𐝫,36,1,0,0,*363; 𐚗,,3 QA TI JU 8,PI 1 TU MI TI,,,,53,no,,unknown,category 'domestic' — no specific plausibility criteria,approximate match (levenshtein=1); 1 logogram(s) present; text: religious
κύαθος,kyathos,ladle/cup,kuatʰ,domestic,KUATU,ATU,1,1,1385,KNZb5,Knossos,pottery/ceramic,MMIIIB,0.05,41.5,,ATURI,religious,Clay vessel,𐘇 𐘹 𐘭 𐘤 𐘠 𐄁,A TU RI SI TI 𐄁,6,0,0,0,,,,TU RI SI TI 𐄁,,,,59,no,,unknown,category 'domestic' — no specific plausibility criteria,approximate match (levenshtein=1); text: religious
κύαθος,kyathos,ladle/cup,kuatʰ,domestic,KUATU,KUTU,1,1,65,HT49a,Haghia Triada - Villa Magazine,clay,LM IB,0.05,41.5,,RI,administrative,tablet (page-shaped),𐝫 𐄁 𐝫 𐘽 𐘬 𐝫 𐝫 𐘳 𐘅 𐘠 𐄁 𐄇 𐝫 𐝫 𐝫 𐘭 𐄇 𐘲 𐘸 𐝫 𐝫 𐄇 𐘠 𐘬 𐘝 𐄇 𐝫 𐝫 𐝫 𐘤 𐘴 𐄇 𐘇 𐘘 𐄇 𐚞 𐄇 𐙢 𐄇 𐙂 𐘰 𐘯 𐄇 𐘹 𐘲 𐘜 𐄇 𐘸 𐄇 — 𐝫 𐄋 𐘹 𐄊 𐘸 𐄇 𐝫 𐝫,𐝫 𐄁 RA₂ DU ? TA TI 𐄁 1 ? 𐝫 ? RI ? KI ? 𐝫 ? TI DU 1 ? ? SI RA 1 ? RU ? *370 1 ? 1 ? KU NU 1 TU SU 1 ? KI 1 — ? 𐝫 5 TU 4 KI ? 𐝫 ja 𐄊 ? 𐄇 𐝫 𐝫,58,1,0,0,NU; 𐚞,,"*370 1 
 1 
",NU 1 TU SU 1,,,,96,no,,unknown,category 'domestic' — no specific plausibility criteria,approximate match (levenshtein=1); 1 logogram(s) present; text: administrative
κύαθος,kyathos,ladle/cup,kuatʰ,domestic,KUATU,KUTU,1,1,148,HT115a,Haghia Triada - Casa Room 9,clay,LM IB,0.05,41.5,,RANA*21F,administrative,tablet (page-shaped),𐘨 𐘯 𐘴 𐘱 𐄁 𐘚 𐄁 𐛯 𐘭 𐘳 𐙁 𐘯 𐘣 𐄈 𐙕 𐘉 𐘴 𐘅 𐘐 𐘗 𐘻 𐘅 𐄇 𐘈 𐙂 𐘹 𐝆 𐘂 𐘴 𐘗 𐄇 𐘇 𐘈 𐘱 𐝂 𐝂 𐝂 𐝂 𐘾 𐘊 𐘘 𐄇 𐘭 𐘲 𐙁 𐝫 𐘲 𐄈 𐝂 𐝫 𐝫,*47 NU RA JA 𐄁 I 𐄁 GRA+BOSm RI TA MA NU WI 2 *301 U RA NA *21F NE MI NA 1 SE KU TU ¹⁄₂ PA RA NE 1 A SE JA 𐝂𐝂𐝂𐝂 ? KA PO 1 ? RI SU ? SU 2 ¹⁄₅ 𐝫 𐄈 vase 𐝫 𐝫,51,7,0,0,GRA+BOSm; 𐛯; ¹⁄₂; 𐝆; 𐝂𐝂𐝂𐝂; 𐝂; KA; PO; vase,,NE MI NA 1 SE,TU ¹⁄₂ PA RA NE,,,,16,no,,unknown,category 'domestic' — no specific plausibility criteria,approximate match (levenshtein=1); 7 logogram(s) present; text: administrative
κύαθος,kyathos,ladle/cup,kuatʰ,domestic,KUATU,KUTU,1,1,1598,TY3a,Tylissos,clay,Uncertain,0.1,43.0,"OLE+U,OLE",NE,administrative,tablet (page-shaped),𐝫 𐘍 𐙭 𐜓 𐄐 𐄋 𐝃 𐜋 𐄑 𐄈 𐘗 𐘸 𐄋 𐜌 𐄉 𐝆 𐜗 𐝫 𐜋 𐄍 𐝆 — 𐘇 𐘬 𐝫 𐄁 𐝫 𐜓 𐄔 𐄇 𐜔 𐄈 𐝂 𐜕 𐄇 𐜌 𐄊 𐝆 𐝫 𐙋 𐝫 𐄊 𐝫 — 𐘇 𐘀 𐜋 𐄑 𐄇 𐜗 𐄈 𐝫 𐝫 𐘺 𐘇 𐘬 𐘮 𐙖 𐝫 𐄍 𐝂 — 𐘇 𐙂 𐘹 𐚕 𐝫 𐝫 𐘸 𐄋 𐜖 𐄇 —,ZA *321 OLE+KI 15 ¹⁄₄ ? OLE+U ? NE KI ? OLE+QIf 3 ? OLE+MI ? 7 ¹⁄₂ — ? A 𐄁 OLE+KI 51 ? OLE+KI+U 2 ¹⁄₅ ? OLE+KI+ME ? OLE+QIf 4 ? OLIV ? — ? DA OLE+U 21 ? OLE+MI ? A DU WA OLE 7 ? — ? KU TU *361 ? KI 5 ? OLE+TU 1 — a ta? ja [?] 𐝫 𐝫 ? 𐄋 weigh D 𐄇 —,73,7,0,5,OLE+U; 𐝃; 𐝆; A; 4; 𐝂; 1; [?]; 𐚕,15; 7; —; ¹⁄₅; WA; weigh D,"OLE 7 
 — 
","TU *361 
 KI 5",,,,6,no,,unknown,category 'domestic' — no specific plausibility criteria,approximate match (levenshtein=1); 7 logogram(s) present; text: administrative
κύαθος,kyathos,ladle/cup,kuatʰ,domestic,KUATU,KUTU,1,1,1614,ZA8,Zakros,stone,LM IB,0.05,41.5,,𐄁NI,religious,stone vessel,𐘸 𐘴 𐄁 𐘇 𐘳 𐘙 𐄁 𐘝 𐝆 𐙂 𐘹 𐘺 𐘙 𐝂 𐝂 𐘇 𐘭 𐘝 𐘳 𐄇 𐝫 𐝁 𐝁 𐘳 𐘚 𐘯 𐙁 𐘂 𐝆 𐙁 𐘾 𐘚 𐘈 𐄈 𐝃 𐝆 𐘀 𐘚 𐘢 𐘳 𐄈 𐝆 𐘾 𐘚 𐘁 𐄊 𐝁 𐝁,KI RA 𐄁 A TA RE 𐄁 NI ¹⁄₂ KU TU KO RE double mina A RI NI TA 1 ? ? TA NU MA PA ¹⁄₂ ? MA I SE 2 𐝃𐝆 ? DA I TA 2 ¹⁄₂ ? KA I 4 ? ro 𐄊 vase vase,48,11,0,0,¹⁄₂; 𐝆; double; 𐝂; mina; 𐝁; TA; MA; DA; 𐝃; I; I; vase; vase,,TA RE 𐄁 NI ¹⁄₂,TU KO RE double mina,,,,53,no,,agriculture (grain),category 'domestic' — no specific plausibility criteria,approximate match (levenshtein=1); 11 logogram(s) present; text: religious
κύαθος,kyathos,ladle/cup,kuatʰ,domestic,KUATU,KUNATU,1,1,63,HT47a,Haghia Triada - Villa Magazine,clay,LM IB,0.05,41.5,,]TU+RO𐄁,administrative,tablet (page-shaped),𐘾 𐝫 𐝫 𐛗 𐄁 𐙂 𐘰 𐘅 𐘹 𐄑 𐝫 𐝫 𐘬 𐄑 𐝫 𐘉 𐝫 𐝫 𐘢 𐄐 𐘸 𐘀 𐘁 𐝫 𐝫 𐄋 𐝫 𐘻 𐘯 𐘻,KA ]TU+RO 𐄁 ? KU NA TU 20 ? DU 20 U ? PI 10 KI DA ? 5 ? NU MI ro 𐝫 𐝫 𐄋 𐝫 ? ? ?,30,1,0,0,𐛗,,"KA ]TU+RO 𐄁 
","NA TU 20 
 DU",,,,96,no,,unknown,category 'domestic' — no specific plausibility criteria,approximate match (levenshtein=1); 1 logogram(s) present; text: administrative
κύαθος,kyathos,ladle/cup,kuatʰ,domestic,KUATU,KUPA₃TU,1,1,155,HT119,Haghia Triada - Casa Room 9,clay,LM IB,0.05,41.5,,RISI,administrative,tablet (page-shaped),𐙳 𐄒 𐄊 𐙇 𐄕 𐄍 𐘭 𐘻 𐘤 𐄐 𐄉 𐘺 𐘱 𐄐 𐙂 𐘰 𐘅 𐘹 𐄍 𐘠 𐄍 𐘱 𐚅 𐄐 𐙚 𐘹 𐄈 𐙳 𐘶 𐄎 𐙂 𐘁 𐄙 𐄕,*327 34 ? 67 ? RI SI 13 ? KO JA ? KU PA₃ TU 7 ? TI 7 JA *345 ? *306 TU ? *327 JU ? KU RO ta? ro 𐄙 𐄕,34,0,0,0,,,"13 
 KO JA 
","PA₃ TU 7 
 TI",,,,16,no,,unknown,category 'domestic' — no specific plausibility criteria,approximate match (levenshtein=1); text: administrative
φιάλη,phialē,bowl,pʰial,domestic,PUIARU,TAIARU,1,1,12,HT9a,Haghia Triada - Villa Magazine,clay,LM IB,0.05,36.5,,TU10DINA,administrative,tablet (page-shaped),𐘞 𐘁 𐄁 𐘃 𐄁 𐙍 𐄁 𐘂 𐘦 𐄁 𐄋 𐝕 𐙚 𐘹 𐄐 𐘆 𐘅 𐘉 𐄊 𐘿 𐘫 𐄈 𐙰 𐘆 𐘴 𐄈 𐝆 𐘳 𐘚 𐙌 𐄈 𐝆 𐘇 𐘘 𐄊 𐝃 𐙂 𐘁 𐄒 𐄇 𐝕,SA RO 𐄁 TE 𐄁 VIN 𐄁 PA DE 𐄁 5 ³⁄₄ *306 TU 10 DI NA U 4 QE PU 2 *324 DI RA 2 ¹⁄₂ TA I AROM 2 ¹⁄₂ A RU 4 ¹⁄₄ KU RO 31 ³⁄₄ [?],41,5,0,0,³⁄₄; 𐝕; ¹⁄₂; 𐝆; ¹⁄₂; ¹⁄₄; 𐝃; [?],,*324 DI RA 2 ¹⁄₂,I AROM 2 ¹⁄₂ A,,,,96,no,,unknown,category 'domestic' — no specific plausibility criteria,approximate match (levenshtein=1); 5 logogram(s) present; text: administrative
κέραμος,keramos,pottery/clay,keram,domestic,KERAMU,RAMU,1,1,152,HT117a,Haghia Triada - Casa Room 9,clay,LM IB,0.05,41.5,,1MITU,administrative,tablet (page-shaped),𐙁 𐘾 𐘭 𐘃 𐄁 𐘸 𐘁 𐄁 𐘉 𐘻 𐘅 𐘤 𐄁 𐘉 𐘲 𐄇 𐘻 𐘹 𐄇 𐙂 𐘴 𐘕 𐄇 𐙁 𐘘 𐄇 𐙂 𐘰 𐘯 𐄇 𐘹 𐘶 𐙁 𐄇 𐘉 𐘆 𐘻 𐄇 𐘻 𐘘 𐘳 𐘴 𐘙 𐄇 𐘃 𐘱 𐘙 𐄇 𐘅 𐘀 𐘙 𐄇 𐙂 𐘁 𐄐 — 𐘞 𐘳 𐄁 𐙂 𐙂 𐘀 𐘴 𐄇 𐘺 𐘞 𐘚 𐘠 𐄇 𐘀 𐘻 𐘯 𐄇 𐘀 𐘗 𐙂 𐘠 𐄇 𐘸 𐘀 𐘁 𐄇,MA KA RI TE 𐄁 KI RO 𐄁 U MI NA SI 𐄁 U SU 1 MI TU 1 KU RA MU 1 MA RU 1 KU PA₃ NU 1 TU JU MA 1 U DI MI 1 MI RU TA RA RE 1 TE JA RE 1 NA DA RE 1 KU RO 10 — SA TA 𐄁 KU KU DA RA 1 KO SA I TI 1 DA MI NU 1 DA NE KU TI 1 KI DA RO 1,82,0,0,0,,,1 MI TU 1 KU,MU 1 MA RU 1,,,,16,no,,unknown,category 'domestic' — no specific plausibility criteria,approximate match (levenshtein=1); text: administrative
θῆλυς,thēlys,container/vessel,tʰelu,domestic,TUERU,SIERU,1,1,1618,ZA11a,Zakros,stone,Uncertain,0.05,41.5,,*516,religious,stone vessel,𐘆 𐘆 𐘺 𐘴 𐘋 𐝫 𐘷 𐄁 𐛀 𐄁 𐛭 𐝫 𐝫 𐘴 𐙁 𐘤 𐙍 𐝆 𐝫 𐝫 𐘡 𐙂 𐘘 𐄈 𐝃 𐘶 𐝈 𐝉 𐙍 𐝆 𐛟 𐄊 𐙂 𐘂 𐄁 𐛭 𐄇 𐝫 𐘢 𐙠 𐘇 𐝫 𐝫 𐙋 𐄈 𐝫,DI DI KO RA ME TA₂ 𐄁 *516 𐄁 ? ? RA SI VIN ¹⁄₂ ? E KU RU ¹⁄₄ ? JU 𐝈𐝉 ? VIN ? QE+GRA+PA 4 KU PA GRA+PA 1 PI *310 A ? OLIV 2 𐝫 ? a 𐝫 𐝫 ? 𐄈 𐝫,46,9,0,0,𐄁; 𐛀; 𐛭; KU; 𐝆; VIN; 𐝃; QE+GRA+PA; 𐝈; 4; 𐝉; PA; GRA+PA; 𐛟,,"*516 𐄁 
 
 RA","VIN ¹⁄₂ 
 E KU",,,,53,no,,viticulture (wine),category 'domestic' — no specific plausibility criteria,approximate match (levenshtein=1); 9 logogram(s) present; text: religious
θῆλυς,thēlys,container/vessel,tʰelu,domestic,TUERU,TURU,1,1,168,HT128a,Haghia Triada - Casa del Lebete,clay,LM IB,0.05,41.5,,PARATU,administrative,tablet (page-shaped),𐙲 𐄁 𐘂 𐘴 𐘹 𐘘 𐘯 𐘈 𐘋 𐙉 𐝫 𐄐 𐘮 𐘹 𐙁 𐘙 𐛲 𐄐 𐄈 𐝫 𐝫 𐘻 𐘳 𐛭 𐝆 𐝫 𐛲 𐄌 𐘆 𐝫 𐛲 𐄊 𐙁 𐘭 𐝫 𐝫,"*326 𐄁 PA RA TU RU NU SE ME GRA 10 ? TU MA RE GRA+KU 12 ? MI TA ¹⁄₂ ? GRA+KU 6 ? DI GRA+KU 4 MA RI 𐝫 𐄊 ju? ?,de? 𐝫 𐝫",36,2,0,3,6; 𐛭; 𐝆,12; GRA+KU; 𐝫,*326 𐄁 PA RA,RU NU SE ME GRA,,,,38,no,,unknown,category 'domestic' — no specific plausibility criteria,approximate match (levenshtein=1); 2 logogram(s) present; text: administrative
θῆλυς,thēlys,container/vessel,tʰelu,domestic,TUERU,TURU,1,1,1410,KOZa1,Kophinas,stone,Uncertain,0.05,41.5,,JATURU,religious,stone vessel,𐘇 𐘳 𐘚 𐙕 𐘮 𐘱 𐘹 𐘘 𐘞 𐄁 𐘬 𐙦 𐘙 𐄁 𐘚 𐘀 𐘇 𐄁 𐘉 𐘅 𐘾 𐘅 𐘤 𐄁 𐘚 𐘢 𐘅 𐙁 𐄁 𐘤 𐘘 𐘃,A TA I *301 WA JA TU RU SA 𐄁 DU *314 RE 𐄁 I DA A 𐄁 U NA KA NA SI 𐄁 I PI NA MA 𐄁 SI RU TE,32,0,0,0,,,TA I *301 WA JA,RU SA 𐄁 DU *314,,,,2,no,,unknown,category 'domestic' — no specific plausibility criteria,approximate match (levenshtein=1); text: religious
θῆλυς,thēlys,container/vessel,tʰelu,domestic,TUERU,TUTERU,1,1,1631,ZA20,Zakros,stone,LM IB,0.05,41.5,,4TE,religious,stone vessel,𐝫 𐝫 𐘬 𐘙 𐘍 𐘈 𐝫 𐝫 𐘻 𐝫 𐄁 𐄊 𐘤 𐘃 𐘹 𐄇 𐘤 𐘹 𐄌 𐘃 𐙌 𐄐 𐄈 𐘘 𐙁 𐘳 𐘈 𐄉 𐙂 𐘴 𐄙 𐄒 𐝫,𐝫 DU RE ZA SE MI ? 𐄁 4 ? TE TU ? SI TU 6 TE AROM 12 RU MA TA SE ? KU RA 130 ? ta? ? 𐄙 𐄒 𐝫,33,0,0,0,,,"
 𐄁 4 
 TE","
 SI TU 6 TE",,,,53,no,,unknown,category 'domestic' — no specific plausibility criteria,approximate match (levenshtein=1); text: religious
κισσύβιον,kissybion,ivy-wood cup,kisub,domestic,KISUPU,SUPU,1,1,43,HT31,Haghia Triada - Villa Magazine,clay,LM IB,0.05,41.5,,KO𐄁*410,administrative,tablet (page-shaped),𐄁 𐝫 𐘠 𐘞 𐄁 𐘫 𐘺 𐄁 𐚪 𐝫 𐝫 𐄋 𐚢 𐘌 𐘰 𐄐 𐚯 𐘲 𐘫 𐄐 𐝫 𐚰 𐘾 𐘁 𐘰 𐄐 𐘞 𐘱 𐙁 𐄒 𐝫 𐝫 𐄐 𐘸 𐘦 𐙁 𐙯 𐘅 𐚢 𐄜 𐚢 𐘲 𐘰 𐘴 𐄛 𐚢 𐘂 𐘳 𐘿 𐄤,𐄁 TI SA 𐄁 PU KO 𐄁 *410 VS 𐝫 5 ? QA PA₃ 10 ? VS SU PU 10 *416 VS KA RO PA₃ 10 SA JA MA 30 ? ? KI MA *323 NA ? *815 ? *815 PA₃ RA 300 ? *815 TA QE 3000 ? 𐄤,50,7,0,0,VS; 𐚪; QA; 𐚢; VS; 𐚯; VS; 𐚰; PA₃; TA,,"QA PA₃ 10 
 VS",PU 10 *416 VS KA,,,,96,no,,unknown,category 'domestic' — no specific plausibility criteria,approximate match (levenshtein=1); 7 logogram(s) present; text: administrative
κισσύβιον,kissybion,ivy-wood cup,kisub,domestic,KISUPU,SUPU,1,1,108,HT87,Haghia Triada - Casa Room 7,clay,LM IB,0.05,41.5,,1DIKI,administrative,tablet (page-shaped),𐘐 𐘹 𐘗 𐄁 𐙁 𐘾 𐘭 𐘃 𐄁 𐘢 𐘳 𐘥 𐘤 𐄇 𐘱 𐘙 𐘻 𐄇 𐘆 𐘸 𐘈 𐄇 𐘿 𐘲 𐘫 𐄇 𐙂 𐘘 𐙂 𐄇 𐘇 𐘴 𐝫 𐄁 𐝫 𐘇 𐘹 𐄇,*21F TU NE 𐄁 MA KA RI TE 𐄁 PI TA KE SI 1 JA RE MI 1 DI KI SE 1 QE SU PU 1 KU RU KU 1 A RA 𐄁 A TU 1 ja 𐄇,38,0,0,0,,,DI KI SE 1 QE,PU 1 KU RU KU,,,,42,no,,unknown,category 'domestic' — no specific plausibility criteria,approximate match (levenshtein=1); text: administrative
κισσύβιον,kissybion,ivy-wood cup,kisub,domestic,KISUPU,SUPU,1,1,1665,ARKH2,Arkhalkhori,clay,LM IB,0.05,41.5,,12*301,administrative,tablet (page-shaped),𐘤 𐘀 𐘃 𐙂 𐘴 𐙎 𐄋 𐘇 𐘤 𐘀 𐘄 𐘚 𐄐 𐄈 𐙀 𐙕 𐘈 𐘦 𐘐 𐙈 𐄌 𐘇 𐘲 𐘫 𐘮 𐄊 𐘘 𐘻 𐝫 𐝫,SI DA TE KU RA *131B 5 A SI DA TO I 12 ? *301 SE DE *21F *118 6 ? SU PU WA 4 ? MI ? 𐝫 𐝫,30,0,0,0,,,"DE *21F *118 6 
","PU WA 4 
 MI",,,,15,no,,unknown,category 'domestic' — no specific plausibility criteria,approximate match (levenshtein=1); text: administrative
κισσύβιον,kissybion,ivy-wood cup,kisub,domestic,KISUPU,KIPU,1,1,46,HT34,Haghia Triada - Villa Magazine,clay,LM IB,0.05,41.5,,SARA₂𐄁,administrative,tablet (page-shaped),𐘀 𐘶 𐘃 𐄁 𐘤 𐛀 𐄁 𐘞 𐘽 𐄁 𐛜 𐝫 𐝫 𐝫 𐝁 𐘡 𐄁 𐙉 𐄚 𐝫 𐝫 𐛅 𐄈 𐝅 𐝇 𐚻 𐝀 𐚹 𐝃 𐛛 𐄚 𐄓 𐄋 𐛂 𐄙 𐘰 𐄖 𐘸 𐘁 𐄒 𐄍 𐛆 𐝇 𐘫 𐝄,DA JU TE 𐄁 SI *516 𐄁 SA RA₂ 𐄁 MI+JA+KA ? ? ? E GRA 200 ? E+[ ] 𐝅𐝇 ? QA2+[?]+PU ≈ ¹⁄₆ QA2+[?]+RE ¹⁄₄ MI+JA+I 245 SA+MU+KU 100 ? PA₃ ? KI 37 ? ¹⁄₁₆ ? PU ¹⁄₈ [?] vase ai? vase,45,15,0,0,*516; 𐛀; MI+JA+KA; 𐛜; E; 𐝁; 𐛅; ≈; 𐝅; ¹⁄₆; 𐝇; QA2+[?]+RE; 𐚻; ¹⁄₄; 𐝀; MI+JA+I; 𐚹; 245; 𐝃; SA+MU+KU; 𐛛; 𐛂; [?]; 𐛆; vase; vase; 𐝄,,"SA+MU+KU 100 
 PA₃ 
","37 
 ¹⁄₁₆ 
 PU",,,,96,no,,unknown,category 'domestic' — no specific plausibility criteria,approximate match (levenshtein=1); 15 logogram(s) present; text: administrative
κισσύβιον,kissybion,ivy-wood cup,kisub,domestic,KISUPU,KISU,1,1,49,HT37,Haghia Triada - Villa Magazine,clay,LM IB,0.05,41.5,,𐄁KAKI,administrative,tablet (page-shaped),𐛛 𐄁 𐘾 𐘸 𐄁 𐄁 𐘲 𐝫 𐝫 𐘙 𐘲 𐝫 𐝫 𐝫 𐄌 𐝫 𐘸 𐙠 𐘙 𐄇 𐘸 𐘁 𐄁 𐘾 𐘸 𐄐 𐄇 𐘇 𐄐 𐄋 𐄁 𐝫 𐘿 𐄐 𐄍,MI+JA+I 𐄁 KA KI 𐄁 𐄁 SU ? SU ? 𐝫 ? ? ? KI RE ? KI RO 𐄁 KA KI 11 A 15 ? 𐄁 17 𐄐 𐄋 𐄁 𐝫 ? 𐄐 𐄍,35,1,0,0,MI+JA+I; 𐛛,,MI+JA+I 𐄁 KA,"𐄁 𐄁 SU 
 SU",,,,96,no,,unknown,category 'domestic' — no specific plausibility criteria,approximate match (levenshtein=1); 1 logogram(s) present; text: administrative
κισσύβιον,kissybion,ivy-wood cup,kisub,domestic,KISUPU,KIDIPU,1,1,1623,ZA14,Zakros,stone,LM IB,0.05,41.5,,KIDI1,religious,stone vessel,𐘋 𐘸 𐘆 𐄇 𐘐 𐙈 𐄇 𐘫 𐘝 𐘾 𐚗 𐄉 𐘌 𐘠 𐘶 𐄎 𐙂 𐘢 𐄇 𐘹 𐘻 𐘠 𐘍 𐘈 𐄓 𐄋 𐝫 𐘂 𐘯 𐘿 𐄈 𐘱 𐘣 𐝫 𐝫 𐝫,ME KI DI 1 *21F *118 1 PU NI KA *363 3 QA TI JU 8 KU PI 1 TU MI TI ZA SE 45 ? PA QE 2 ? JA ? 𐝫 ? 𐝫 𐝫,36,1,0,0,*363; 𐚗,,ME,DI 1 *21F *118 1,,,,53,no,,unknown,category 'domestic' — no specific plausibility criteria,approximate match (levenshtein=1); 1 logogram(s) present; text: religious
κυβερνάω,kybernaō,to steer (ship),kubern,domestic,KURUNU,KURU,1,1,108,HT87,Haghia Triada - Casa Room 7,clay,LM IB,0.05,41.5,,KISE1,administrative,tablet (page-shaped),𐘐 𐘹 𐘗 𐄁 𐙁 𐘾 𐘭 𐘃 𐄁 𐘢 𐘳 𐘥 𐘤 𐄇 𐘱 𐘙 𐘻 𐄇 𐘆 𐘸 𐘈 𐄇 𐘿 𐘲 𐘫 𐄇 𐙂 𐘘 𐙂 𐄇 𐘇 𐘴 𐝫 𐄁 𐝫 𐘇 𐘹 𐄇,*21F TU NE 𐄁 MA KA RI TE 𐄁 PI TA KE SI 1 JA RE MI 1 DI KI SE 1 QE SU PU 1 KU RU KU 1 A RA 𐄁 A TU 1 ja 𐄇,38,0,0,0,,,1 QE SU PU 1,RU KU 1 A RA,,,,42,no,,unknown,category 'domestic' — no specific plausibility criteria,approximate match (levenshtein=1); text: administrative
κυβερνάω,kybernaō,to steer (ship),kubern,domestic,KURUNU,TURUNU,1,1,168,HT128a,Haghia Triada - Casa del Lebete,clay,LM IB,0.05,41.5,,PARATU,administrative,tablet (page-shaped),𐙲 𐄁 𐘂 𐘴 𐘹 𐘘 𐘯 𐘈 𐘋 𐙉 𐝫 𐄐 𐘮 𐘹 𐙁 𐘙 𐛲 𐄐 𐄈 𐝫 𐝫 𐘻 𐘳 𐛭 𐝆 𐝫 𐛲 𐄌 𐘆 𐝫 𐛲 𐄊 𐙁 𐘭 𐝫 𐝫,"*326 𐄁 PA RA TU RU NU SE ME GRA 10 ? TU MA RE GRA+KU 12 ? MI TA ¹⁄₂ ? GRA+KU 6 ? DI GRA+KU 4 MA RI 𐝫 𐄊 ju? ?,de? 𐝫 𐝫",36,2,0,3,6; 𐛭; 𐝆,12; GRA+KU; 𐝫,*326 𐄁 PA RA,RU NU SE ME GRA,,,,38,no,,unknown,category 'domestic' — no specific plausibility criteria,approximate match (levenshtein=1); 2 logogram(s) present; text: administrative
κυβερνάω,kybernaō,to steer (ship),kubern,domestic,KURUNU,KUPA₃NU,1,1,109,HT88,Haghia Triada - Casa Room 7,clay,LM IB,0.05,41.5,,𐄁KUPA₃,administrative,tablet (page-shaped),𐘇 𐘬 𐛧 𐄑 𐘙 𐘍 𐄌 𐘝 𐄁 𐘸 𐘸 𐘅 𐄍 𐘸 𐘁 𐄁 𐙂 𐘰 𐘰 𐄇 𐘾 𐘶 𐄇 𐙂 𐘰 𐘯 𐄇 𐘂 𐘱 𐘙 𐄇 𐘞 𐙁 𐘁 𐄇 𐘀 𐘳 𐘙 𐄇 𐙂 𐘁 𐄌,A DU VIR+KA 20 RE ZA 6 NI 𐄁 KI KI NA 7 KI RO 𐄁 KU PA₃ PA₃ 1 KA JU 1 KU PA₃ NU 1 PA JA RE 1 SA MA RO 1 DA TA RE 1 KU RO 6,42,1,0,0,VIR+KA; 𐛧,,PA₃ 1 KA JU 1,PA₃ NU 1 PA JA,,,,42,no,,unknown,category 'domestic' — no specific plausibility criteria,approximate match (levenshtein=1); 1 logogram(s) present; text: administrative
κυβερνάω,kybernaō,to steer (ship),kubern,domestic,KURUNU,KUPA₃NU,1,1,152,HT117a,Haghia Triada - Casa Room 9,clay,LM IB,0.05,41.5,,KURAMU,administrative,tablet (page-shaped),𐙁 𐘾 𐘭 𐘃 𐄁 𐘸 𐘁 𐄁 𐘉 𐘻 𐘅 𐘤 𐄁 𐘉 𐘲 𐄇 𐘻 𐘹 𐄇 𐙂 𐘴 𐘕 𐄇 𐙁 𐘘 𐄇 𐙂 𐘰 𐘯 𐄇 𐘹 𐘶 𐙁 𐄇 𐘉 𐘆 𐘻 𐄇 𐘻 𐘘 𐘳 𐘴 𐘙 𐄇 𐘃 𐘱 𐘙 𐄇 𐘅 𐘀 𐘙 𐄇 𐙂 𐘁 𐄐 — 𐘞 𐘳 𐄁 𐙂 𐙂 𐘀 𐘴 𐄇 𐘺 𐘞 𐘚 𐘠 𐄇 𐘀 𐘻 𐘯 𐄇 𐘀 𐘗 𐙂 𐘠 𐄇 𐘸 𐘀 𐘁 𐄇,MA KA RI TE 𐄁 KI RO 𐄁 U MI NA SI 𐄁 U SU 1 MI TU 1 KU RA MU 1 MA RU 1 KU PA₃ NU 1 TU JU MA 1 U DI MI 1 MI RU TA RA RE 1 TE JA RE 1 NA DA RE 1 KU RO 10 — SA TA 𐄁 KU KU DA RA 1 KO SA I TI 1 DA MI NU 1 DA NE KU TI 1 KI DA RO 1,82,0,0,0,,,MU 1 MA RU 1,PA₃ NU 1 TU JU,,,,16,no,,unknown,category 'domestic' — no specific plausibility criteria,approximate match (levenshtein=1); text: administrative
κυβερνάω,kybernaō,to steer (ship),kubern,domestic,KURUNU,KUPA₃NU,1,1,1504,PH(?)31a,Phaistos,clay,Uncertain,0.05,41.5,,1,administrative,tablet (page-shaped),𐝫 𐝫 𐘇 𐝫 𐝫 𐘘 𐚾 𐄇 𐙁 𐘆 𐘑 𐄇 𐘓 𐝫 𐄁 𐝫 𐘗 𐄇 𐙂 𐘰 𐘯 𐙄 𐘤 𐘙 𐄇 𐘂 𐘳 𐘀 𐝫 𐝫 𐄇 𐙂 𐘁 𐚾 𐄇 𐘑 𐄋 𐘐 𐄉 𐝫,𐝫 A ? RU 1 ? MA DI 1 ? *22F ? NE 1 KU PA₃ NU AU RE 1 ? PA TA DA 1 KU RO CAPm+KU 1 ? *21M ? *21F 3 𐄇 zo 𐄋 za 𐄉 𐝫,40,2,0,0,MA; 𐚾; 3,,"
 *22F 
 NE 1",PA₃ NU AU RE 1,,,,66,no,,agriculture (grain),category 'domestic' — no specific plausibility criteria,approximate match (levenshtein=1); 2 logogram(s) present; text: administrative
κυβερνάω,kybernaō,to steer (ship),kubern,domestic,KURUNU,KUNU,1,1,158,HT122a,Haghia Triada - Casa del Lebete,clay,LM IB,0.05,41.5,,SIDA,administrative,tablet (page-shaped),𐝫 𐘴 𐘭 𐄁 𐘉 𐘦 𐘍 𐄈 𐝫 𐝫 𐄈 𐘀 𐘤 𐙈 𐄈 𐘂 𐝫 𐄁 𐝫 𐘆 𐄇 𐘃 𐘸 𐄈 𐘌 𐙠 𐘚 𐄉 𐘱 𐘻 𐘀 𐘙 𐄇 𐘤 𐘀 𐘙 𐄇 𐙰 𐘆 𐘴 𐄇 𐘂 𐘦 𐄇 𐙂 𐘰 𐘯 𐄇 𐘂 𐘳 𐘗 𐄇 𐙚 𐘹 𐄇 𐝫 𐘬 𐄇 𐙂 𐘰 𐘯 𐄇 𐘀 𐘭 𐘀 𐄇 𐙂 𐘁 𐄒 𐄇 𐙂 𐘀 𐄇,RA RI 𐄁 U DE ZA 2 ? 2 DA SI 2 ? PA 𐄁 DI 1 ? KI 2 ? *310 I 3 JA MI DA RE ? SI DA RE 1 *324 DI RA 1 PA DE 1 ? PA₃ NU 1 PA TA NE 1 *306 TU 1 ? 1 ? KU NU 1 ? RI DA 1 ? RO 31 ? KU 1 ro 𐄒 𐄇 ta? da 𐄇,73,0,0,0,,,"TU 1 
 1 
","NU 1 
 RI DA",,,,38,no,,unknown,category 'domestic' — no specific plausibility criteria,approximate match (levenshtein=1); text: administrative
κυβερνάω,kybernaō,to steer (ship),kubern,domestic,KURUNU,KUNU,1,1,1398,KNZc6,Knossos,,Uncertain,0.05,41.5,,KUNAPA,unknown,Inked inscription,𐘟 𐘠 𐘭 𐘇 𐘆 𐘀 𐘸 𐘠 𐘂 𐙂 𐄁 𐘝 𐘱 𐘯 𐄁 𐘶 𐙂 𐘅 𐘂 𐙂 𐘯 𐘉 𐝫 𐘚 𐙀 𐄁,*34 TI RI A DI DA KI TI PA KU 𐄁 NI JA NU 𐄁 JU KU NA PA KU NU U I ZU 𐄁 𐄁,26,0,0,0,,,𐄁 JU KU NA PA,NU U I ZU 𐄁,,,,59,no,,unknown,category 'domestic' — no specific plausibility criteria,approximate match (levenshtein=1)
θύμος,thymos,thyme,tʰum,flora,TUUMU,TUUNA,1,1,1565,SYZa2,Syme,stone,LMI,0.05,41.5,,SUMATU,religious,stone vessel,𐘇 𐘳 𐘚 𐙕 𐘮 𐘱 𐄁 𐘱 𐘲 𐙁 𐘹 𐙋 𐄇 𐘉 𐘅 𐘾 𐘅 𐘤 𐙖 𐘇 𐘱,A TA I *301 WA JA 𐄁 JA SU MA TU OLIV 1 U NA KA NA SI OLE A JA,21,0,0,0,,,JA 𐄁 JA SU MA,OLIV 1 U NA KA,,,,12,no,,unknown,category 'flora' — no specific plausibility criteria,approximate match (levenshtein=1); text: religious
ὀρίγανον,origanon,oregano,orig,flora,ORIKU,DARIKU,1,1,1224,KH92,Khania,clay,Uncertain,0.05,41.5,,DA*21FRI,administrative,tablet (page-shaped),𐘇 𐘀 𐘐 𐘭 𐙂 𐘝 𐘃 𐄐 𐝫 𐝫 𐘅 𐘸 𐄇 𐝫 𐝫 𐝫,A DA *21F RI KU NI TE 10 ? KI 1 𐝫 ? 𐝫 𐝫 𐝫,16,0,0,0,,,A,*21F RI KU NI TE,,,,226,no,,unknown,category 'flora' — no specific plausibility criteria,approximate match (levenshtein=1); text: administrative
σέλινον,selinon,celery,selin,flora,SERINU,SERI,1,1,101,HT81,Haghia Triada - Villa Magazine,clay,LM IB,0.05,41.5,,SE𐄁,administrative,tablet (page-shaped),𐘇 𐘈 𐄁 𐛚 𐄁 𐝅 𐝫 𐝫 𐘭 𐘲 𐙁 𐝋 𐘸 𐝫 𐝫,A SE 𐄁 MI+JA+RU 𐄁 ≈ ¹⁄₆ RI SU MA 𐝋 ? ? 𐝫 𐝫,15,3,0,0,MI+JA+RU; 𐛚; ≈; 𐝅; 𐝋,,A,𐄁 MI+JA+RU 𐄁 ≈ ¹⁄₆,,,,96,no,,unknown,category 'flora' — no specific plausibility criteria,approximate match (levenshtein=1); 3 logogram(s) present; text: administrative
σέλινον,selinon,celery,selin,flora,SERINU,SENU,1,1,1624,ZA15a,Zakros,stone,Uncertain,0.05,41.5,,TINISA,religious,stone vessel,𐘨 𐙂 𐘅 𐘞 𐙍 𐘿 𐘤 𐙀 𐘡 𐄔 𐄍 𐘚 𐘠 𐘝 𐘞 𐄐 𐘋 𐙍 𐘻 𐘍 𐘈 𐄉 𐘛 𐘯 𐙁 𐘙 𐄌 𐘤 𐘢 𐘸 𐄈 𐝆 𐘱 𐘞 𐘕 𐄋 𐘞 𐘻 𐘀 𐘡 𐄊 𐚗 𐘥 𐙁 𐘈 𐄋,*47 KU NA SA VIN QE SI ZU E 57 ? TI NI SA 10 ? VIN ? ZA SE 3 ? NU MA RE 6 ? PI KI 2 ¹⁄₂ ? SA MU 5 ? MI DA E 4 ? KE MA SE 5 𐄋,46,2,0,0,𐝆; KE; 𐚗,,"10 
 VIN 
 ZA","3 
 NU MA RE",,,,53,no,,unknown,category 'flora' — no specific plausibility criteria,approximate match (levenshtein=1); 2 logogram(s) present; text: religious
σέλινον,selinon,celery,selin,flora,SERINU,SENU,1,1,1676,CR(?)Zf1,Crete,metal,Uncertain,0.05,41.5,,𐄁QAKI,religious,metal object,𐘇 𐙁 𐘮 𐘤 𐄁 𐘾 𐘝 𐘱 𐘻 𐄁 𐘚 𐘱 𐄁 𐘌 𐘸 𐘈 𐘯 𐘠 𐄁 𐘇 𐘳 𐘦,A MA WA SI 𐄁 KA NI JA MI 𐄁 I JA 𐄁 QA KI SE NU TI 𐄁 A TA DE,22,0,0,0,,,I JA 𐄁 QA KI,NU TI 𐄁 A TA,,,,4,no,,unknown,category 'flora' — no specific plausibility criteria,approximate match (levenshtein=1); text: religious
ῥάκος,rhakos,rag/leaf,wrak,flora,WARAKU,RAKU,1,1,110,HT89,Haghia Triada - Casa Room 7,clay,LM IB,0.05,36.5,,𐄁*30523,administrative,tablet (page-shaped),𐘇 𐘞 𐘽 𐄁 𐙛 𐄁 𐙙 𐄑 𐄉 𐛕 𐄑 𐄈 𐙁 𐘚 𐘻 𐄑 𐄊 𐛩 𐄐 𐄉 𐘳 𐘴 𐄋 𐙂 𐘁 𐄗 𐄍 𐙗 𐄈 𐝕 𐘝 𐄈 𐝃 𐙍 𐄌 𐝫,A SA RA₂ 𐄁 *307 𐄁 *305 23 ? 22 ? MA MI 24 ? VIR+*313a 13 TA RA 5 KU RO 87 CYP 2 ³⁄₄ ? 2 ¹⁄₄ ? 6 𐄈 vase ka 𐄌 𐝫,36,4,0,0,22; 𐛕; TA; 𐛩; 𐝕; vase; 𐝃,,"24 
 VIR+*313a 13 TA",5 KU RO 87 CYP,,,,42,no,,unknown,category 'flora' — no specific plausibility criteria,approximate match (levenshtein=1); 4 logogram(s) present; text: administrative
ῥάκος,rhakos,rag/leaf,wrak,flora,WARAKU,RAKU,1,1,120,HT96a,Haghia Triada - Casa Room 7,clay,LM IB,0.05,36.5,,GRA5RU,administrative,tablet (page-shaped),𐘚 𐘠 𐘠 𐙂 𐘝 𐄁 𐘇 𐘂 𐘴 𐘗 𐄁 𐘇 𐙌 𐘃 𐄁 𐘤 𐘻 𐘳 𐙉 𐄋 𐘘 𐘞 𐄊 𐙯 𐙩 𐄇 𐘢 𐘳 𐘴 𐄁 𐄇 𐙯 𐚄 𐄇 — 𐝫 𐙂 𐙁 𐘁 𐄁 𐄁 𐘃 𐘝 𐄑 𐝫 𐘝 𐄈 — 𐝫,I TI TI KU NI 𐄁 A PA RA NE 𐄁 A AROM TE 𐄁 SI MI TA GRA 5 RU SA 4 *323 *317 1 PI TA RA 𐄁 1 *323 *344 1 — KU MA RO 𐄁 𐄁 TE NI 20 ? 2 ? — 𐝫 𐝫,49,0,0,0,,,KU NI 𐄁 A PA,NE 𐄁 A AROM TE,,,,42,no,,unknown,category 'flora' — no specific plausibility criteria,approximate match (levenshtein=1); text: administrative
ῥάκος,rhakos,rag/leaf,wrak,flora,WARAKU,RAKU,1,1,1573,SYZa10,Syme,stone,LM IA,0.05,36.5,,RAKU,religious,stone vessel,𐘌 𐘞 𐘴 𐙂,QA SA RA KU,4,0,0,0,,,QA SA,KU,,,,12,no,,unknown,category 'flora' — no specific plausibility criteria,approximate match (levenshtein=1); text: religious
βαλάνιον,balanion,acorn,balani,flora,PARANI,PARAJA,1,1,1572,SYZa9,Syme,stone,LM IA,0.05,36.5,,PARAJA,religious,stone vessel,𐘱 𐘂 𐘴 𐘱 𐘈,JA PA RA JA SE,5,0,0,0,,,JA,RA JA SE,,,,12,no,,unknown,category 'flora' — no specific plausibility criteria,approximate match (levenshtein=1); text: religious
βαλάνιον,balanion,acorn,balani,flora,PARANI,PAKUNI,1,1,1398,KNZc6,Knossos,,Uncertain,0.05,36.5,,TIPAKU,unknown,Inked inscription,𐘟 𐘠 𐘭 𐘇 𐘆 𐘀 𐘸 𐘠 𐘂 𐙂 𐄁 𐘝 𐘱 𐘯 𐄁 𐘶 𐙂 𐘅 𐘂 𐙂 𐘯 𐘉 𐝫 𐘚 𐙀 𐄁,*34 TI RI A DI DA KI TI PA KU 𐄁 NI JA NU 𐄁 JU KU NA PA KU NU U I ZU 𐄁 𐄁,26,0,0,0,,,A DI DA KI TI,KU 𐄁 NI JA NU,,,,59,no,,unknown,category 'flora' — no specific plausibility criteria,approximate match (levenshtein=1)
βαλάνιον,balanion,acorn,balani,flora,PARANI,PARATU,1,1,168,HT128a,Haghia Triada - Casa del Lebete,clay,LM IB,0.05,36.5,,*326𐄁PA,administrative,tablet (page-shaped),𐙲 𐄁 𐘂 𐘴 𐘹 𐘘 𐘯 𐘈 𐘋 𐙉 𐝫 𐄐 𐘮 𐘹 𐙁 𐘙 𐛲 𐄐 𐄈 𐝫 𐝫 𐘻 𐘳 𐛭 𐝆 𐝫 𐛲 𐄌 𐘆 𐝫 𐛲 𐄊 𐙁 𐘭 𐝫 𐝫,"*326 𐄁 PA RA TU RU NU SE ME GRA 10 ? TU MA RE GRA+KU 12 ? MI TA ¹⁄₂ ? GRA+KU 6 ? DI GRA+KU 4 MA RI 𐝫 𐄊 ju? ?,de? 𐝫 𐝫",36,2,0,3,6; 𐛭; 𐝆,12; GRA+KU; 𐝫,*326 𐄁,RA TU RU NU SE,,,,38,no,,unknown,category 'flora' — no specific plausibility criteria,approximate match (levenshtein=1); 2 logogram(s) present; text: administrative
βαλάνιον,balanion,acorn,balani,flora,PARANI,PARANE,1,1,120,HT96a,Haghia Triada - Casa Room 7,clay,LM IB,0.05,36.5,,APARA,administrative,tablet (page-shaped),𐘚 𐘠 𐘠 𐙂 𐘝 𐄁 𐘇 𐘂 𐘴 𐘗 𐄁 𐘇 𐙌 𐘃 𐄁 𐘤 𐘻 𐘳 𐙉 𐄋 𐘘 𐘞 𐄊 𐙯 𐙩 𐄇 𐘢 𐘳 𐘴 𐄁 𐄇 𐙯 𐚄 𐄇 — 𐝫 𐙂 𐙁 𐘁 𐄁 𐄁 𐘃 𐘝 𐄑 𐝫 𐘝 𐄈 — 𐝫,I TI TI KU NI 𐄁 A PA RA NE 𐄁 A AROM TE 𐄁 SI MI TA GRA 5 RU SA 4 *323 *317 1 PI TA RA 𐄁 1 *323 *344 1 — KU MA RO 𐄁 𐄁 TE NI 20 ? 2 ? — 𐝫 𐝫,49,0,0,0,,,TI KU NI 𐄁 A,RA NE 𐄁 A AROM,,,,42,no,,unknown,category 'flora' — no specific plausibility criteria,approximate match (levenshtein=1); text: administrative
βαλάνιον,balanion,acorn,balani,flora,PARANI,PARANE,1,1,121,HT96b,Haghia Triada - Casa Room 7,clay,LM IB,0.05,36.5,,PARANE,administrative,tablet (page-shaped),𐘇 𐘂 𐘴 𐘗 𐄁 𐘌 𐙈 𐘴 𐘙 𐄁 𐛀 𐄁 𐙉 𐄁 𐄓 𐝕 𐜋 𐄊 𐘝 𐄈 𐝇 𐝫,A PA RA NE 𐄁 QA *118 RA RE 𐄁 *516 𐄁 GRA 𐄁 40 ³⁄₄ OLE+U 4 NI 2 ¹⁄₁₆ 𐝫,22,3,0,1,*516; 𐛀; ³⁄₄; 𐝕; ¹⁄₁₆; 𐝇,OLE+U,A,RA NE 𐄁 QA *118,,,,42,no,,unknown,category 'flora' — no specific plausibility criteria,approximate match (levenshtein=1); 3 logogram(s) present; text: administrative
βαλάνιον,balanion,acorn,balani,flora,PARANI,PARANE,1,1,148,HT115a,Haghia Triada - Casa Room 9,clay,LM IB,0.05,36.5,,*21FNEMI,administrative,tablet (page-shaped),𐘨 𐘯 𐘴 𐘱 𐄁 𐘚 𐄁 𐛯 𐘭 𐘳 𐙁 𐘯 𐘣 𐄈 𐙕 𐘉 𐘴 𐘅 𐘐 𐘗 𐘻 𐘅 𐄇 𐘈 𐙂 𐘹 𐝆 𐘂 𐘴 𐘗 𐄇 𐘇 𐘈 𐘱 𐝂 𐝂 𐝂 𐝂 𐘾 𐘊 𐘘 𐄇 𐘭 𐘲 𐙁 𐝫 𐘲 𐄈 𐝂 𐝫 𐝫,*47 NU RA JA 𐄁 I 𐄁 GRA+BOSm RI TA MA NU WI 2 *301 U RA NA *21F NE MI NA 1 SE KU TU ¹⁄₂ PA RA NE 1 A SE JA 𐝂𐝂𐝂𐝂 ? KA PO 1 ? RI SU ? SU 2 ¹⁄₅ 𐝫 𐄈 vase 𐝫 𐝫,51,7,0,0,GRA+BOSm; 𐛯; ¹⁄₂; 𐝆; 𐝂𐝂𐝂𐝂; 𐝂; KA; PO; vase,,1 SE KU TU ¹⁄₂,RA NE 1 A SE,,,,16,no,,unknown,category 'flora' — no specific plausibility criteria,approximate match (levenshtein=1); 7 logogram(s) present; text: administrative
βαλάνιον,balanion,acorn,balani,flora,PARANI,PARANE,1,1,149,HT115b,Haghia Triada - Casa Room 9,clay,LM IB,0.05,36.5,,𐄁PARA,administrative,tablet (page-shaped),𐝫 𐘘 𐄁 𐘂 𐘴 𐘗 𐝆 𐘠 𐘯 𐘱 𐄁 𐘯 𐘣 𐄁 𐙉 𐝆 𐘬 𐘰 𐘅 𐄇 𐙂 𐘘 𐙁 𐄁 𐘚 𐝆 𐙚 𐘹 𐘱 𐄇 𐘇 𐘚 𐝫 𐄇 𐜞 𐄇 𐙂 𐘳 𐝫,RU 𐄁 PA RA NE ¹⁄₂ ? NU JA 𐄁 NU WI 𐄁 GRA ¹⁄₂ ? PA₃ NA 1 ? RU MA 𐄁 I ¹⁄₂ ? TU JA 1 ? I 1 ? *306+MI ? KU ta? du? 𐝫,39,4,0,0,𐝆; 𐜞,,RU 𐄁,"RA NE ¹⁄₂ 
 NU",,,,16,no,,unknown,category 'flora' — no specific plausibility criteria,approximate match (levenshtein=1); 4 logogram(s) present; text: administrative
βαλάνιον,balanion,acorn,balani,flora,PARANI,PADANI,1,1,1212,KH79+89,Khania,clay,Uncertain,0.05,36.5,,ARA,administrative,tablet (page-shaped),𐝫 𐘻 𐘅 𐝫 𐝫 𐘂 𐘳 𐄁 𐘇 𐘴 𐝫 𐝫 𐘂 𐘀 𐘝 𐝫,MI NA ? PA 𐄁 A RA ? PA DA NI 𐝫 pa da pu 𐝫,16,0,0,0,,,"PA 𐄁 A RA 
",DA NI 𐝫 pa da,,,,226,no,,unknown,category 'flora' — no specific plausibility criteria,approximate match (levenshtein=1); text: administrative
δαῦκον,daukon,carrot,dauk,flora,DAUKU,DAUDU,1,1,1616,ZA10a,Zakros,stone,Uncertain,0.05,41.5,,TANA,religious,stone vessel,𐘳 𐘅 𐘃 𐄈 𐘂 𐝫 𐄇 𐘇 𐙂 𐘻 𐘅 𐄇 𐘇 𐘳 𐘅 𐘃 𐄇 𐘇 𐘻 𐘀 𐘉 𐄇 𐘇 𐘬 𐙂 𐘻 𐘅 𐄇 𐘀 𐘚 𐘢 𐘳 𐄇 𐘬 𐘙 𐘍 𐘈 𐄈,TA NA TE 2 PA 1 ? KU MI NA 1 ? TA NA TE 1 ? MI DA U 1 ? DU KU MI NA 1 ? I PI TA 1 ? RE ZA SE 2 𐄈,38,0,0,0,,,"NA TE 1 
 MI","U 1 
 DU KU",,,,53,no,,unknown,category 'flora' — no specific plausibility criteria,approximate match (levenshtein=1); text: religious
δαῦκον,daukon,carrot,dauk,flora,DAUKU,DAROKU,1,1,158,HT122a,Haghia Triada - Casa del Lebete,clay,LM IB,0.05,41.5,,RE1*324,administrative,tablet (page-shaped),𐝫 𐘴 𐘭 𐄁 𐘉 𐘦 𐘍 𐄈 𐝫 𐝫 𐄈 𐘀 𐘤 𐙈 𐄈 𐘂 𐝫 𐄁 𐝫 𐘆 𐄇 𐘃 𐘸 𐄈 𐘌 𐙠 𐘚 𐄉 𐘱 𐘻 𐘀 𐘙 𐄇 𐘤 𐘀 𐘙 𐄇 𐙰 𐘆 𐘴 𐄇 𐘂 𐘦 𐄇 𐙂 𐘰 𐘯 𐄇 𐘂 𐘳 𐘗 𐄇 𐙚 𐘹 𐄇 𐝫 𐘬 𐄇 𐙂 𐘰 𐘯 𐄇 𐘀 𐘭 𐘀 𐄇 𐙂 𐘁 𐄒 𐄇 𐙂 𐘀 𐄇,RA RI 𐄁 U DE ZA 2 ? 2 DA SI 2 ? PA 𐄁 DI 1 ? KI 2 ? *310 I 3 JA MI DA RE ? SI DA RE 1 *324 DI RA 1 PA DE 1 ? PA₃ NU 1 PA TA NE 1 *306 TU 1 ? 1 ? KU NU 1 ? RI DA 1 ? RO 31 ? KU 1 ro 𐄒 𐄇 ta? da 𐄇,73,0,0,0,,,"DE ZA 2 
 2","SI 2 
 PA 𐄁",,,,38,no,,unknown,category 'flora' — no specific plausibility criteria,approximate match (levenshtein=1); text: administrative
δαῦκον,daukon,carrot,dauk,flora,DAUKU,DARIKU,1,1,1224,KH92,Khania,clay,Uncertain,0.05,41.5,,DA*21FRI,administrative,tablet (page-shaped),𐘇 𐘀 𐘐 𐘭 𐙂 𐘝 𐘃 𐄐 𐝫 𐝫 𐘅 𐘸 𐄇 𐝫 𐝫 𐝫,A DA *21F RI KU NI TE 10 ? KI 1 𐝫 ? 𐝫 𐝫 𐝫,16,0,0,0,,,A,*21F RI KU NI TE,,,,226,no,,unknown,category 'flora' — no specific plausibility criteria,approximate match (levenshtein=1); text: administrative
δαῦκον,daukon,carrot,dauk,flora,DAUKU,DAREKU,1,1,104,HT85a,Haghia Triada - Casa Room 7,clay,LM IB,0.05,41.5,,12U,administrative,tablet (page-shaped),𐘇 𐘬 𐄁 𐜠 𐄁 𐙇 𐄁 𐘀 𐘭 𐘀 𐄐 𐄈 𐘰 𐘝 𐄐 𐄈 𐘉 𐙱 𐘍 𐄌 𐘀 𐘤 𐙈 𐄑 𐄊 𐙂 𐙀 𐘝 𐄋 𐘃 𐘥 𐄉 𐘀 𐘙 𐄊 𐙂 𐘁 𐝫 𐝫 𐄕 𐄌,A DU 𐄁 *307+*387 𐄁 VIR+[?] 𐄁 DA RI DA 12 ? NI 12 ? U ZA 6 ? DA *118 24 ? KU ZU 5 ? TE KE ? DA RE ? KU RO ta? ro 𐝫 𐝫 𐄕 𐄌,41,1,0,0,*307+*387; 𐜠,,𐄁 *307+*387 𐄁 VIR+[?] 𐄁,"RI DA 12 
 NI",,,,42,no,,unknown,category 'flora' — no specific plausibility criteria,approximate match (levenshtein=1); 1 logogram(s) present; text: administrative
δαῦκον,daukon,carrot,dauk,flora,DAUKU,DAREKU,1,1,152,HT117a,Haghia Triada - Casa Room 9,clay,LM IB,0.05,41.5,,1MIRU,administrative,tablet (page-shaped),𐙁 𐘾 𐘭 𐘃 𐄁 𐘸 𐘁 𐄁 𐘉 𐘻 𐘅 𐘤 𐄁 𐘉 𐘲 𐄇 𐘻 𐘹 𐄇 𐙂 𐘴 𐘕 𐄇 𐙁 𐘘 𐄇 𐙂 𐘰 𐘯 𐄇 𐘹 𐘶 𐙁 𐄇 𐘉 𐘆 𐘻 𐄇 𐘻 𐘘 𐘳 𐘴 𐘙 𐄇 𐘃 𐘱 𐘙 𐄇 𐘅 𐘀 𐘙 𐄇 𐙂 𐘁 𐄐 — 𐘞 𐘳 𐄁 𐙂 𐙂 𐘀 𐘴 𐄇 𐘺 𐘞 𐘚 𐘠 𐄇 𐘀 𐘻 𐘯 𐄇 𐘀 𐘗 𐙂 𐘠 𐄇 𐘸 𐘀 𐘁 𐄇,MA KA RI TE 𐄁 KI RO 𐄁 U MI NA SI 𐄁 U SU 1 MI TU 1 KU RA MU 1 MA RU 1 KU PA₃ NU 1 TU JU MA 1 U DI MI 1 MI RU TA RA RE 1 TE JA RE 1 NA DA RE 1 KU RO 10 — SA TA 𐄁 KU KU DA RA 1 KO SA I TI 1 DA MI NU 1 DA NE KU TI 1 KI DA RO 1,82,0,0,0,,,TE JA RE 1 NA,RE 1 KU RO 10,,,,16,no,,unknown,category 'flora' — no specific plausibility criteria,approximate match (levenshtein=1); text: administrative
δαῦκον,daukon,carrot,dauk,flora,DAUKU,DAREKU,1,1,1628,ZA18a,Zakros,stone,Uncertain,0.05,41.5,,DAREKU,religious,stone vessel,𐘀 𐘙 𐙂 𐝫 𐄁 𐙂 𐙭 𐄁 𐛭 𐄈 𐝂 𐝂 𐙉 𐝫 𐄈 𐝂 𐝂 𐜓 𐝁 𐝁 𐙋 𐝃 𐝫,DA RE KU 𐄁 ? *321 𐄁 GRA+PA 2 double mina ? 2 double mina ? OLE+KI ? OLIV ¹⁄₄ 𐝫 vase 𐝫,23,8,0,0,2; 𐛭; mina; 𐝂; OLE+KI; OLIV; 𐝁; ¹⁄₄; vase; 𐝃,,,"RE KU 𐄁 
 *321",,,,53,no,,unknown,category 'flora' — no specific plausibility criteria,approximate match (levenshtein=1); 8 logogram(s) present; text: religious
δαῦκον,daukon,carrot,dauk,flora,DAUKU,DAKU,1,1,131,HT103,Haghia Triada - Casa Room 7,clay,LM IB,0.05,41.5,,40PA₃DA,administrative,tablet (page-shaped),𐘉 𐘷 𐄁 𐘝 𐄓 𐘰 𐘀 𐙂 𐘈 𐘗 𐝫 𐝫 𐄌 𐝆 𐙓 𐄐 𐄉 𐘀 𐙂 𐘅 𐄇 𐘀 𐙂 𐘈 𐘗 𐄇 𐘸 𐘴 𐄋 𐝆,U TA₂ 𐄁 NI 40 PA₃ DA KU SE NE 6 ¹⁄₂ ? *188 ? DA KU 1 ? DA KU NE 1 ? KI RA ¹⁄₂ ? 𐄋 vase,30,2,0,0,*188; 𐝆; vase,,TA₂ 𐄁 NI 40 PA₃,KU SE NE 6 ¹⁄₂,,,,42,no,,unknown,category 'flora' — no specific plausibility criteria,approximate match (levenshtein=1); 2 logogram(s) present; text: administrative
δαῦκον,daukon,carrot,dauk,flora,DAUKU,DAKU,1,1,132,HT104,Haghia Triada - Casa Room 7,clay,LM IB,0.05,41.5,,𐄁𐄁,administrative,tablet (page-shaped),𐘳 𐘂 𐄁 𐚷 𐄁 𐘀 𐙂 𐘈 𐘗 𐘠 𐄓 𐄋 𐝆 𐘚 𐘬 𐘠 𐄑 𐝆 𐘂 𐘀 𐘲 𐘠 𐄑 𐄏 𐙂 𐘁 𐄘 𐄋,TA PA 𐄁 TE+RO[ 𐄁 DA KU SE NE TI 45 ¹⁄₂ ? DU TI 20 ¹⁄₂ ? DA SU TI 29 ? KU 95 ro 𐄘 𐄋,28,3,0,0,TE+RO[; 𐚷; 𐝆,,TA PA 𐄁 TE+RO[ 𐄁,KU SE NE TI 45,,,,42,no,,unknown,category 'flora' — no specific plausibility criteria,approximate match (levenshtein=1); 3 logogram(s) present; text: administrative
δαῦκον,daukon,carrot,dauk,flora,DAUKU,DAKU,1,1,1504,PH(?)31a,Phaistos,clay,Uncertain,0.05,41.5,,*22FNE,administrative,tablet (page-shaped),𐝫 𐝫 𐘇 𐝫 𐝫 𐘘 𐚾 𐄇 𐙁 𐘆 𐘑 𐄇 𐘓 𐝫 𐄁 𐝫 𐘗 𐄇 𐙂 𐘰 𐘯 𐙄 𐘤 𐘙 𐄇 𐘂 𐘳 𐘀 𐝫 𐝫 𐄇 𐙂 𐘁 𐚾 𐄇 𐘑 𐄋 𐘐 𐄉 𐝫,𐝫 A ? RU 1 ? MA DI 1 ? *22F ? NE 1 KU PA₃ NU AU RE 1 ? PA TA DA 1 KU RO CAPm+KU 1 ? *21M ? *21F 3 𐄇 zo 𐄋 za 𐄉 𐝫,40,2,0,0,MA; 𐚾; 3,,"RE 1 
 PA TA",1 KU RO CAPm+KU 1,,,,66,no,,agriculture (grain),category 'flora' — no specific plausibility criteria,approximate match (levenshtein=1); 2 logogram(s) present; text: administrative
δαῦκον,daukon,carrot,dauk,flora,DAUKU,DAKU,1,1,1560,SEZf1,Selakanos,metal,Uncertain,0.05,41.5,,DAKU,religious,metal object,𐘀 𐙂,DA KU,2,0,0,0,,,,KU,,,,1,no,,unknown,category 'flora' — no specific plausibility criteria,approximate match (levenshtein=1); text: religious
δαῦκον,daukon,carrot,dauk,flora,DAUKU,DAUTI,1,1,1118,IOZa11,Iouktas,stone,Uncertain,0.05,41.5,,DADA𐄁,religious,stone vessel,𐝫 𐘅 𐝫 𐄁 𐝫 𐘀 𐘀 𐝫 𐄁 𐝫 𐘉 𐘠 𐘯 𐄁 𐘚 𐘅 𐘚 𐘀 𐝫,NA 𐄁 DA DA 𐄁 ? U TI NU I NA I DA 𐄁 ru na ru da 𐝫,19,0,0,0,,,NA 𐄁,"DA 𐄁 
 U TI",,,,16,no,,unknown,category 'flora' — no specific plausibility criteria,approximate match (levenshtein=1); text: religious
δαῦκον,daukon,carrot,dauk,flora,DAUKU,DAUSE,1,1,1708,LACHZa1,Larani,stone,Uncertain,0.05,41.5,,RIDAU,religious,stone vessel,𐘻 𐄁 𐘭 𐘀 𐘉 𐄁 𐘈 𐝕,MI 𐄁 RI DA U 𐄁 SE JE,8,1,0,0,JE; 𐝕,,MI 𐄁 RI,U 𐄁 SE JE,,,,2,no,,unknown,category 'flora' — no specific plausibility criteria,approximate match (levenshtein=1); 1 logogram(s) present; text: religious
δαῦκον,daukon,carrot,dauk,flora,DAUKU,DAKIKU,1,1,37,HT27a,Haghia Triada - Villa Magazine,clay,LM IB,0.05,41.5,,5051,administrative,tablet (page-shaped),𐘠 𐘝 𐘳 𐄁 𐙛 𐄁 𐙇 𐄘 𐝫 𐄔 𐙅 𐄔 𐄇 𐘙 𐄑 𐝫 𐘚 𐘻 𐘞 𐘴 𐄓 𐄉 𐝫 𐘿 𐄑 𐄇 𐘸 𐘀 𐝫 𐝫 𐘸 𐙠 𐄁 𐙂 𐙙 𐝫 𐝫 𐘞 𐘴 𐘆 𐄋 𐙇 𐄓 𐄈 𐙂 𐘁 𐄛 𐄒 𐄋 𐙗 𐄏 𐝕 𐝁 𐘝 𐄐 𐝁 𐙍 𐄍,TI NI TA 𐄁 *307 𐄁 VIR+[?] 90 50 ? 51 ? RE ? I SA RA 43 ? QE 21 ? DA ? KI *310 KU *305 ? RA DI 5 ? VIR+[?] 42 ? RO 335 ? CYP 9 ? NI 10 ? VIN 7 𐄒 𐄋 ? 𐄏 [?] vase pu 𐄐 vase ka 𐄍,58,3,0,0,[?]; 𐝕; vase; 𐝁; vase,,"43 
 QE 21 
","
 KI *310 KU *305",,,,96,no,,unknown,category 'flora' — no specific plausibility criteria,approximate match (levenshtein=1); 3 logogram(s) present; text: administrative
δαῦκον,daukon,carrot,dauk,flora,DAUKU,DATEKU,1,1,1665,ARKH2,Arkhalkhori,clay,LM IB,0.05,41.5,,DATEKU,administrative,tablet (page-shaped),𐘤 𐘀 𐘃 𐙂 𐘴 𐙎 𐄋 𐘇 𐘤 𐘀 𐘄 𐘚 𐄐 𐄈 𐙀 𐙕 𐘈 𐘦 𐘐 𐙈 𐄌 𐘇 𐘲 𐘫 𐘮 𐄊 𐘘 𐘻 𐝫 𐝫,SI DA TE KU RA *131B 5 A SI DA TO I 12 ? *301 SE DE *21F *118 6 ? SU PU WA 4 ? MI ? 𐝫 𐝫,30,0,0,0,,,SI,TE KU RA *131B 5,,,,15,no,,unknown,category 'flora' — no specific plausibility criteria,approximate match (levenshtein=1); text: administrative
δαῦκον,daukon,carrot,dauk,flora,DAUKU,DATAKU,1,1,52,HT40,Haghia Triada - Villa Magazine,clay,LM IB,0.05,41.5,,𐄁TE𐄁,administrative,tablet (page-shaped),𐘯 𐘬 𐙷 𐄁 𐘃 𐄁 𐙉 𐄚 𐄍 𐘸 𐘀 𐘳 𐄁 𐙉 𐝫 𐄙 𐄒 𐄊 𐙂 𐘁 𐝫 𐙂 𐝫 𐝫,NU DU *331 𐄁 TE 𐄁 GRA 207 ? DA TA 𐄁 GRA 134 ? KU RO ? ? 𐝫 𐝫 ta? 𐝫 𐝫,24,0,0,0,,,"TE 𐄁 GRA 207 
","TA 𐄁 GRA 134 
",,,,96,no,,unknown,category 'flora' — no specific plausibility criteria,approximate match (levenshtein=1); text: administrative
κύμινον,kyminon,cumin,kumin,flora,KUMINU,KUMI,1,1,75,HT54a,Haghia Triada - Villa Magazine,clay,LM IB,0.05,41.5,,𐝫𐝫KU,administrative,tablet (page-shaped),𐝫 𐝫 𐝫 𐙂 𐘻 𐘅 𐘿 𐝫 𐝫 𐘸 𐘻 𐘽 𐝫 𐝫,𐝫 𐝫 KU MI NA QE ? KI RA₂ ? 𐝫 ? 𐝫 𐝫,14,0,0,0,,,𐝫 𐝫,"MI NA QE 
 KI",,,,96,no,,unknown,category 'flora' — no specific plausibility criteria,approximate match (levenshtein=1); text: administrative
κύμινον,kyminon,cumin,kumin,flora,KUMINU,KUMI,1,1,138,HT110a,Haghia Triada - Casa Room 7,clay,LM IB,0.05,41.5,,*34KUMI,administrative,tablet (page-shaped),𐘤 𐘬 𐘟 𐙂 𐘻 𐜚 𐄑 𐙂 𐘂 𐄇 𐙂 𐘁 𐄙 𐝫 𐝫 𐘝 𐄐 𐄋 𐝫 𐝫 𐄕,SI DU *34 KU MI CYP+E 20 KU PA 1 KU RO 100 ? 15 ? 60 𐄋 𐝫 𐝫 𐄕,21,0,0,0,,CYP+E,SI DU *34,MI CYP+E 20 KU PA,,,,42,no,,unknown,category 'flora' — no specific plausibility criteria,approximate match (levenshtein=1); text: administrative
κύμινον,kyminon,cumin,kumin,flora,KUMINU,KUMI,1,1,1078,HTWc3014,Haghia Triada,clay,LM IB,0.05,41.5,,KUMINA,administrative,roundel,𐙂 𐘻 𐘅 𐘿 𐄁 𐘒,KU MI NA QE 𐄁 CAP,6,0,0,0,,,,MI NA QE 𐄁 CAP,,,,49,no,,unknown,category 'flora' — no specific plausibility criteria,approximate match (levenshtein=1); text: administrative
κύμινον,kyminon,cumin,kumin,flora,KUMINU,KUMI,1,1,1616,ZA10a,Zakros,stone,Uncertain,0.05,41.5,,PA1,religious,stone vessel,𐘳 𐘅 𐘃 𐄈 𐘂 𐝫 𐄇 𐘇 𐙂 𐘻 𐘅 𐄇 𐘇 𐘳 𐘅 𐘃 𐄇 𐘇 𐘻 𐘀 𐘉 𐄇 𐘇 𐘬 𐙂 𐘻 𐘅 𐄇 𐘀 𐘚 𐘢 𐘳 𐄇 𐘬 𐘙 𐘍 𐘈 𐄈,TA NA TE 2 PA 1 ? KU MI NA 1 ? TA NA TE 1 ? MI DA U 1 ? DU KU MI NA 1 ? I PI TA 1 ? RE ZA SE 2 𐄈,38,0,0,0,,,"TE 2 PA 1 
","MI NA 1 
 TA",,,,53,no,,unknown,category 'flora' — no specific plausibility criteria,approximate match (levenshtein=1); text: religious
κύμινον,kyminon,cumin,kumin,flora,KUMINU,KUPA₃NU,1,1,109,HT88,Haghia Triada - Casa Room 7,clay,LM IB,0.05,41.5,,𐄁KUPA₃,administrative,tablet (page-shaped),𐘇 𐘬 𐛧 𐄑 𐘙 𐘍 𐄌 𐘝 𐄁 𐘸 𐘸 𐘅 𐄍 𐘸 𐘁 𐄁 𐙂 𐘰 𐘰 𐄇 𐘾 𐘶 𐄇 𐙂 𐘰 𐘯 𐄇 𐘂 𐘱 𐘙 𐄇 𐘞 𐙁 𐘁 𐄇 𐘀 𐘳 𐘙 𐄇 𐙂 𐘁 𐄌,A DU VIR+KA 20 RE ZA 6 NI 𐄁 KI KI NA 7 KI RO 𐄁 KU PA₃ PA₃ 1 KA JU 1 KU PA₃ NU 1 PA JA RE 1 SA MA RO 1 DA TA RE 1 KU RO 6,42,1,0,0,VIR+KA; 𐛧,,PA₃ 1 KA JU 1,PA₃ NU 1 PA JA,,,,42,no,,unknown,category 'flora' — no specific plausibility criteria,approximate match (levenshtein=1); 1 logogram(s) present; text: administrative
κύμινον,kyminon,cumin,kumin,flora,KUMINU,KUPA₃NU,1,1,152,HT117a,Haghia Triada - Casa Room 9,clay,LM IB,0.05,41.5,,KURAMU,administrative,tablet (page-shaped),𐙁 𐘾 𐘭 𐘃 𐄁 𐘸 𐘁 𐄁 𐘉 𐘻 𐘅 𐘤 𐄁 𐘉 𐘲 𐄇 𐘻 𐘹 𐄇 𐙂 𐘴 𐘕 𐄇 𐙁 𐘘 𐄇 𐙂 𐘰 𐘯 𐄇 𐘹 𐘶 𐙁 𐄇 𐘉 𐘆 𐘻 𐄇 𐘻 𐘘 𐘳 𐘴 𐘙 𐄇 𐘃 𐘱 𐘙 𐄇 𐘅 𐘀 𐘙 𐄇 𐙂 𐘁 𐄐 — 𐘞 𐘳 𐄁 𐙂 𐙂 𐘀 𐘴 𐄇 𐘺 𐘞 𐘚 𐘠 𐄇 𐘀 𐘻 𐘯 𐄇 𐘀 𐘗 𐙂 𐘠 𐄇 𐘸 𐘀 𐘁 𐄇,MA KA RI TE 𐄁 KI RO 𐄁 U MI NA SI 𐄁 U SU 1 MI TU 1 KU RA MU 1 MA RU 1 KU PA₃ NU 1 TU JU MA 1 U DI MI 1 MI RU TA RA RE 1 TE JA RE 1 NA DA RE 1 KU RO 10 — SA TA 𐄁 KU KU DA RA 1 KO SA I TI 1 DA MI NU 1 DA NE KU TI 1 KI DA RO 1,82,0,0,0,,,MU 1 MA RU 1,PA₃ NU 1 TU JU,,,,16,no,,unknown,category 'flora' — no specific plausibility criteria,approximate match (levenshtein=1); text: administrative
κύμινον,kyminon,cumin,kumin,flora,KUMINU,KUPA₃NU,1,1,1504,PH(?)31a,Phaistos,clay,Uncertain,0.05,41.5,,1,administrative,tablet (page-shaped),𐝫 𐝫 𐘇 𐝫 𐝫 𐘘 𐚾 𐄇 𐙁 𐘆 𐘑 𐄇 𐘓 𐝫 𐄁 𐝫 𐘗 𐄇 𐙂 𐘰 𐘯 𐙄 𐘤 𐘙 𐄇 𐘂 𐘳 𐘀 𐝫 𐝫 𐄇 𐙂 𐘁 𐚾 𐄇 𐘑 𐄋 𐘐 𐄉 𐝫,𐝫 A ? RU 1 ? MA DI 1 ? *22F ? NE 1 KU PA₃ NU AU RE 1 ? PA TA DA 1 KU RO CAPm+KU 1 ? *21M ? *21F 3 𐄇 zo 𐄋 za 𐄉 𐝫,40,2,0,0,MA; 𐚾; 3,,"
 *22F 
 NE 1",PA₃ NU AU RE 1,,,,66,no,,agriculture (grain),category 'flora' — no specific plausibility criteria,approximate match (levenshtein=1); 2 logogram(s) present; text: administrative
κύμινον,kyminon,cumin,kumin,flora,KUMINU,MEMINU,1,1,106,HT86a,Haghia Triada - Casa Room 7,clay,LM IB,0.05,41.5,,RA₂WA10,administrative,tablet (page-shaped),𐘇 𐘾 𐘘 𐄁 𐙂 𐘝 𐘲 𐛷 𐄑 𐘞 𐘘 𐄑 𐘆 𐘦 𐘘 𐄑 𐘌 𐘽 𐘮 𐄐 — 𐘇 𐘬 𐄁 𐘀 𐘋 𐛳 𐄑 𐘻 𐘯 𐘃 𐄑,A KA RU 𐄁 KU NI SU GRA+K+L 20 SA RU 20 DI DE RU 20 QA RA₂ WA 10 — A DU 𐄁 DA ME GRA+B 20 MI NU TE 20,32,0,0,2,,GRA+K+L; GRA+B,— A DU 𐄁 DA,GRA+B 20 MI NU TE,,,,42,no,,unknown,category 'flora' — no specific plausibility criteria,approximate match (levenshtein=1); text: administrative
κύμινον,kyminon,cumin,kumin,flora,KUMINU,MEMINU,1,1,118,HT95a,Haghia Triada - Casa Room 7,clay,LM IB,0.05,41.5,,GRADAME,administrative,tablet (page-shaped),𐘀 𐘬 𐙁 𐘳 𐄁 𐙉 𐘀 𐘋 𐄐 𐘻 𐘯 𐘃 𐄐 𐘞 𐘘 𐄑 𐙂 𐘝 𐘲 𐄐 𐘆 𐘦 𐘘 𐄐 𐘿 𐘽 𐘉 𐄍,DA DU MA TA 𐄁 GRA DA ME 10 MI NU TE 10 SA RU 20 KU NI SU 10 DI DE RU 10 QE RA₂ U 7,28,0,0,0,,,MA TA 𐄁 GRA DA,10 MI NU TE 10,,,,42,no,,unknown,category 'flora' — no specific plausibility criteria,approximate match (levenshtein=1); text: administrative
κύμινον,kyminon,cumin,kumin,flora,KUMINU,MEMINU,1,1,119,HT95b,Haghia Triada - Casa Room 7,clay,LM IB,0.05,41.5,,10𐝫𐄁,administrative,tablet (page-shaped),𐘇 𐘬 𐄁 𐘞 𐘘 𐄐 𐝫 𐄁 𐝫 𐘀 𐘋 𐄐 𐘻 𐘯 𐘃 𐄐 𐙂 𐘝 𐘲 𐄐 𐘆 𐘦 𐘘 𐄐 𐘿 𐘽 𐘉 𐄐,A DU 𐄁 SA RU 10 𐝫 𐄁 𐝫 DA ME 10 MI NU TE 10 KU NI SU 10 DI DE RU 10 QE RA₂ U 10,28,0,0,0,,,10 𐝫 𐄁 𐝫 DA,10 MI NU TE 10,,,,42,no,,unknown,category 'flora' — no specific plausibility criteria,approximate match (levenshtein=1); text: administrative
κύμινον,kyminon,cumin,kumin,flora,KUMINU,MINU,1,1,134,HT106,Haghia Triada - Casa Room 7,clay,LM IB,0.05,41.5,,MINUTE,administrative,tablet (page-shaped),𐘻 𐘯 𐘃 𐙗 𐄌 𐝫 𐘤 𐄋 𐝆 𐘤 𐄇 — 𐘀 𐝫 𐄁 𐄎 𐝫 𐝫 𐘤 𐄉 𐝫 𐝫,MI NU TE CYP 6 ? 5 ¹⁄₂ ? 1 ? ? 𐄁 ? ? 3 𐝫 𐝫 jo 𐄉 𐝫 𐝫,22,1,0,0,𐝆,,,"NU TE CYP 6 
",,,,42,no,,unknown,category 'flora' — no specific plausibility criteria,approximate match (levenshtein=1); 1 logogram(s) present; text: administrative
κύμινον,kyminon,cumin,kumin,flora,KUMINU,MINU,1,1,1415,MA1a,Malia,,Uncertain,0.05,41.5,,QEDEMI,administrative,3-sided bar,𐄂 𐘚 𐘬 𐘣 𐘨 𐘿 𐘦 𐘻 𐘯 𐄁,*903 I DU WI *47 QE DE MI NU 𐄁,10,0,0,0,,,DU WI *47 QE DE,NU 𐄁,,,,18,no,,unknown,category 'flora' — no specific plausibility criteria,approximate match (levenshtein=1); text: administrative
κύμινον,kyminon,cumin,kumin,flora,KUMINU,MINU,1,1,1416,MA1b,Malia,,Uncertain,0.05,41.5,,QEDEMI,administrative,3-sided bar,𐘇 𐙁 𐄁 𐘨 𐘿 𐘦 𐘻 𐘯,A MA 𐄁 *47 QE DE MI NU,8,0,0,0,,,MA 𐄁 *47 QE DE,NU,,,,18,no,,unknown,category 'flora' — no specific plausibility criteria,approximate match (levenshtein=1); text: administrative
κύμινον,kyminon,cumin,kumin,flora,KUMINU,KUNU,1,1,158,HT122a,Haghia Triada - Casa del Lebete,clay,LM IB,0.05,41.5,,SIDA,administrative,tablet (page-shaped),𐝫 𐘴 𐘭 𐄁 𐘉 𐘦 𐘍 𐄈 𐝫 𐝫 𐄈 𐘀 𐘤 𐙈 𐄈 𐘂 𐝫 𐄁 𐝫 𐘆 𐄇 𐘃 𐘸 𐄈 𐘌 𐙠 𐘚 𐄉 𐘱 𐘻 𐘀 𐘙 𐄇 𐘤 𐘀 𐘙 𐄇 𐙰 𐘆 𐘴 𐄇 𐘂 𐘦 𐄇 𐙂 𐘰 𐘯 𐄇 𐘂 𐘳 𐘗 𐄇 𐙚 𐘹 𐄇 𐝫 𐘬 𐄇 𐙂 𐘰 𐘯 𐄇 𐘀 𐘭 𐘀 𐄇 𐙂 𐘁 𐄒 𐄇 𐙂 𐘀 𐄇,RA RI 𐄁 U DE ZA 2 ? 2 DA SI 2 ? PA 𐄁 DI 1 ? KI 2 ? *310 I 3 JA MI DA RE ? SI DA RE 1 *324 DI RA 1 PA DE 1 ? PA₃ NU 1 PA TA NE 1 *306 TU 1 ? 1 ? KU NU 1 ? RI DA 1 ? RO 31 ? KU 1 ro 𐄒 𐄇 ta? da 𐄇,73,0,0,0,,,"TU 1 
 1 
","NU 1 
 RI DA",,,,38,no,,unknown,category 'flora' — no specific plausibility criteria,approximate match (levenshtein=1); text: administrative
κύμινον,kyminon,cumin,kumin,flora,KUMINU,KUNU,1,1,1398,KNZc6,Knossos,,Uncertain,0.05,41.5,,KUNAPA,unknown,Inked inscription,𐘟 𐘠 𐘭 𐘇 𐘆 𐘀 𐘸 𐘠 𐘂 𐙂 𐄁 𐘝 𐘱 𐘯 𐄁 𐘶 𐙂 𐘅 𐘂 𐙂 𐘯 𐘉 𐝫 𐘚 𐙀 𐄁,*34 TI RI A DI DA KI TI PA KU 𐄁 NI JA NU 𐄁 JU KU NA PA KU NU U I ZU 𐄁 𐄁,26,0,0,0,,,𐄁 JU KU NA PA,NU U I ZU 𐄁,,,,59,no,,unknown,category 'flora' — no specific plausibility criteria,approximate match (levenshtein=1)
βύβλος,byblos,papyrus,bubl,flora,PUPURU,PUKURU,1,1,108,HT87,Haghia Triada - Casa Room 7,clay,LM IB,0.05,41.5,,DIKISE,administrative,tablet (page-shaped),𐘐 𐘹 𐘗 𐄁 𐙁 𐘾 𐘭 𐘃 𐄁 𐘢 𐘳 𐘥 𐘤 𐄇 𐘱 𐘙 𐘻 𐄇 𐘆 𐘸 𐘈 𐄇 𐘿 𐘲 𐘫 𐄇 𐙂 𐘘 𐙂 𐄇 𐘇 𐘴 𐝫 𐄁 𐝫 𐘇 𐘹 𐄇,*21F TU NE 𐄁 MA KA RI TE 𐄁 PI TA KE SI 1 JA RE MI 1 DI KI SE 1 QE SU PU 1 KU RU KU 1 A RA 𐄁 A TU 1 ja 𐄇,38,0,0,0,,,KI SE 1 QE SU,1 KU RU KU 1,,,,42,no,,unknown,category 'flora' — no specific plausibility criteria,approximate match (levenshtein=1); text: administrative
ἄκαριον,akarion,mite/tick (plant),akari,flora,AKARI,AKARU,1,1,2,HT2,Haghia Triada - Portico 11 and Room 13,clay,LM IB,0.1,38.0,"OLE+U,OLE",AKARU,administrative,tablet (page-shaped),𐘇 𐘾 𐘘 𐄁 𐜋 𐄑 𐝫 𐝫 𐜊 𐄐 𐄍 𐜎 𐄉 𐝫 𐝫 𐘸 𐘙 𐘳 𐘅 𐜋 𐄔 𐄊 𐝫 𐝫 𐜊 𐄓 𐄍 𐄇,A KA RU 𐄁 OLE+U 20 ? 17 ? OLE+E 3 KI RE TA OLE+U 54 ? OLE+A 47 ? 1 𐄊 𐝫 𐝫 ?? 𐄓 𐄍 𐄇,28,0,1,4,,OLE+U; KI; ??,,KA RU 𐄁 OLE+U 20,,,,863,no,,unknown,category 'flora' — no specific plausibility criteria,approximate match (levenshtein=1); text: administrative
ἄκαριον,akarion,mite/tick (plant),akari,flora,AKARI,AKARU,1,1,106,HT86a,Haghia Triada - Casa Room 7,clay,LM IB,0.05,36.5,,AKARU,administrative,tablet (page-shaped),𐘇 𐘾 𐘘 𐄁 𐙂 𐘝 𐘲 𐛷 𐄑 𐘞 𐘘 𐄑 𐘆 𐘦 𐘘 𐄑 𐘌 𐘽 𐘮 𐄐 — 𐘇 𐘬 𐄁 𐘀 𐘋 𐛳 𐄑 𐘻 𐘯 𐘃 𐄑,A KA RU 𐄁 KU NI SU GRA+K+L 20 SA RU 20 DI DE RU 20 QA RA₂ WA 10 — A DU 𐄁 DA ME GRA+B 20 MI NU TE 20,32,0,0,2,,GRA+K+L; GRA+B,,KA RU 𐄁 KU NI,,,,42,no,,unknown,category 'flora' — no specific plausibility criteria,approximate match (levenshtein=1); text: administrative
ἄκαριον,akarion,mite/tick (plant),akari,flora,AKARI,AKARU,1,1,107,HT86b,Haghia Triada - Casa Room 7,clay,LM IB,0.05,36.5,,AKARU,administrative,tablet (page-shaped),𐘇 𐘾 𐘘 𐄁 𐙂 𐘝 𐘲 𐛷 𐄑 𐘞 𐘘 𐄑 𐘆 𐘦,A KA RU 𐄁 KU NI SU GRA+K+L 20 SA RU 20 DI DE,14,0,0,1,,GRA+K+L,,KA RU 𐄁 KU NI,,,,42,no,,unknown,category 'flora' — no specific plausibility criteria,approximate match (levenshtein=1); text: administrative
ἄκαριον,akarion,mite/tick (plant),akari,flora,AKARI,MAKARI,1,1,108,HT87,Haghia Triada - Casa Room 7,clay,LM IB,0.05,36.5,,NE𐄁MA,administrative,tablet (page-shaped),𐘐 𐘹 𐘗 𐄁 𐙁 𐘾 𐘭 𐘃 𐄁 𐘢 𐘳 𐘥 𐘤 𐄇 𐘱 𐘙 𐘻 𐄇 𐘆 𐘸 𐘈 𐄇 𐘿 𐘲 𐘫 𐄇 𐙂 𐘘 𐙂 𐄇 𐘇 𐘴 𐝫 𐄁 𐝫 𐘇 𐘹 𐄇,*21F TU NE 𐄁 MA KA RI TE 𐄁 PI TA KE SI 1 JA RE MI 1 DI KI SE 1 QE SU PU 1 KU RU KU 1 A RA 𐄁 A TU 1 ja 𐄇,38,0,0,0,,,*21F TU NE 𐄁,KA RI TE 𐄁 PI,,,,42,no,,unknown,category 'flora' — no specific plausibility criteria,approximate match (levenshtein=1); text: administrative
ἄκαριον,akarion,mite/tick (plant),akari,flora,AKARI,MAKARI,1,1,152,HT117a,Haghia Triada - Casa Room 9,clay,LM IB,0.05,36.5,,MAKARI,administrative,tablet (page-shaped),𐙁 𐘾 𐘭 𐘃 𐄁 𐘸 𐘁 𐄁 𐘉 𐘻 𐘅 𐘤 𐄁 𐘉 𐘲 𐄇 𐘻 𐘹 𐄇 𐙂 𐘴 𐘕 𐄇 𐙁 𐘘 𐄇 𐙂 𐘰 𐘯 𐄇 𐘹 𐘶 𐙁 𐄇 𐘉 𐘆 𐘻 𐄇 𐘻 𐘘 𐘳 𐘴 𐘙 𐄇 𐘃 𐘱 𐘙 𐄇 𐘅 𐘀 𐘙 𐄇 𐙂 𐘁 𐄐 — 𐘞 𐘳 𐄁 𐙂 𐙂 𐘀 𐘴 𐄇 𐘺 𐘞 𐘚 𐘠 𐄇 𐘀 𐘻 𐘯 𐄇 𐘀 𐘗 𐙂 𐘠 𐄇 𐘸 𐘀 𐘁 𐄇,MA KA RI TE 𐄁 KI RO 𐄁 U MI NA SI 𐄁 U SU 1 MI TU 1 KU RA MU 1 MA RU 1 KU PA₃ NU 1 TU JU MA 1 U DI MI 1 MI RU TA RA RE 1 TE JA RE 1 NA DA RE 1 KU RO 10 — SA TA 𐄁 KU KU DA RA 1 KO SA I TI 1 DA MI NU 1 DA NE KU TI 1 KI DA RO 1,82,0,0,0,,,,KA RI TE 𐄁 KI,,,,16,no,,unknown,category 'flora' — no specific plausibility criteria,approximate match (levenshtein=1); text: administrative
ἄκαριον,akarion,mite/tick (plant),akari,flora,AKARI,ASERI,1,1,101,HT81,Haghia Triada - Villa Magazine,clay,LM IB,0.05,36.5,,ASE𐄁,administrative,tablet (page-shaped),𐘇 𐘈 𐄁 𐛚 𐄁 𐝅 𐝫 𐝫 𐘭 𐘲 𐙁 𐝋 𐘸 𐝫 𐝫,A SE 𐄁 MI+JA+RU 𐄁 ≈ ¹⁄₆ RI SU MA 𐝋 ? ? 𐝫 𐝫,15,3,0,0,MI+JA+RU; 𐛚; ≈; 𐝅; 𐝋,,,SE 𐄁 MI+JA+RU 𐄁 ≈,,,,96,no,,unknown,category 'flora' — no specific plausibility criteria,approximate match (levenshtein=1); 3 logogram(s) present; text: administrative
ἄκαριον,akarion,mite/tick (plant),akari,flora,AKARI,ADARI,1,1,1224,KH92,Khania,clay,Uncertain,0.05,36.5,,ADA*21F,administrative,tablet (page-shaped),𐘇 𐘀 𐘐 𐘭 𐙂 𐘝 𐘃 𐄐 𐝫 𐝫 𐘅 𐘸 𐄇 𐝫 𐝫 𐝫,A DA *21F RI KU NI TE 10 ? KI 1 𐝫 ? 𐝫 𐝫 𐝫,16,0,0,0,,,,DA *21F RI KU NI,,,,226,no,,unknown,category 'flora' — no specific plausibility criteria,approximate match (levenshtein=1); text: administrative
ἄκαριον,akarion,mite/tick (plant),akari,flora,AKARI,ATURI,1,1,1385,KNZb5,Knossos,pottery/ceramic,MMIIIB,0.05,36.5,,ATURI,religious,Clay vessel,𐘇 𐘹 𐘭 𐘤 𐘠 𐄁,A TU RI SI TI 𐄁,6,0,0,0,,,,TU RI SI TI 𐄁,,,,59,no,,unknown,category 'flora' — no specific plausibility criteria,approximate match (levenshtein=1); text: religious
ἄκαριον,akarion,mite/tick (plant),akari,flora,AKARI,AKARA,1,1,1455,PEZb3,Petras,pottery/ceramic,LM IB,0.05,36.5,,AKARA,religious,Clay vessel,𐘇 𐘾 𐘴 𐘸 𐘳 𐘅 𐘤 𐘱 𐘈 𐙇 𐘍,A KA RA KI TA NA SI JA SE VIR+[?] ZA,11,0,0,0,,,,KA RA KI TA NA,,,,12,no,,unknown,category 'flora' — no specific plausibility criteria,approximate match (levenshtein=1); text: religious
ἄκαριον,akarion,mite/tick (plant),akari,flora,AKARI,AKANU,1,1,1399,KNZc7,Knossos,,Uncertain,0.05,36.5,,AKANU,unknown,Inked inscription,𐘇 𐘾 𐘯 𐘍 𐘠 𐄁 𐘬 𐘴 𐘙 𐄁 𐘇 𐙀 𐘴 𐄁 𐘱 𐘞 𐘴 𐘇 𐘅 𐘗 𐄁 𐘣 𐘢 𐝫 𐄁,A KA NU ZA TI 𐄁 DU RA RE 𐄁 A ZU RA 𐄁 JA SA RA A NA NE 𐄁 WI PI 𐄁 𐄁,25,0,0,0,,,,KA NU ZA TI 𐄁,,,,59,no,,unknown,category 'flora' — no specific plausibility criteria,approximate match (levenshtein=1)
ἄκαριον,akarion,mite/tick (plant),akari,flora,AKARI,ARI,1,1,33,HT25a,Haghia Triada - Villa Magazine,clay,LM IB,0.05,36.5,,1U,administrative,tablet (page-shaped),𐝫 𐝫 𐄇 𐘆 𐘅 𐘉 𐝫 𐝫 𐘘 𐘝 𐄇 𐘉 𐘙 𐘣 𐄇 𐘆 𐘅 𐘉 𐄇 𐘇 𐘭 𐘝 𐘳 𐄇 𐘹 𐘿 𐘯 𐝫 𐝫 𐙀 𐘶 𐘜 𐄇 𐘬 𐘘 𐘣 𐝫 𐝫 𐘚 𐘸 𐘴 𐄇 𐘂 𐄇,𐝫 1 ? NA U ? RU 1 ? U RE 1 ? DI NA 1 ? A RI TA 1 ? TU QE ? ZU JU PU₂ ? DU RU WI ? KI RA 1 ? 1 ru ? ? 𐄇 pa 𐄇,44,0,0,0,,,"
 DI NA 1 
","RI TA 1 
 TU",,,,96,no,,unknown,category 'flora' — no specific plausibility criteria,approximate match (levenshtein=1); text: administrative
ἄκαριον,akarion,mite/tick (plant),akari,flora,AKARI,ARI,1,1,1467,PH6,Phaistos,clay,MM II,0.05,36.5,,𐄁ARI,administrative,tablet (page-shaped),𐘚 𐘅 𐘮 𐄁 𐘇 𐘭 𐘚 𐙀 𐘭 𐘝 𐘳 𐘇 𐘭 𐘚 𐘀 𐘰 𐘚 𐘞 𐘭,I NA WA 𐄁 A RI I ZU RI NI TA A RI I DA PA₃ I SA RI,19,0,0,0,,,I NA WA 𐄁,RI I ZU RI NI,,,,66,no,,unknown,category 'flora' — no specific plausibility criteria,approximate match (levenshtein=1); text: administrative
ἄκαριον,akarion,mite/tick (plant),akari,flora,AKARI,ARI,1,1,1499,PH28a,Phaistos,clay,Uncertain,0.05,36.5,,JAPA₃,administrative,tablet (page-shaped),𐝫 𐝫 𐘇 𐘰 𐝫 𐄁 𐘱 𐘸 𐘰 𐝫 𐄁 𐘇 𐘭 𐘱 𐝫,"𐝫 A PA₃ 𐄁 ? JA PA₃ 𐄁 ? A RI a ?,de? ? 𐝫",15,0,0,0,,,"
 JA PA₃ 𐄁 
","RI a ?,de? ? 𐝫",,,,66,no,,unknown,category 'flora' — no specific plausibility criteria,approximate match (levenshtein=1); text: administrative
ἄκαριον,akarion,mite/tick (plant),akari,flora,AKARI,ARI,1,1,1614,ZA8,Zakros,stone,LM IB,0.05,36.5,,TUKORE,religious,stone vessel,𐘸 𐘴 𐄁 𐘇 𐘳 𐘙 𐄁 𐘝 𐝆 𐙂 𐘹 𐘺 𐘙 𐝂 𐝂 𐘇 𐘭 𐘝 𐘳 𐄇 𐝫 𐝁 𐝁 𐘳 𐘚 𐘯 𐙁 𐘂 𐝆 𐙁 𐘾 𐘚 𐘈 𐄈 𐝃 𐝆 𐘀 𐘚 𐘢 𐘳 𐄈 𐝆 𐘾 𐘚 𐘁 𐄊 𐝁 𐝁,KI RA 𐄁 A TA RE 𐄁 NI ¹⁄₂ KU TU KO RE double mina A RI NI TA 1 ? ? TA NU MA PA ¹⁄₂ ? MA I SE 2 𐝃𐝆 ? DA I TA 2 ¹⁄₂ ? KA I 4 ? ro 𐄊 vase vase,48,11,0,0,¹⁄₂; 𐝆; double; 𐝂; mina; 𐝁; TA; MA; DA; 𐝃; I; I; vase; vase,,TU KO RE double mina,RI NI TA 1 ?,,,,53,no,,agriculture (grain),category 'flora' — no specific plausibility criteria,approximate match (levenshtein=1); 11 logogram(s) present; text: religious
ἄννησον,annēson,anise,anes,flora,ANESU,ANEA,1,1,1532,PKZa11,Palaikastro,stone,Uncertain,0.05,41.5,,PITERI,religious,stone vessel,𐘇 𐘳 𐘚 𐙕 𐘮 𐘡 𐄁 𐘇 𐘆 𐘸 𐘃 𐘃 𐝫 𐄁 𐄁 𐝫 𐘙 𐄁 𐘢 𐘃 𐘭 𐄁 𐘇 𐘺 𐘇 𐘗 𐄁 𐘇 𐘞 𐘞 𐘴 𐘋 𐄁 𐘉 𐘅 𐘘 𐘾 𐘅 𐘠 𐄁 𐘚 𐘢 𐘅 𐘻 𐘅 𐝫 𐘤 𐘘 𐝫 𐄁 𐝫 𐄁 𐘚 𐘅 𐘱 𐘂 𐘌,A TA I *301 WA E 𐄁 A DI KI TE TE 𐄁 ? RE 𐄁 PI TE RI 𐄁 A KO A NE 𐄁 A ? SA RA ME 𐄁 U NA RU KA NA TI 𐄁 ? I NA MI NA SI RU 𐄁 𐝫 𐄁 I NA JA PA QA na ? pa me,57,0,0,0,,,,TA I *301 WA E,,,,25,no,,unknown,category 'flora' — no specific plausibility criteria,approximate match (levenshtein=1); text: religious
ἄννησον,annēson,anise,anes,flora,ANESU,ASASU,1,1,1683,GOWc1a,Gournia,clay,Uncertain,0.05,41.5,,ASASU,administrative,roundel,𐘇 𐘞 𐘲 𐙁 𐘚 𐘈,A SA SU MA I SE,6,0,0,0,,,,SA SU MA I SE,,,,5,no,,unknown,category 'flora' — no specific plausibility criteria,approximate match (levenshtein=1); text: administrative
ἄννησον,annēson,anise,anes,flora,ANESU,ASISU,1,1,1143,KH9,Khania,clay,LM IB,0.1,43.0,VIR,ASISU,administrative,tablet (page-shaped),𐘇 𐘤 𐘲 𐘊 𐘇 𐄁 𐛨 𐝫 𐝫 𐝇 𐘝 𐝃 𐝁 𐘻 𐝫 𐝫 𐘚 𐘤 𐄁 𐜙 𐝆 𐝫 𐝫 𐄈 𐙗 𐝃 𐙍 𐝫 𐝫 𐙗 𐝃 𐝉 𐝫 𐝫 𐝎 𐛌 𐙘 𐄇 𐝫,A SI SU PO A 𐄁 VIR+*307 ? ? NI ? MI ? SI 𐄁 ¹⁄₂ ? 2 ? CYP ¹⁄₄ ? ? CYP ? .3 SI+TA2 *304 𐝫 ? vase vase 𐝫 𐝫 [?] [?] ? 𐄇 𐝫,39,10,0,0,VIR+*307; 𐛨; NI; 𐝇; MI; 𐝃; 𐝁; ¹⁄₄; 𐝆; .3; vase; vase; 𐝉; [?]; 𐝎; [?]; 𐛌,CYP,,SI SU PO A 𐄁,,,,226,no,,agriculture (grain),category 'flora' — no specific plausibility criteria,approximate match (levenshtein=1); 10 logogram(s) present; text: administrative
ἄννησον,annēson,anise,anes,flora,ANESU,ANE,1,1,1585,THEZb3,Thera,pottery/ceramic,LM IA,0.05,41.5,,ANE𐝫,religious,Clay vessel,𐘇 𐘗 𐝫,A NE 𐝫,3,0,0,0,,,,NE 𐝫,,,,18,no,,unknown,category 'flora' — no specific plausibility criteria,approximate match (levenshtein=1); text: religious
ἄννησον,annēson,anise,anes,flora,ANESU,ADESU,1,1,1668,ARKH4a,Arkhalkhori,clay,Uncertain,0.05,41.5,,TARE5,administrative,tablet (page-shaped),𐝫 𐝫 𐘝 𐘳 𐝫 𐝫 𐘳 𐄁 𐘙 𐄋 𐘇 𐝫 𐄁 𐝫 𐘶 𐄊 𐘦 𐘲 𐝫 𐄁 𐝫 𐘨 𐘃 𐄋 𐘢 𐘠 𐘗 𐘇 𐝫 𐝫,"𐝫 NI TA ? TA RE 5 ? A 𐄁 4 ? DE SU 𐄁 *47 5 ? PI TI NE A ? 𐝫 ?,pa2? ? pi? a 𐝫 𐝫",30,0,0,0,,,"
 TA RE 5 
","𐄁 4 
 DE SU",,,,15,no,,unknown,category 'flora' — no specific plausibility criteria,approximate match (levenshtein=1); text: administrative
ἄννησον,annēson,anise,anes,flora,ANESU,ASU,1,1,1663,ARKH1a,Arkhalkhori,clay,Uncertain,0.05,41.5,,KI𐝫,administrative,tablet (page-shaped),𐝫 𐘳 𐘢 𐄁 𐘌 𐝫 𐝫 𐘸 𐝫 𐝫 𐄁 𐘇 𐘴 𐝫 𐝫 𐝫 𐘇 𐘲 𐘻 𐙈 𐝫 𐝫 𐘗 𐄈 𐝆 𐘇 𐘂 𐝫 𐝫 𐘻 𐘸 𐘞 𐘗 𐝫,TA PI 𐄁 ? ? KI 𐝫 𐄁 ? RA ? ? A SU *118 NE 2 ¹⁄₂ ? A PA MI KI SA NE a pa 𐝫 𐝫 ? ? ni pi? 𐝫,34,1,0,0,NE; 𐝆,,"𐄁 
 RA 
 
",SU *118 NE 2 ¹⁄₂,,,,15,no,,unknown,category 'flora' — no specific plausibility criteria,approximate match (levenshtein=1); 1 logogram(s) present; text: administrative
ἔλαφος,elaphos,deer,elar,animal,ERARU,SIRARU,1,1,65,HT49a,Haghia Triada - Villa Magazine,clay,LM IB,0.05,41.5,,1𐝫,administrative,tablet (page-shaped),𐝫 𐄁 𐝫 𐘽 𐘬 𐝫 𐝫 𐘳 𐘅 𐘠 𐄁 𐄇 𐝫 𐝫 𐝫 𐘭 𐄇 𐘲 𐘸 𐝫 𐝫 𐄇 𐘠 𐘬 𐘝 𐄇 𐝫 𐝫 𐝫 𐘤 𐘴 𐄇 𐘇 𐘘 𐄇 𐚞 𐄇 𐙢 𐄇 𐙂 𐘰 𐘯 𐄇 𐘹 𐘲 𐘜 𐄇 𐘸 𐄇 — 𐝫 𐄋 𐘹 𐄊 𐘸 𐄇 𐝫 𐝫,𐝫 𐄁 RA₂ DU ? TA TI 𐄁 1 ? 𐝫 ? RI ? KI ? 𐝫 ? TI DU 1 ? ? SI RA 1 ? RU ? *370 1 ? 1 ? KU NU 1 TU SU 1 ? KI 1 — ? 𐝫 5 TU 4 KI ? 𐝫 ja 𐄊 ? 𐄇 𐝫 𐝫,58,1,0,0,NU; 𐚞,,"TI DU 1 
 
","RA 1 
 RU 
",,,,96,no,,fauna/zoology,"commodities present but not obviously botanical: NU, 𐚞",approximate match (levenshtein=1); 1 logogram(s) present; text: administrative
ἔλαφος,elaphos,deer,elar,animal,ERARU,ERU,1,1,1618,ZA11a,Zakros,stone,Uncertain,0.05,41.5,,,religious,stone vessel,𐘆 𐘆 𐘺 𐘴 𐘋 𐝫 𐘷 𐄁 𐛀 𐄁 𐛭 𐝫 𐝫 𐘴 𐙁 𐘤 𐙍 𐝆 𐝫 𐝫 𐘡 𐙂 𐘘 𐄈 𐝃 𐘶 𐝈 𐝉 𐙍 𐝆 𐛟 𐄊 𐙂 𐘂 𐄁 𐛭 𐄇 𐝫 𐘢 𐙠 𐘇 𐝫 𐝫 𐙋 𐄈 𐝫,DI DI KO RA ME TA₂ 𐄁 *516 𐄁 ? ? RA SI VIN ¹⁄₂ ? E KU RU ¹⁄₄ ? JU 𐝈𐝉 ? VIN ? QE+GRA+PA 4 KU PA GRA+PA 1 PI *310 A ? OLIV 2 𐝫 ? a 𐝫 𐝫 ? 𐄈 𐝫,46,9,0,0,𐄁; 𐛀; 𐛭; KU; 𐝆; VIN; 𐝃; QE+GRA+PA; 𐝈; 4; 𐝉; PA; GRA+PA; 𐛟,,"RA SI VIN ¹⁄₂ 
","KU RU ¹⁄₄ 
 JU",,,,53,no,,fauna/zoology; viticulture (wine),botanical context: VIN,approximate match (levenshtein=1); 9 logogram(s) present; text: religious
κάπρος,kapros,wild boar,kapr,animal,KAPURU,KARU,1,1,2,HT2,Haghia Triada - Portico 11 and Room 13,clay,LM IB,0.1,43.0,"OLE+U,OLE",KARU𐄁,administrative,tablet (page-shaped),𐘇 𐘾 𐘘 𐄁 𐜋 𐄑 𐝫 𐝫 𐜊 𐄐 𐄍 𐜎 𐄉 𐝫 𐝫 𐘸 𐘙 𐘳 𐘅 𐜋 𐄔 𐄊 𐝫 𐝫 𐜊 𐄓 𐄍 𐄇,A KA RU 𐄁 OLE+U 20 ? 17 ? OLE+E 3 KI RE TA OLE+U 54 ? OLE+A 47 ? 1 𐄊 𐝫 𐝫 ?? 𐄓 𐄍 𐄇,28,0,1,4,,OLE+U; KI; ??,A,"RU 𐄁 OLE+U 20 
",,,,863,no,,fauna/zoology,no commodity context available,approximate match (levenshtein=1); text: administrative
κάπρος,kapros,wild boar,kapr,animal,KAPURU,KARU,1,1,97,HT75,Haghia Triada - Villa Magazine,clay,LM IB,0.05,41.5,,KARU,administrative,tablet (page-shaped),𐘾 𐘘 𐝫 — 𐝫,KA RU ? ? 𐝫,5,0,0,0,,,,"RU 
 
 𐝫",,,,96,no,,fauna/zoology,no commodity context available,approximate match (levenshtein=1); text: administrative
κάπρος,kapros,wild boar,kapr,animal,KAPURU,KARU,1,1,106,HT86a,Haghia Triada - Casa Room 7,clay,LM IB,0.05,41.5,,KARU𐄁,administrative,tablet (page-shaped),𐘇 𐘾 𐘘 𐄁 𐙂 𐘝 𐘲 𐛷 𐄑 𐘞 𐘘 𐄑 𐘆 𐘦 𐘘 𐄑 𐘌 𐘽 𐘮 𐄐 — 𐘇 𐘬 𐄁 𐘀 𐘋 𐛳 𐄑 𐘻 𐘯 𐘃 𐄑,A KA RU 𐄁 KU NI SU GRA+K+L 20 SA RU 20 DI DE RU 20 QA RA₂ WA 10 — A DU 𐄁 DA ME GRA+B 20 MI NU TE 20,32,0,0,2,,GRA+K+L; GRA+B,A,RU 𐄁 KU NI SU,,,,42,no,,fauna/zoology,no commodity context available,approximate match (levenshtein=1); text: administrative
κάπρος,kapros,wild boar,kapr,animal,KAPURU,KARU,1,1,107,HT86b,Haghia Triada - Casa Room 7,clay,LM IB,0.05,41.5,,KARU𐄁,administrative,tablet (page-shaped),𐘇 𐘾 𐘘 𐄁 𐙂 𐘝 𐘲 𐛷 𐄑 𐘞 𐘘 𐄑 𐘆 𐘦,A KA RU 𐄁 KU NI SU GRA+K+L 20 SA RU 20 DI DE,14,0,0,1,,GRA+K+L,A,RU 𐄁 KU NI SU,,,,42,no,,fauna/zoology,no commodity context available,approximate match (levenshtein=1); text: administrative
κάπρος,kapros,wild boar,kapr,animal,KAPURU,KARU,1,1,122,HT97a,Haghia Triada - Casa Room 7,clay,LM IB,0.1,43.0,VIR,KARU𐄁,administrative,tablet (page-shaped),𐘾 𐘘 𐄁 𐜠 𐄁 𐛧 𐄗 𐄈 𐙳 𐄒 𐄉 𐘾 𐘯 𐘠 𐄑 𐄋 𐘂 𐘚 𐘄 𐄌 𐘆 𐄊 𐘅 𐘠 𐄊 𐙁 𐘆 𐄋 𐘶 𐄐 𐄋 𐘸 𐄉 𐙀 𐝫 𐄋 𐘳 𐘠 𐄈 𐘦 𐝫 𐄁 𐄉 𐝫 𐝫 𐘇 𐄋 𐝫,KA RU 𐄁 *307+*387 𐄁 VIR+KA 82 ? 33 ? KA TI 25 ? PA I 6 ? DI 4 NA TI ? MA DI ? JU 15 KI 3 ? 5 ? TI 2 ? 𐄁 ? ? A 5 𐝫 𐄉 𐝫 𐝫 a 𐄋 𐝫,48,2,0,0,*307+*387; 𐜠; VIR+KA; 𐛧,,,RU 𐄁 *307+*387 𐄁 VIR+KA,,,,42,no,,fauna/zoology,"commodities present but not obviously botanical: *307+*387, 𐜠, VIR+KA",approximate match (levenshtein=1); 2 logogram(s) present; text: administrative
θύννος,thynnos,tuna,tʰun,animal,TUUNU,TUUNA,1,1,1565,SYZa2,Syme,stone,LMI,0.05,41.5,,SUMATU,religious,stone vessel,𐘇 𐘳 𐘚 𐙕 𐘮 𐘱 𐄁 𐘱 𐘲 𐙁 𐘹 𐙋 𐄇 𐘉 𐘅 𐘾 𐘅 𐘤 𐙖 𐘇 𐘱,A TA I *301 WA JA 𐄁 JA SU MA TU OLIV 1 U NA KA NA SI OLE A JA,21,0,0,0,,,JA 𐄁 JA SU MA,OLIV 1 U NA KA,,,,12,no,,fauna/zoology,no commodity context available,approximate match (levenshtein=1); text: religious
θύννος,thynnos,tuna,tʰun,animal,TUUNU,TURUNU,1,1,168,HT128a,Haghia Triada - Casa del Lebete,clay,LM IB,0.05,41.5,,PARATU,administrative,tablet (page-shaped),𐙲 𐄁 𐘂 𐘴 𐘹 𐘘 𐘯 𐘈 𐘋 𐙉 𐝫 𐄐 𐘮 𐘹 𐙁 𐘙 𐛲 𐄐 𐄈 𐝫 𐝫 𐘻 𐘳 𐛭 𐝆 𐝫 𐛲 𐄌 𐘆 𐝫 𐛲 𐄊 𐙁 𐘭 𐝫 𐝫,"*326 𐄁 PA RA TU RU NU SE ME GRA 10 ? TU MA RE GRA+KU 12 ? MI TA ¹⁄₂ ? GRA+KU 6 ? DI GRA+KU 4 MA RI 𐝫 𐄊 ju? ?,de? 𐝫 𐝫",36,2,0,3,6; 𐛭; 𐝆,12; GRA+KU; 𐝫,*326 𐄁 PA RA,RU NU SE ME GRA,,,,38,no,,fauna/zoology,"commodities present but not obviously botanical: 6, 𐛭, 𐝆",approximate match (levenshtein=1); 2 logogram(s) present; text: administrative
θύννος,thynnos,tuna,tʰun,animal,TUUNU,TUKUNU,1,1,158,HT122a,Haghia Triada - Casa del Lebete,clay,LM IB,0.05,41.5,,RESI,administrative,tablet (page-shaped),𐝫 𐘴 𐘭 𐄁 𐘉 𐘦 𐘍 𐄈 𐝫 𐝫 𐄈 𐘀 𐘤 𐙈 𐄈 𐘂 𐝫 𐄁 𐝫 𐘆 𐄇 𐘃 𐘸 𐄈 𐘌 𐙠 𐘚 𐄉 𐘱 𐘻 𐘀 𐘙 𐄇 𐘤 𐘀 𐘙 𐄇 𐙰 𐘆 𐘴 𐄇 𐘂 𐘦 𐄇 𐙂 𐘰 𐘯 𐄇 𐘂 𐘳 𐘗 𐄇 𐙚 𐘹 𐄇 𐝫 𐘬 𐄇 𐙂 𐘰 𐘯 𐄇 𐘀 𐘭 𐘀 𐄇 𐙂 𐘁 𐄒 𐄇 𐙂 𐘀 𐄇,RA RI 𐄁 U DE ZA 2 ? 2 DA SI 2 ? PA 𐄁 DI 1 ? KI 2 ? *310 I 3 JA MI DA RE ? SI DA RE 1 *324 DI RA 1 PA DE 1 ? PA₃ NU 1 PA TA NE 1 *306 TU 1 ? 1 ? KU NU 1 ? RI DA 1 ? RO 31 ? KU 1 ro 𐄒 𐄇 ta? da 𐄇,73,0,0,0,,,PA TA NE 1 *306,"1 
 1 
 KU",,,,38,no,,fauna/zoology,no commodity context available,approximate match (levenshtein=1); text: administrative
θύννος,thynnos,tuna,tʰun,animal,TUUNU,TUNU,1,1,1124,KAZf1,Kardamoutsa,metal,Uncertain,0.05,41.5,,TUNU𐄁,religious,metal object,𐘹 𐘯 𐄁,TU NU 𐄁,3,0,0,0,,,,NU 𐄁,,,,1,no,,fauna/zoology,no commodity context available,approximate match (levenshtein=1); text: religious
σπάρος,sparos,sea-bream,spar,animal,SUPUARU,SUPUKURU,1,1,108,HT87,Haghia Triada - Casa Room 7,clay,LM IB,0.05,41.5,,1DIKISE,administrative,tablet (page-shaped),𐘐 𐘹 𐘗 𐄁 𐙁 𐘾 𐘭 𐘃 𐄁 𐘢 𐘳 𐘥 𐘤 𐄇 𐘱 𐘙 𐘻 𐄇 𐘆 𐘸 𐘈 𐄇 𐘿 𐘲 𐘫 𐄇 𐙂 𐘘 𐙂 𐄇 𐘇 𐘴 𐝫 𐄁 𐝫 𐘇 𐘹 𐄇,*21F TU NE 𐄁 MA KA RI TE 𐄁 PI TA KE SI 1 JA RE MI 1 DI KI SE 1 QE SU PU 1 KU RU KU 1 A RA 𐄁 A TU 1 ja 𐄇,38,0,0,0,,,DI KI SE 1 QE,PU 1 KU RU KU,,,,42,no,,fauna/zoology,no commodity context available,approximate match (levenshtein=1); text: administrative
κάραβος,karabos,beetle/crayfish,karab,animal,KARAPU,KARAKI,1,1,1455,PEZb3,Petras,pottery/ceramic,LM IB,0.05,36.5,,KARAKI,religious,Clay vessel,𐘇 𐘾 𐘴 𐘸 𐘳 𐘅 𐘤 𐘱 𐘈 𐙇 𐘍,A KA RA KI TA NA SI JA SE VIR+[?] ZA,11,0,0,0,,,A,RA KI TA NA SI,,,,12,no,,fauna/zoology,no commodity context available,approximate match (levenshtein=1); text: religious
κάραβος,karabos,beetle/crayfish,karab,animal,KARAPU,DIRAPU,1,1,13,HT9b,Haghia Triada - Villa Magazine,clay,LM IB,0.05,36.5,,*305𐄁,administrative,tablet (page-shaped),𐘰 𐄁 𐘮 𐘱 𐘢 𐝫 — 𐘾 𐙙 𐄁 𐘂 𐘦 𐄉 𐘇 𐘤 𐄉 𐙚 𐘹 𐄎 𐙰 𐘆 𐘴 𐄈 𐘿 𐘫 𐄈 𐘳 𐘚 𐙌 𐄈 𐘆 𐘅 𐘉 𐄊 𐙂 𐘁 𐄑 𐄊,PA₃ 𐄁 WA JA PI ? ? *305 𐄁 ? DE 3 ? SI 3 ? TU 8 ? DI RA 2 ? PU 2 ? I AROM 2 ? NA U 4 ? RO 24 𐄑 𐄊,38,0,0,0,,,"3 
 TU 8 
","RA 2 
 PU 2",,,,96,no,,fauna/zoology,no commodity context available,approximate match (levenshtein=1); text: administrative
κάραβος,karabos,beetle/crayfish,karab,animal,KARAPU,KARA,1,1,10,HT8a,Haghia Triada - Villa Magazine,clay,LM IB,0.05,36.5,,10PA₃KA,administrative,tablet (page-shaped),𐘧 𐘆 𐜓 𐄐 𐘰 𐘾 𐘴 𐘠 𐄇 𐝆 𐘂 𐄉 𐝆 𐘃 𐙕 𐄈 𐘌 𐙠 𐘚 𐝕 𐘤 𐘸 𐘴 𐝃 𐘸 𐘙 𐘳 𐘅 𐝆,JE DI OLE+KI 10 PA₃ KA RA TI 1 ¹⁄₂ PA 3 ¹⁄₂ TE *301 2 QA *310 I ³⁄₄ SI KI RA ¹⁄₄ KI RE TA NA ¹⁄₂,29,5,0,0,¹⁄₂; 𐝆; ¹⁄₂; ³⁄₄; 𐝕; ¹⁄₄; 𐝃; ¹⁄₂,OLE+KI,JE DI OLE+KI 10 PA₃,RA TI 1 ¹⁄₂ PA,,,,96,no,,fauna/zoology,"commodities present but not obviously botanical: ¹⁄₂, 𐝆, ¹⁄₂",approximate match (levenshtein=1); 5 logogram(s) present; text: administrative
νεβρός,nebros,fawn,nebr,animal,NEPURU,NEDARU,1,1,9,HT7b,Haghia Triada - Villa Magazine,clay,LM IB,0.05,41.5,,TUNE1,administrative,tablet (page-shaped),𐘐 𐘹 𐘗 𐄇 𐘀 𐘘 𐙵 𐄈,*21F TU NE 1 DA RU *329 2,8,0,0,0,,,*21F TU,1 DA RU *329 2,,,,96,no,,fauna/zoology,no commodity context available,approximate match (levenshtein=1); text: administrative
βδέλλα,bdella,leech,bdel,animal,PUDERU,DIDERU,1,1,106,HT86a,Haghia Triada - Casa Room 7,clay,LM IB,0.1,43.0,GRA,20SARU,administrative,tablet (page-shaped),𐘇 𐘾 𐘘 𐄁 𐙂 𐘝 𐘲 𐛷 𐄑 𐘞 𐘘 𐄑 𐘆 𐘦 𐘘 𐄑 𐘌 𐘽 𐘮 𐄐 — 𐘇 𐘬 𐄁 𐘀 𐘋 𐛳 𐄑 𐘻 𐘯 𐘃 𐄑,A KA RU 𐄁 KU NI SU GRA+K+L 20 SA RU 20 DI DE RU 20 QA RA₂ WA 10 — A DU 𐄁 DA ME GRA+B 20 MI NU TE 20,32,0,0,2,,GRA+K+L; GRA+B,GRA+K+L 20 SA RU 20,DE RU 20 QA RA₂,,,,42,no,,fauna/zoology,no commodity context available,approximate match (levenshtein=1); text: administrative
βδέλλα,bdella,leech,bdel,animal,PUDERU,DIDERU,1,1,118,HT95a,Haghia Triada - Casa Room 7,clay,LM IB,0.05,41.5,,RU20KU,administrative,tablet (page-shaped),𐘀 𐘬 𐙁 𐘳 𐄁 𐙉 𐘀 𐘋 𐄐 𐘻 𐘯 𐘃 𐄐 𐘞 𐘘 𐄑 𐙂 𐘝 𐘲 𐄐 𐘆 𐘦 𐘘 𐄐 𐘿 𐘽 𐘉 𐄍,DA DU MA TA 𐄁 GRA DA ME 10 MI NU TE 10 SA RU 20 KU NI SU 10 DI DE RU 10 QE RA₂ U 7,28,0,0,0,,,20 KU NI SU 10,DE RU 10 QE RA₂,,,,42,no,,fauna/zoology,no commodity context available,approximate match (levenshtein=1); text: administrative
βδέλλα,bdella,leech,bdel,animal,PUDERU,DIDERU,1,1,119,HT95b,Haghia Triada - Casa Room 7,clay,LM IB,0.05,41.5,,MINUTE,administrative,tablet (page-shaped),𐘇 𐘬 𐄁 𐘞 𐘘 𐄐 𐝫 𐄁 𐝫 𐘀 𐘋 𐄐 𐘻 𐘯 𐘃 𐄐 𐙂 𐘝 𐘲 𐄐 𐘆 𐘦 𐘘 𐄐 𐘿 𐘽 𐘉 𐄐,A DU 𐄁 SA RU 10 𐝫 𐄁 𐝫 DA ME 10 MI NU TE 10 KU NI SU 10 DI DE RU 10 QE RA₂ U 10,28,0,0,0,,,10 KU NI SU 10,DE RU 10 QE RA₂,,,,42,no,,fauna/zoology,no commodity context available,approximate match (levenshtein=1); text: administrative
βδέλλα,bdella,leech,bdel,animal,PUDERU,PUKURU,1,1,108,HT87,Haghia Triada - Casa Room 7,clay,LM IB,0.05,41.5,,DIKISE,administrative,tablet (page-shaped),𐘐 𐘹 𐘗 𐄁 𐙁 𐘾 𐘭 𐘃 𐄁 𐘢 𐘳 𐘥 𐘤 𐄇 𐘱 𐘙 𐘻 𐄇 𐘆 𐘸 𐘈 𐄇 𐘿 𐘲 𐘫 𐄇 𐙂 𐘘 𐙂 𐄇 𐘇 𐘴 𐝫 𐄁 𐝫 𐘇 𐘹 𐄇,*21F TU NE 𐄁 MA KA RI TE 𐄁 PI TA KE SI 1 JA RE MI 1 DI KI SE 1 QE SU PU 1 KU RU KU 1 A RA 𐄁 A TU 1 ja 𐄇,38,0,0,0,,,KI SE 1 QE SU,1 KU RU KU 1,,,,42,no,,fauna/zoology,no commodity context available,approximate match (levenshtein=1); text: administrative
βδέλλα,bdella,leech,bdel,animal,PUDERU,PUDE,1,1,1221,KH88,Khania,clay,Uncertain,0.05,41.5,,*21F*118𐄁,administrative,tablet (page-shaped),𐘌 𐘯 𐙁 𐄁 𐘐 𐙈 𐄁 𐘝 𐄐 𐘫 𐘦 𐄎 𐝫,QA NU MA 𐄁 *21F *118 𐄁 NI 10 PU DE 8 𐝫,13,0,0,0,,,*21F *118 𐄁 NI 10,DE 8 𐝫,,,,226,no,,fauna/zoology,no commodity context available,approximate match (levenshtein=1); text: administrative
κίχλη,kichlē,thrush,kikʰl,animal,KIKURU,KURU,1,1,108,HT87,Haghia Triada - Casa Room 7,clay,LM IB,0.05,41.5,,KISE1,administrative,tablet (page-shaped),𐘐 𐘹 𐘗 𐄁 𐙁 𐘾 𐘭 𐘃 𐄁 𐘢 𐘳 𐘥 𐘤 𐄇 𐘱 𐘙 𐘻 𐄇 𐘆 𐘸 𐘈 𐄇 𐘿 𐘲 𐘫 𐄇 𐙂 𐘘 𐙂 𐄇 𐘇 𐘴 𐝫 𐄁 𐝫 𐘇 𐘹 𐄇,*21F TU NE 𐄁 MA KA RI TE 𐄁 PI TA KE SI 1 JA RE MI 1 DI KI SE 1 QE SU PU 1 KU RU KU 1 A RA 𐄁 A TU 1 ja 𐄇,38,0,0,0,,,1 QE SU PU 1,RU KU 1 A RA,,,,42,no,,fauna/zoology,no commodity context available,approximate match (levenshtein=1); text: administrative
κίχλη,kichlē,thrush,kikʰl,animal,KIKURU,KIKURA,1,1,37,HT27a,Haghia Triada - Villa Magazine,clay,LM IB,0.05,41.5,,51,administrative,tablet (page-shaped),𐘠 𐘝 𐘳 𐄁 𐙛 𐄁 𐙇 𐄘 𐝫 𐄔 𐙅 𐄔 𐄇 𐘙 𐄑 𐝫 𐘚 𐘻 𐘞 𐘴 𐄓 𐄉 𐝫 𐘿 𐄑 𐄇 𐘸 𐘀 𐝫 𐝫 𐘸 𐙠 𐄁 𐙂 𐙙 𐝫 𐝫 𐘞 𐘴 𐘆 𐄋 𐙇 𐄓 𐄈 𐙂 𐘁 𐄛 𐄒 𐄋 𐙗 𐄏 𐝕 𐝁 𐘝 𐄐 𐝁 𐙍 𐄍,TI NI TA 𐄁 *307 𐄁 VIR+[?] 90 50 ? 51 ? RE ? I SA RA 43 ? QE 21 ? DA ? KI *310 KU *305 ? RA DI 5 ? VIR+[?] 42 ? RO 335 ? CYP 9 ? NI 10 ? VIN 7 𐄒 𐄋 ? 𐄏 [?] vase pu 𐄐 vase ka 𐄍,58,3,0,0,[?]; 𐝕; vase; 𐝁; vase,,"QE 21 
 DA 
","*310 KU *305 
 RA",,,,96,no,,fauna/zoology,"commodities present but not obviously botanical: [?], 𐝕, vase",approximate match (levenshtein=1); 3 logogram(s) present; text: administrative
κίχλη,kichlē,thrush,kikʰl,animal,KIKURU,KIRU,1,1,117,HT94b,Haghia Triada - Casa Room 7,clay,LM IB,0.05,41.5,,DEDI1,administrative,tablet (page-shaped),𐘸 𐘁 𐄁 𐘹 𐙁 𐄇 𐘂 𐘳 𐘗 𐄇 𐘦 𐘆 𐄇 𐘥 𐘸 𐘘 𐄇 𐘞 𐘘 𐄇 𐙂 𐘁 𐄋 𐙅 𐄁 𐘴 𐝫 𐄁 𐝫 𐘦 𐘋 𐘃 𐄇 𐘐 𐘹 𐝫 𐄁 𐄇,KI RO 𐄁 TU MA 1 PA TA NE 1 DE DI 1 KE KI RU 1 SA RU 1 KU RO 5 *86 𐄁 RA 𐄁 DE ME TE 1 ? *21F 𐄁 1 𐝫 𐄁 𐄇,38,0,0,0,,,1 DE DI 1 KE,RU 1 SA RU 1,,,,42,no,,fauna/zoology,no commodity context available,approximate match (levenshtein=1); text: administrative
κίχλη,kichlē,thrush,kikʰl,animal,KIKURU,KIRU,1,1,1439,MIZb1,Milos,pottery/ceramic,Uncertain,0.05,41.5,,KIRU,religious,Clay vessel,𐘸 𐘘,KI RU,2,0,0,0,,,,RU,,,,3,no,,fauna/zoology,no commodity context available,approximate match (levenshtein=1); text: religious
κίχλη,kichlē,thrush,kikʰl,animal,KIKURU,KIRU,1,1,1715,THEZg16,Thera,,Uncertain,0.05,41.5,,KIRUQE,unknown,Triton,𐘿 𐘚 𐘸 𐘘 𐘿,QE I KI RU QE,5,0,0,0,,,QE I,RU QE,,,,18,no,,fauna/zoology,no commodity context available,approximate match (levenshtein=1)
κίχλη,kichlē,thrush,kikʰl,animal,KIKURU,KIPIRU,1,1,1464,PH2,Phaistos,clay,Uncertain,0.05,41.5,,ODIKI,administrative,tablet (page-shaped),𐘇 𐘈 𐘹 𐘐 𐄇 𐘴 𐘵 𐘆 𐘸 𐄕 𐘢 𐘘 𐘡 𐘶 𐄕 𐘈 𐘞 𐘰 𐄕 𐝫,A SE TU *21F 1 RA O DI KI 60 PI RU E JU 60 SE SA PA₃ 60 𐝫,20,0,0,0,,,*21F 1 RA O DI,60 PI RU E JU,,,,66,no,,fauna/zoology,no commodity context available,approximate match (levenshtein=1); text: administrative
κίχλη,kichlē,thrush,kikʰl,animal,KIKURU,KIMARU,1,1,31,HT24a,Haghia Triada - Corridor 9 and Vestibule 26,clay,LM IB,0.05,41.5,,KIMARU,administrative,tablet (page-shaped),𐙂 𐘰 𐘭 𐘱 𐘸 𐙁 𐘘 𐝫 𐝫 𐄌 𐙁 𐘘 𐘋 𐄐 𐝫 𐄏 𐝆 𐙁 𐘘 𐘋 𐄌 𐘂 𐘞 𐘭 𐘱 𐙁 𐘘 𐘋 𐝫 𐘘 𐘚 𐘺 𐛢 𐝫,KU PA₃ RI JA KI MA RU ? ? MA ME 10 ? 9 ? MA RU 6 ? PA SA JA ? MA RU RU I KO *560 mu ru ? [?] 𐝫,34,2,0,0,RU; 𐝆; [?]; 𐛢,,KU PA₃ RI JA,"MA RU 
 
 MA",,,,2,no,,fauna/zoology,"commodities present but not obviously botanical: RU, 𐝆, [?]",approximate match (levenshtein=1); 2 logogram(s) present; text: administrative
κίχλη,kichlē,thrush,kikʰl,animal,KIKURU,KIKUZU,1,1,19,HT13,Haghia Triada - Villa Magazine,clay,LM IB,0.05,41.5,,ZA5¹⁄₂,administrative,tablet (page-shaped),𐘾 𐘉 𐘦 𐘳 𐙍 𐄁 𐘃 𐄁 𐘙 𐘍 𐄋 𐝫 𐝆 𐝫 𐘃 𐘹 𐄔 𐄌 𐘃 𐘸 𐄑 𐄍 𐝆 𐙂 𐙀 𐘝 𐄐 𐄎 𐘀 𐘤 𐙈 𐄐 𐄏 𐘚 𐘬 𐘗 𐘤 𐄋 𐙂 𐘁 𐄙 𐄒 𐝆,KA U DE TA VIN 𐄁 TE 𐄁 RE ZA 5 ¹⁄₂ ? TE 56 ? TE KI ¹⁄₂ ? KU ZU NI ? DA SI *118 19 I DU NE SI 5 KU RO 130 ¹⁄₂ 𐄋 ta? ro 𐄙 𐄒 vase,43,3,0,0,𐝆; NI; vase,,"
 TE 56 
 TE","¹⁄₂ 
 KU ZU NI",,,,96,no,,fauna/zoology; agriculture (grain),botanical context: NI,approximate match (levenshtein=1); 3 logogram(s) present; text: administrative
κίχλη,kichlē,thrush,kikʰl,animal,KIKURU,KIJARU,1,1,1468,PH7a,Phaistos,clay,Uncertain,0.05,41.5,,URIKI,administrative,tablet (page-shaped),𐝫 𐝫 𐘆 𐘂 𐘱 𐝫 𐝫 𐘉 𐘆 𐘭 𐘸 𐝫 𐝫 𐘱 𐘘 𐙁 𐘗 𐝫 𐝫 𐘱 𐘤 𐘀 𐘴 𐝫,𐝫 DI PA JA ? U RI KI ? JA RU MA ? JA SI DA RA 𐝫 𐝫 ? jo da ? 𐝫,24,0,0,0,,,"PA JA 
 U RI","
 JA RU MA 
",,,,66,no,,fauna/zoology,no commodity context available,approximate match (levenshtein=1); text: administrative
σάρξ,sarx,flesh,sarks,body,SARUKUSU,SARUKU,1,1,117,HT94b,Haghia Triada - Casa Room 7,clay,LM IB,0.05,41.5,,1KEKIRU,administrative,tablet (page-shaped),𐘸 𐘁 𐄁 𐘹 𐙁 𐄇 𐘂 𐘳 𐘗 𐄇 𐘦 𐘆 𐄇 𐘥 𐘸 𐘘 𐄇 𐘞 𐘘 𐄇 𐙂 𐘁 𐄋 𐙅 𐄁 𐘴 𐝫 𐄁 𐝫 𐘦 𐘋 𐘃 𐄇 𐘐 𐘹 𐝫 𐄁 𐄇,KI RO 𐄁 TU MA 1 PA TA NE 1 DE DI 1 KE KI RU 1 SA RU 1 KU RO 5 *86 𐄁 RA 𐄁 DE ME TE 1 ? *21F 𐄁 1 𐝫 𐄁 𐄇,38,0,0,0,,,1 KE KI RU 1,RU 1 KU RO 5,,,,42,no,,unknown,category 'body' — no specific plausibility criteria,approximate match (levenshtein=1); text: administrative
σάρξ,sarx,flesh,sarks,body,SARUKUSU,SARUKU,1,1,118,HT95a,Haghia Triada - Casa Room 7,clay,LM IB,0.05,41.5,,MINUTE10,administrative,tablet (page-shaped),𐘀 𐘬 𐙁 𐘳 𐄁 𐙉 𐘀 𐘋 𐄐 𐘻 𐘯 𐘃 𐄐 𐘞 𐘘 𐄑 𐙂 𐘝 𐘲 𐄐 𐘆 𐘦 𐘘 𐄐 𐘿 𐘽 𐘉 𐄍,DA DU MA TA 𐄁 GRA DA ME 10 MI NU TE 10 SA RU 20 KU NI SU 10 DI DE RU 10 QE RA₂ U 7,28,0,0,0,,,10 MI NU TE 10,RU 20 KU NI SU,,,,42,no,,unknown,category 'body' — no specific plausibility criteria,approximate match (levenshtein=1); text: administrative
ἄκανθα,akantha,thorn/spine,akant,body,AKANUTU,AKANU,1,1,1399,KNZc7,Knossos,,Uncertain,0.05,36.5,,AKANUZA,unknown,Inked inscription,𐘇 𐘾 𐘯 𐘍 𐘠 𐄁 𐘬 𐘴 𐘙 𐄁 𐘇 𐙀 𐘴 𐄁 𐘱 𐘞 𐘴 𐘇 𐘅 𐘗 𐄁 𐘣 𐘢 𐝫 𐄁,A KA NU ZA TI 𐄁 DU RA RE 𐄁 A ZU RA 𐄁 JA SA RA A NA NE 𐄁 WI PI 𐄁 𐄁,25,0,0,0,,,,KA NU ZA TI 𐄁,,,,59,no,,unknown,category 'body' — no specific plausibility criteria,approximate match (levenshtein=1)
Ἰκάριος,Ikarios,Icarius,ikari,culture,IKARI,IKA,1,1,99,HT79+83,Haghia Triada - Villa Magazine,clay,LM IB,0.05,36.5,,I𐄁*305,administrative,tablet (page-shaped),𐝫 𐘚 𐄁 𐙙 𐝫 𐝫 𐘾 𐄁 𐘀 𐘰 𐝫 𐝫 𐘹 𐘂 𐘭 𐄇 𐝫 𐝫 𐘹 𐝫 𐄁 𐝫 𐄉 𐝫 𐙂 𐘝 𐝫 𐝫 𐙀 𐄉 𐝫,"I 𐄁 *305 ? KA ? DA PA₃ TU PA RI ? TU 𐄁 3 ? KU ? ZU 3 ? 𐝫 𐄉 𐝫 ta? pu 𐝫 𐝫 ?,swi? 𐄉 𐝫",31,0,0,0,,,,"𐄁 *305 
 KA 
",,,,96,no,,unknown,category 'culture' — no specific plausibility criteria,approximate match (levenshtein=1); text: administrative
Ἰκάριος,Ikarios,Icarius,ikari,culture,IKARI,IKA,1,1,112,HT91,Haghia Triada - Casa Room 7,clay,LM IB,0.05,36.5,,IKA𐄁,administrative,tablet (page-shaped),𐘚 𐘾 𐄁 𐙲 𐄁 𐙉 𐝎 𐙘 𐝀 𐄁 𐜓 𐝀 𐜋 𐝀 𐜗 𐝀 𐙋 𐝀 𐘝 𐝀 𐙍 𐝀 𐘡 𐄋 𐘃 𐘭 𐄁 𐜗 𐝀 𐘡 𐄉 𐝫 𐝫,I KA 𐄁 *326 𐄁 GRA .3 *304 ≈ ? 𐄁 OLE+KI ¹⁄₆ ? ≈ ¹⁄₆ OLE+MI ≈ ? OLIV ¹⁄₆ ? ≈ ¹⁄₆ VIN ≈ ¹⁄₆ ? E ? TE RI OLE+MI,33,9,0,1,.3; 𐝎; ≈; 𐝀; OLE+KI; ¹⁄₆; ≈; OLIV; E,𐄁; ¹⁄₆; ≈,,KA 𐄁 *326 𐄁 GRA,,,,42,no,,unknown,category 'culture' — no specific plausibility criteria,approximate match (levenshtein=1); 9 logogram(s) present; text: administrative
Ἰκάριος,Ikarios,Icarius,ikari,culture,IKARI,IKA,1,1,130,HT102,Haghia Triada - Casa Room 7,clay,LM IB,0.05,36.5,,33VIR+[?],administrative,tablet (page-shaped),𐘾 𐘂 𐘞 𐘽 𐙉 𐄡 𐄖 𐄌 𐘰 𐘝 𐛭 𐄒 𐄉 𐝫 𐝫 𐙇 𐛭 𐄒 𐄉 𐘆 𐘭 𐘅 𐄐 𐙁 𐙀 𐄉 𐘣 𐄐 𐘚 𐘾 𐄋 𐙂 𐘁 𐄢 𐄕,"KA PA SA RA₂ GRA 976 ? PA₃ GRA+PA 33 ? VIR+[?] GRA+PA 33 DI RI NA 10 ? ZU 3 ? WI ? I KA ? KU 1060 ?,pte? 𐄋 ta? ro 𐄢 𐄕",35,2,0,0,𐛭; NA,,"ZU 3 
 WI 
","KA 
 KU 1060 ?,pte?",,,,42,no,,unknown,category 'culture' — no specific plausibility criteria,approximate match (levenshtein=1); 2 logogram(s) present; text: administrative
Ἰκάριος,Ikarios,Icarius,ikari,culture,IKARI,IKA,1,1,1372,KNWc3,Knossos,clay,MMIIIB,0.05,36.5,,"IKA?,pte?",administrative,roundel,𐝫 𐘾 𐘚 𐘾 𐝫,"KA I KA ?,pte? 𐝫",5,0,0,0,,,KA,"KA ?,pte? 𐝫",,,,59,no,,unknown,category 'culture' — no specific plausibility criteria,approximate match (levenshtein=1); text: administrative
Ἰκάριος,Ikarios,Icarius,ikari,culture,IKARI,IDARI,1,1,1633,ZA21b,Zakros,stone,Uncertain,0.05,36.5,,IDA,religious,stone vessel,𐘚 𐘀 𐝫 𐝫 𐘸 𐝫 𐝫 𐄈 𐘞 𐘭 𐝫 𐝫 𐝫 𐘋,I DA ? ? 2 ? RI ? ? 𐝫 ? 𐝫 𐝫 so,14,0,0,0,,,,"DA 
 
 2 
",,,,53,no,,unknown,category 'culture' — no specific plausibility criteria,approximate match (levenshtein=1); text: religious
Ἰκάριος,Ikarios,Icarius,ikari,culture,IKARI,MAKARI,1,1,108,HT87,Haghia Triada - Casa Room 7,clay,LM IB,0.05,36.5,,NE𐄁MA,administrative,tablet (page-shaped),𐘐 𐘹 𐘗 𐄁 𐙁 𐘾 𐘭 𐘃 𐄁 𐘢 𐘳 𐘥 𐘤 𐄇 𐘱 𐘙 𐘻 𐄇 𐘆 𐘸 𐘈 𐄇 𐘿 𐘲 𐘫 𐄇 𐙂 𐘘 𐙂 𐄇 𐘇 𐘴 𐝫 𐄁 𐝫 𐘇 𐘹 𐄇,*21F TU NE 𐄁 MA KA RI TE 𐄁 PI TA KE SI 1 JA RE MI 1 DI KI SE 1 QE SU PU 1 KU RU KU 1 A RA 𐄁 A TU 1 ja 𐄇,38,0,0,0,,,*21F TU NE 𐄁,KA RI TE 𐄁 PI,,,,42,no,,unknown,category 'culture' — no specific plausibility criteria,approximate match (levenshtein=1); text: administrative
Ἰκάριος,Ikarios,Icarius,ikari,culture,IKARI,MAKARI,1,1,152,HT117a,Haghia Triada - Casa Room 9,clay,LM IB,0.05,36.5,,MAKARI,administrative,tablet (page-shaped),𐙁 𐘾 𐘭 𐘃 𐄁 𐘸 𐘁 𐄁 𐘉 𐘻 𐘅 𐘤 𐄁 𐘉 𐘲 𐄇 𐘻 𐘹 𐄇 𐙂 𐘴 𐘕 𐄇 𐙁 𐘘 𐄇 𐙂 𐘰 𐘯 𐄇 𐘹 𐘶 𐙁 𐄇 𐘉 𐘆 𐘻 𐄇 𐘻 𐘘 𐘳 𐘴 𐘙 𐄇 𐘃 𐘱 𐘙 𐄇 𐘅 𐘀 𐘙 𐄇 𐙂 𐘁 𐄐 — 𐘞 𐘳 𐄁 𐙂 𐙂 𐘀 𐘴 𐄇 𐘺 𐘞 𐘚 𐘠 𐄇 𐘀 𐘻 𐘯 𐄇 𐘀 𐘗 𐙂 𐘠 𐄇 𐘸 𐘀 𐘁 𐄇,MA KA RI TE 𐄁 KI RO 𐄁 U MI NA SI 𐄁 U SU 1 MI TU 1 KU RA MU 1 MA RU 1 KU PA₃ NU 1 TU JU MA 1 U DI MI 1 MI RU TA RA RE 1 TE JA RE 1 NA DA RE 1 KU RO 10 — SA TA 𐄁 KU KU DA RA 1 KO SA I TI 1 DA MI NU 1 DA NE KU TI 1 KI DA RO 1,82,0,0,0,,,,KA RI TE 𐄁 KI,,,,16,no,,unknown,category 'culture' — no specific plausibility criteria,approximate match (levenshtein=1); text: administrative
Ἰκάριος,Ikarios,Icarius,ikari,culture,IKARI,IZURI,1,1,1467,PH6,Phaistos,clay,MM II,0.05,36.5,,RIIZU,administrative,tablet (page-shaped),𐘚 𐘅 𐘮 𐄁 𐘇 𐘭 𐘚 𐙀 𐘭 𐘝 𐘳 𐘇 𐘭 𐘚 𐘀 𐘰 𐘚 𐘞 𐘭,I NA WA 𐄁 A RI I ZU RI NI TA A RI I DA PA₃ I SA RI,19,0,0,0,,,NA WA 𐄁 A RI,ZU RI NI TA A,,,,66,no,,unknown,category 'culture' — no specific plausibility criteria,approximate match (levenshtein=1); text: administrative
Ἰκάριος,Ikarios,Icarius,ikari,culture,IKARI,IRI,1,1,148,HT115a,Haghia Triada - Casa Room 9,clay,LM IB,0.1,38.0,"GRA,BOS",JA𐄁I,administrative,tablet (page-shaped),𐘨 𐘯 𐘴 𐘱 𐄁 𐘚 𐄁 𐛯 𐘭 𐘳 𐙁 𐘯 𐘣 𐄈 𐙕 𐘉 𐘴 𐘅 𐘐 𐘗 𐘻 𐘅 𐄇 𐘈 𐙂 𐘹 𐝆 𐘂 𐘴 𐘗 𐄇 𐘇 𐘈 𐘱 𐝂 𐝂 𐝂 𐝂 𐘾 𐘊 𐘘 𐄇 𐘭 𐘲 𐙁 𐝫 𐘲 𐄈 𐝂 𐝫 𐝫,*47 NU RA JA 𐄁 I 𐄁 GRA+BOSm RI TA MA NU WI 2 *301 U RA NA *21F NE MI NA 1 SE KU TU ¹⁄₂ PA RA NE 1 A SE JA 𐝂𐝂𐝂𐝂 ? KA PO 1 ? RI SU ? SU 2 ¹⁄₅ 𐝫 𐄈 vase 𐝫 𐝫,51,7,0,0,GRA+BOSm; 𐛯; ¹⁄₂; 𐝆; 𐝂𐝂𐝂𐝂; 𐝂; KA; PO; vase,,*47 NU RA JA 𐄁,𐄁 GRA+BOSm RI TA MA,,,,16,no,,unknown,category 'culture' — no specific plausibility criteria,approximate match (levenshtein=1); 7 logogram(s) present; text: administrative
Ἰκάριος,Ikarios,Icarius,ikari,culture,IKARI,ISARI,1,1,1709,PH54,Phaistos,clay,Uncertain,0.05,36.5,,ISARI,administrative,tablet (page-shaped),𐘚 𐘞 𐘭 𐘥,I SA RI KE,4,0,0,0,,,,SA RI KE,,,,66,no,,unknown,category 'culture' — no specific plausibility criteria,approximate match (levenshtein=1); text: administrative
Ἰκάριος,Ikarios,Icarius,ikari,culture,IKARI,IKURI,1,1,111,HT90,Haghia Triada - Casa Room 7,clay,LM IB,0.05,36.5,,IKURI,administrative,tablet (page-shaped),𐘚 𐙂 𐘭 𐘅 𐘞 𐘽 𐙉 𐄑 𐘝 𐄐 𐜉 𐄉 𐘤 𐘘 𐙁 𐘭 𐘷 𐙉 𐄇 𐘝 𐄇 𐜗 𐄇 𐙘 𐄇,I KU RI NA SA RA₂ GRA 20 NI 10 OLE+DI 3 SI RU MA RI TA₂ GRA 1 NI 1 OLE+MI 1 *304 1,25,0,0,1,,OLE+DI; OLE+MI,,KU RI NA SA RA₂,,,,42,no,,unknown,category 'culture' — no specific plausibility criteria,approximate match (levenshtein=1); text: administrative
Δαίδαλος,Daidalos,Daedalus,daidal,culture,DAIDARU,DAPADARU,1,1,1597,TY2,Tylissos,clay,Uncertain,0.05,36.5,,PI500290,administrative,tablet (page-shaped),𐙞 𐝫 𐘟 𐘫 𐘢 𐄝 𐙝 𐝫 𐄚 𐄘 𐙞 𐘸 𐘫 𐄔 𐙝 𐘀 𐘫 𐝫 𐄐 𐘂 𐘀 𐘘 𐙝 𐘶 𐘸 𐄙 𐙝 𐘭 𐘶 𐝫 𐙝 𐝫 𐝫 𐄌 𐙇 𐄗 𐄊 𐙟 𐘀 𐘶 𐄐 𐄍 𐝫 𐙟 𐘘 𐘾 𐄒 𐙝 𐘭 𐘮 𐘶 𐄙 𐄕 𐝫 𐙞 𐘭 𐘶 𐄚 𐄔 𐙞 𐝫 𐝫,"*309B *34 PU PI 500 ? 290 ? *309B KI 50 ? *309 DA 10 ? PA DA RU JU KI 100 ? *309 RI JU *309 6 ? VIR+[?] ? *309C DA JU ? *309C RU 30 ? *309 RI WA JU ? *309B RI JU ? *309B ? 𐝫 𐄙 𐄕 𐝫 ? ?,de? wa 𐄚 𐄔 ? 𐝫 𐝫",62,0,0,0,,,"*309B KI 50 
 *309","10 
 PA DA RU",,,,6,no,,unknown,category 'culture' — no specific plausibility criteria,approximate match (levenshtein=1); text: administrative
Κάρνος,Karnos,Carnus (seer),karn,culture,KARUNU,KARURE,1,1,2,HT2,Haghia Triada - Portico 11 and Room 13,clay,LM IB,0.1,43.0,"OLE+U,OLE",KARU𐄁,administrative,tablet (page-shaped),𐘇 𐘾 𐘘 𐄁 𐜋 𐄑 𐝫 𐝫 𐜊 𐄐 𐄍 𐜎 𐄉 𐝫 𐝫 𐘸 𐘙 𐘳 𐘅 𐜋 𐄔 𐄊 𐝫 𐝫 𐜊 𐄓 𐄍 𐄇,A KA RU 𐄁 OLE+U 20 ? 17 ? OLE+E 3 KI RE TA OLE+U 54 ? OLE+A 47 ? 1 𐄊 𐝫 𐝫 ?? 𐄓 𐄍 𐄇,28,0,1,4,,OLE+U; KI; ??,A,"RU 𐄁 OLE+U 20 
",,,,863,no,,unknown,category 'culture' — no specific plausibility criteria,approximate match (levenshtein=1); text: administrative
Κάρνος,Karnos,Carnus (seer),karn,culture,KARUNU,TURUNU,1,1,168,HT128a,Haghia Triada - Casa del Lebete,clay,LM IB,0.05,41.5,,PARATU,administrative,tablet (page-shaped),𐙲 𐄁 𐘂 𐘴 𐘹 𐘘 𐘯 𐘈 𐘋 𐙉 𐝫 𐄐 𐘮 𐘹 𐙁 𐘙 𐛲 𐄐 𐄈 𐝫 𐝫 𐘻 𐘳 𐛭 𐝆 𐝫 𐛲 𐄌 𐘆 𐝫 𐛲 𐄊 𐙁 𐘭 𐝫 𐝫,"*326 𐄁 PA RA TU RU NU SE ME GRA 10 ? TU MA RE GRA+KU 12 ? MI TA ¹⁄₂ ? GRA+KU 6 ? DI GRA+KU 4 MA RI 𐝫 𐄊 ju? ?,de? 𐝫 𐝫",36,2,0,3,6; 𐛭; 𐝆,12; GRA+KU; 𐝫,*326 𐄁 PA RA,RU NU SE ME GRA,,,,38,no,,unknown,category 'culture' — no specific plausibility criteria,approximate match (levenshtein=1); 2 logogram(s) present; text: administrative
Κάρνος,Karnos,Carnus (seer),karn,culture,KARUNU,KARUKU,1,1,106,HT86a,Haghia Triada - Casa Room 7,clay,LM IB,0.05,41.5,,KARU𐄁,administrative,tablet (page-shaped),𐘇 𐘾 𐘘 𐄁 𐙂 𐘝 𐘲 𐛷 𐄑 𐘞 𐘘 𐄑 𐘆 𐘦 𐘘 𐄑 𐘌 𐘽 𐘮 𐄐 — 𐘇 𐘬 𐄁 𐘀 𐘋 𐛳 𐄑 𐘻 𐘯 𐘃 𐄑,A KA RU 𐄁 KU NI SU GRA+K+L 20 SA RU 20 DI DE RU 20 QA RA₂ WA 10 — A DU 𐄁 DA ME GRA+B 20 MI NU TE 20,32,0,0,2,,GRA+K+L; GRA+B,A,RU 𐄁 KU NI SU,,,,42,no,,unknown,category 'culture' — no specific plausibility criteria,approximate match (levenshtein=1); text: administrative
Κάρνος,Karnos,Carnus (seer),karn,culture,KARUNU,KARUKU,1,1,107,HT86b,Haghia Triada - Casa Room 7,clay,LM IB,0.05,41.5,,KARU𐄁,administrative,tablet (page-shaped),𐘇 𐘾 𐘘 𐄁 𐙂 𐘝 𐘲 𐛷 𐄑 𐘞 𐘘 𐄑 𐘆 𐘦,A KA RU 𐄁 KU NI SU GRA+K+L 20 SA RU 20 DI DE,14,0,0,1,,GRA+K+L,A,RU 𐄁 KU NI SU,,,,42,no,,unknown,category 'culture' — no specific plausibility criteria,approximate match (levenshtein=1); text: administrative
Κάρνος,Karnos,Carnus (seer),karn,culture,KARUNU,KARU,1,1,97,HT75,Haghia Triada - Villa Magazine,clay,LM IB,0.05,41.5,,KARU,administrative,tablet (page-shaped),𐘾 𐘘 𐝫 — 𐝫,KA RU ? ? 𐝫,5,0,0,0,,,,"RU 
 
 𐝫",,,,96,no,,unknown,category 'culture' — no specific plausibility criteria,approximate match (levenshtein=1); text: administrative
Κάρνος,Karnos,Carnus (seer),karn,culture,KARUNU,KARU,1,1,122,HT97a,Haghia Triada - Casa Room 7,clay,LM IB,0.1,43.0,VIR,KARU𐄁,administrative,tablet (page-shaped),𐘾 𐘘 𐄁 𐜠 𐄁 𐛧 𐄗 𐄈 𐙳 𐄒 𐄉 𐘾 𐘯 𐘠 𐄑 𐄋 𐘂 𐘚 𐘄 𐄌 𐘆 𐄊 𐘅 𐘠 𐄊 𐙁 𐘆 𐄋 𐘶 𐄐 𐄋 𐘸 𐄉 𐙀 𐝫 𐄋 𐘳 𐘠 𐄈 𐘦 𐝫 𐄁 𐄉 𐝫 𐝫 𐘇 𐄋 𐝫,KA RU 𐄁 *307+*387 𐄁 VIR+KA 82 ? 33 ? KA TI 25 ? PA I 6 ? DI 4 NA TI ? MA DI ? JU 15 KI 3 ? 5 ? TI 2 ? 𐄁 ? ? A 5 𐝫 𐄉 𐝫 𐝫 a 𐄋 𐝫,48,2,0,0,*307+*387; 𐜠; VIR+KA; 𐛧,,,RU 𐄁 *307+*387 𐄁 VIR+KA,,,,42,no,,unknown,category 'culture' — no specific plausibility criteria,approximate match (levenshtein=1); 2 logogram(s) present; text: administrative
Κάρνος,Karnos,Carnus (seer),karn,culture,KARUNU,KANU,1,1,86,HT62+73,Haghia Triada - Villa Magazine,clay,LM IB,0.05,41.5,,𐄁GRA15,administrative,tablet (page-shaped),𐝫 𐘞 𐘴 𐄁 𐘃 𐄁 𐙍 𐝫 𐄁 𐝫 𐘅 𐙉 𐄐 𐄋 𐝃 𐘾 𐙂 𐄊 𐝫 𐝫 𐄐 𐄎 𐘛 𐘠 𐝫 𐄁 𐄌 𐘆 𐝫 𐝫 𐄊 𐝃 𐘾 𐝫 𐝫 𐙇 𐝫 𐝫 𐄊 𐘺 𐝫 𐝫 𐘯 𐄐 𐄍 𐝫 𐝫 𐄑 𐄋 𐝫 𐝫 𐝫 𐙂 𐝫 𐄁 𐝫 𐄇 𐝫 𐘂 𐘚 𐘸 𐝫 𐝫 𐄎 𐘞 𐘁 𐘿 𐝫 𐝫 𐄑 𐄎 𐝫 𐝫,SA RA 𐄁 TE 𐄁 VIN ? 𐄁 GRA 15 ¹⁄₄ ? KA KU 4 18 ? *28B TI 6 ? DI 4 ¹⁄₄ ? KA ? 4 ? ? NU 17 25 ? ? KU ? 𐄁 1 PA I ? 8 ? SA RO ? 28 ? 𐝫 𐝫 𐝫 ta? 𐝫 𐄁 𐝫 𐄇 𐝫 pa ru ? 𐝫 𐝫 𐄎 ni ro ? 𐝫 𐝫 𐄑 𐄎 𐝫 𐝫,73,2,0,0,4; 𐝃; 17,,"𐄁 GRA 15 ¹⁄₄ 
","KU 4 18 
 *28B",,,,96,no,,unknown,category 'culture' — no specific plausibility criteria,approximate match (levenshtein=1); 2 logogram(s) present; text: administrative
Κάρνος,Karnos,Carnus (seer),karn,culture,KARUNU,KANU,1,1,1399,KNZc7,Knossos,,Uncertain,0.05,41.5,,KANUZA,unknown,Inked inscription,𐘇 𐘾 𐘯 𐘍 𐘠 𐄁 𐘬 𐘴 𐘙 𐄁 𐘇 𐙀 𐘴 𐄁 𐘱 𐘞 𐘴 𐘇 𐘅 𐘗 𐄁 𐘣 𐘢 𐝫 𐄁,A KA NU ZA TI 𐄁 DU RA RE 𐄁 A ZU RA 𐄁 JA SA RA A NA NE 𐄁 WI PI 𐄁 𐄁,25,0,0,0,,,A,NU ZA TI 𐄁 DU,,,,59,no,,unknown,category 'culture' — no specific plausibility criteria,approximate match (levenshtein=1)
Περσεύς,Perseus,Perseus,perseu,culture,RUSEU,SEU,1,1,1617,ZA10b,Zakros,stone,Uncertain,0.05,41.5,,REZASE,religious,stone vessel,𐘮 𐚖 𐄈 𐘬 𐘙 𐘍 𐘈 𐙎 𐄋 𐘉 𐘪 𐄌 𐙁 𐘍 𐄋 𐙁 𐘸 𐘦 𐘃 𐄋 𐘞 𐙁 𐄋 𐘇 𐘦 𐄊 𐘇 𐘻 𐘳 𐄉 𐘽 𐘁 𐘙 𐄈 𐘂 𐘱 𐘙 𐄇 𐘾 𐙂 𐘗 𐘃 𐝆 𐘳 𐄈 𐘬 𐄇 𐝫,WA *362 2 DU RE ZA SE *131B 5 U *49 6 MA ZA 5 MA KI DE TE 5 SA MA 5 A DE 4 A MI TA 3 RA₂ RO RE 2 PA JA RE 1 KA KU NE TE ¹⁄₂ TA 2 DU 1 𐝫,48,2,0,0,*362; 𐚖; ¹⁄₂; 𐝆,,*362 2 DU RE ZA,*131B 5 U *49 6,,,,53,no,,unknown,category 'culture' — no specific plausibility criteria,approximate match (levenshtein=1); 2 logogram(s) present; text: religious
Περσεύς,Perseus,Perseus,perseu,culture,RUSEU,RUSE,1,1,1655,ZAZg35,Zakros,,LM IA,0.05,41.5,,RU𐄁SE,administrative,Label,𐝫 𐘋 𐘻 𐘱 𐘘 𐄁 𐘈 𐘮 𐙄 𐘦,ME MI JA RU 𐄁 SE WA AU DE e,10,0,0,0,,,ME MI JA,𐄁 SE WA AU DE,,,,53,no,,unknown,category 'culture' — no specific plausibility criteria,approximate match (levenshtein=1); text: administrative
Περσεύς,Perseus,Perseus,perseu,culture,RUSEU,RUU,1,1,33,HT25a,Haghia Triada - Villa Magazine,clay,LM IB,0.05,41.5,,NAU,administrative,tablet (page-shaped),𐝫 𐝫 𐄇 𐘆 𐘅 𐘉 𐝫 𐝫 𐘘 𐘝 𐄇 𐘉 𐘙 𐘣 𐄇 𐘆 𐘅 𐘉 𐄇 𐘇 𐘭 𐘝 𐘳 𐄇 𐘹 𐘿 𐘯 𐝫 𐝫 𐙀 𐘶 𐘜 𐄇 𐘬 𐘘 𐘣 𐝫 𐝫 𐘚 𐘸 𐘴 𐄇 𐘂 𐄇,𐝫 1 ? NA U ? RU 1 ? U RE 1 ? DI NA 1 ? A RI TA 1 ? TU QE ? ZU JU PU₂ ? DU RU WI ? KI RA 1 ? 1 ru ? ? 𐄇 pa 𐄇,44,0,0,0,,,"1 
 NA U 
","1 
 U RE 1",,,,96,no,,unknown,category 'culture' — no specific plausibility criteria,approximate match (levenshtein=1); text: administrative
Δημήτηρ,Dēmētēr,Demeter,dēmētēr,culture,DEMETERU,DEMETE,1,1,117,HT94b,Haghia Triada - Casa Room 7,clay,LM IB,0.05,41.5,,SARU1KU,administrative,tablet (page-shaped),𐘸 𐘁 𐄁 𐘹 𐙁 𐄇 𐘂 𐘳 𐘗 𐄇 𐘦 𐘆 𐄇 𐘥 𐘸 𐘘 𐄇 𐘞 𐘘 𐄇 𐙂 𐘁 𐄋 𐙅 𐄁 𐘴 𐝫 𐄁 𐝫 𐘦 𐘋 𐘃 𐄇 𐘐 𐘹 𐝫 𐄁 𐄇,KI RO 𐄁 TU MA 1 PA TA NE 1 DE DI 1 KE KI RU 1 SA RU 1 KU RO 5 *86 𐄁 RA 𐄁 DE ME TE 1 ? *21F 𐄁 1 𐝫 𐄁 𐄇,38,0,0,0,,,5 *86 𐄁 RA 𐄁,"ME TE 1 
 *21F",,,,42,no,,unknown,category 'culture' — no specific plausibility criteria,approximate match (levenshtein=1); text: administrative
Τιτάν,Titān,Titan,titan,culture,TITANU,TINU,1,1,1109,IOZa2,Iouktas,stone,Uncertain,0.05,36.5,,RUTETA,religious,stone vessel,𐘇 𐘳 𐘚 𐙕 𐘮 𐘱 𐄁 𐘱 𐘆 𐘸 𐘹 𐄁 𐘱 𐘞 𐘞 𐘴 𐝫 𐘋 𐄁 𐘉 𐘅 𐘾 𐘅 𐝫 𐘤 𐝫 𐄁 𐝫 𐘚 𐘢 𐘅 𐙁 𐄁 𐘤 𐘘 𐘃 𐄁 𐘳 𐘅 𐘴 𐘃 𐘉 𐘠 𐘯 𐄁 𐘚 𐝫 𐄁,A TA I *301 WA JA 𐄁 JA DI KI TU 𐄁 JA SA SA RA ME 𐄁 U NA KA NA SI 𐄁 I PI NA MA 𐄁 ? SI RU TE TA NA RA TE U TI NU 𐄁 I 𐄁 ? 𐄁 ru 𐝫 𐄁,48,0,0,0,,,TA NA RA TE U,NU 𐄁 I 𐄁 ?,,,,16,no,,unknown,category 'culture' — no specific plausibility criteria,approximate match (levenshtein=1); text: religious
Τιτάν,Titān,Titan,titan,culture,TITANU,TINU,1,1,1113,IOZa6,Iouktas,stone,LM IA,0.05,36.5,,UTINU,religious,stone vessel,𐘳 𐘅 𐘚 𐙕 𐘉 𐘠 𐘯 𐄁 𐘚 𐘅 𐘳 𐘚 𐙀 𐘆 𐘤 𐘾 𐄁 𐘱 𐘞 𐘞 𐘴 𐘋 𐄁,TA NA I *301 U TI NU 𐄁 I NA TA I ZU DI SI KA 𐄁 JA SA SA RA ME 𐄁,23,0,0,0,,,TA NA I *301 U,NU 𐄁 I NA TA,,,,16,no,,unknown,category 'culture' — no specific plausibility criteria,approximate match (levenshtein=1); text: religious
Τιτάν,Titān,Titan,titan,culture,TITANU,TINU,1,1,1118,IOZa11,Iouktas,stone,Uncertain,0.05,36.5,,𐄁U,religious,stone vessel,𐝫 𐘅 𐝫 𐄁 𐝫 𐘀 𐘀 𐝫 𐄁 𐝫 𐘉 𐘠 𐘯 𐄁 𐘚 𐘅 𐘚 𐘀 𐝫,NA 𐄁 DA DA 𐄁 ? U TI NU I NA I DA 𐄁 ru na ru da 𐝫,19,0,0,0,,,"DA DA 𐄁 
 U",NU I NA I DA,,,,16,no,,unknown,category 'culture' — no specific plausibility criteria,approximate match (levenshtein=1); text: religious
Τιτάν,Titān,Titan,titan,culture,TITANU,TITA,1,1,1407,KNZf31,Knossos,metal,Uncertain,0.05,36.5,,ADARA,religious,metal object,𐝫 𐘤 𐝫 𐘤 𐘍 𐘗 𐙠 𐄁 𐘀 𐘬 𐘻 𐘗 𐄁 𐘌 𐘻 𐘨 𐘅 𐘴 𐄁 𐘇 𐘮 𐘢 𐄁 𐘃 𐘲 𐘦 𐘈 𐘥 𐘚 𐄁 𐘇 𐘀 𐘴 𐄁 𐘠 𐘆 𐘃 𐘌 𐘠 𐄁 𐘳 𐘞 𐘍 𐄁 𐘳 𐘃 𐘚 𐘥 𐘍 𐘙 𐄁,SI SI ZA NE *310 𐄁 DA DU MI NE 𐄁 QA MI *47 NA RA 𐄁 A WA PI 𐄁 TE SU DE SE KE I 𐄁 A DA RA 𐄁 TI DI TE QA TI 𐄁 TA SA ZA 𐄁 TA TE I KE ZA RE 𐄁 ne 𐄁,51,0,0,0,,,𐄁 A DA RA 𐄁,DI TE QA TI 𐄁,,,,59,no,,unknown,category 'culture' — no specific plausibility criteria,approximate match (levenshtein=1); text: religious
Τιτάν,Titān,Titan,titan,culture,TITANU,METANU,1,1,1548,PLZf1,Platanos,metal,Uncertain,0.05,36.5,,SASARA,religious,metal object,𐝫 𐘳 𐄁 𐘣 𐘃 𐘱 𐘕 𐄁 𐘉 𐘿 𐘠 𐄁 𐘱 𐘞 𐘞 𐘴 𐘋 𐄁 𐘳 𐘯 𐘝 𐘸 𐘅 𐄁 𐘝 𐘯 𐘝 𐄁 𐝫 𐄁 𐝫 𐘚 𐝫 𐄁,TA 𐄁 WI TE JA MU 𐄁 U QE TI 𐄁 JA SA SA RA ME 𐄁 TA NU NI KI NA 𐄁 NI NU NI 𐄁 𐝫 𐄁 I 𐄁 ru 𐝫 𐄁,34,0,0,0,,,𐄁 JA SA SA RA,𐄁 TA NU NI KI,,,,1,no,,unknown,category 'culture' — no specific plausibility criteria,approximate match (levenshtein=1); text: religious
Τιτάν,Titān,Titan,titan,culture,TITANU,TANU,1,1,1380,KNZa10,Knossos,stone,LM IA,0.05,36.5,,TANUMU,religious,stone vessel,𐝫 𐘳 𐘯 𐘕 𐘠 𐄁 𐘱 𐘞 𐘞 𐘴 𐙁 𐘅 𐄁 𐘀 𐘮 𐝫 𐄁 𐝫 𐘬 𐘮 𐘄 𐄁 𐘚 𐘱 𐝫,TA NU MU TI 𐄁 JA SA SA RA MA ? 𐄁 DA WA 𐄁 DU WA TO 𐄁 I JA 𐄁 ru ? 𐝫,25,0,0,0,,,,NU MU TI 𐄁 JA,,,,59,no,,unknown,category 'culture' — no specific plausibility criteria,approximate match (levenshtein=1); text: religious
Τιτάν,Titān,Titan,titan,culture,TITANU,TANU,1,1,1614,ZA8,Zakros,stone,LM IB,0.05,36.5,,A,religious,stone vessel,𐘸 𐘴 𐄁 𐘇 𐘳 𐘙 𐄁 𐘝 𐝆 𐙂 𐘹 𐘺 𐘙 𐝂 𐝂 𐘇 𐘭 𐘝 𐘳 𐄇 𐝫 𐝁 𐝁 𐘳 𐘚 𐘯 𐙁 𐘂 𐝆 𐙁 𐘾 𐘚 𐘈 𐄈 𐝃 𐝆 𐘀 𐘚 𐘢 𐘳 𐄈 𐝆 𐘾 𐘚 𐘁 𐄊 𐝁 𐝁,KI RA 𐄁 A TA RE 𐄁 NI ¹⁄₂ KU TU KO RE double mina A RI NI TA 1 ? ? TA NU MA PA ¹⁄₂ ? MA I SE 2 𐝃𐝆 ? DA I TA 2 ¹⁄₂ ? KA I 4 ? ro 𐄊 vase vase,48,11,0,0,¹⁄₂; 𐝆; double; 𐝂; mina; 𐝁; TA; MA; DA; 𐝃; I; I; vase; vase,,"NI TA 1 ? 
","NU MA PA ¹⁄₂ 
",,,,53,no,,agriculture (grain),category 'culture' — no specific plausibility criteria,approximate match (levenshtein=1); 11 logogram(s) present; text: religious
Λύκαιον,Lykaion,Lycaeum,lukai,culture,RUKAI,RUKA,1,1,122,HT97a,Haghia Triada - Casa Room 7,clay,LM IB,0.1,38.0,VIR,RU𐄁,administrative,tablet (page-shaped),𐘾 𐘘 𐄁 𐜠 𐄁 𐛧 𐄗 𐄈 𐙳 𐄒 𐄉 𐘾 𐘯 𐘠 𐄑 𐄋 𐘂 𐘚 𐘄 𐄌 𐘆 𐄊 𐘅 𐘠 𐄊 𐙁 𐘆 𐄋 𐘶 𐄐 𐄋 𐘸 𐄉 𐙀 𐝫 𐄋 𐘳 𐘠 𐄈 𐘦 𐝫 𐄁 𐄉 𐝫 𐝫 𐘇 𐄋 𐝫,KA RU 𐄁 *307+*387 𐄁 VIR+KA 82 ? 33 ? KA TI 25 ? PA I 6 ? DI 4 NA TI ? MA DI ? JU 15 KI 3 ? 5 ? TI 2 ? 𐄁 ? ? A 5 𐝫 𐄉 𐝫 𐝫 a 𐄋 𐝫,48,2,0,0,*307+*387; 𐜠; VIR+KA; 𐛧,,KA,𐄁 *307+*387 𐄁 VIR+KA 82,,,,42,no,,unknown,category 'culture' — no specific plausibility criteria,approximate match (levenshtein=1); 2 logogram(s) present; text: administrative
Λύκαιον,Lykaion,Lycaeum,lukai,culture,RUKAI,RUKA,1,1,1123,IOZa16,Iouktas,stone,Uncertain,0.05,36.5,,𐄁U,religious,stone vessel,𐝫 𐙌 𐄁 𐘱 𐘞 𐘞 𐘴 𐘋 𐄁 𐘉 𐘅 𐘘 𐘾 𐝫 𐘅 𐘤,AROM 𐄁 JA SA SA RA ? 𐄁 U NA RU KA NA SI na jo,16,0,0,0,,,"RA 
 𐄁 U NA",KA NA SI na jo,,,,16,no,,unknown,category 'culture' — no specific plausibility criteria,approximate match (levenshtein=1); text: religious
Λύκαιον,Lykaion,Lycaeum,lukai,culture,RUKAI,RUKA,1,1,1532,PKZa11,Palaikastro,stone,Uncertain,0.05,36.5,,𐄁A,religious,stone vessel,𐘇 𐘳 𐘚 𐙕 𐘮 𐘡 𐄁 𐘇 𐘆 𐘸 𐘃 𐘃 𐝫 𐄁 𐄁 𐝫 𐘙 𐄁 𐘢 𐘃 𐘭 𐄁 𐘇 𐘺 𐘇 𐘗 𐄁 𐘇 𐘞 𐘞 𐘴 𐘋 𐄁 𐘉 𐘅 𐘘 𐘾 𐘅 𐘠 𐄁 𐘚 𐘢 𐘅 𐘻 𐘅 𐝫 𐘤 𐘘 𐝫 𐄁 𐝫 𐄁 𐘚 𐘅 𐘱 𐘂 𐘌,A TA I *301 WA E 𐄁 A DI KI TE TE 𐄁 ? RE 𐄁 PI TE RI 𐄁 A KO A NE 𐄁 A ? SA RA ME 𐄁 U NA RU KA NA TI 𐄁 ? I NA MI NA SI RU 𐄁 𐝫 𐄁 I NA JA PA QA na ? pa me,57,0,0,0,,,RA ME 𐄁 U NA,"KA NA TI 𐄁 
",,,,25,no,,unknown,category 'culture' — no specific plausibility criteria,approximate match (levenshtein=1); text: religious
Λύκαιον,Lykaion,Lycaeum,lukai,culture,RUKAI,RUKA,1,1,1533,PKZa12,Palaikastro,stone,Uncertain,0.05,36.5,,𐄁RAME,religious,stone vessel,𐘇 𐘳 𐘚 𐙕 𐘮 𐘱 𐄁 𐘇 𐘆 𐘸 𐘃 𐝫 𐝫 𐘤 𐝫 𐄁 𐄁 𐝫 𐘴 𐘋 𐝫 𐝫 𐘇 𐝫 𐝫 𐘗 𐘉 𐘅 𐘘 𐘾 𐝫 𐝫 𐘱 𐘤 𐘇 𐘂 𐘬 𐘂 𐝫 𐝫 𐘱 𐝫 𐘱 𐘂 𐘌,A TA I *301 WA JA 𐄁 A DI KI TE ? ? 𐄁 𐄁 RA ME NE U NA RU KA JA SI A PA DU PA JA JA PA QA ? jo a pa ? pa 𐝫 𐝫 ? 𐝫 ? pa me,45,0,0,0,,,RA ME NE U NA,KA JA SI A PA,,,,25,no,,unknown,category 'culture' — no specific plausibility criteria,approximate match (levenshtein=1); text: religious
Λύκαιον,Lykaion,Lycaeum,lukai,culture,RUKAI,RUI,1,1,31,HT24a,Haghia Triada - Corridor 9 and Vestibule 26,clay,LM IB,0.05,36.5,,MA6,administrative,tablet (page-shaped),𐙂 𐘰 𐘭 𐘱 𐘸 𐙁 𐘘 𐝫 𐝫 𐄌 𐙁 𐘘 𐘋 𐄐 𐝫 𐄏 𐝆 𐙁 𐘘 𐘋 𐄌 𐘂 𐘞 𐘭 𐘱 𐙁 𐘘 𐘋 𐝫 𐘘 𐘚 𐘺 𐛢 𐝫,KU PA₃ RI JA KI MA RU ? ? MA ME 10 ? 9 ? MA RU 6 ? PA SA JA ? MA RU RU I KO *560 mu ru ? [?] 𐝫,34,2,0,0,RU; 𐝆; [?]; 𐛢,,"SA JA 
 MA RU",I KO *560 mu ru,,,,2,no,,unknown,category 'culture' — no specific plausibility criteria,approximate match (levenshtein=1); 2 logogram(s) present; text: administrative
Λύκαιον,Lykaion,Lycaeum,lukai,culture,RUKAI,RUI,1,1,114,HT93a,Haghia Triada - Casa Room 7,clay,LM IB,0.05,36.5,,𐄁DA+RE+SE,administrative,tablet (page-shaped),𐘰 𐘝 𐘅 𐄁 𐙉 𐘰 𐄁 𐚿 𐄐 𐄈 𐘆 𐘭 𐘅 𐄁 𐚴 𐄓 𐄉 𐝆 𐘸 𐘆 𐘝 𐄋 𐝆 𐝅 𐘇 𐘈 𐄁 𐘚 𐛭 𐄑 𐄌 𐝕 𐘞 𐘽 𐄑 𐘌 𐘌 𐘘 𐄁 𐘚 𐛭 𐄋 𐙇 𐘚 𐄌 𐘦 𐘶 𐙂 𐄇 𐝆 𐘵 𐘠 𐝫 𐄁 𐄉 𐘀 𐘭 𐘀 𐚦 𐄈 𐚃 𐄈 𐘰 𐘝 𐘅 𐝫 𐝫 𐘂 𐘈 𐘱 𐄑 𐙇 𐄐 𐝄 𐝫 𐝫 𐘾 𐄊,"PA₃ NI NA 𐄁 GRA PA₃ 𐄁 RE+SE 12 ? RI NA 𐄁 DA+RE+SE 43 ¹⁄₂ ? KI NI 5 𐝆𐝅 ? A SE I GRA+PA 26 ³⁄₄ ? SA RA₂ 20 QA QA RU I GRA+PA 5 ? VIR+[?] I 6 DE JU KU ¹⁄₂ ? O TI 𐄁 ? DA RI DA *406 2 ? *343 2 ? NI NA PA SE JA 20 VIR+[?] 10 ¹⁄₈ ? KA ? 𐄐 vase 𐝫 𐝫 ?,pte? 𐄊",78,11,0,0,RE+SE; 𐚿; 43; 𐚴; KI; 𐝆; A; SE; 𐝅; 𐛭; 20; 𐝕; I; 𐄁; 2; 𐚦; vase; 𐝄,,SA RA₂ 20 QA QA,"I GRA+PA 5 
 VIR+[?]",,,,42,no,,unknown,category 'culture' — no specific plausibility criteria,approximate match (levenshtein=1); 11 logogram(s) present; text: administrative
Λύκαιον,Lykaion,Lycaeum,lukai,culture,RUKAI,ROKAI,1,1,124,HT98a,Haghia Triada - Casa Room 7,clay,LM IB,0.05,36.5,,NA³⁄₄,administrative,tablet (page-shaped),𐝫 𐝫 𐘦 𐄇 𐝫 𐝫 𐘹 𐄇 𐘳 𐘅 𐘠 𐝕 𐘆 𐘙 𐘆 𐘅 𐝆 𐘃 𐙕 𐝕 𐘁 𐘥 𐝆 𐘾 𐘭 𐙠 𐘚 𐝃,𐝫 DE 1 ? TU ? TA NA ³⁄₄ ? DI RE NA ¹⁄₂ ? TE *301 ? RO KE ? KA RI I ¹⁄₄ ? ru vase,28,5,0,0,RE; 𐝕; *301; 𐝆; KE; RI; vase; 𐝃,,"¹⁄₂ 
 TE *301 
","KE 
 KA RI I",,,,42,no,,unknown,category 'culture' — no specific plausibility criteria,approximate match (levenshtein=1); 5 logogram(s) present; text: administrative
Λύκαιον,Lykaion,Lycaeum,lukai,culture,RUKAI,RUMAI,1,1,149,HT115b,Haghia Triada - Casa Room 9,clay,LM IB,0.05,36.5,,NUWI𐄁,administrative,tablet (page-shaped),𐝫 𐘘 𐄁 𐘂 𐘴 𐘗 𐝆 𐘠 𐘯 𐘱 𐄁 𐘯 𐘣 𐄁 𐙉 𐝆 𐘬 𐘰 𐘅 𐄇 𐙂 𐘘 𐙁 𐄁 𐘚 𐝆 𐙚 𐘹 𐘱 𐄇 𐘇 𐘚 𐝫 𐄇 𐜞 𐄇 𐙂 𐘳 𐝫,RU 𐄁 PA RA NE ¹⁄₂ ? NU JA 𐄁 NU WI 𐄁 GRA ¹⁄₂ ? PA₃ NA 1 ? RU MA 𐄁 I ¹⁄₂ ? TU JA 1 ? I 1 ? *306+MI ? KU ta? du? 𐝫,39,4,0,0,𐝆; 𐜞,,,𐄁 PA RA NE ¹⁄₂,,,,16,no,,unknown,category 'culture' — no specific plausibility criteria,approximate match (levenshtein=1); 4 logogram(s) present; text: administrative
Λύκαιον,Lykaion,Lycaeum,lukai,culture,RUKAI,MAKAI,1,1,1609,ZA5b,Zakros,stone,Uncertain,0.05,36.5,,PIKI1,religious,stone vessel,𐘛 𐘯 𐙁 𐘙 𐄑 𐘤 𐘢 𐘸 𐄇 𐝆 𐙁 𐘾 𐘚 𐘳 𐄉,*28B NU MA RE 20 SI PI KI 1 ¹⁄₂ MA KA I TA 3,15,1,0,0,¹⁄₂; 𐝆,,SI PI KI 1 ¹⁄₂,KA I TA 3,,,,53,no,,unknown,category 'culture' — no specific plausibility criteria,approximate match (levenshtein=1); 1 logogram(s) present; text: religious
Λύκαιον,Lykaion,Lycaeum,lukai,culture,RUKAI,KAI,1,1,1372,KNWc3,Knossos,clay,MMIIIB,0.05,36.5,,KAIKA,administrative,roundel,𐝫 𐘾 𐘚 𐘾 𐝫,"KA I KA ?,pte? 𐝫",5,0,0,0,,,,"I KA ?,pte? 𐝫",,,,59,no,,unknown,category 'culture' — no specific plausibility criteria,approximate match (levenshtein=1); text: administrative
Λύκαιον,Lykaion,Lycaeum,lukai,culture,RUKAI,RUTEI,1,1,1121,IOZa14,Iouktas,stone,Uncertain,0.05,36.5,,RUTE𐄁,religious,stone vessel,𐘤 𐝫 𐘘 𐘃 𐄁 𐘚 𐘆 𐝫,SI RU TE 𐄁 I DI di 𐝫,8,0,0,0,,,SI,TE 𐄁 I DI di,,,,16,no,,unknown,category 'culture' — no specific plausibility criteria,approximate match (levenshtein=1); text: religious
Ἱμέρα,Himera,Himera,imer,culture,IMERU,IKIRU,1,1,1715,THEZg16,Thera,,Uncertain,0.05,41.5,,IKIRU,unknown,Triton,𐘿 𐘚 𐘸 𐘘 𐘿,QE I KI RU QE,5,0,0,0,,,QE,KI RU QE,,,,18,no,,unknown,category 'culture' — no specific plausibility criteria,approximate match (levenshtein=1)
Ἱμέρα,Himera,Himera,imer,culture,IMERU,IRU,1,1,8,HT7a,Haghia Triada - Villa Magazine,clay,LM IB,0.05,41.5,,𐄁VIR+[?]I,administrative,tablet (page-shaped),𐘿 𐘠 𐄁 𐙇 𐘚 𐘘 𐘱 𐄉 𐘬 𐘱 𐄊 𐘳 𐘅 𐘠 𐄇 𐘀 𐘙 𐄇 𐘃 𐘹 𐄇,QE TI 𐄁 VIR+[?] I RU JA 3 DU JA 4 TA NA TI 1 DA RE 1 TE TU 1,21,0,0,0,,,QE TI 𐄁 VIR+[?],RU JA 3 DU JA,,,,96,no,,unknown,category 'culture' — no specific plausibility criteria,approximate match (levenshtein=1); text: administrative
Ἱμέρα,Himera,Himera,imer,culture,IMERU,IARU,1,1,12,HT9a,Haghia Triada - Villa Magazine,clay,LM IB,0.05,41.5,,10DINA,administrative,tablet (page-shaped),𐘞 𐘁 𐄁 𐘃 𐄁 𐙍 𐄁 𐘂 𐘦 𐄁 𐄋 𐝕 𐙚 𐘹 𐄐 𐘆 𐘅 𐘉 𐄊 𐘿 𐘫 𐄈 𐙰 𐘆 𐘴 𐄈 𐝆 𐘳 𐘚 𐙌 𐄈 𐝆 𐘇 𐘘 𐄊 𐝃 𐙂 𐘁 𐄒 𐄇 𐝕,SA RO 𐄁 TE 𐄁 VIN 𐄁 PA DE 𐄁 5 ³⁄₄ *306 TU 10 DI NA U 4 QE PU 2 *324 DI RA 2 ¹⁄₂ TA I AROM 2 ¹⁄₂ A RU 4 ¹⁄₄ KU RO 31 ³⁄₄ [?],41,5,0,0,³⁄₄; 𐝕; ¹⁄₂; 𐝆; ¹⁄₂; ¹⁄₄; 𐝃; [?],,DI RA 2 ¹⁄₂ TA,AROM 2 ¹⁄₂ A RU,,,,96,no,,unknown,category 'culture' — no specific plausibility criteria,approximate match (levenshtein=1); 5 logogram(s) present; text: administrative
κύριος,kyrios,lord,kurio,abstract,KURIO,KURI,1,1,111,HT90,Haghia Triada - Casa Room 7,clay,LM IB,0.05,41.5,,KURINA,administrative,tablet (page-shaped),𐘚 𐙂 𐘭 𐘅 𐘞 𐘽 𐙉 𐄑 𐘝 𐄐 𐜉 𐄉 𐘤 𐘘 𐙁 𐘭 𐘷 𐙉 𐄇 𐘝 𐄇 𐜗 𐄇 𐙘 𐄇,I KU RI NA SA RA₂ GRA 20 NI 10 OLE+DI 3 SI RU MA RI TA₂ GRA 1 NI 1 OLE+MI 1 *304 1,25,0,0,1,,OLE+DI; OLE+MI,I,RI NA SA RA₂ GRA,,,,42,no,,unknown,category 'abstract' — no specific plausibility criteria,approximate match (levenshtein=1); text: administrative
κύριος,kyrios,lord,kurio,abstract,KURIO,KURI,1,1,1671,ARKH6,Arkhalkhori,clay,LM IB,0.05,41.5,,𐄁KU,administrative,tablet (page-shaped),𐘀 𐘅 𐘹 𐄁 𐙂 𐝫 𐝫 𐘃 𐘭 𐝫 𐝫,DA NA TU 𐄁 KU ? RI ? 𐝫 𐝫 𐝫,11,0,0,0,,,DA NA TU 𐄁,"
 RI 
 𐝫 𐝫",,,,15,no,,unknown,category 'abstract' — no specific plausibility criteria,approximate match (levenshtein=1); text: administrative
κύριος,kyrios,lord,kurio,abstract,KURIO,KUO,1,1,114,HT93a,Haghia Triada - Casa Room 7,clay,LM IB,0.05,41.5,,NI,administrative,tablet (page-shaped),𐘰 𐘝 𐘅 𐄁 𐙉 𐘰 𐄁 𐚿 𐄐 𐄈 𐘆 𐘭 𐘅 𐄁 𐚴 𐄓 𐄉 𐝆 𐘸 𐘆 𐘝 𐄋 𐝆 𐝅 𐘇 𐘈 𐄁 𐘚 𐛭 𐄑 𐄌 𐝕 𐘞 𐘽 𐄑 𐘌 𐘌 𐘘 𐄁 𐘚 𐛭 𐄋 𐙇 𐘚 𐄌 𐘦 𐘶 𐙂 𐄇 𐝆 𐘵 𐘠 𐝫 𐄁 𐄉 𐘀 𐘭 𐘀 𐚦 𐄈 𐚃 𐄈 𐘰 𐘝 𐘅 𐝫 𐝫 𐘂 𐘈 𐘱 𐄑 𐙇 𐄐 𐝄 𐝫 𐝫 𐘾 𐄊,"PA₃ NI NA 𐄁 GRA PA₃ 𐄁 RE+SE 12 ? RI NA 𐄁 DA+RE+SE 43 ¹⁄₂ ? KI NI 5 𐝆𐝅 ? A SE I GRA+PA 26 ³⁄₄ ? SA RA₂ 20 QA QA RU I GRA+PA 5 ? VIR+[?] I 6 DE JU KU ¹⁄₂ ? O TI 𐄁 ? DA RI DA *406 2 ? *343 2 ? NI NA PA SE JA 20 VIR+[?] 10 ¹⁄₈ ? KA ? 𐄐 vase 𐝫 𐝫 ?,pte? 𐄊",78,11,0,0,RE+SE; 𐚿; 43; 𐚴; KI; 𐝆; A; SE; 𐝅; 𐛭; 20; 𐝕; I; 𐄁; 2; 𐚦; vase; 𐝄,,VIR+[?] I 6 DE JU,"¹⁄₂ 
 O TI 𐄁",,,,42,no,,unknown,category 'abstract' — no specific plausibility criteria,approximate match (levenshtein=1); 11 logogram(s) present; text: administrative
τέμενος,temenos,sacred precinct,temen,abstract,TEMENU,TEMEDA,1,1,1581,THEtab.5,Thera,clay,Uncertain,0.05,41.5,,𐄁TEME,administrative,tablet (page-shaped),𐄁 𐘃 𐘋 𐘀 𐘚 𐝫,𐄁 TE ME DA I 𐝫,6,0,0,0,,,𐄁,ME DA I 𐝫,,,,18,no,,unknown,category 'abstract' — no specific plausibility criteria,approximate match (levenshtein=1); text: administrative
τέμενος,temenos,sacred precinct,temen,abstract,TEMENU,TEKINU,1,1,150,HT116a,Haghia Triada - Casa Room 9,clay,LM IB,0.05,41.5,,GRA16,administrative,tablet (page-shaped),𐘉 𐘳 𐘁 𐄁 𐘃 𐄁 𐙂 𐘂 𐘱 𐙉 𐄐 𐄌 𐘫 𐘽 𐄁 𐙉 𐄓 𐜉 𐄋 𐛉 𐙉 𐄐 𐄌 𐜓 𐄇 𐜗 𐄌 𐙋 𐄉 𐘢 𐘟 𐘃 𐙉 𐄋 𐙖 𐝫 𐄋 𐜗 𐄇 𐛺 𐄈 𐘤 𐘸 𐘗 𐙉 𐄐 𐄈 𐙘 𐄐 𐄈 𐘌 𐘯 𐙁 𐙉 𐄑 𐙘 𐄉,U TA RO 𐄁 TE 𐄁 KU PA JA GRA 16 ? RA₂ 𐄁 GRA 40 ? 5 ? GRA 16 ? OLE+KI ? OLE+MI ? OLIV ? PI TE GRA 5 ? OLE ? OLE+MI 1 *OLIV+TU 2 SI KI GRA 12 ? *304 12 ? NU MA GRA ? *304 3 ? 𐄑 ? 𐄉,57,1,0,2,GRA; 𐛉,5; *OLIV+TU; SI,U TA RO 𐄁,𐄁 KU PA JA GRA,,,,16,no,,agriculture (grain),category 'abstract' — no specific plausibility criteria,approximate match (levenshtein=1); 1 logogram(s) present; text: administrative
κλίμα,klima,region/incline,klim,abstract,KURIMU,RIMU,1,1,1406,KNZf13,Knossos,metal,LM IA,0.05,41.5,,TERIMU,religious,metal object,𐘇 𐘙 𐘗 𐘤 𐘆 𐙕 𐘢 𐘥 𐘂 𐘱 𐘳 𐘭 𐘈 𐘃 𐘭 𐘕 𐘇 𐘱 𐙂,A RE NE SI DI *301 PI KE PA JA TA RI SE TE RI MU A JA KU,19,0,0,0,,,JA TA RI SE TE,MU A JA KU,,,,59,no,,unknown,category 'abstract' — no specific plausibility criteria,approximate match (levenshtein=1); text: religious
κλίμα,klima,region/incline,klim,abstract,KURIMU,KURI,1,1,111,HT90,Haghia Triada - Casa Room 7,clay,LM IB,0.05,41.5,,KURINA,administrative,tablet (page-shaped),𐘚 𐙂 𐘭 𐘅 𐘞 𐘽 𐙉 𐄑 𐘝 𐄐 𐜉 𐄉 𐘤 𐘘 𐙁 𐘭 𐘷 𐙉 𐄇 𐘝 𐄇 𐜗 𐄇 𐙘 𐄇,I KU RI NA SA RA₂ GRA 20 NI 10 OLE+DI 3 SI RU MA RI TA₂ GRA 1 NI 1 OLE+MI 1 *304 1,25,0,0,1,,OLE+DI; OLE+MI,I,RI NA SA RA₂ GRA,,,,42,no,,unknown,category 'abstract' — no specific plausibility criteria,approximate match (levenshtein=1); text: administrative
κλίμα,klima,region/incline,klim,abstract,KURIMU,KURI,1,1,1671,ARKH6,Arkhalkhori,clay,LM IB,0.05,41.5,,𐄁KU,administrative,tablet (page-shaped),𐘀 𐘅 𐘹 𐄁 𐙂 𐝫 𐝫 𐘃 𐘭 𐝫 𐝫,DA NA TU 𐄁 KU ? RI ? 𐝫 𐝫 𐝫,11,0,0,0,,,DA NA TU 𐄁,"
 RI 
 𐝫 𐝫",,,,15,no,,unknown,category 'abstract' — no specific plausibility criteria,approximate match (levenshtein=1); text: administrative
κλίμα,klima,region/incline,klim,abstract,KURIMU,KURAMU,1,1,152,HT117a,Haghia Triada - Casa Room 9,clay,LM IB,0.05,41.5,,SU1MI,administrative,tablet (page-shaped),𐙁 𐘾 𐘭 𐘃 𐄁 𐘸 𐘁 𐄁 𐘉 𐘻 𐘅 𐘤 𐄁 𐘉 𐘲 𐄇 𐘻 𐘹 𐄇 𐙂 𐘴 𐘕 𐄇 𐙁 𐘘 𐄇 𐙂 𐘰 𐘯 𐄇 𐘹 𐘶 𐙁 𐄇 𐘉 𐘆 𐘻 𐄇 𐘻 𐘘 𐘳 𐘴 𐘙 𐄇 𐘃 𐘱 𐘙 𐄇 𐘅 𐘀 𐘙 𐄇 𐙂 𐘁 𐄐 — 𐘞 𐘳 𐄁 𐙂 𐙂 𐘀 𐘴 𐄇 𐘺 𐘞 𐘚 𐘠 𐄇 𐘀 𐘻 𐘯 𐄇 𐘀 𐘗 𐙂 𐘠 𐄇 𐘸 𐘀 𐘁 𐄇,MA KA RI TE 𐄁 KI RO 𐄁 U MI NA SI 𐄁 U SU 1 MI TU 1 KU RA MU 1 MA RU 1 KU PA₃ NU 1 TU JU MA 1 U DI MI 1 MI RU TA RA RE 1 TE JA RE 1 NA DA RE 1 KU RO 10 — SA TA 𐄁 KU KU DA RA 1 KO SA I TI 1 DA MI NU 1 DA NE KU TI 1 KI DA RO 1,82,0,0,0,,,SU 1 MI TU 1,RA MU 1 MA RU,,,,16,no,,unknown,category 'abstract' — no specific plausibility criteria,approximate match (levenshtein=1); text: administrative
χορός,choros,dance/dancing place,kʰor,abstract,KUORU,KURU,1,1,108,HT87,Haghia Triada - Casa Room 7,clay,LM IB,0.05,41.5,,KISE1,administrative,tablet (page-shaped),𐘐 𐘹 𐘗 𐄁 𐙁 𐘾 𐘭 𐘃 𐄁 𐘢 𐘳 𐘥 𐘤 𐄇 𐘱 𐘙 𐘻 𐄇 𐘆 𐘸 𐘈 𐄇 𐘿 𐘲 𐘫 𐄇 𐙂 𐘘 𐙂 𐄇 𐘇 𐘴 𐝫 𐄁 𐝫 𐘇 𐘹 𐄇,*21F TU NE 𐄁 MA KA RI TE 𐄁 PI TA KE SI 1 JA RE MI 1 DI KI SE 1 QE SU PU 1 KU RU KU 1 A RA 𐄁 A TU 1 ja 𐄇,38,0,0,0,,,1 QE SU PU 1,RU KU 1 A RA,,,,42,no,,unknown,category 'abstract' — no specific plausibility criteria,approximate match (levenshtein=1); text: administrative
χορός,choros,dance/dancing place,kʰor,abstract,KUORU,KUOTI,1,1,114,HT93a,Haghia Triada - Casa Room 7,clay,LM IB,0.05,41.5,,NI,administrative,tablet (page-shaped),𐘰 𐘝 𐘅 𐄁 𐙉 𐘰 𐄁 𐚿 𐄐 𐄈 𐘆 𐘭 𐘅 𐄁 𐚴 𐄓 𐄉 𐝆 𐘸 𐘆 𐘝 𐄋 𐝆 𐝅 𐘇 𐘈 𐄁 𐘚 𐛭 𐄑 𐄌 𐝕 𐘞 𐘽 𐄑 𐘌 𐘌 𐘘 𐄁 𐘚 𐛭 𐄋 𐙇 𐘚 𐄌 𐘦 𐘶 𐙂 𐄇 𐝆 𐘵 𐘠 𐝫 𐄁 𐄉 𐘀 𐘭 𐘀 𐚦 𐄈 𐚃 𐄈 𐘰 𐘝 𐘅 𐝫 𐝫 𐘂 𐘈 𐘱 𐄑 𐙇 𐄐 𐝄 𐝫 𐝫 𐘾 𐄊,"PA₃ NI NA 𐄁 GRA PA₃ 𐄁 RE+SE 12 ? RI NA 𐄁 DA+RE+SE 43 ¹⁄₂ ? KI NI 5 𐝆𐝅 ? A SE I GRA+PA 26 ³⁄₄ ? SA RA₂ 20 QA QA RU I GRA+PA 5 ? VIR+[?] I 6 DE JU KU ¹⁄₂ ? O TI 𐄁 ? DA RI DA *406 2 ? *343 2 ? NI NA PA SE JA 20 VIR+[?] 10 ¹⁄₈ ? KA ? 𐄐 vase 𐝫 𐝫 ?,pte? 𐄊",78,11,0,0,RE+SE; 𐚿; 43; 𐚴; KI; 𐝆; A; SE; 𐝅; 𐛭; 20; 𐝕; I; 𐄁; 2; 𐚦; vase; 𐝄,,VIR+[?] I 6 DE JU,"¹⁄₂ 
 O TI 𐄁",,,,42,no,,unknown,category 'abstract' — no specific plausibility criteria,approximate match (levenshtein=1); 11 logogram(s) present; text: administrative
τύραννος,tyrannos,tyrant,turan,abstract,TURANU,TURUNU,1,1,168,HT128a,Haghia Triada - Casa del Lebete,clay,LM IB,0.05,41.5,,PARATU,administrative,tablet (page-shaped),𐙲 𐄁 𐘂 𐘴 𐘹 𐘘 𐘯 𐘈 𐘋 𐙉 𐝫 𐄐 𐘮 𐘹 𐙁 𐘙 𐛲 𐄐 𐄈 𐝫 𐝫 𐘻 𐘳 𐛭 𐝆 𐝫 𐛲 𐄌 𐘆 𐝫 𐛲 𐄊 𐙁 𐘭 𐝫 𐝫,"*326 𐄁 PA RA TU RU NU SE ME GRA 10 ? TU MA RE GRA+KU 12 ? MI TA ¹⁄₂ ? GRA+KU 6 ? DI GRA+KU 4 MA RI 𐝫 𐄊 ju? ?,de? 𐝫 𐝫",36,2,0,3,6; 𐛭; 𐝆,12; GRA+KU; 𐝫,*326 𐄁 PA RA,RU NU SE ME GRA,,,,38,no,,unknown,category 'abstract' — no specific plausibility criteria,approximate match (levenshtein=1); 2 logogram(s) present; text: administrative
τύραννος,tyrannos,tyrant,turan,abstract,TURANU,TURAO,1,1,1464,PH2,Phaistos,clay,Uncertain,0.05,41.5,,TU*21F1,administrative,tablet (page-shaped),𐘇 𐘈 𐘹 𐘐 𐄇 𐘴 𐘵 𐘆 𐘸 𐄕 𐘢 𐘘 𐘡 𐘶 𐄕 𐘈 𐘞 𐘰 𐄕 𐝫,A SE TU *21F 1 RA O DI KI 60 PI RU E JU 60 SE SA PA₃ 60 𐝫,20,0,0,0,,,A SE,*21F 1 RA O DI,,,,66,no,,unknown,category 'abstract' — no specific plausibility criteria,approximate match (levenshtein=1); text: administrative
τύραννος,tyrannos,tyrant,turan,abstract,TURANU,TUKUNU,1,1,158,HT122a,Haghia Triada - Casa del Lebete,clay,LM IB,0.05,41.5,,RESI,administrative,tablet (page-shaped),𐝫 𐘴 𐘭 𐄁 𐘉 𐘦 𐘍 𐄈 𐝫 𐝫 𐄈 𐘀 𐘤 𐙈 𐄈 𐘂 𐝫 𐄁 𐝫 𐘆 𐄇 𐘃 𐘸 𐄈 𐘌 𐙠 𐘚 𐄉 𐘱 𐘻 𐘀 𐘙 𐄇 𐘤 𐘀 𐘙 𐄇 𐙰 𐘆 𐘴 𐄇 𐘂 𐘦 𐄇 𐙂 𐘰 𐘯 𐄇 𐘂 𐘳 𐘗 𐄇 𐙚 𐘹 𐄇 𐝫 𐘬 𐄇 𐙂 𐘰 𐘯 𐄇 𐘀 𐘭 𐘀 𐄇 𐙂 𐘁 𐄒 𐄇 𐙂 𐘀 𐄇,RA RI 𐄁 U DE ZA 2 ? 2 DA SI 2 ? PA 𐄁 DI 1 ? KI 2 ? *310 I 3 JA MI DA RE ? SI DA RE 1 *324 DI RA 1 PA DE 1 ? PA₃ NU 1 PA TA NE 1 *306 TU 1 ? 1 ? KU NU 1 ? RI DA 1 ? RO 31 ? KU 1 ro 𐄒 𐄇 ta? da 𐄇,73,0,0,0,,,PA TA NE 1 *306,"1 
 1 
 KU",,,,38,no,,unknown,category 'abstract' — no specific plausibility criteria,approximate match (levenshtein=1); text: administrative
τύραννος,tyrannos,tyrant,turan,abstract,TURANU,TUNU,1,1,1124,KAZf1,Kardamoutsa,metal,Uncertain,0.05,41.5,,TUNU𐄁,religious,metal object,𐘹 𐘯 𐄁,TU NU 𐄁,3,0,0,0,,,,NU 𐄁,,,,1,no,,unknown,category 'abstract' — no specific plausibility criteria,approximate match (levenshtein=1); text: religious
θάνατος,thanatos,death,tʰanat,abstract,TUANATU,TUARETU,1,1,1612,ZA7a,Zakros,stone,Uncertain,0.05,36.5,,RATU4A,religious,stone vessel,𐘉 𐘶 𐄋 𐘇 𐘴 𐘹 𐄊 𐘇 𐘙 𐘹 𐘻 𐝫 𐝫,U JU 5 A RA TU 4 A RE TU MI ? 𐝫,13,0,0,0,,,U JU 5 A RA,4 A RE TU MI,,,,53,no,,unknown,category 'abstract' — no specific plausibility criteria,approximate match (levenshtein=1); text: religious
λοιμός,loimos,plague,loim,abstract,ROIMU,ROITI,1,1,34,HT25b,Haghia Triada - Villa Magazine,clay,LM IB,0.05,41.5,,RO16,administrative,tablet (page-shaped),𐝫 𐝫 𐙂 𐘁 𐄐 𐄌 𐘣 𐘃 𐘁 𐄁 𐘚 𐘠 𐙇 𐄑 𐄎 𐙇 𐄑 𐄊 𐙂 𐘁 𐄔 𐄈,𐝫 𐝫 KU RO 16 ? TE RO 𐄁 I TI VIR+[?] 28 ? VIR+[?] ? KU RO ta? ro 𐄔 𐄈,22,0,0,0,,,𐝫 𐝫 KU,"16 
 TE RO 𐄁",,,,96,no,,unknown,category 'abstract' — no specific plausibility criteria,approximate match (levenshtein=1); text: administrative
θυσία,thysia,sacrifice,tʰusi,abstract,TUUSI,TUUNA,1,1,1565,SYZa2,Syme,stone,LMI,0.05,41.5,,SUMATU,religious,stone vessel,𐘇 𐘳 𐘚 𐙕 𐘮 𐘱 𐄁 𐘱 𐘲 𐙁 𐘹 𐙋 𐄇 𐘉 𐘅 𐘾 𐘅 𐘤 𐙖 𐘇 𐘱,A TA I *301 WA JA 𐄁 JA SU MA TU OLIV 1 U NA KA NA SI OLE A JA,21,0,0,0,,,JA 𐄁 JA SU MA,OLIV 1 U NA KA,,,,12,no,,unknown,category 'abstract' — no specific plausibility criteria,approximate match (levenshtein=1); text: religious
θυσία,thysia,sacrifice,tʰusi,abstract,TUUSI,TUSI,1,1,1141,KH7b,Khania,clay,Uncertain,0.05,41.5,,SE,administrative,tablet (page-shaped),𐝫 — 𐘉 𐘳 𐘚 𐘈 𐜙 𐝆 𐝫 𐝫 𐘂 𐘅 𐘹 𐜙 𐝆 𐜝 𐄇 𐘤 𐄐 𐄊 𐜛 𐄈,𐝫 — U TA I SE CYP+D ¹⁄₂ ? NA TU CYP+D ¹⁄₂ ? *304+PA ? SI ? CYP+K 2 weigh I 𐄈,22,3,0,0,¹⁄₂; 𐝆; *304+PA; 𐜝,CYP+D; weigh I,"SE CYP+D ¹⁄₂ 
 NA","CYP+D ¹⁄₂ 
 *304+PA 
",,,,226,no,,unknown,category 'abstract' — no specific plausibility criteria,approximate match (levenshtein=1); 3 logogram(s) present; text: administrative
θυσία,thysia,sacrifice,tʰusi,abstract,TUUSI,TUSI,1,1,1631,ZA20,Zakros,stone,LM IB,0.05,41.5,,𐄁4,religious,stone vessel,𐝫 𐝫 𐘬 𐘙 𐘍 𐘈 𐝫 𐝫 𐘻 𐝫 𐄁 𐄊 𐘤 𐘃 𐘹 𐄇 𐘤 𐘹 𐄌 𐘃 𐙌 𐄐 𐄈 𐘘 𐙁 𐘳 𐘈 𐄉 𐙂 𐘴 𐄙 𐄒 𐝫,𐝫 DU RE ZA SE MI ? 𐄁 4 ? TE TU ? SI TU 6 TE AROM 12 RU MA TA SE ? KU RA 130 ? ta? ? 𐄙 𐄒 𐝫,33,0,0,0,,,"
 𐄁 4 
 TE","
 SI TU 6 TE",,,,53,no,,unknown,category 'abstract' — no specific plausibility criteria,approximate match (levenshtein=1); text: religious
θυσία,thysia,sacrifice,tʰusi,abstract,TUUSI,USI,1,1,21,HT15,Haghia Triada - Villa Magazine,clay,LM IB,0.05,41.5,,U*34SI,administrative,tablet (page-shaped),𐘉 𐘟 𐘤 𐙉 𐘬 𐙌 𐘇 𐄞 𐄗 𐄊 𐛹 𐄝 𐄖 𐙓 𐄁 𐘸 𐘁 𐄜 𐝫,U *34 SI GRA DU AROM A 684 ? GRA+L4+L4 ? *188 𐄁 RO 400 ? 𐝫 𐄜 𐝫,19,0,0,1,,,,*34 SI GRA DU AROM,,,,96,no,,unknown,category 'abstract' — no specific plausibility criteria,approximate match (levenshtein=1); text: administrative
θυσία,thysia,sacrifice,tʰusi,abstract,TUUSI,USI,1,1,182,HT140,Haghia Triada - Casa del Lebete,clay,LM IB,0.05,41.5,,U*34SI,administrative,tablet (page-shaped),𐘉 𐘟 𐘤 𐄁 𐙅 𐘤 𐘝 𐄁 𐄇 𐝫 𐘧 𐘆 𐄁 𐜓 𐄇 𐝆 𐄁 𐘉 𐘟 𐘤 𐝫 𐄁 𐙅 𐘤 𐙈 𐘾 𐄉 𐘾 𐝫 𐝫 𐙁 𐝫 𐝫 𐘾 𐝫 𐝫 𐄊 𐜋 𐄉 𐘾 𐄇 𐜋 𐄇 𐝫 𐘾 𐄇 𐜋 𐄈 𐘾 𐘂 𐝆 𐝫 𐜋 𐄌 𐝆,"U *34 SI 𐄁 *86 SI NI 𐄁 1 ? DI 𐄁 OLE+KI 1 ¹⁄₂ ? ? *34 SI 𐄁 ? *86 *118 KA 3 ? KA MA ? ? 4 ? 3 ? KA ? OLE+U ? KA ? OLE+U ? KA ¹⁄₂ ? OLE+U ¹⁄₂ 𐄈 ?,pte? pa vase 𐝫 ?? 𐄌 vase",55,3,0,4,𐝆; vase; vase,1; ¹⁄₂; ??,,*34 SI 𐄁 *86 SI,,,,38,no,,unknown,category 'abstract' — no specific plausibility criteria,approximate match (levenshtein=1); 3 logogram(s) present; text: administrative
θυσία,thysia,sacrifice,tʰusi,abstract,TUUSI,TURISI,1,1,1385,KNZb5,Knossos,pottery/ceramic,MMIIIB,0.05,41.5,,TURISI,religious,Clay vessel,𐘇 𐘹 𐘭 𐘤 𐘠 𐄁,A TU RI SI TI 𐄁,6,0,0,0,,,A,RI SI TI 𐄁,,,,59,no,,unknown,category 'abstract' — no specific plausibility criteria,approximate match (levenshtein=1); text: religious
δελφίς,delphis,dolphin,delρi,abstract,DERUI,RUI,1,1,31,HT24a,Haghia Triada - Corridor 9 and Vestibule 26,clay,LM IB,0.05,41.5,,MA6,administrative,tablet (page-shaped),𐙂 𐘰 𐘭 𐘱 𐘸 𐙁 𐘘 𐝫 𐝫 𐄌 𐙁 𐘘 𐘋 𐄐 𐝫 𐄏 𐝆 𐙁 𐘘 𐘋 𐄌 𐘂 𐘞 𐘭 𐘱 𐙁 𐘘 𐘋 𐝫 𐘘 𐘚 𐘺 𐛢 𐝫,KU PA₃ RI JA KI MA RU ? ? MA ME 10 ? 9 ? MA RU 6 ? PA SA JA ? MA RU RU I KO *560 mu ru ? [?] 𐝫,34,2,0,0,RU; 𐝆; [?]; 𐛢,,"SA JA 
 MA RU",I KO *560 mu ru,,,,2,no,,unknown,category 'abstract' — no specific plausibility criteria,approximate match (levenshtein=1); 2 logogram(s) present; text: administrative
δελφίς,delphis,dolphin,delρi,abstract,DERUI,RUI,1,1,114,HT93a,Haghia Triada - Casa Room 7,clay,LM IB,0.05,41.5,,𐄁DA+RE+SE,administrative,tablet (page-shaped),𐘰 𐘝 𐘅 𐄁 𐙉 𐘰 𐄁 𐚿 𐄐 𐄈 𐘆 𐘭 𐘅 𐄁 𐚴 𐄓 𐄉 𐝆 𐘸 𐘆 𐘝 𐄋 𐝆 𐝅 𐘇 𐘈 𐄁 𐘚 𐛭 𐄑 𐄌 𐝕 𐘞 𐘽 𐄑 𐘌 𐘌 𐘘 𐄁 𐘚 𐛭 𐄋 𐙇 𐘚 𐄌 𐘦 𐘶 𐙂 𐄇 𐝆 𐘵 𐘠 𐝫 𐄁 𐄉 𐘀 𐘭 𐘀 𐚦 𐄈 𐚃 𐄈 𐘰 𐘝 𐘅 𐝫 𐝫 𐘂 𐘈 𐘱 𐄑 𐙇 𐄐 𐝄 𐝫 𐝫 𐘾 𐄊,"PA₃ NI NA 𐄁 GRA PA₃ 𐄁 RE+SE 12 ? RI NA 𐄁 DA+RE+SE 43 ¹⁄₂ ? KI NI 5 𐝆𐝅 ? A SE I GRA+PA 26 ³⁄₄ ? SA RA₂ 20 QA QA RU I GRA+PA 5 ? VIR+[?] I 6 DE JU KU ¹⁄₂ ? O TI 𐄁 ? DA RI DA *406 2 ? *343 2 ? NI NA PA SE JA 20 VIR+[?] 10 ¹⁄₈ ? KA ? 𐄐 vase 𐝫 𐝫 ?,pte? 𐄊",78,11,0,0,RE+SE; 𐚿; 43; 𐚴; KI; 𐝆; A; SE; 𐝅; 𐛭; 20; 𐝕; I; 𐄁; 2; 𐚦; vase; 𐝄,,SA RA₂ 20 QA QA,"I GRA+PA 5 
 VIR+[?]",,,,42,no,,unknown,category 'abstract' — no specific plausibility criteria,approximate match (levenshtein=1); 11 logogram(s) present; text: administrative
δελφίς,delphis,dolphin,delρi,abstract,DERUI,RUI,1,1,1532,PKZa11,Palaikastro,stone,Uncertain,0.05,41.5,,RUKANA,religious,stone vessel,𐘇 𐘳 𐘚 𐙕 𐘮 𐘡 𐄁 𐘇 𐘆 𐘸 𐘃 𐘃 𐝫 𐄁 𐄁 𐝫 𐘙 𐄁 𐘢 𐘃 𐘭 𐄁 𐘇 𐘺 𐘇 𐘗 𐄁 𐘇 𐘞 𐘞 𐘴 𐘋 𐄁 𐘉 𐘅 𐘘 𐘾 𐘅 𐘠 𐄁 𐘚 𐘢 𐘅 𐘻 𐘅 𐝫 𐘤 𐘘 𐝫 𐄁 𐝫 𐄁 𐘚 𐘅 𐘱 𐘂 𐘌,A TA I *301 WA E 𐄁 A DI KI TE TE 𐄁 ? RE 𐄁 PI TE RI 𐄁 A KO A NE 𐄁 A ? SA RA ME 𐄁 U NA RU KA NA TI 𐄁 ? I NA MI NA SI RU 𐄁 𐝫 𐄁 I NA JA PA QA na ? pa me,57,0,0,0,,,RA ME 𐄁 U NA,"KA NA TI 𐄁 
",,,,25,no,,unknown,category 'abstract' — no specific plausibility criteria,approximate match (levenshtein=1); text: religious
δελφίς,delphis,dolphin,delρi,abstract,DERUI,DEI,1,1,1669,ARKH4b,Arkhalkhori,clay,Uncertain,0.05,41.5,,𐝫RE10,administrative,tablet (page-shaped),𐝫 𐝫 𐝫 𐘙 𐄐 𐘉 𐝫 𐝫 𐘦 𐘻 𐄐 𐘚 𐘨 𐝫 𐝫 𐄏 𐘇 𐘸 𐘁 𐄉 𐘍 𐘤 𐙀 𐝫 𐝫 𐄉 𐝫,"𐝫 𐝫 RE 10 ? ? DE 10 ? I *47 ? A KI RO 3 ZA SI ZU 3 𐝫 jo ?,swi? 𐝫 𐝫 𐄉 𐝫",27,0,0,0,,,"𐝫 RE 10 
 
","10 
 I *47 
",,,,15,no,,unknown,category 'abstract' — no specific plausibility criteria,approximate match (levenshtein=1); text: administrative
δελφίς,delphis,dolphin,delρi,abstract,DERUI,DERUQA,1,1,106,HT86a,Haghia Triada - Casa Room 7,clay,LM IB,0.1,43.0,GRA,SARU20,administrative,tablet (page-shaped),𐘇 𐘾 𐘘 𐄁 𐙂 𐘝 𐘲 𐛷 𐄑 𐘞 𐘘 𐄑 𐘆 𐘦 𐘘 𐄑 𐘌 𐘽 𐘮 𐄐 — 𐘇 𐘬 𐄁 𐘀 𐘋 𐛳 𐄑 𐘻 𐘯 𐘃 𐄑,A KA RU 𐄁 KU NI SU GRA+K+L 20 SA RU 20 DI DE RU 20 QA RA₂ WA 10 — A DU 𐄁 DA ME GRA+B 20 MI NU TE 20,32,0,0,2,,GRA+K+L; GRA+B,20 SA RU 20 DI,RU 20 QA RA₂ WA,,,,42,no,,unknown,category 'abstract' — no specific plausibility criteria,approximate match (levenshtein=1); text: administrative
δελφίς,delphis,dolphin,delρi,abstract,DERUI,DERUQE,1,1,118,HT95a,Haghia Triada - Casa Room 7,clay,LM IB,0.05,41.5,,20KUNI,administrative,tablet (page-shaped),𐘀 𐘬 𐙁 𐘳 𐄁 𐙉 𐘀 𐘋 𐄐 𐘻 𐘯 𐘃 𐄐 𐘞 𐘘 𐄑 𐙂 𐘝 𐘲 𐄐 𐘆 𐘦 𐘘 𐄐 𐘿 𐘽 𐘉 𐄍,DA DU MA TA 𐄁 GRA DA ME 10 MI NU TE 10 SA RU 20 KU NI SU 10 DI DE RU 10 QE RA₂ U 7,28,0,0,0,,,KU NI SU 10 DI,RU 10 QE RA₂ U,,,,42,no,,unknown,category 'abstract' — no specific plausibility criteria,approximate match (levenshtein=1); text: administrative
δελφίς,delphis,dolphin,delρi,abstract,DERUI,DERUQE,1,1,119,HT95b,Haghia Triada - Casa Room 7,clay,LM IB,0.05,41.5,,NUTE10,administrative,tablet (page-shaped),𐘇 𐘬 𐄁 𐘞 𐘘 𐄐 𐝫 𐄁 𐝫 𐘀 𐘋 𐄐 𐘻 𐘯 𐘃 𐄐 𐙂 𐘝 𐘲 𐄐 𐘆 𐘦 𐘘 𐄐 𐘿 𐘽 𐘉 𐄐,A DU 𐄁 SA RU 10 𐝫 𐄁 𐝫 DA ME 10 MI NU TE 10 KU NI SU 10 DI DE RU 10 QE RA₂ U 10,28,0,0,0,,,KU NI SU 10 DI,RU 10 QE RA₂ U,,,,42,no,,unknown,category 'abstract' — no specific plausibility criteria,approximate match (levenshtein=1); text: administrative
ἄκανθος,akanthos,acanthus,akantʰ,suffix_nth,AKANUTU,AKANU,1,1,1399,KNZc7,Knossos,,Uncertain,0.05,36.5,,AKANUZA,unknown,Inked inscription,𐘇 𐘾 𐘯 𐘍 𐘠 𐄁 𐘬 𐘴 𐘙 𐄁 𐘇 𐙀 𐘴 𐄁 𐘱 𐘞 𐘴 𐘇 𐘅 𐘗 𐄁 𐘣 𐘢 𐝫 𐄁,A KA NU ZA TI 𐄁 DU RA RE 𐄁 A ZU RA 𐄁 JA SA RA A NA NE 𐄁 WI PI 𐄁 𐄁,25,0,0,0,,,,KA NU ZA TI 𐄁,,,,59,no,,unknown,category 'suffix_nth' — no specific plausibility criteria,approximate match (levenshtein=1)
κάλαθος,kalathos,basket,kalatʰ,suffix_nth,KARATU,KARAKI,1,1,1455,PEZb3,Petras,pottery/ceramic,LM IB,0.05,36.5,,KARAKI,religious,Clay vessel,𐘇 𐘾 𐘴 𐘸 𐘳 𐘅 𐘤 𐘱 𐘈 𐙇 𐘍,A KA RA KI TA NA SI JA SE VIR+[?] ZA,11,0,0,0,,,A,RA KI TA NA SI,,,,12,no,,unknown,category 'suffix_nth' — no specific plausibility criteria,approximate match (levenshtein=1); text: religious
κάλαθος,kalathos,basket,kalatʰ,suffix_nth,KARATU,RATU,1,1,168,HT128a,Haghia Triada - Casa del Lebete,clay,LM IB,0.05,36.5,,𐄁PARA,administrative,tablet (page-shaped),𐙲 𐄁 𐘂 𐘴 𐘹 𐘘 𐘯 𐘈 𐘋 𐙉 𐝫 𐄐 𐘮 𐘹 𐙁 𐘙 𐛲 𐄐 𐄈 𐝫 𐝫 𐘻 𐘳 𐛭 𐝆 𐝫 𐛲 𐄌 𐘆 𐝫 𐛲 𐄊 𐙁 𐘭 𐝫 𐝫,"*326 𐄁 PA RA TU RU NU SE ME GRA 10 ? TU MA RE GRA+KU 12 ? MI TA ¹⁄₂ ? GRA+KU 6 ? DI GRA+KU 4 MA RI 𐝫 𐄊 ju? ?,de? 𐝫 𐝫",36,2,0,3,6; 𐛭; 𐝆,12; GRA+KU; 𐝫,*326 𐄁 PA,TU RU NU SE ME,,,,38,no,,unknown,category 'suffix_nth' — no specific plausibility criteria,approximate match (levenshtein=1); 2 logogram(s) present; text: administrative
κάλαθος,kalathos,basket,kalatʰ,suffix_nth,KARATU,RATU,1,1,1087,HTWc3024,Haghia Triada,clay,LM IB,0.05,36.5,,RATUME,administrative,roundel,𐘇 𐘴 𐘹 𐘋 𐘓,A RA TU ME *22F,5,0,0,0,,,A,TU ME *22F,,,,49,no,,unknown,category 'suffix_nth' — no specific plausibility criteria,approximate match (levenshtein=1); text: administrative
κάλαθος,kalathos,basket,kalatʰ,suffix_nth,KARATU,RATU,1,1,1526,PK1,Palaikastro,clay,LMI,0.05,36.5,,—TA₂TE,administrative,tablet (page-shaped),𐘤 𐝫 𐄁 𐝫 𐘗 𐘠 𐄇 𐘾 𐘌 𐄈 — 𐘇 𐘬 𐘍 𐄇 𐘷 𐘳 𐘙 𐄇 — 𐘷 𐘠 𐘃 𐄇 𐘵 𐘾 𐘻 𐘍 𐘤 𐘚 𐘅 𐄇 — 𐘵 𐘃 𐘱 𐄇 — 𐘴 𐘅 𐘹 𐘲 𐄇 𐘝 𐘻 𐄇 — 𐘹 𐘲 𐄇 𐙁 𐘠 𐘍 𐘚 𐘃 𐄇 — 𐙁 𐘃 𐘠 𐄇 𐙁 𐘾 𐘚 𐘳 𐄇,SI 𐄁 NE TI 1 ? KA 2 ? — A ZA 1 ? TA₂ RE 1 ? — TA₂ TE 1 ? O MI ZA SI I NA 1 ? — O JA 1 ? — RA TU SU 1 ? NI 1 ? — TU 1 ? MA ZA I TE 1 ? — MA TI 1 ? MA I TA 1 du? 𐄇,66,0,0,0,,,"O JA 1 
 —","TU SU 1 
 NI",,,,25,no,,unknown,category 'suffix_nth' — no specific plausibility criteria,approximate match (levenshtein=1); text: administrative
κάλαθος,kalathos,basket,kalatʰ,suffix_nth,KARATU,RATU,1,1,1612,ZA7a,Zakros,stone,Uncertain,0.05,36.5,,ARATU,religious,stone vessel,𐘉 𐘶 𐄋 𐘇 𐘴 𐘹 𐄊 𐘇 𐘙 𐘹 𐘻 𐝫 𐝫,U JU 5 A RA TU 4 A RE TU MI ? 𐝫,13,0,0,0,,,U JU 5 A,TU 4 A RE TU,,,,53,no,,unknown,category 'suffix_nth' — no specific plausibility criteria,approximate match (levenshtein=1); text: religious
κάλαθος,kalathos,basket,kalatʰ,suffix_nth,KARATU,KARA,1,1,10,HT8a,Haghia Triada - Villa Magazine,clay,LM IB,0.05,36.5,,10PA₃KA,administrative,tablet (page-shaped),𐘧 𐘆 𐜓 𐄐 𐘰 𐘾 𐘴 𐘠 𐄇 𐝆 𐘂 𐄉 𐝆 𐘃 𐙕 𐄈 𐘌 𐙠 𐘚 𐝕 𐘤 𐘸 𐘴 𐝃 𐘸 𐘙 𐘳 𐘅 𐝆,JE DI OLE+KI 10 PA₃ KA RA TI 1 ¹⁄₂ PA 3 ¹⁄₂ TE *301 2 QA *310 I ³⁄₄ SI KI RA ¹⁄₄ KI RE TA NA ¹⁄₂,29,5,0,0,¹⁄₂; 𐝆; ¹⁄₂; ³⁄₄; 𐝕; ¹⁄₄; 𐝃; ¹⁄₂,OLE+KI,JE DI OLE+KI 10 PA₃,RA TI 1 ¹⁄₂ PA,,,,96,no,,unknown,category 'suffix_nth' — no specific plausibility criteria,approximate match (levenshtein=1); 5 logogram(s) present; text: administrative
γλῶσσα,glōssa,tongue,glos,suffix_ss,KUROSU,KUROSI,1,1,171,HT130,Haghia Triada - Casa Room 9,clay,LM IB,0.05,41.5,,RA₂CYP,administrative,tablet (page-shaped),𐝫 𐝫 𐘤 𐄉 𐘞 𐘽 𐙗 𐝫 𐝫 𐝫 𐘽 𐝫 𐝫 𐙂 𐘁 𐝫 — 𐘤 𐙗 𐄎 𐘝 𐄌 𐙍 𐄉,𐝫 SI 3 ? RA₂ CYP ? 𐝫 RA₂ KU RO ? ? SI CYP 8 NI ? VIN 3 pu 𐄌 ka 𐄉,24,0,0,0,,,"RA₂ CYP 
 𐝫 RA₂","RO 
 
 SI CYP",,,,16,no,,unknown,category 'suffix_ss' — no specific plausibility criteria,approximate match (levenshtein=1); text: administrative
γλῶσσα,glōssa,tongue,glos,suffix_ss,KUROSU,KUROSA,1,1,152,HT117a,Haghia Triada - Casa Room 9,clay,LM IB,0.05,41.5,,RUTARA,administrative,tablet (page-shaped),𐙁 𐘾 𐘭 𐘃 𐄁 𐘸 𐘁 𐄁 𐘉 𐘻 𐘅 𐘤 𐄁 𐘉 𐘲 𐄇 𐘻 𐘹 𐄇 𐙂 𐘴 𐘕 𐄇 𐙁 𐘘 𐄇 𐙂 𐘰 𐘯 𐄇 𐘹 𐘶 𐙁 𐄇 𐘉 𐘆 𐘻 𐄇 𐘻 𐘘 𐘳 𐘴 𐘙 𐄇 𐘃 𐘱 𐘙 𐄇 𐘅 𐘀 𐘙 𐄇 𐙂 𐘁 𐄐 — 𐘞 𐘳 𐄁 𐙂 𐙂 𐘀 𐘴 𐄇 𐘺 𐘞 𐘚 𐘠 𐄇 𐘀 𐘻 𐘯 𐄇 𐘀 𐘗 𐙂 𐘠 𐄇 𐘸 𐘀 𐘁 𐄇,MA KA RI TE 𐄁 KI RO 𐄁 U MI NA SI 𐄁 U SU 1 MI TU 1 KU RA MU 1 MA RU 1 KU PA₃ NU 1 TU JU MA 1 U DI MI 1 MI RU TA RA RE 1 TE JA RE 1 NA DA RE 1 KU RO 10 — SA TA 𐄁 KU KU DA RA 1 KO SA I TI 1 DA MI NU 1 DA NE KU TI 1 KI DA RO 1,82,0,0,0,,,SU 1 MI TU 1,RA MU 1 MA RU,,,,16,no,,unknown,category 'suffix_ss' — no specific plausibility criteria,approximate match (levenshtein=1); text: administrative
γλῶσσα,glōssa,tongue,glos,suffix_ss,KUROSU,PAROSU,1,1,26,HT20,Haghia Triada - Villa Magazine,clay,LM IB,0.05,41.5,,PAROSU,administrative,tablet (page-shaped),𐘂 𐘁 𐘲 𐄁 𐙂 𐙁 𐘶 𐝃 𐘿 𐙂 𐘙 𐄁 𐘆 𐝆 𐘑 𐝄 𐘞 𐘙 𐘶 𐝄 𐘮 𐝃 𐜇 𐝆,PA RO SU 𐄁 KU MA JU ¹⁄₄ QE KU RE 𐄁 DI ¹⁄₂ *21M ¹⁄₈ SA RE JU ¹⁄₈ WA ¹⁄₄ *188+KU ¹⁄₂,24,6,0,1,¹⁄₄; 𐝃; ¹⁄₂; 𐝆; ¹⁄₈; 𐝄; ¹⁄₈; ¹⁄₄; ¹⁄₂,*188+KU,,RO SU 𐄁 KU MA,,,,96,no,,unknown,category 'suffix_ss' — no specific plausibility criteria,approximate match (levenshtein=1); 6 logogram(s) present; text: administrative
γλῶσσα,glōssa,tongue,glos,suffix_ss,KUROSU,KURONI,1,1,91,HT67,Haghia Triada - Villa Magazine,clay,LM IB,0.05,41.5,,𐝫𐝫KU,administrative,tablet (page-shaped),𐝫 𐝫 𐝫 𐙂 𐘁 𐄜 𐄑 𐝫 𐝫 𐘝 𐄁 𐘃 𐄜 𐝫,𐝫 𐝫 KU RO 402 ? NI 𐄁 400 pu 𐄁 te 𐄜 𐝫,14,0,0,0,,,𐝫 𐝫,"RO 402 
 NI 𐄁",,,,96,no,,unknown,category 'suffix_ss' — no specific plausibility criteria,approximate match (levenshtein=1); text: administrative
γλῶσσα,glōssa,tongue,glos,suffix_ss,KUROSU,KUROTE,1,1,34,HT25b,Haghia Triada - Villa Magazine,clay,LM IB,0.05,41.5,,𐝫𐝫KU,administrative,tablet (page-shaped),𐝫 𐝫 𐙂 𐘁 𐄐 𐄌 𐘣 𐘃 𐘁 𐄁 𐘚 𐘠 𐙇 𐄑 𐄎 𐙇 𐄑 𐄊 𐙂 𐘁 𐄔 𐄈,𐝫 𐝫 KU RO 16 ? TE RO 𐄁 I TI VIR+[?] 28 ? VIR+[?] ? KU RO ta? ro 𐄔 𐄈,22,0,0,0,,,𐝫 𐝫,"RO 16 
 TE RO",,,,96,no,,unknown,category 'suffix_ss' — no specific plausibility criteria,approximate match (levenshtein=1); text: administrative
γλῶσσα,glōssa,tongue,glos,suffix_ss,KUROSU,KUNISU,1,1,14,HT10a,Haghia Triada - Villa Magazine,clay,LM IB,0.05,41.5,,KUNISU,administrative,tablet (page-shaped),𐙂 𐘝 𐘲 𐄁 𐘞 𐙁 𐄊 𐄁 𐘂 𐄁 𐘀 𐘙 𐄐 𐄌 𐝆 𐘉 𐙱 𐘍 𐄊 𐙕 𐄌 𐘉 𐙱 𐘍 𐄐 𐄊 𐝫 𐙙 𐘘 𐄈 𐝆 𐘀 𐘭 𐘀 𐄎 𐘋 𐘍 𐄉,KU NI SU 𐄁 SA MA 4 𐄁 PA 𐄁 DA RE 16 ¹⁄₂ ? *325 ZA 4 ? 6 ? *325 ZA 14 ? *305 RU ¹⁄₂ ? DA RI 8 ? ME ZA so do 𐄉,38,2,0,0,𐝆; RI,,,NI SU 𐄁 SA MA,,,,96,no,,unknown,category 'suffix_ss' — no specific plausibility criteria,approximate match (levenshtein=1); 2 logogram(s) present; text: administrative
γλῶσσα,glōssa,tongue,glos,suffix_ss,KUROSU,KUNISU,1,1,106,HT86a,Haghia Triada - Casa Room 7,clay,LM IB,0.1,43.0,GRA,𐄁KUNI,administrative,tablet (page-shaped),𐘇 𐘾 𐘘 𐄁 𐙂 𐘝 𐘲 𐛷 𐄑 𐘞 𐘘 𐄑 𐘆 𐘦 𐘘 𐄑 𐘌 𐘽 𐘮 𐄐 — 𐘇 𐘬 𐄁 𐘀 𐘋 𐛳 𐄑 𐘻 𐘯 𐘃 𐄑,A KA RU 𐄁 KU NI SU GRA+K+L 20 SA RU 20 DI DE RU 20 QA RA₂ WA 10 — A DU 𐄁 DA ME GRA+B 20 MI NU TE 20,32,0,0,2,,GRA+K+L; GRA+B,A KA RU 𐄁,NI SU GRA+K+L 20 SA,,,,42,no,,unknown,category 'suffix_ss' — no specific plausibility criteria,approximate match (levenshtein=1); text: administrative
γλῶσσα,glōssa,tongue,glos,suffix_ss,KUROSU,KUNISU,1,1,107,HT86b,Haghia Triada - Casa Room 7,clay,LM IB,0.1,43.0,GRA,𐄁KUNI,administrative,tablet (page-shaped),𐘇 𐘾 𐘘 𐄁 𐙂 𐘝 𐘲 𐛷 𐄑 𐘞 𐘘 𐄑 𐘆 𐘦,A KA RU 𐄁 KU NI SU GRA+K+L 20 SA RU 20 DI DE,14,0,0,1,,GRA+K+L,A KA RU 𐄁,NI SU GRA+K+L 20 SA,,,,42,no,,unknown,category 'suffix_ss' — no specific plausibility criteria,approximate match (levenshtein=1); text: administrative
γλῶσσα,glōssa,tongue,glos,suffix_ss,KUROSU,KUNISU,1,1,118,HT95a,Haghia Triada - Casa Room 7,clay,LM IB,0.05,41.5,,TE10SA,administrative,tablet (page-shaped),𐘀 𐘬 𐙁 𐘳 𐄁 𐙉 𐘀 𐘋 𐄐 𐘻 𐘯 𐘃 𐄐 𐘞 𐘘 𐄑 𐙂 𐘝 𐘲 𐄐 𐘆 𐘦 𐘘 𐄐 𐘿 𐘽 𐘉 𐄍,DA DU MA TA 𐄁 GRA DA ME 10 MI NU TE 10 SA RU 20 KU NI SU 10 DI DE RU 10 QE RA₂ U 7,28,0,0,0,,,TE 10 SA RU 20,NI SU 10 DI DE,,,,42,no,,unknown,category 'suffix_ss' — no specific plausibility criteria,approximate match (levenshtein=1); text: administrative
γλῶσσα,glōssa,tongue,glos,suffix_ss,KUROSU,KUNISU,1,1,119,HT95b,Haghia Triada - Casa Room 7,clay,LM IB,0.05,41.5,,DAME10,administrative,tablet (page-shaped),𐘇 𐘬 𐄁 𐘞 𐘘 𐄐 𐝫 𐄁 𐝫 𐘀 𐘋 𐄐 𐘻 𐘯 𐘃 𐄐 𐙂 𐘝 𐘲 𐄐 𐘆 𐘦 𐘘 𐄐 𐘿 𐘽 𐘉 𐄐,A DU 𐄁 SA RU 10 𐝫 𐄁 𐝫 DA ME 10 MI NU TE 10 KU NI SU 10 DI DE RU 10 QE RA₂ U 10,28,0,0,0,,,10 MI NU TE 10,NI SU 10 DI DE,,,,42,no,,unknown,category 'suffix_ss' — no specific plausibility criteria,approximate match (levenshtein=1); text: administrative
γλῶσσα,glōssa,tongue,glos,suffix_ss,KUROSU,KUROKU,1,1,167,HT127b,Haghia Triada - Casa del Lebete,clay,LM IB,0.05,41.5,,𐝫NE13,administrative,tablet (page-shaped),𐝫 𐝫 𐝫 𐘗 𐄐 𐄉 𐝫 𐙂 𐘁 𐙛 𐄙 𐄔 𐄌 𐙂 𐄖 𐄈 𐛫 𐄑 𐄊 𐛖 𐄐 𐄋 𐙕 𐄐 𐄇 𐛖 𐄐 𐄊 𐙂 𐘁 𐄚 𐄘 𐄈,𐝫 𐝫 NE 13 ? KU RO 156 ? KU 72 ? VIR+*313c ? KI+MU 15 *301 11 ? 14 ? KU 291 𐄐 𐄇 [?] 𐄐 𐄊 ta? ro 𐄚 𐄘 𐄈,33,3,0,0,*301; 𐛫; 14; 𐛖; [?],,"𐝫 𐝫 NE 13 
","RO 156 
 KU 72",,,,38,no,,unknown,category 'suffix_ss' — no specific plausibility criteria,approximate match (levenshtein=1); 3 logogram(s) present; text: administrative
γλῶσσα,glōssa,tongue,glos,suffix_ss,KUROSU,KUROA,1,1,137,HT109,Haghia Triada - Casa Room 7,clay,LM IB,0.05,41.5,,4𐝫,administrative,tablet (page-shaped),𐝫 𐝫 𐘙 𐄊 𐝫 𐝫 𐝫 𐘳 𐄊 𐙂 𐘁 𐄙 𐄑 𐄏 𐘇 𐘴 𐘶 𐄙 𐄑 𐄉,𐝫 RE 4 ? 𐝫 TA ? KU RO ? A RA JU 123 a ? wa 𐄙 𐄑 𐄉,20,0,0,0,,,"4 
 𐝫 TA 
","RO 
 A RA JU",,,,42,no,,unknown,category 'suffix_ss' — no specific plausibility criteria,approximate match (levenshtein=1); text: administrative
γλῶσσα,glōssa,tongue,glos,suffix_ss,KUROSU,KURO,1,1,12,HT9a,Haghia Triada - Villa Magazine,clay,LM IB,0.05,41.5,,U4QE,administrative,tablet (page-shaped),𐘞 𐘁 𐄁 𐘃 𐄁 𐙍 𐄁 𐘂 𐘦 𐄁 𐄋 𐝕 𐙚 𐘹 𐄐 𐘆 𐘅 𐘉 𐄊 𐘿 𐘫 𐄈 𐙰 𐘆 𐘴 𐄈 𐝆 𐘳 𐘚 𐙌 𐄈 𐝆 𐘇 𐘘 𐄊 𐝃 𐙂 𐘁 𐄒 𐄇 𐝕,SA RO 𐄁 TE 𐄁 VIN 𐄁 PA DE 𐄁 5 ³⁄₄ *306 TU 10 DI NA U 4 QE PU 2 *324 DI RA 2 ¹⁄₂ TA I AROM 2 ¹⁄₂ A RU 4 ¹⁄₄ KU RO 31 ³⁄₄ [?],41,5,0,0,³⁄₄; 𐝕; ¹⁄₂; 𐝆; ¹⁄₂; ¹⁄₄; 𐝃; [?],,¹⁄₂ A RU 4 ¹⁄₄,RO 31 ³⁄₄ [?],,,,96,no,,unknown,category 'suffix_ss' — no specific plausibility criteria,approximate match (levenshtein=1); 5 logogram(s) present; text: administrative
γλῶσσα,glōssa,tongue,glos,suffix_ss,KUROSU,KURO,1,1,19,HT13,Haghia Triada - Villa Magazine,clay,LM IB,0.1,43.0,NI,¹⁄₂KU,administrative,tablet (page-shaped),𐘾 𐘉 𐘦 𐘳 𐙍 𐄁 𐘃 𐄁 𐘙 𐘍 𐄋 𐝫 𐝆 𐝫 𐘃 𐘹 𐄔 𐄌 𐘃 𐘸 𐄑 𐄍 𐝆 𐙂 𐙀 𐘝 𐄐 𐄎 𐘀 𐘤 𐙈 𐄐 𐄏 𐘚 𐘬 𐘗 𐘤 𐄋 𐙂 𐘁 𐄙 𐄒 𐝆,KA U DE TA VIN 𐄁 TE 𐄁 RE ZA 5 ¹⁄₂ ? TE 56 ? TE KI ¹⁄₂ ? KU ZU NI ? DA SI *118 19 I DU NE SI 5 KU RO 130 ¹⁄₂ 𐄋 ta? ro 𐄙 𐄒 vase,43,3,0,0,𐝆; NI; vase,,I DU NE SI 5,RO 130 ¹⁄₂ 𐄋 ta?,,,,96,no,,agriculture (grain),category 'suffix_ss' — no specific plausibility criteria,approximate match (levenshtein=1); 3 logogram(s) present; text: administrative
γλῶσσα,glōssa,tongue,glos,suffix_ss,KUROSU,KURO,1,1,52,HT40,Haghia Triada - Villa Magazine,clay,LM IB,0.05,41.5,,𐄁GRA207,administrative,tablet (page-shaped),𐘯 𐘬 𐙷 𐄁 𐘃 𐄁 𐙉 𐄚 𐄍 𐘸 𐘀 𐘳 𐄁 𐙉 𐝫 𐄙 𐄒 𐄊 𐙂 𐘁 𐝫 𐙂 𐝫 𐝫,NU DU *331 𐄁 TE 𐄁 GRA 207 ? DA TA 𐄁 GRA 134 ? KU RO ? ? 𐝫 𐝫 ta? 𐝫 𐝫,24,0,0,0,,,"TA 𐄁 GRA 134 
","RO 
 
 𐝫 𐝫",,,,96,no,,unknown,category 'suffix_ss' — no specific plausibility criteria,approximate match (levenshtein=1); text: administrative
γλῶσσα,glōssa,tongue,glos,suffix_ss,KUROSU,KURO,1,1,96,HT74,Haghia Triada - Villa Magazine,clay,LM IB,0.05,41.5,,𐝫𐝫KU,administrative,tablet (page-shaped),𐝫 𐝫 𐝫 𐙂 𐘁 𐄑 𐝫 𐝫,𐝫 𐝫 KU RO 20 ? 𐝫 𐝫,8,0,0,0,,,𐝫 𐝫,"RO 20 
 𐝫 𐝫",,,,96,no,,unknown,category 'suffix_ss' — no specific plausibility criteria,approximate match (levenshtein=1); text: administrative
γλῶσσα,glōssa,tongue,glos,suffix_ss,KUROSU,KURO,1,1,104,HT85a,Haghia Triada - Casa Room 7,clay,LM IB,0.05,41.5,,UZA6,administrative,tablet (page-shaped),𐘇 𐘬 𐄁 𐜠 𐄁 𐙇 𐄁 𐘀 𐘭 𐘀 𐄐 𐄈 𐘰 𐘝 𐄐 𐄈 𐘉 𐙱 𐘍 𐄌 𐘀 𐘤 𐙈 𐄑 𐄊 𐙂 𐙀 𐘝 𐄋 𐘃 𐘥 𐄉 𐘀 𐘙 𐄊 𐙂 𐘁 𐝫 𐝫 𐄕 𐄌,A DU 𐄁 *307+*387 𐄁 VIR+[?] 𐄁 DA RI DA 12 ? NI 12 ? U ZA 6 ? DA *118 24 ? KU ZU 5 ? TE KE ? DA RE ? KU RO ta? ro 𐝫 𐝫 𐄕 𐄌,41,1,0,0,*307+*387; 𐜠,,"KE 
 DA RE 
",RO ta? ro 𐝫 𐝫,,,,42,no,,unknown,category 'suffix_ss' — no specific plausibility criteria,approximate match (levenshtein=1); 1 logogram(s) present; text: administrative
γλῶσσα,glōssa,tongue,glos,suffix_ss,KUROSU,KURO,1,1,109,HT88,Haghia Triada - Casa Room 7,clay,LM IB,0.05,41.5,,PAJARE,administrative,tablet (page-shaped),𐘇 𐘬 𐛧 𐄑 𐘙 𐘍 𐄌 𐘝 𐄁 𐘸 𐘸 𐘅 𐄍 𐘸 𐘁 𐄁 𐙂 𐘰 𐘰 𐄇 𐘾 𐘶 𐄇 𐙂 𐘰 𐘯 𐄇 𐘂 𐘱 𐘙 𐄇 𐘞 𐙁 𐘁 𐄇 𐘀 𐘳 𐘙 𐄇 𐙂 𐘁 𐄌,A DU VIR+KA 20 RE ZA 6 NI 𐄁 KI KI NA 7 KI RO 𐄁 KU PA₃ PA₃ 1 KA JU 1 KU PA₃ NU 1 PA JA RE 1 SA MA RO 1 DA TA RE 1 KU RO 6,42,1,0,0,VIR+KA; 𐛧,,1 DA TA RE 1,RO 6,,,,42,no,,unknown,category 'suffix_ss' — no specific plausibility criteria,approximate match (levenshtein=1); 1 logogram(s) present; text: administrative
γλῶσσα,glōssa,tongue,glos,suffix_ss,KUROSU,KURO,1,1,110,HT89,Haghia Triada - Casa Room 7,clay,LM IB,0.05,41.5,,*30523,administrative,tablet (page-shaped),𐘇 𐘞 𐘽 𐄁 𐙛 𐄁 𐙙 𐄑 𐄉 𐛕 𐄑 𐄈 𐙁 𐘚 𐘻 𐄑 𐄊 𐛩 𐄐 𐄉 𐘳 𐘴 𐄋 𐙂 𐘁 𐄗 𐄍 𐙗 𐄈 𐝕 𐘝 𐄈 𐝃 𐙍 𐄌 𐝫,A SA RA₂ 𐄁 *307 𐄁 *305 23 ? 22 ? MA MI 24 ? VIR+*313a 13 TA RA 5 KU RO 87 CYP 2 ³⁄₄ ? 2 ¹⁄₄ ? 6 𐄈 vase ka 𐄌 𐝫,36,4,0,0,22; 𐛕; TA; 𐛩; 𐝕; vase; 𐝃,,VIR+*313a 13 TA RA 5,RO 87 CYP 2 ³⁄₄,,,,42,no,,unknown,category 'suffix_ss' — no specific plausibility criteria,approximate match (levenshtein=1); 4 logogram(s) present; text: administrative
γλῶσσα,glōssa,tongue,glos,suffix_ss,KUROSU,KURO,1,1,117,HT94b,Haghia Triada - Casa Room 7,clay,LM IB,0.05,41.5,,KIRU1,administrative,tablet (page-shaped),𐘸 𐘁 𐄁 𐘹 𐙁 𐄇 𐘂 𐘳 𐘗 𐄇 𐘦 𐘆 𐄇 𐘥 𐘸 𐘘 𐄇 𐘞 𐘘 𐄇 𐙂 𐘁 𐄋 𐙅 𐄁 𐘴 𐝫 𐄁 𐝫 𐘦 𐘋 𐘃 𐄇 𐘐 𐘹 𐝫 𐄁 𐄇,KI RO 𐄁 TU MA 1 PA TA NE 1 DE DI 1 KE KI RU 1 SA RU 1 KU RO 5 *86 𐄁 RA 𐄁 DE ME TE 1 ? *21F 𐄁 1 𐝫 𐄁 𐄇,38,0,0,0,,,RU 1 SA RU 1,RO 5 *86 𐄁 RA,,,,42,no,,unknown,category 'suffix_ss' — no specific plausibility criteria,approximate match (levenshtein=1); text: administrative
γλῶσσα,glōssa,tongue,glos,suffix_ss,KUROSU,KURO,1,1,138,HT110a,Haghia Triada - Casa Room 7,clay,LM IB,0.05,41.5,,20KUPA,administrative,tablet (page-shaped),𐘤 𐘬 𐘟 𐙂 𐘻 𐜚 𐄑 𐙂 𐘂 𐄇 𐙂 𐘁 𐄙 𐝫 𐝫 𐘝 𐄐 𐄋 𐝫 𐝫 𐄕,SI DU *34 KU MI CYP+E 20 KU PA 1 KU RO 100 ? 15 ? 60 𐄋 𐝫 𐝫 𐄕,21,0,0,0,,CYP+E,CYP+E 20 KU PA 1,"RO 100 
 15 
",,,,42,no,,unknown,category 'suffix_ss' — no specific plausibility criteria,approximate match (levenshtein=1); text: administrative
γλῶσσα,glōssa,tongue,glos,suffix_ss,KUROSU,KURO,1,1,151,HT116b,Haghia Triada - Casa Room 9,clay,LM IB,0.05,41.5,,KUROGRA,administrative,tablet (page-shaped),𐙂 𐘁 𐙉 𐄙 𐝫 𐙘 𐄐 𐄋 𐙖 𐄐 𐄍,KU RO GRA 100 ? 15 ? OLE ? 𐄐 𐄍,11,0,0,0,,,,"RO GRA 100 
 15",,,,16,no,,unknown,category 'suffix_ss' — no specific plausibility criteria,approximate match (levenshtein=1); text: administrative
γλῶσσα,glōssa,tongue,glos,suffix_ss,KUROSU,KURO,1,1,155,HT119,Haghia Triada - Casa Room 9,clay,LM IB,0.05,41.5,,KUPA₃,administrative,tablet (page-shaped),𐙳 𐄒 𐄊 𐙇 𐄕 𐄍 𐘭 𐘻 𐘤 𐄐 𐄉 𐘺 𐘱 𐄐 𐙂 𐘰 𐘅 𐘹 𐄍 𐘠 𐄍 𐘱 𐚅 𐄐 𐙚 𐘹 𐄈 𐙳 𐘶 𐄎 𐙂 𐘁 𐄙 𐄕,*327 34 ? 67 ? RI SI 13 ? KO JA ? KU PA₃ TU 7 ? TI 7 JA *345 ? *306 TU ? *327 JU ? KU RO ta? ro 𐄙 𐄕,34,0,0,0,,,"TU 
 *327 JU 
",RO ta? ro 𐄙 𐄕,,,,16,no,,unknown,category 'suffix_ss' — no specific plausibility criteria,approximate match (levenshtein=1); text: administrative
γλῶσσα,glōssa,tongue,glos,suffix_ss,KUROSU,KURO,1,1,159,HT122b,Haghia Triada - Casa del Lebete,clay,LM IB,0.05,41.5,,DEZA2,administrative,tablet (page-shaped),𐘧 𐘆 𐄁 𐚆 𐄁 𐙇 𐝫 𐝫 𐙚 𐘸 𐘷 𐄍 𐝫 𐝫 𐘇 𐘴 𐘶 𐘉 𐘦 𐘍 𐄈 𐘌 𐘌 𐘘 𐄈 𐘆 𐄈 𐘀 𐘙 𐄈 𐙂 𐘁 𐄕 𐄋 𐘊 𐘄 𐙂 𐘁 𐄘 𐄍,JE DI 𐄁 *346 𐄁 VIR+[?] ? KI TA₂ 7 ? A RA U DE ZA 2 ? QA QA RU ? DI 2 ? RE 2 KU RO 65 PO TO KU RO si to ta? ro 𐄘 𐄍,40,0,0,0,,,"DI 2 
 RE 2",RO 65 PO TO KU,,,,38,no,,unknown,category 'suffix_ss' — no specific plausibility criteria,approximate match (levenshtein=1); text: administrative
γλῶσσα,glōssa,tongue,glos,suffix_ss,KUROSU,KURO,1,1,1504,PH(?)31a,Phaistos,clay,Uncertain,0.05,41.5,,NE1,administrative,tablet (page-shaped),𐝫 𐝫 𐘇 𐝫 𐝫 𐘘 𐚾 𐄇 𐙁 𐘆 𐘑 𐄇 𐘓 𐝫 𐄁 𐝫 𐘗 𐄇 𐙂 𐘰 𐘯 𐙄 𐘤 𐘙 𐄇 𐘂 𐘳 𐘀 𐝫 𐝫 𐄇 𐙂 𐘁 𐚾 𐄇 𐘑 𐄋 𐘐 𐄉 𐝫,𐝫 A ? RU 1 ? MA DI 1 ? *22F ? NE 1 KU PA₃ NU AU RE 1 ? PA TA DA 1 KU RO CAPm+KU 1 ? *21M ? *21F 3 𐄇 zo 𐄋 za 𐄉 𐝫,40,2,0,0,MA; 𐚾; 3,,"
 PA TA DA 1","RO CAPm+KU 1 
 *21M",,,,66,no,,agriculture (grain),category 'suffix_ss' — no specific plausibility criteria,approximate match (levenshtein=1); 2 logogram(s) present; text: administrative
γλῶσσα,glōssa,tongue,glos,suffix_ss,KUROSU,KURO,1,1,1625,ZA15b,Zakros,stone,Uncertain,0.05,41.5,,𐄁VIN3,religious,stone vessel,𐘾 𐘆 𐄁 𐙍 𐄉 — 𐙂 𐘁 𐄁 𐙍 𐄖 𐄎 𐛿 𐄐 𐄍,KA DI 𐄁 VIN 3 — KU RO 𐄁 VIN 78 ? 17 𐄐 𐄍,15,0,0,1,,17,DI 𐄁 VIN 3 —,"RO 𐄁 VIN 78 
",,,,53,no,,unknown,category 'suffix_ss' — no specific plausibility criteria,approximate match (levenshtein=1); text: religious
γλῶσσα,glōssa,tongue,glos,suffix_ss,KUROSU,KUTUSU,1,1,65,HT49a,Haghia Triada - Villa Magazine,clay,LM IB,0.05,41.5,,RI,administrative,tablet (page-shaped),𐝫 𐄁 𐝫 𐘽 𐘬 𐝫 𐝫 𐘳 𐘅 𐘠 𐄁 𐄇 𐝫 𐝫 𐝫 𐘭 𐄇 𐘲 𐘸 𐝫 𐝫 𐄇 𐘠 𐘬 𐘝 𐄇 𐝫 𐝫 𐝫 𐘤 𐘴 𐄇 𐘇 𐘘 𐄇 𐚞 𐄇 𐙢 𐄇 𐙂 𐘰 𐘯 𐄇 𐘹 𐘲 𐘜 𐄇 𐘸 𐄇 — 𐝫 𐄋 𐘹 𐄊 𐘸 𐄇 𐝫 𐝫,𐝫 𐄁 RA₂ DU ? TA TI 𐄁 1 ? 𐝫 ? RI ? KI ? 𐝫 ? TI DU 1 ? ? SI RA 1 ? RU ? *370 1 ? 1 ? KU NU 1 TU SU 1 ? KI 1 — ? 𐝫 5 TU 4 KI ? 𐝫 ja 𐄊 ? 𐄇 𐝫 𐝫,58,1,0,0,NU; 𐚞,,"*370 1 
 1 
",NU 1 TU SU 1,,,,96,no,,unknown,category 'suffix_ss' — no specific plausibility criteria,approximate match (levenshtein=1); 1 logogram(s) present; text: administrative
Λαρίσα,Larisa,Larissa,laris,suffix_ss,RARISU,RARI,1,1,144,HT113,Haghia Triada - Casa Room 7,clay,LM IB,0.05,36.5,,RARIDE,administrative,tablet (page-shaped),𐘴 𐘭 𐘦 𐝫 𐝫 𐘣 𐘞 𐄁 𐝫 𐄐 𐄐 𐄐 𐘵 𐄈 𐝆 𐝫,RA RI DE ? SA 𐄁 ? ? 2 ¹⁄₂ 𐝫 𐄐 ri 𐄈 vase 𐝫,16,1,0,0,vase; 𐝆,,,"RI DE 
 SA 𐄁",,,,42,no,,unknown,category 'suffix_ss' — no specific plausibility criteria,approximate match (levenshtein=1); 1 logogram(s) present; text: administrative
Λαρίσα,Larisa,Larissa,laris,suffix_ss,RARISU,RARI,1,1,158,HT122a,Haghia Triada - Casa del Lebete,clay,LM IB,0.05,36.5,,RARI𐄁,administrative,tablet (page-shaped),𐝫 𐘴 𐘭 𐄁 𐘉 𐘦 𐘍 𐄈 𐝫 𐝫 𐄈 𐘀 𐘤 𐙈 𐄈 𐘂 𐝫 𐄁 𐝫 𐘆 𐄇 𐘃 𐘸 𐄈 𐘌 𐙠 𐘚 𐄉 𐘱 𐘻 𐘀 𐘙 𐄇 𐘤 𐘀 𐘙 𐄇 𐙰 𐘆 𐘴 𐄇 𐘂 𐘦 𐄇 𐙂 𐘰 𐘯 𐄇 𐘂 𐘳 𐘗 𐄇 𐙚 𐘹 𐄇 𐝫 𐘬 𐄇 𐙂 𐘰 𐘯 𐄇 𐘀 𐘭 𐘀 𐄇 𐙂 𐘁 𐄒 𐄇 𐙂 𐘀 𐄇,RA RI 𐄁 U DE ZA 2 ? 2 DA SI 2 ? PA 𐄁 DI 1 ? KI 2 ? *310 I 3 JA MI DA RE ? SI DA RE 1 *324 DI RA 1 PA DE 1 ? PA₃ NU 1 PA TA NE 1 *306 TU 1 ? 1 ? KU NU 1 ? RI DA 1 ? RO 31 ? KU 1 ro 𐄒 𐄇 ta? da 𐄇,73,0,0,0,,,,RI 𐄁 U DE ZA,,,,38,no,,unknown,category 'suffix_ss' — no specific plausibility criteria,approximate match (levenshtein=1); text: administrative
Λαρίσα,Larisa,Larissa,laris,suffix_ss,RARISU,RURISU,1,1,154,HT118,Haghia Triada - Casa Room 9,clay,LM IB,0.05,36.5,,𐄁MADI,administrative,tablet (page-shaped),𐙄 𐄁 𐛀 𐄁 𐙁 𐘆 𐄐 𐄋 𐘸 𐄐 𐘌 𐘌 𐘘 𐄌 𐘸 𐄊 𐘇 𐘭 𐘲 𐄊 𐘸 𐄇 𐘭 𐘘 𐙁 𐄐 𐙂 𐘁 𐄒 𐘸 𐄐 𐄋 𐝫,AU 𐄁 *516 𐄁 MA DI 15 ? 10 ? QA RU 6 ? 4 ? RI SU 4 ? 1 ? RU MA 10 ? RO 30 ? 15 𐄐 𐄋 𐝫,33,1,0,0,*516; 𐛀,,"15 
 10 
 QA","6 
 4 
 RI",,,,16,no,,unknown,category 'suffix_ss' — no specific plausibility criteria,approximate match (levenshtein=1); 1 logogram(s) present; text: administrative
Λαρίσα,Larisa,Larissa,laris,suffix_ss,RARISU,JARISU,1,1,148,HT115a,Haghia Triada - Casa Room 9,clay,LM IB,0.05,36.5,,SEKUTU,administrative,tablet (page-shaped),𐘨 𐘯 𐘴 𐘱 𐄁 𐘚 𐄁 𐛯 𐘭 𐘳 𐙁 𐘯 𐘣 𐄈 𐙕 𐘉 𐘴 𐘅 𐘐 𐘗 𐘻 𐘅 𐄇 𐘈 𐙂 𐘹 𐝆 𐘂 𐘴 𐘗 𐄇 𐘇 𐘈 𐘱 𐝂 𐝂 𐝂 𐝂 𐘾 𐘊 𐘘 𐄇 𐘭 𐘲 𐙁 𐝫 𐘲 𐄈 𐝂 𐝫 𐝫,*47 NU RA JA 𐄁 I 𐄁 GRA+BOSm RI TA MA NU WI 2 *301 U RA NA *21F NE MI NA 1 SE KU TU ¹⁄₂ PA RA NE 1 A SE JA 𐝂𐝂𐝂𐝂 ? KA PO 1 ? RI SU ? SU 2 ¹⁄₅ 𐝫 𐄈 vase 𐝫 𐝫,51,7,0,0,GRA+BOSm; 𐛯; ¹⁄₂; 𐝆; 𐝂𐝂𐝂𐝂; 𐝂; KA; PO; vase,,*47 NU RA,𐄁 I 𐄁 GRA+BOSm RI,,,,16,no,,unknown,category 'suffix_ss' — no specific plausibility criteria,approximate match (levenshtein=1); 7 logogram(s) present; text: administrative
Λαρίσα,Larisa,Larissa,laris,suffix_ss,RARISU,RATUSU,1,1,1526,PK1,Palaikastro,clay,LMI,0.05,36.5,,—TA₂TE,administrative,tablet (page-shaped),𐘤 𐝫 𐄁 𐝫 𐘗 𐘠 𐄇 𐘾 𐘌 𐄈 — 𐘇 𐘬 𐘍 𐄇 𐘷 𐘳 𐘙 𐄇 — 𐘷 𐘠 𐘃 𐄇 𐘵 𐘾 𐘻 𐘍 𐘤 𐘚 𐘅 𐄇 — 𐘵 𐘃 𐘱 𐄇 — 𐘴 𐘅 𐘹 𐘲 𐄇 𐘝 𐘻 𐄇 — 𐘹 𐘲 𐄇 𐙁 𐘠 𐘍 𐘚 𐘃 𐄇 — 𐙁 𐘃 𐘠 𐄇 𐙁 𐘾 𐘚 𐘳 𐄇,SI 𐄁 NE TI 1 ? KA 2 ? — A ZA 1 ? TA₂ RE 1 ? — TA₂ TE 1 ? O MI ZA SI I NA 1 ? — O JA 1 ? — RA TU SU 1 ? NI 1 ? — TU 1 ? MA ZA I TE 1 ? — MA TI 1 ? MA I TA 1 du? 𐄇,66,0,0,0,,,"O JA 1 
 —","TU SU 1 
 NI",,,,25,no,,unknown,category 'suffix_ss' — no specific plausibility criteria,approximate match (levenshtein=1); text: administrative
Λαρίσα,Larisa,Larissa,laris,suffix_ss,RARISU,RISU,1,1,101,HT81,Haghia Triada - Villa Magazine,clay,LM IB,0.05,36.5,,𐄁𐄁,administrative,tablet (page-shaped),𐘇 𐘈 𐄁 𐛚 𐄁 𐝅 𐝫 𐝫 𐘭 𐘲 𐙁 𐝋 𐘸 𐝫 𐝫,A SE 𐄁 MI+JA+RU 𐄁 ≈ ¹⁄₆ RI SU MA 𐝋 ? ? 𐝫 𐝫,15,3,0,0,MI+JA+RU; 𐛚; ≈; 𐝅; 𐝋,,𐄁 MI+JA+RU 𐄁 ≈ ¹⁄₆,"SU MA 𐝋 
 
",,,,96,no,,unknown,category 'suffix_ss' — no specific plausibility criteria,approximate match (levenshtein=1); 3 logogram(s) present; text: administrative
Λαρίσα,Larisa,Larissa,laris,suffix_ss,RARISU,RAASU,1,1,1663,ARKH1a,Arkhalkhori,clay,Uncertain,0.05,36.5,,KI,administrative,tablet (page-shaped),𐝫 𐘳 𐘢 𐄁 𐘌 𐝫 𐝫 𐘸 𐝫 𐝫 𐄁 𐘇 𐘴 𐝫 𐝫 𐝫 𐘇 𐘲 𐘻 𐙈 𐝫 𐝫 𐘗 𐄈 𐝆 𐘇 𐘂 𐝫 𐝫 𐘻 𐘸 𐘞 𐘗 𐝫,TA PI 𐄁 ? ? KI 𐝫 𐄁 ? RA ? ? A SU *118 NE 2 ¹⁄₂ ? A PA MI KI SA NE a pa 𐝫 𐝫 ? ? ni pi? 𐝫,34,1,0,0,NE; 𐝆,,"
 KI 𐝫 𐄁 
","
 
 A SU *118",,,,15,no,,unknown,category 'suffix_ss' — no specific plausibility criteria,approximate match (levenshtein=1); 1 logogram(s) present; text: administrative
Μέλισσα,Melissa,Melissa (nymph/bee),melis,suffix_ss,MERISU,RURISU,1,1,154,HT118,Haghia Triada - Casa Room 9,clay,LM IB,0.05,41.5,,𐄁MADI,administrative,tablet (page-shaped),𐙄 𐄁 𐛀 𐄁 𐙁 𐘆 𐄐 𐄋 𐘸 𐄐 𐘌 𐘌 𐘘 𐄌 𐘸 𐄊 𐘇 𐘭 𐘲 𐄊 𐘸 𐄇 𐘭 𐘘 𐙁 𐄐 𐙂 𐘁 𐄒 𐘸 𐄐 𐄋 𐝫,AU 𐄁 *516 𐄁 MA DI 15 ? 10 ? QA RU 6 ? 4 ? RI SU 4 ? 1 ? RU MA 10 ? RO 30 ? 15 𐄐 𐄋 𐝫,33,1,0,0,*516; 𐛀,,"15 
 10 
 QA","6 
 4 
 RI",,,,16,no,,unknown,category 'suffix_ss' — no specific plausibility criteria,approximate match (levenshtein=1); 1 logogram(s) present; text: administrative
Μέλισσα,Melissa,Melissa (nymph/bee),melis,suffix_ss,MERISU,JARISU,1,1,148,HT115a,Haghia Triada - Casa Room 9,clay,LM IB,0.05,41.5,,SEKUTU,administrative,tablet (page-shaped),𐘨 𐘯 𐘴 𐘱 𐄁 𐘚 𐄁 𐛯 𐘭 𐘳 𐙁 𐘯 𐘣 𐄈 𐙕 𐘉 𐘴 𐘅 𐘐 𐘗 𐘻 𐘅 𐄇 𐘈 𐙂 𐘹 𐝆 𐘂 𐘴 𐘗 𐄇 𐘇 𐘈 𐘱 𐝂 𐝂 𐝂 𐝂 𐘾 𐘊 𐘘 𐄇 𐘭 𐘲 𐙁 𐝫 𐘲 𐄈 𐝂 𐝫 𐝫,*47 NU RA JA 𐄁 I 𐄁 GRA+BOSm RI TA MA NU WI 2 *301 U RA NA *21F NE MI NA 1 SE KU TU ¹⁄₂ PA RA NE 1 A SE JA 𐝂𐝂𐝂𐝂 ? KA PO 1 ? RI SU ? SU 2 ¹⁄₅ 𐝫 𐄈 vase 𐝫 𐝫,51,7,0,0,GRA+BOSm; 𐛯; ¹⁄₂; 𐝆; 𐝂𐝂𐝂𐝂; 𐝂; KA; PO; vase,,*47 NU RA,𐄁 I 𐄁 GRA+BOSm RI,,,,16,no,,unknown,category 'suffix_ss' — no specific plausibility criteria,approximate match (levenshtein=1); 7 logogram(s) present; text: administrative
Μέλισσα,Melissa,Melissa (nymph/bee),melis,suffix_ss,MERISU,RISU,1,1,101,HT81,Haghia Triada - Villa Magazine,clay,LM IB,0.05,41.5,,𐄁𐄁,administrative,tablet (page-shaped),𐘇 𐘈 𐄁 𐛚 𐄁 𐝅 𐝫 𐝫 𐘭 𐘲 𐙁 𐝋 𐘸 𐝫 𐝫,A SE 𐄁 MI+JA+RU 𐄁 ≈ ¹⁄₆ RI SU MA 𐝋 ? ? 𐝫 𐝫,15,3,0,0,MI+JA+RU; 𐛚; ≈; 𐝅; 𐝋,,𐄁 MI+JA+RU 𐄁 ≈ ¹⁄₆,"SU MA 𐝋 
 
",,,,96,no,,unknown,category 'suffix_ss' — no specific plausibility criteria,approximate match (levenshtein=1); 3 logogram(s) present; text: administrative
Παγασαί,Pagasai,Pagasae,pagas,suffix_ss,PAKASU,PAROSU,1,1,26,HT20,Haghia Triada - Villa Magazine,clay,LM IB,0.05,36.5,,PAROSU,administrative,tablet (page-shaped),𐘂 𐘁 𐘲 𐄁 𐙂 𐙁 𐘶 𐝃 𐘿 𐙂 𐘙 𐄁 𐘆 𐝆 𐘑 𐝄 𐘞 𐘙 𐘶 𐝄 𐘮 𐝃 𐜇 𐝆,PA RO SU 𐄁 KU MA JU ¹⁄₄ QE KU RE 𐄁 DI ¹⁄₂ *21M ¹⁄₈ SA RE JU ¹⁄₈ WA ¹⁄₄ *188+KU ¹⁄₂,24,6,0,1,¹⁄₄; 𐝃; ¹⁄₂; 𐝆; ¹⁄₈; 𐝄; ¹⁄₈; ¹⁄₄; ¹⁄₂,*188+KU,,RO SU 𐄁 KU MA,,,,96,no,,unknown,category 'suffix_ss' — no specific plausibility criteria,approximate match (levenshtein=1); 6 logogram(s) present; text: administrative
Παγασαί,Pagasai,Pagasae,pagas,suffix_ss,PAKASU,PASU,1,1,1365,KN32b,Knossos,clay,Uncertain,0.05,36.5,,SA,administrative,tablet (page-shaped),𐝫 𐝫 𐘃 𐝫 𐝫 𐘞 𐘫 𐘂 𐝫 𐝫 𐘱 𐘲 𐝫,𐝫 TE ? SA ? PA ? SU ? 𐝫 ? pu? 𐝫,13,0,0,0,,,"𐝫 TE 
 SA 
","
 SU 
 𐝫 ?",,,,59,no,,unknown,category 'suffix_ss' — no specific plausibility criteria,approximate match (levenshtein=1); text: administrative
Παγασαί,Pagasai,Pagasae,pagas,suffix_ss,PAKASU,PASU,1,1,1626,ZA16,Zakros,stone,LM IB,0.05,36.5,,SI𐝫,religious,stone vessel,𐝫 𐝫 𐘤 𐝫 𐝫 𐝫 𐘂 𐄌 𐝫 𐝫 𐘲 𐄊 𐝫 𐝫,𐝫 SI ? 𐝫 PA ? SU 4 ? 𐝫 pu? 𐄊 𐝫 𐝫,14,0,0,0,,,"𐝫 SI 
 𐝫","
 SU 4 
 𐝫",,,,53,no,,unknown,category 'suffix_ss' — no specific plausibility criteria,approximate match (levenshtein=1); text: religious
Σαλαμίς,Salamis,Salamis,salam,suffix_ss,SARAMU,SARAKU,1,1,1573,SYZa10,Syme,stone,LM IA,0.05,36.5,,SARAKU,religious,stone vessel,𐘌 𐘞 𐘴 𐙂,QA SA RA KU,4,0,0,0,,,QA,RA KU,,,,12,no,,unknown,category 'suffix_ss' — no specific plausibility criteria,approximate match (levenshtein=1); text: religious
Σαλαμίς,Salamis,Salamis,salam,suffix_ss,SARAMU,SARAA,1,1,1399,KNZc7,Knossos,,Uncertain,0.05,36.5,,RA𐄁JA,unknown,Inked inscription,𐘇 𐘾 𐘯 𐘍 𐘠 𐄁 𐘬 𐘴 𐘙 𐄁 𐘇 𐙀 𐘴 𐄁 𐘱 𐘞 𐘴 𐘇 𐘅 𐘗 𐄁 𐘣 𐘢 𐝫 𐄁,A KA NU ZA TI 𐄁 DU RA RE 𐄁 A ZU RA 𐄁 JA SA RA A NA NE 𐄁 WI PI 𐄁 𐄁,25,0,0,0,,,A ZU RA 𐄁 JA,RA A NA NE 𐄁,,,,59,no,,unknown,category 'suffix_ss' — no specific plausibility criteria,approximate match (levenshtein=1)
Σαλαμίς,Salamis,Salamis,salam,suffix_ss,SARAMU,SARA,1,1,37,HT27a,Haghia Triada - Villa Magazine,clay,LM IB,0.05,36.5,,𐄁VIR+[?]90,administrative,tablet (page-shaped),𐘠 𐘝 𐘳 𐄁 𐙛 𐄁 𐙇 𐄘 𐝫 𐄔 𐙅 𐄔 𐄇 𐘙 𐄑 𐝫 𐘚 𐘻 𐘞 𐘴 𐄓 𐄉 𐝫 𐘿 𐄑 𐄇 𐘸 𐘀 𐝫 𐝫 𐘸 𐙠 𐄁 𐙂 𐙙 𐝫 𐝫 𐘞 𐘴 𐘆 𐄋 𐙇 𐄓 𐄈 𐙂 𐘁 𐄛 𐄒 𐄋 𐙗 𐄏 𐝕 𐝁 𐘝 𐄐 𐝁 𐙍 𐄍,TI NI TA 𐄁 *307 𐄁 VIR+[?] 90 50 ? 51 ? RE ? I SA RA 43 ? QE 21 ? DA ? KI *310 KU *305 ? RA DI 5 ? VIR+[?] 42 ? RO 335 ? CYP 9 ? NI 10 ? VIN 7 𐄒 𐄋 ? 𐄏 [?] vase pu 𐄐 vase ka 𐄍,58,3,0,0,[?]; 𐝕; vase; 𐝁; vase,,"51 
 RE 
 I","RA 43 
 QE 21",,,,96,no,,unknown,category 'suffix_ss' — no specific plausibility criteria,approximate match (levenshtein=1); 3 logogram(s) present; text: administrative
Σαλαμίς,Salamis,Salamis,salam,suffix_ss,SARAMU,SARA,1,1,86,HT62+73,Haghia Triada - Villa Magazine,clay,LM IB,0.05,36.5,,SARA𐄁,administrative,tablet (page-shaped),𐝫 𐘞 𐘴 𐄁 𐘃 𐄁 𐙍 𐝫 𐄁 𐝫 𐘅 𐙉 𐄐 𐄋 𐝃 𐘾 𐙂 𐄊 𐝫 𐝫 𐄐 𐄎 𐘛 𐘠 𐝫 𐄁 𐄌 𐘆 𐝫 𐝫 𐄊 𐝃 𐘾 𐝫 𐝫 𐙇 𐝫 𐝫 𐄊 𐘺 𐝫 𐝫 𐘯 𐄐 𐄍 𐝫 𐝫 𐄑 𐄋 𐝫 𐝫 𐝫 𐙂 𐝫 𐄁 𐝫 𐄇 𐝫 𐘂 𐘚 𐘸 𐝫 𐝫 𐄎 𐘞 𐘁 𐘿 𐝫 𐝫 𐄑 𐄎 𐝫 𐝫,SA RA 𐄁 TE 𐄁 VIN ? 𐄁 GRA 15 ¹⁄₄ ? KA KU 4 18 ? *28B TI 6 ? DI 4 ¹⁄₄ ? KA ? 4 ? ? NU 17 25 ? ? KU ? 𐄁 1 PA I ? 8 ? SA RO ? 28 ? 𐝫 𐝫 𐝫 ta? 𐝫 𐄁 𐝫 𐄇 𐝫 pa ru ? 𐝫 𐝫 𐄎 ni ro ? 𐝫 𐝫 𐄑 𐄎 𐝫 𐝫,73,2,0,0,4; 𐝃; 17,,,RA 𐄁 TE 𐄁 VIN,,,,96,no,,unknown,category 'suffix_ss' — no specific plausibility criteria,approximate match (levenshtein=1); 2 logogram(s) present; text: administrative
Σαλαμίς,Salamis,Salamis,salam,suffix_ss,SARAMU,SARA,1,1,1109,IOZa2,Iouktas,stone,Uncertain,0.05,36.5,,𐄁JASA,religious,stone vessel,𐘇 𐘳 𐘚 𐙕 𐘮 𐘱 𐄁 𐘱 𐘆 𐘸 𐘹 𐄁 𐘱 𐘞 𐘞 𐘴 𐝫 𐘋 𐄁 𐘉 𐘅 𐘾 𐘅 𐝫 𐘤 𐝫 𐄁 𐝫 𐘚 𐘢 𐘅 𐙁 𐄁 𐘤 𐘘 𐘃 𐄁 𐘳 𐘅 𐘴 𐘃 𐘉 𐘠 𐘯 𐄁 𐘚 𐝫 𐄁,A TA I *301 WA JA 𐄁 JA DI KI TU 𐄁 JA SA SA RA ME 𐄁 U NA KA NA SI 𐄁 I PI NA MA 𐄁 ? SI RU TE TA NA RA TE U TI NU 𐄁 I 𐄁 ? 𐄁 ru 𐝫 𐄁,48,0,0,0,,,KI TU 𐄁 JA SA,RA ME 𐄁 U NA,,,,16,no,,unknown,category 'suffix_ss' — no specific plausibility criteria,approximate match (levenshtein=1); text: religious
Σαλαμίς,Salamis,Salamis,salam,suffix_ss,SARAMU,SARA,1,1,1113,IOZa6,Iouktas,stone,LM IA,0.05,36.5,,𐄁JASA,religious,stone vessel,𐘳 𐘅 𐘚 𐙕 𐘉 𐘠 𐘯 𐄁 𐘚 𐘅 𐘳 𐘚 𐙀 𐘆 𐘤 𐘾 𐄁 𐘱 𐘞 𐘞 𐘴 𐘋 𐄁,TA NA I *301 U TI NU 𐄁 I NA TA I ZU DI SI KA 𐄁 JA SA SA RA ME 𐄁,23,0,0,0,,,SI KA 𐄁 JA SA,RA ME 𐄁,,,,16,no,,unknown,category 'suffix_ss' — no specific plausibility criteria,approximate match (levenshtein=1); text: religious
Σαλαμίς,Salamis,Salamis,salam,suffix_ss,SARAMU,SARA,1,1,1116,IOZa9,Iouktas,stone,Uncertain,0.05,36.5,,SARAME,religious,stone vessel,𐘱 𐘞 𐘞 𐝫 𐘴 𐘋 𐄁 𐘉 𐘅 𐘾 𐝫 𐘅 𐘤,JA SA SA RA ME ? U NA KA NA SI na jo,13,0,0,0,,,JA SA,"RA ME 
 U NA",,,,16,no,,unknown,category 'suffix_ss' — no specific plausibility criteria,approximate match (levenshtein=1); text: religious
Σαλαμίς,Salamis,Salamis,salam,suffix_ss,SARAMU,SARA,1,1,1117,IOZb10,Iouktas,pottery/ceramic,LMI,0.05,36.5,,SARAME,religious,Clay vessel,𐝫 𐘇 𐘞 𐘞 𐘴 𐘋,A SA SA RA ME so,6,0,0,0,,,A SA,RA ME so,,,,16,no,,unknown,category 'suffix_ss' — no specific plausibility criteria,approximate match (levenshtein=1); text: religious
Σαλαμίς,Salamis,Salamis,salam,suffix_ss,SARAMU,SARA,1,1,1119,IOZa12,Iouktas,stone,LMI,0.05,36.5,,JASASA,religious,stone vessel,𐄁 𐄁 𐘱 𐘞 𐘞 𐘴 𐘋 𐄁 𐘚 𐘠 𐝫,𐄁 𐄁 JA SA SA RA ME 𐄁 I TI 𐝫,11,0,0,0,,,𐄁 𐄁 JA SA,RA ME 𐄁 I TI,,,,16,no,,unknown,category 'suffix_ss' — no specific plausibility criteria,approximate match (levenshtein=1); text: religious
Σαλαμίς,Salamis,Salamis,salam,suffix_ss,SARAMU,SARA,1,1,1123,IOZa16,Iouktas,stone,Uncertain,0.05,36.5,,JASASA,religious,stone vessel,𐝫 𐙌 𐄁 𐘱 𐘞 𐘞 𐘴 𐘋 𐄁 𐘉 𐘅 𐘘 𐘾 𐝫 𐘅 𐘤,AROM 𐄁 JA SA SA RA ? 𐄁 U NA RU KA NA SI na jo,16,0,0,0,,,AROM 𐄁 JA SA,"RA 
 𐄁 U NA",,,,16,no,,unknown,category 'suffix_ss' — no specific plausibility criteria,approximate match (levenshtein=1); text: religious
Σαλαμίς,Salamis,Salamis,salam,suffix_ss,SARAMU,SARA,1,1,1380,KNZa10,Knossos,stone,LM IA,0.05,36.5,,SASARA,religious,stone vessel,𐝫 𐘳 𐘯 𐘕 𐘠 𐄁 𐘱 𐘞 𐘞 𐘴 𐙁 𐘅 𐄁 𐘀 𐘮 𐝫 𐄁 𐝫 𐘬 𐘮 𐘄 𐄁 𐘚 𐘱 𐝫,TA NU MU TI 𐄁 JA SA SA RA MA ? 𐄁 DA WA 𐄁 DU WA TO 𐄁 I JA 𐄁 ru ? 𐝫,25,0,0,0,,,MU TI 𐄁 JA SA,"RA MA 
 𐄁 DA",,,,59,no,,unknown,category 'suffix_ss' — no specific plausibility criteria,approximate match (levenshtein=1); text: religious
Σαλαμίς,Salamis,Salamis,salam,suffix_ss,SARAMU,SARA,1,1,1397,KHZc106,Knossos,,Uncertain,0.05,36.5,,SARAME,unknown,Inked inscription,𐘞 𐘞 𐘴 𐘋,SA SA RA ME,4,0,0,0,,,SA,RA ME,,,,59,no,,unknown,category 'suffix_ss' — no specific plausibility criteria,approximate match (levenshtein=1)
Σαλαμίς,Salamis,Salamis,salam,suffix_ss,SARAMU,SARA,1,1,1528,PKZa4,Palaikastro,stone,Uncertain,0.05,36.5,,SARA𐝫,religious,stone vessel,𐘇 𐘞 𐘞 𐘴 𐝫,A SA SA RA 𐝫,5,0,0,0,,,A SA,RA 𐝫,,,,25,no,,unknown,category 'suffix_ss' — no specific plausibility criteria,approximate match (levenshtein=1); text: religious
Σαλαμίς,Salamis,Salamis,salam,suffix_ss,SARAMU,SARA,1,1,1532,PKZa11,Palaikastro,stone,Uncertain,0.05,36.5,,𐄁AKO,religious,stone vessel,𐘇 𐘳 𐘚 𐙕 𐘮 𐘡 𐄁 𐘇 𐘆 𐘸 𐘃 𐘃 𐝫 𐄁 𐄁 𐝫 𐘙 𐄁 𐘢 𐘃 𐘭 𐄁 𐘇 𐘺 𐘇 𐘗 𐄁 𐘇 𐘞 𐘞 𐘴 𐘋 𐄁 𐘉 𐘅 𐘘 𐘾 𐘅 𐘠 𐄁 𐘚 𐘢 𐘅 𐘻 𐘅 𐝫 𐘤 𐘘 𐝫 𐄁 𐝫 𐄁 𐘚 𐘅 𐘱 𐘂 𐘌,A TA I *301 WA E 𐄁 A DI KI TE TE 𐄁 ? RE 𐄁 PI TE RI 𐄁 A KO A NE 𐄁 A ? SA RA ME 𐄁 U NA RU KA NA TI 𐄁 ? I NA MI NA SI RU 𐄁 𐝫 𐄁 I NA JA PA QA na ? pa me,57,0,0,0,,,"A NE 𐄁 A 
",RA ME 𐄁 U NA,,,,25,no,,unknown,category 'suffix_ss' — no specific plausibility criteria,approximate match (levenshtein=1); text: religious
Σαλαμίς,Salamis,Salamis,salam,suffix_ss,SARAMU,SARA,1,1,1548,PLZf1,Platanos,metal,Uncertain,0.05,36.5,,𐄁JASA,religious,metal object,𐝫 𐘳 𐄁 𐘣 𐘃 𐘱 𐘕 𐄁 𐘉 𐘿 𐘠 𐄁 𐘱 𐘞 𐘞 𐘴 𐘋 𐄁 𐘳 𐘯 𐘝 𐘸 𐘅 𐄁 𐘝 𐘯 𐘝 𐄁 𐝫 𐄁 𐝫 𐘚 𐝫 𐄁,TA 𐄁 WI TE JA MU 𐄁 U QE TI 𐄁 JA SA SA RA ME 𐄁 TA NU NI KI NA 𐄁 NI NU NI 𐄁 𐝫 𐄁 I 𐄁 ru 𐝫 𐄁,34,0,0,0,,,QE TI 𐄁 JA SA,RA ME 𐄁 TA NU,,,,1,no,,unknown,category 'suffix_ss' — no specific plausibility criteria,approximate match (levenshtein=1); text: religious
Σαλαμίς,Salamis,Salamis,salam,suffix_ss,SARAMU,SARA,1,1,1549,POZc1,Poros Herakleiou,,LMIIIA,0.05,36.5,,SARA*325,unknown,Inked inscription,𐘭 𐘿 𐘠 𐘇 𐘞 𐘞 𐘴 𐙱 𐄁,RI QE TI A SA SA RA *325 𐄁,9,0,0,0,,,RI QE TI A SA,RA *325 𐄁,,,,2,no,,unknown,category 'suffix_ss' — no specific plausibility criteria,approximate match (levenshtein=1)
Σαλαμίς,Salamis,Salamis,salam,suffix_ss,SARAMU,SARA,1,1,1551,PSZa2,Psykhro,stone,Uncertain,0.05,36.5,,JATI𐄁,religious,stone vessel,𐝫 𐘙 𐘚 𐘥 𐘳 𐘅 𐘚 𐙕 𐘠 𐄁 𐝫 𐄌 𐝫 𐘱 𐘠 𐄁 𐘱 𐘞 𐘞 𐘴 𐘋 𐄁,RE I KE ? NA I *301 TI 𐄁 𐄌 JA TI 𐄁 JA SA SA RA ME 𐄁 ? so 𐄁,22,0,0,0,,,JA TI 𐄁 JA SA,RA ME 𐄁 ? so,,,,3,no,,unknown,category 'suffix_ss' — no specific plausibility criteria,approximate match (levenshtein=1); text: religious
Σαλαμίς,Salamis,Salamis,salam,suffix_ss,SARAMU,SARA,1,1,1558,SAMWa1,Samothrace,,MM II,0.05,36.5,,SARATE,administrative,Nodule,𐘱 𐘞 𐘞 𐘴 𐘃 𐄐 𐝇,JA SA SA RA TE 10 ¹⁄₁₆,7,1,0,0,¹⁄₁₆; 𐝇,,JA SA,RA TE 10 ¹⁄₁₆,,,,2,no,,unknown,category 'suffix_ss' — no specific plausibility criteria,approximate match (levenshtein=1); 1 logogram(s) present; text: administrative
Σαλαμίς,Salamis,Salamis,salam,suffix_ss,SARAMU,SARA,1,1,1592,TLZa1,Troullos,stone,Uncertain,0.05,36.5,,𐄁JASA,religious,stone vessel,𐘇 𐘳 𐘚 𐙕 𐘮 𐘱 𐄁 𐘵 𐘲 𐘌 𐘙 𐄁 𐘱 𐘞 𐘞 𐘴 𐘋 𐄁 𐘉 𐘅 𐘾 𐘅 𐝫 𐘚 𐘢 𐝫 𐘅 𐙁 𐘤 𐘘 𐝫 𐘃,A TA I *301 WA JA 𐄁 O SU QA RE 𐄁 JA SA SA RA ME 𐄁 U NA KA NA I PI NA MA SI RU TE mu 𐝫 te,32,0,0,0,,,QA RE 𐄁 JA SA,RA ME 𐄁 U NA,,,,1,no,,unknown,category 'suffix_ss' — no specific plausibility criteria,approximate match (levenshtein=1); text: religious
Σαλαμίς,Salamis,Salamis,salam,suffix_ss,SARAMU,SARA,1,1,1704,PKZa27,Palaikastro,stone,Uncertain,0.05,36.5,,SARAME,religious,stone vessel,𐘱 𐘞 𐘞 𐘴 𐘋 𐘉 𐘅 𐘾 𐘅 𐘤,JA SA SA RA ME U NA KA NA SI,10,0,0,0,,,JA SA,RA ME U NA KA,,,,25,no,,unknown,category 'suffix_ss' — no specific plausibility criteria,approximate match (levenshtein=1); text: religious
Σαλαμίς,Salamis,Salamis,salam,suffix_ss,SARAMU,RAMU,1,1,152,HT117a,Haghia Triada - Casa Room 9,clay,LM IB,0.05,36.5,,1MITU,administrative,tablet (page-shaped),𐙁 𐘾 𐘭 𐘃 𐄁 𐘸 𐘁 𐄁 𐘉 𐘻 𐘅 𐘤 𐄁 𐘉 𐘲 𐄇 𐘻 𐘹 𐄇 𐙂 𐘴 𐘕 𐄇 𐙁 𐘘 𐄇 𐙂 𐘰 𐘯 𐄇 𐘹 𐘶 𐙁 𐄇 𐘉 𐘆 𐘻 𐄇 𐘻 𐘘 𐘳 𐘴 𐘙 𐄇 𐘃 𐘱 𐘙 𐄇 𐘅 𐘀 𐘙 𐄇 𐙂 𐘁 𐄐 — 𐘞 𐘳 𐄁 𐙂 𐙂 𐘀 𐘴 𐄇 𐘺 𐘞 𐘚 𐘠 𐄇 𐘀 𐘻 𐘯 𐄇 𐘀 𐘗 𐙂 𐘠 𐄇 𐘸 𐘀 𐘁 𐄇,MA KA RI TE 𐄁 KI RO 𐄁 U MI NA SI 𐄁 U SU 1 MI TU 1 KU RA MU 1 MA RU 1 KU PA₃ NU 1 TU JU MA 1 U DI MI 1 MI RU TA RA RE 1 TE JA RE 1 NA DA RE 1 KU RO 10 — SA TA 𐄁 KU KU DA RA 1 KO SA I TI 1 DA MI NU 1 DA NE KU TI 1 KI DA RO 1,82,0,0,0,,,1 MI TU 1 KU,MU 1 MA RU 1,,,,16,no,,unknown,category 'suffix_ss' — no specific plausibility criteria,approximate match (levenshtein=1); text: administrative
Σαλαμίς,Salamis,Salamis,salam,suffix_ss,SARAMU,SAMU,1,1,1444,MOZf1,Mokhilos,metal,Uncertain,0.05,36.5,,*333SAMU,religious,metal object,𐙹 𐘞 𐘕,*333 SA MU,3,0,0,0,,,*333,MU,,,,3,no,,unknown,category 'suffix_ss' — no specific plausibility criteria,approximate match (levenshtein=1); text: religious
Σαλαμίς,Salamis,Salamis,salam,suffix_ss,SARAMU,SAMU,1,1,1624,ZA15a,Zakros,stone,Uncertain,0.05,36.5,,ZASE,religious,stone vessel,𐘨 𐙂 𐘅 𐘞 𐙍 𐘿 𐘤 𐙀 𐘡 𐄔 𐄍 𐘚 𐘠 𐘝 𐘞 𐄐 𐘋 𐙍 𐘻 𐘍 𐘈 𐄉 𐘛 𐘯 𐙁 𐘙 𐄌 𐘤 𐘢 𐘸 𐄈 𐝆 𐘱 𐘞 𐘕 𐄋 𐘞 𐘻 𐘀 𐘡 𐄊 𐚗 𐘥 𐙁 𐘈 𐄋,*47 KU NA SA VIN QE SI ZU E 57 ? TI NI SA 10 ? VIN ? ZA SE 3 ? NU MA RE 6 ? PI KI 2 ¹⁄₂ ? SA MU 5 ? MI DA E 4 ? KE MA SE 5 𐄋,46,2,0,0,𐝆; KE; 𐚗,,"PI KI 2 ¹⁄₂ 
","MU 5 
 MI DA",,,,53,no,,unknown,category 'suffix_ss' — no specific plausibility criteria,approximate match (levenshtein=1); 2 logogram(s) present; text: religious
Σαλαμίς,Salamis,Salamis,salam,suffix_ss,SARAMU,SAMU,1,1,1652,ZAZb3,Zakros,stone,LM IB,0.05,36.5,,KASEA,religious,stone vessel,𐙍 𐄒 𐄈 𐘆 𐘆 𐘾 𐘈 𐘇 𐘞 𐘕 𐘗 𐘇 𐘈 𐘇 𐘳 𐘚 𐙕 𐘦 𐘾 𐄁 𐘇 𐘙 𐘢 𐘙 𐘅 𐄁 𐘠 𐘠 𐙂,VIN 32 ? DI KA SE A SA MU NE A SE ? TA I *301 DE KA 𐄁 A RE PI RE NA 𐄁 TI TI KU ta?,29,0,0,0,,,"
 DI KA SE A","MU NE A SE 
",,,,53,no,,unknown,category 'suffix_ss' — no specific plausibility criteria,approximate match (levenshtein=1); text: religious
Γυμνούς,Gymnous,Gymnous,gumn,suffix_ss,KUMUNU,KUPA₃NU,1,1,109,HT88,Haghia Triada - Casa Room 7,clay,LM IB,0.05,41.5,,𐄁KUPA₃,administrative,tablet (page-shaped),𐘇 𐘬 𐛧 𐄑 𐘙 𐘍 𐄌 𐘝 𐄁 𐘸 𐘸 𐘅 𐄍 𐘸 𐘁 𐄁 𐙂 𐘰 𐘰 𐄇 𐘾 𐘶 𐄇 𐙂 𐘰 𐘯 𐄇 𐘂 𐘱 𐘙 𐄇 𐘞 𐙁 𐘁 𐄇 𐘀 𐘳 𐘙 𐄇 𐙂 𐘁 𐄌,A DU VIR+KA 20 RE ZA 6 NI 𐄁 KI KI NA 7 KI RO 𐄁 KU PA₃ PA₃ 1 KA JU 1 KU PA₃ NU 1 PA JA RE 1 SA MA RO 1 DA TA RE 1 KU RO 6,42,1,0,0,VIR+KA; 𐛧,,PA₃ 1 KA JU 1,PA₃ NU 1 PA JA,,,,42,no,,unknown,category 'suffix_ss' — no specific plausibility criteria,approximate match (levenshtein=1); 1 logogram(s) present; text: administrative
Γυμνούς,Gymnous,Gymnous,gumn,suffix_ss,KUMUNU,KUPA₃NU,1,1,152,HT117a,Haghia Triada - Casa Room 9,clay,LM IB,0.05,41.5,,KURAMU,administrative,tablet (page-shaped),𐙁 𐘾 𐘭 𐘃 𐄁 𐘸 𐘁 𐄁 𐘉 𐘻 𐘅 𐘤 𐄁 𐘉 𐘲 𐄇 𐘻 𐘹 𐄇 𐙂 𐘴 𐘕 𐄇 𐙁 𐘘 𐄇 𐙂 𐘰 𐘯 𐄇 𐘹 𐘶 𐙁 𐄇 𐘉 𐘆 𐘻 𐄇 𐘻 𐘘 𐘳 𐘴 𐘙 𐄇 𐘃 𐘱 𐘙 𐄇 𐘅 𐘀 𐘙 𐄇 𐙂 𐘁 𐄐 — 𐘞 𐘳 𐄁 𐙂 𐙂 𐘀 𐘴 𐄇 𐘺 𐘞 𐘚 𐘠 𐄇 𐘀 𐘻 𐘯 𐄇 𐘀 𐘗 𐙂 𐘠 𐄇 𐘸 𐘀 𐘁 𐄇,MA KA RI TE 𐄁 KI RO 𐄁 U MI NA SI 𐄁 U SU 1 MI TU 1 KU RA MU 1 MA RU 1 KU PA₃ NU 1 TU JU MA 1 U DI MI 1 MI RU TA RA RE 1 TE JA RE 1 NA DA RE 1 KU RO 10 — SA TA 𐄁 KU KU DA RA 1 KO SA I TI 1 DA MI NU 1 DA NE KU TI 1 KI DA RO 1,82,0,0,0,,,MU 1 MA RU 1,PA₃ NU 1 TU JU,,,,16,no,,unknown,category 'suffix_ss' — no specific plausibility criteria,approximate match (levenshtein=1); text: administrative
Γυμνούς,Gymnous,Gymnous,gumn,suffix_ss,KUMUNU,KUPA₃NU,1,1,1504,PH(?)31a,Phaistos,clay,Uncertain,0.05,41.5,,1,administrative,tablet (page-shaped),𐝫 𐝫 𐘇 𐝫 𐝫 𐘘 𐚾 𐄇 𐙁 𐘆 𐘑 𐄇 𐘓 𐝫 𐄁 𐝫 𐘗 𐄇 𐙂 𐘰 𐘯 𐙄 𐘤 𐘙 𐄇 𐘂 𐘳 𐘀 𐝫 𐝫 𐄇 𐙂 𐘁 𐚾 𐄇 𐘑 𐄋 𐘐 𐄉 𐝫,𐝫 A ? RU 1 ? MA DI 1 ? *22F ? NE 1 KU PA₃ NU AU RE 1 ? PA TA DA 1 KU RO CAPm+KU 1 ? *21M ? *21F 3 𐄇 zo 𐄋 za 𐄉 𐝫,40,2,0,0,MA; 𐚾; 3,,"
 *22F 
 NE 1",PA₃ NU AU RE 1,,,,66,no,,agriculture (grain),category 'suffix_ss' — no specific plausibility criteria,approximate match (levenshtein=1); 2 logogram(s) present; text: administrative
Γυμνούς,Gymnous,Gymnous,gumn,suffix_ss,KUMUNU,KUNU,1,1,158,HT122a,Haghia Triada - Casa del Lebete,clay,LM IB,0.05,41.5,,SIDA,administrative,tablet (page-shaped),𐝫 𐘴 𐘭 𐄁 𐘉 𐘦 𐘍 𐄈 𐝫 𐝫 𐄈 𐘀 𐘤 𐙈 𐄈 𐘂 𐝫 𐄁 𐝫 𐘆 𐄇 𐘃 𐘸 𐄈 𐘌 𐙠 𐘚 𐄉 𐘱 𐘻 𐘀 𐘙 𐄇 𐘤 𐘀 𐘙 𐄇 𐙰 𐘆 𐘴 𐄇 𐘂 𐘦 𐄇 𐙂 𐘰 𐘯 𐄇 𐘂 𐘳 𐘗 𐄇 𐙚 𐘹 𐄇 𐝫 𐘬 𐄇 𐙂 𐘰 𐘯 𐄇 𐘀 𐘭 𐘀 𐄇 𐙂 𐘁 𐄒 𐄇 𐙂 𐘀 𐄇,RA RI 𐄁 U DE ZA 2 ? 2 DA SI 2 ? PA 𐄁 DI 1 ? KI 2 ? *310 I 3 JA MI DA RE ? SI DA RE 1 *324 DI RA 1 PA DE 1 ? PA₃ NU 1 PA TA NE 1 *306 TU 1 ? 1 ? KU NU 1 ? RI DA 1 ? RO 31 ? KU 1 ro 𐄒 𐄇 ta? da 𐄇,73,0,0,0,,,"TU 1 
 1 
","NU 1 
 RI DA",,,,38,no,,unknown,category 'suffix_ss' — no specific plausibility criteria,approximate match (levenshtein=1); text: administrative
Γυμνούς,Gymnous,Gymnous,gumn,suffix_ss,KUMUNU,KUNU,1,1,1398,KNZc6,Knossos,,Uncertain,0.05,41.5,,KUNAPA,unknown,Inked inscription,𐘟 𐘠 𐘭 𐘇 𐘆 𐘀 𐘸 𐘠 𐘂 𐙂 𐄁 𐘝 𐘱 𐘯 𐄁 𐘶 𐙂 𐘅 𐘂 𐙂 𐘯 𐘉 𐝫 𐘚 𐙀 𐄁,*34 TI RI A DI DA KI TI PA KU 𐄁 NI JA NU 𐄁 JU KU NA PA KU NU U I ZU 𐄁 𐄁,26,0,0,0,,,𐄁 JU KU NA PA,NU U I ZU 𐄁,,,,59,no,,unknown,category 'suffix_ss' — no specific plausibility criteria,approximate match (levenshtein=1)
