link_type,sign_a,sign_b,shared_following_sign,shared_preceding_sign,bigram_total,total_common_right,total_common_left,common_right_signs,common_left_signs
consonant-candidate,AB 05,AB 70,AB 12,,334,50,,"AB 01, AB 02, AB 03, AB 04, AB 05",
consonant-candidate,AB 05,AB 14,AB 12,,320,27,,"AB 02, AB 05, AB 09, AB 12, AB 13",
vowel-candidate,AB 44,AB 68,,AB 38,311,,5,,"AB 03, AB 08, AB 38, AB 78, AB 81"
vowel-candidate,AB 44,AB 65,,AB 38,311,,6,,"AB 08, AB 28, AB 38, AB 42, AB 53"
vowel-candidate,AB 44,AB 32,,AB 38,310,,25,,"AB 02, AB 03, AB 05, AB 06, AB 08"
consonant-candidate,AB 05,AB 06,AB 12,,284,44,,"AB 01, AB 02, AB 03, AB 04, AB 05",
consonant-candidate,AB 05,AB 30,AB 12,,274,19,,"AB 03, AB 05, AB 07, AB 08, AB 12",
consonant-candidate,AB 05,AB 50,AB 12,,272,23,,"AB 01, AB 02, AB 04, AB 05, AB 06",
consonant-candidate,AB 05,AB 11,AB 12,,271,40,,"AB 01, AB 02, AB 03, AB 04, AB 05",
consonant-candidate,AB 05,AB 53,AB 12,,269,44,,"AB 01, AB 03, AB 04, AB 05, AB 06",
consonant-candidate,AB 05,AB 54,AB 12,,269,39,,"AB 01, AB 02, AB 03, AB 04, AB 05",
consonant-candidate,AB 05,AB 45,AB 12,,267,42,,"AB 01, AB 02, AB 03, AB 04, AB 05",
consonant-candidate,AB 05,AB 57,AB 12,,267,55,,"AB 01, AB 02, AB 03, AB 04, AB 05",
consonant-candidate,AB 05,AB 28,AB 12,,263,43,,"AB 01, AB 02, AB 03, AB 04, AB 05",
consonant-candidate,AB 05,AB 01,AB 12,,263,34,,"AB 01, AB 02, AB 04, AB 05, AB 06",
consonant-candidate,AB 05,AB 47,AB 12,,263,3,,"AB 01, AB 12, AB 37",
consonant-candidate,AB 05,AB 40,AB 12,,262,26,,"AB 01, AB 02, AB 03, AB 04, AB 05",
consonant-candidate,AB 05,AB 32,AB 12,,262,28,,"AB 01, AB 02, AB 03, AB 04, AB 05",
consonant-candidate,AB 56,AB 05,AB 12,,261,9,,"AB 01, AB 12, AB 26, AB 28, AB 37",
consonant-candidate,AB 05,AB 55,AB 12,,261,21,,"AB 03, AB 05, AB 08, AB 09, AB 12",
consonant-candidate,AB 05,AB 80,AB 12,,261,36,,"AB 01, AB 02, AB 04, AB 05, AB 06",
consonant-candidate,AB 05,AB 43,AB 12,,260,14,,"AB 04, AB 12, AB 13, AB 30, AB 31",
consonant-candidate,AB 05,AB 39,AB 12,,260,47,,"AB 01, AB 02, AB 03, AB 04, AB 05",
consonant-candidate,AB 05,AB 03,AB 12,,259,41,,"AB 01, AB 02, AB 03, AB 04, AB 05",
consonant-candidate,AB 05,AB 38,AB 12,,259,45,,"AB 01, AB 02, AB 03, AB 04, AB 05",
consonant-candidate,AB 05,AB 73,AB 12,,259,19,,"AB 03, AB 04, AB 05, AB 08, AB 12",
consonant-candidate,AB 05,AB 81,AB 12,,259,32,,"AB 01, AB 02, AB 03, AB 04, AB 06",
consonant-candidate,AB 05,AB 74,AB 12,,259,8,,"AB 02, AB 05, AB 10, AB 12, AB 29",
consonant-candidate,AB 05,AB 67,AB 12,,258,28,,"AB 01, AB 02, AB 03, AB 04, AB 05",
consonant-candidate,AB 05,AB 48,AB 12,,258,6,,"AB 12, AB 27, AB 36, AB 37, AB 41",
consonant-candidate,AB 05,AB 44,AB 12,,258,44,,"AB 01, AB 02, AB 03, AB 04, AB 05",
consonant-candidate,AB 05,AB 49,AB 12,,258,1,,AB 12,
consonant-candidate,AB 05,AB 17,AB 12,,258,17,,"AB 02, AB 05, AB 06, AB 08, AB 12",
consonant-candidate,AB 05,AB 07,AB 12,,258,23,,"AB 01, AB 02, AB 03, AB 10, AB 12",
consonant-candidate,AB 05,AB 09,AB 12,,258,21,,"AB 01, AB 02, AB 04, AB 05, AB 10",
consonant-candidate,AB 05,AB 63,AB 12,,258,3,,"AB 04, AB 10, AB 12",
consonant-candidate,AB 05,AB 16,AB 12,,258,28,,"AB 01, AB 02, AB 04, AB 05, AB 06",
consonant-candidate,AB 03,AB 51,AB 02,,258,12,,"AB 02, AB 05, AB 06, AB 15, AB 30",
consonant-candidate,AB 14,AB 02,AB 38,,254,26,,"AB 02, AB 05, AB 09, AB 13, AB 15",
consonant-candidate,AB 03,AB 29,AB 02,,254,11,,"AB 02, AB 04, AB 27, AB 37, AB 40",
consonant-candidate,AB 70,AB 65,AB 05,,251,4,,"AB 05, AB 77, AB 78, AB 80",
vowel-candidate,AB 43,AB 05,,AB 70,251,,12,,"AB 02, AB 05, AB 06, AB 15, AB 28"
consonant-candidate,AB 70,AB 35,AB 05,,249,2,,"AB 05, AB 67",
vowel-candidate,AB 42,AB 43,,AB 70,237,,12,,"AB 02, AB 05, AB 06, AB 15, AB 28"
consonant-candidate,AB 06,AB 65,AB 05,,223,4,,"AB 05, AB 77, AB 78, AB 80",
consonant-candidate,AB 06,AB 35,AB 05,,221,2,,"AB 05, AB 67",
vowel-candidate,AB 06,AB 91,,AB 61,210,,1,,AB 61
consonant-candidate,AB 41,AB 21,AB 36,,204,7,,"AB 36, AB 41, AB 42, AB 53, AB 57",
consonant-candidate,AB 41,AB 64,AB 36,,202,2,,"AB 36, AB 57",
consonant-candidate,AB 41,AB 48,AB 36,,199,4,,"AB 27, AB 36, AB 41, AB 59",
consonant-candidate,AB 14,AB 20,AB 38,,196,9,,"AB 02, AB 05, AB 13, AB 36, AB 38",
consonant-candidate,AB 14,AB 27,AB 38,,190,23,,"AB 02, AB 05, AB 09, AB 13, AB 15",
consonant-candidate,AB 27,AB 46,AB 10,,187,17,,"AB 02, AB 04, AB 05, AB 10, AB 14",
consonant-candidate,AB 53,AB 64,AB 36,,186,2,,"AB 36, AB 57",
vowel-candidate,AB 59,AB 60,,AB 77,185,,51,,"AB 01, AB 02, AB 03, AB 04, AB 05"
consonant-candidate,AB 14,AB 42,AB 38,,182,25,,"AB 02, AB 05, AB 13, AB 15, AB 27",
vowel-candidate,AB 60,AB 44,,AB 77,180,,44,,"AB 01, AB 02, AB 03, AB 04, AB 05"
consonant-candidate,AB 14,AB 78,AB 38,,178,19,,"AB 02, AB 05, AB 13, AB 15, AB 27",
consonant-candidate,AB 14,AB 24,AB 38,,171,21,,"AB 05, AB 13, AB 15, AB 27, AB 36",
consonant-candidate,AB 27,AB 74,AB 10,,171,6,,"AB 02, AB 05, AB 10, AB 37, AB 75",
consonant-candidate,AB 27,AB 63,AB 10,,170,2,,"AB 04, AB 10",
vowel-candidate,AB 10,AB 82,,AB 27,170,,1,,AB 27
consonant-candidate,AB 14,AB 61,AB 38,,169,25,,"AB 02, AB 05, AB 09, AB 13, AB 15",
vowel-candidate,AB 10,AB 90,,AB 27,169,,1,,AB 27
consonant-candidate,AB 14,AB 25,AB 38,,167,14,,"AB 02, AB 05, AB 13, AB 27, AB 38",
consonant-candidate,AB 14,AB 41,AB 38,,165,20,,"AB 02, AB 05, AB 13, AB 27, AB 30",
consonant-candidate,AB 14,AB 83,AB 38,,165,3,,"AB 27, AB 36, AB 38",
consonant-candidate,AB 14,AB 68,AB 38,,164,5,,"AB 32, AB 36, AB 38, AB 60, AB 81",
vowel-candidate,AB 81,AB 45,,AB 12,164,,28,,"AB 02, AB 03, AB 04, AB 05, AB 06"
consonant-candidate,AB 14,AB 31,AB 38,,163,21,,"AB 02, AB 05, AB 13, AB 27, AB 30",
consonant-candidate,AB 14,AB 72,AB 38,,163,20,,"AB 02, AB 05, AB 09, AB 13, AB 15",
vowel-candidate,AB 04,AB 60,,AB 77,163,,49,,"AB 01, AB 02, AB 03, AB 04, AB 05"
vowel-candidate,AB 78,AB 45,,AB 12,163,,26,,"AB 02, AB 03, AB 04, AB 05, AB 06"
vowel-candidate,AB 60,AB 06,,AB 77,162,,39,,"AB 01, AB 02, AB 03, AB 04, AB 05"
vowel-candidate,AB 16,AB 45,,AB 12,162,,21,,"AB 02, AB 04, AB 05, AB 08, AB 10"
consonant-candidate,AB 14,AB 37,AB 38,,161,22,,"AB 02, AB 05, AB 09, AB 13, AB 27",
consonant-candidate,AB 14,AB 13,AB 38,,161,16,,"AB 02, AB 05, AB 27, AB 30, AB 37",
consonant-candidate,AB 14,AB 62,AB 38,,161,6,,"AB 27, AB 37, AB 38, AB 52, AB 53",
consonant-candidate,AB 14,AB 90,AB 38,,160,2,,"AB 36, AB 38",
vowel-candidate,AB 13,AB 45,,AB 12,160,,30,,"AB 02, AB 03, AB 04, AB 05, AB 06"
vowel-candidate,AB 45,AB 58,,AB 12,158,,12,,"AB 02, AB 05, AB 06, AB 12, AB 36"
vowel-candidate,AB 21,AB 45,,AB 12,157,,11,,"AB 04, AB 05, AB 08, AB 12, AB 39"
vowel-candidate,AB 54,AB 43,,AB 70,157,,12,,"AB 02, AB 05, AB 06, AB 15, AB 28"
vowel-candidate,AB 60,AB 80,,AB 77,154,,39,,"AB 01, AB 02, AB 04, AB 05, AB 06"
consonant-candidate,AB 02,AB 44,AB 38,,153,43,,"AB 01, AB 02, AB 03, AB 04, AB 05",
consonant-candidate,AB 02,AB 57,AB 38,,149,54,,"AB 01, AB 02, AB 03, AB 04, AB 05",
consonant-candidate,AB 20,AB 05,AB 38,,147,19,,"AB 01, AB 02, AB 03, AB 04, AB 05",
vowel-candidate,AB 03,AB 60,,AB 77,147,,42,,"AB 02, AB 03, AB 04, AB 05, AB 06"
vowel-candidate,AB 44,AB 64,,AB 08,145,,1,,AB 08
consonant-candidate,AB 70,AB 14,AB 12,,142,25,,"AB 02, AB 05, AB 12, AB 13, AB 15",
consonant-candidate,AB 38,AB 69,AB 70,,142,25,,"AB 02, AB 04, AB 05, AB 06, AB 08",
consonant-candidate,AB 05,AB 27,AB 38,,141,43,,"AB 02, AB 03, AB 04, AB 05, AB 06",
vowel-candidate,AB 59,AB 44,,AB 77,141,,48,,"AB 01, AB 02, AB 03, AB 04, AB 05"
vowel-candidate,AB 31,AB 60,,AB 77,139,,32,,"AB 02, AB 03, AB 04, AB 05, AB 06"
vowel-candidate,AB 70,AB 60,,AB 77,138,,51,,"AB 01, AB 02, AB 03, AB 04, AB 05"
vowel-candidate,AB 60,AB 05,,AB 77,138,,51,,"AB 01, AB 02, AB 03, AB 04, AB 05"
vowel-candidate,AB 44,AB 79,,AB 08,138,,2,,"AB 08, AB 80"
consonant-candidate,AB 38,AB 58,AB 70,,137,11,,"AB 02, AB 03, AB 05, AB 08, AB 20",
consonant-candidate,AB 38,AB 76,AB 70,,136,9,,"AB 04, AB 05, AB 08, AB 37, AB 42",
vowel-candidate,AB 57,AB 76,,AB 37,135,,8,,"AB 03, AB 16, AB 37, AB 39, AB 44"
vowel-candidate,AB 60,AB 62,,AB 59,135,,5,,"AB 07, AB 26, AB 59, AB 60, AB 78"
consonant-candidate,AB 20,AB 02,AB 38,,134,18,,"AB 01, AB 02, AB 03, AB 04, AB 05",
consonant-candidate,AB 38,AB 23,AB 70,,134,5,,"AB 02, AB 05, AB 37, AB 59, AB 70",
consonant-candidate,AB 38,AB 33,AB 70,,134,3,,"AB 42, AB 54, AB 70",
vowel-candidate,AB 70,AB 68,,AB 38,134,,5,,"AB 03, AB 08, AB 38, AB 69, AB 78"
vowel-candidate,AB 70,AB 65,,AB 38,134,,6,,"AB 08, AB 28, AB 38, AB 42, AB 53"
consonant-candidate,AB 05,AB 42,AB 38,,133,48,,"AB 01, AB 02, AB 03, AB 04, AB 05",
vowel-candidate,AB 60,AB 68,,AB 38,133,,6,,"AB 03, AB 08, AB 38, AB 69, AB 78"
vowel-candidate,AB 60,AB 65,,AB 38,133,,6,,"AB 08, AB 28, AB 38, AB 42, AB 53"
vowel-candidate,AB 70,AB 32,,AB 38,133,,28,,"AB 02, AB 03, AB 05, AB 06, AB 07"
consonant-candidate,AB 38,AB 82,AB 70,,132,4,,"AB 45, AB 61, AB 70, AB 80",
consonant-candidate,AB 38,AB 79,AB 70,,132,2,,"AB 04, AB 70",
vowel-candidate,AB 61,AB 60,,AB 77,132,,45,,"AB 01, AB 02, AB 03, AB 04, AB 05"
vowel-candidate,AB 60,AB 32,,AB 38,132,,29,,"AB 02, AB 03, AB 05, AB 06, AB 07"
consonant-candidate,AB 36,AB 20,AB 38,,131,19,,"AB 01, AB 02, AB 03, AB 04, AB 05",
vowel-candidate,AB 27,AB 60,,AB 77,131,,49,,"AB 01, AB 02, AB 03, AB 04, AB 05"
vowel-candidate,AB 60,AB 75,,AB 77,131,,46,,"AB 01, AB 02, AB 03, AB 04, AB 05"
consonant-candidate,AB 05,AB 78,AB 38,,129,35,,"AB 01, AB 02, AB 03, AB 04, AB 05",
vowel-candidate,AB 38,AB 60,,AB 77,129,,50,,"AB 01, AB 02, AB 03, AB 04, AB 05"
vowel-candidate,AB 60,AB 02,,AB 77,129,,50,,"AB 01, AB 02, AB 03, AB 04, AB 05"
consonant-candidate,AB 02,AB 27,AB 38,,128,44,,"AB 02, AB 03, AB 04, AB 05, AB 06",
consonant-candidate,AB 30,AB 64,AB 36,,128,2,,"AB 36, AB 57",
vowel-candidate,AB 60,AB 41,,AB 77,128,,41,,"AB 01, AB 02, AB 03, AB 04, AB 05"
vowel-candidate,AB 60,AB 42,,AB 77,127,,50,,"AB 01, AB 02, AB 03, AB 04, AB 05"
vowel-candidate,AB 57,AB 48,,AB 37,127,,3,,"AB 01, AB 37, AB 41"
vowel-candidate,AB 60,AB 53,,AB 77,126,,49,,"AB 02, AB 03, AB 04, AB 05, AB 07"
vowel-candidate,AB 60,AB 40,,AB 77,126,,39,,"AB 01, AB 02, AB 03, AB 04, AB 05"
consonant-candidate,AB 36,AB 27,AB 38,,125,44,,"AB 02, AB 03, AB 04, AB 05, AB 06",
consonant-candidate,AB 69,AB 06,AB 70,,125,20,,"AB 02, AB 04, AB 05, AB 08, AB 20",
consonant-candidate,AB 61,AB 64,AB 36,,124,2,,"AB 36, AB 57",
vowel-candidate,AB 59,AB 04,,AB 77,124,,52,,"AB 01, AB 02, AB 03, AB 04, AB 05"
vowel-candidate,AB 60,AB 26,,AB 77,124,,27,,"AB 02, AB 04, AB 05, AB 08, AB 10"
vowel-candidate,AB 59,AB 06,,AB 77,123,,38,,"AB 01, AB 02, AB 03, AB 04, AB 05"
vowel-candidate,AB 36,AB 91,,AB 61,123,,1,,AB 61
vowel-candidate,AB 15,AB 83,,AB 01,123,,1,,AB 01
consonant-candidate,AB 06,AB 02,AB 38,,122,45,,"AB 01, AB 02, AB 03, AB 04, AB 05",
consonant-candidate,AB 05,AB 24,AB 38,,122,34,,"AB 01, AB 03, AB 04, AB 05, AB 08",
consonant-candidate,AB 70,AB 51,AB 02,,122,14,,"AB 02, AB 05, AB 06, AB 15, AB 26",
vowel-candidate,AB 15,AB 87,,AB 01,122,,1,,AB 01
vowel-candidate,AB 60,AB 12,,AB 77,121,,40,,"AB 01, AB 03, AB 04, AB 05, AB 06"
vowel-candidate,AB 60,AB 24,,AB 77,121,,35,,"AB 01, AB 02, AB 05, AB 06, AB 08"
vowel-candidate,AB 60,AB 37,,AB 77,121,,46,,"AB 02, AB 03, AB 04, AB 05, AB 06"
vowel-candidate,AB 60,AB 28,,AB 77,121,,41,,"AB 01, AB 02, AB 03, AB 04, AB 05"
vowel-candidate,AB 60,AB 01,,AB 77,121,,46,,"AB 01, AB 02, AB 03, AB 04, AB 05"
vowel-candidate,AB 60,AB 77,,AB 77,121,,49,,"AB 01, AB 02, AB 03, AB 04, AB 05"
vowel-candidate,AB 60,AB 08,,AB 77,121,,44,,"AB 02, AB 03, AB 04, AB 05, AB 06"
consonant-candidate,AB 05,AB 61,AB 38,,120,49,,"AB 01, AB 02, AB 03, AB 04, AB 05",
consonant-candidate,AB 80,AB 02,AB 38,,120,35,,"AB 01, AB 02, AB 04, AB 05, AB 06",
consonant-candidate,AB 42,AB 02,AB 38,,120,52,,"AB 01, AB 02, AB 03, AB 04, AB 05",
consonant-candidate,AB 06,AB 58,AB 70,,120,10,,"AB 02, AB 03, AB 05, AB 08, AB 20",
vowel-candidate,AB 02,AB 43,,AB 70,120,,12,,"AB 02, AB 05, AB 06, AB 15, AB 28"
vowel-candidate,AB 15,AB 48,,AB 01,120,,1,,AB 01
consonant-candidate,AB 76,AB 06,AB 70,,119,8,,"AB 04, AB 05, AB 08, AB 37, AB 42",
vowel-candidate,AB 04,AB 44,,AB 77,119,,45,,"AB 01, AB 02, AB 03, AB 04, AB 05"
vowel-candidate,AB 60,AB 45,,AB 77,119,,37,,"AB 02, AB 03, AB 04, AB 05, AB 06"
vowel-candidate,AB 60,AB 52,,AB 77,119,,44,,"AB 01, AB 02, AB 03, AB 05, AB 06"
vowel-candidate,AB 60,AB 54,,AB 77,119,,43,,"AB 01, AB 02, AB 03, AB 04, AB 05"
vowel-candidate,AB 60,AB 07,,AB 77,119,,25,,"AB 02, AB 05, AB 08, AB 10, AB 11"
consonant-candidate,AB 05,AB 25,AB 38,,118,24,,"AB 01, AB 02, AB 03, AB 04, AB 05",
consonant-candidate,AB 02,AB 70,AB 38,,118,50,,"AB 01, AB 02, AB 03, AB 04, AB 05",
consonant-candidate,AB 70,AB 29,AB 02,,118,11,,"AB 02, AB 04, AB 26, AB 27, AB 37",
vowel-candidate,AB 60,AB 10,,AB 77,118,,34,,"AB 01, AB 02, AB 03, AB 04, AB 05"
vowel-candidate,AB 06,AB 44,,AB 77,118,,34,,"AB 01, AB 02, AB 03, AB 04, AB 05"
vowel-candidate,AB 14,AB 85,,AB 36,118,,6,,"AB 05, AB 36, AB 52, AB 57, AB 59"
consonant-candidate,AB 36,AB 42,AB 38,,117,51,,"AB 01, AB 02, AB 03, AB 04, AB 05",
consonant-candidate,AB 54,AB 69,AB 70,,117,20,,"AB 02, AB 04, AB 05, AB 06, AB 08",
consonant-candidate,AB 06,AB 23,AB 70,,117,5,,"AB 02, AB 05, AB 37, AB 59, AB 70",
consonant-candidate,AB 06,AB 33,AB 70,,117,3,,"AB 42, AB 54, AB 70",
vowel-candidate,AB 60,AB 36,,AB 77,117,,44,,"AB 01, AB 02, AB 03, AB 04, AB 05"
vowel-candidate,AB 60,AB 14,,AB 77,117,,39,,"AB 01, AB 02, AB 03, AB 04, AB 05"
consonant-candidate,AB 05,AB 41,AB 38,,116,36,,"AB 01, AB 02, AB 03, AB 04, AB 05",
consonant-candidate,AB 05,AB 83,AB 38,,116,4,,"AB 27, AB 36, AB 38, AB 61",
consonant-candidate,AB 02,AB 78,AB 38,,116,34,,"AB 01, AB 02, AB 03, AB 04, AB 05",
vowel-candidate,AB 60,AB 15,,AB 77,116,,30,,"AB 01, AB 02, AB 03, AB 04, AB 05"
vowel-candidate,AB 60,AB 30,,AB 77,116,,35,,"AB 02, AB 03, AB 05, AB 06, AB 08"
vowel-candidate,AB 60,AB 11,,AB 77,116,,40,,"AB 01, AB 02, AB 03, AB 04, AB 05"
vowel-candidate,AB 60,AB 72,,AB 77,116,,34,,"AB 01, AB 02, AB 03, AB 04, AB 05"
vowel-candidate,AB 27,AB 68,,AB 38,116,,6,,"AB 03, AB 08, AB 38, AB 69, AB 78"
vowel-candidate,AB 27,AB 65,,AB 38,116,,5,,"AB 08, AB 28, AB 38, AB 42, AB 72"
consonant-candidate,AB 05,AB 68,AB 38,,115,8,,"AB 08, AB 24, AB 32, AB 36, AB 38",
consonant-candidate,AB 39,AB 02,AB 38,,115,45,,"AB 01, AB 02, AB 03, AB 04, AB 05",
consonant-candidate,AB 45,AB 02,AB 38,,115,40,,"AB 01, AB 02, AB 03, AB 04, AB 05",
consonant-candidate,AB 06,AB 82,AB 70,,115,4,,"AB 45, AB 61, AB 70, AB 80",
consonant-candidate,AB 06,AB 79,AB 70,,115,2,,"AB 04, AB 70",
vowel-candidate,AB 56,AB 60,,AB 77,115,,15,,"AB 02, AB 04, AB 05, AB 08, AB 10"
vowel-candidate,AB 59,AB 80,,AB 77,115,,38,,"AB 01, AB 02, AB 04, AB 05, AB 06"
vowel-candidate,AB 60,AB 09,,AB 77,115,,26,,"AB 02, AB 04, AB 05, AB 06, AB 08"
vowel-candidate,AB 60,AB 57,,AB 77,115,,44,,"AB 01, AB 02, AB 03, AB 04, AB 06"
vowel-candidate,AB 60,AB 33,,AB 77,115,,6,,"AB 04, AB 38, AB 39, AB 72, AB 77"
vowel-candidate,AB 60,AB 39,,AB 77,115,,37,,"AB 02, AB 04, AB 05, AB 06, AB 07"
vowel-candidate,AB 27,AB 32,,AB 38,115,,23,,"AB 02, AB 03, AB 05, AB 06, AB 08"
vowel-candidate,AB 36,AB 76,,AB 37,115,,6,,"AB 03, AB 16, AB 37, AB 39, AB 59"
consonant-candidate,AB 05,AB 31,AB 38,,114,37,,"AB 01, AB 02, AB 03, AB 04, AB 05",
consonant-candidate,AB 05,AB 72,AB 38,,114,35,,"AB 01, AB 02, AB 04, AB 05, AB 07",
consonant-candidate,AB 38,AB 51,AB 02,,114,11,,"AB 02, AB 05, AB 06, AB 26, AB 30",
vowel-candidate,AB 60,AB 55,,AB 77,114,,19,,"AB 01, AB 02, AB 03, AB 08, AB 09"
vowel-candidate,AB 60,AB 73,,AB 77,114,,32,,"AB 01, AB 02, AB 04, AB 05, AB 07"
vowel-candidate,AB 60,AB 50,,AB 77,114,,25,,"AB 01, AB 02, AB 03, AB 04, AB 05"
vowel-candidate,AB 60,AB 67,,AB 77,114,,35,,"AB 02, AB 03, AB 04, AB 05, AB 06"
vowel-candidate,AB 60,AB 23,,AB 77,114,,9,,"AB 02, AB 05, AB 08, AB 31, AB 37"
vowel-candidate,AB 60,AB 69,,AB 77,114,,26,,"AB 02, AB 03, AB 04, AB 05, AB 08"
vowel-candidate,AB 60,AB 25,,AB 77,114,,22,,"AB 01, AB 04, AB 05, AB 24, AB 27"
vowel-candidate,AB 60,AB 20,,AB 77,114,,25,,"AB 01, AB 02, AB 03, AB 06, AB 07"
consonant-candidate,AB 36,AB 78,AB 38,,113,35,,"AB 01, AB 02, AB 03, AB 04, AB 05",
consonant-candidate,AB 02,AB 28,AB 38,,113,44,,"AB 01, AB 02, AB 03, AB 04, AB 05",
consonant-candidate,AB 56,AB 61,AB 70,,113,9,,"AB 01, AB 26, AB 28, AB 37, AB 51",
consonant-candidate,AB 38,AB 02,AB 38,,112,46,,"AB 01, AB 02, AB 03, AB 04, AB 05",
consonant-candidate,AB 05,AB 37,AB 38,,112,37,,"AB 01, AB 02, AB 03, AB 04, AB 05",
consonant-candidate,AB 05,AB 13,AB 38,,112,28,,"AB 02, AB 04, AB 05, AB 06, AB 08",
consonant-candidate,AB 05,AB 62,AB 38,,112,6,,"AB 27, AB 37, AB 38, AB 52, AB 53",
consonant-candidate,AB 54,AB 58,AB 70,,112,8,,"AB 02, AB 03, AB 05, AB 08, AB 37",
vowel-candidate,AB 02,AB 68,,AB 38,112,,6,,"AB 03, AB 08, AB 38, AB 69, AB 78"
vowel-candidate,AB 02,AB 65,,AB 38,112,,5,,"AB 08, AB 28, AB 38, AB 42, AB 72"
consonant-candidate,AB 05,AB 90,AB 38,,111,2,,"AB 36, AB 38",
consonant-candidate,AB 54,AB 76,AB 70,,111,9,,"AB 04, AB 05, AB 08, AB 37, AB 42",
vowel-candidate,AB 02,AB 32,,AB 38,111,,27,,"AB 02, AB 03, AB 05, AB 06, AB 07"
consonant-candidate,AB 69,AB 08,AB 70,,110,25,,"AB 02, AB 04, AB 05, AB 06, AB 08",
consonant-candidate,AB 38,AB 29,AB 02,,110,11,,"AB 02, AB 04, AB 26, AB 27, AB 37",
consonant-candidate,AB 40,AB 64,AB 36,,110,2,,"AB 36, AB 57",
vowel-candidate,AB 80,AB 44,,AB 77,110,,36,,"AB 01, AB 02, AB 04, AB 05, AB 06"
vowel-candidate,AB 08,AB 85,,AB 36,110,,7,,"AB 05, AB 36, AB 52, AB 57, AB 59"
consonant-candidate,AB 24,AB 02,AB 38,,109,34,,"AB 01, AB 03, AB 04, AB 05, AB 08",
consonant-candidate,AB 54,AB 23,AB 70,,109,5,,"AB 02, AB 05, AB 37, AB 59, AB 70",
consonant-candidate,AB 54,AB 33,AB 70,,109,3,,"AB 42, AB 54, AB 70",
vowel-candidate,AB 03,AB 59,,AB 77,108,,43,,"AB 02, AB 03, AB 04, AB 05, AB 06"
vowel-candidate,AB 14,AB 29,,AB 36,108,,7,,"AB 01, AB 05, AB 36, AB 44, AB 45"
consonant-candidate,AB 02,AB 61,AB 38,,107,52,,"AB 01, AB 02, AB 03, AB 04, AB 05",
consonant-candidate,AB 54,AB 82,AB 70,,107,3,,"AB 45, AB 61, AB 70",
consonant-candidate,AB 54,AB 79,AB 70,,107,2,,"AB 04, AB 70",
vowel-candidate,AB 70,AB 46,,AB 54,107,,12,,"AB 01, AB 07, AB 28, AB 37, AB 39"
vowel-candidate,AB 70,AB 63,,AB 54,107,,2,,"AB 28, AB 54"
vowel-candidate,AB 36,AB 48,,AB 37,107,,3,,"AB 01, AB 37, AB 41"
vowel-candidate,AB 36,AB 85,,AB 36,107,,7,,"AB 05, AB 36, AB 52, AB 57, AB 59"
vowel-candidate,AB 70,AB 64,,AB 08,107,,1,,AB 08
consonant-candidate,AB 70,AB 06,AB 12,,106,43,,"AB 01, AB 02, AB 03, AB 04, AB 05",
consonant-candidate,AB 36,AB 24,AB 38,,106,35,,"AB 01, AB 03, AB 04, AB 05, AB 08",
consonant-candidate,AB 02,AB 54,AB 38,,105,39,,"AB 01, AB 02, AB 03, AB 04, AB 05",
consonant-candidate,AB 02,AB 25,AB 38,,105,25,,"AB 01, AB 02, AB 03, AB 04, AB 05",
consonant-candidate,AB 37,AB 64,AB 36,,105,2,,"AB 36, AB 57",
vowel-candidate,AB 53,AB 76,,AB 37,105,,8,,"AB 03, AB 29, AB 37, AB 39, AB 44"
vowel-candidate,AB 38,AB 85,,AB 36,105,,7,,"AB 05, AB 36, AB 52, AB 57, AB 59"
consonant-candidate,AB 36,AB 61,AB 38,,104,52,,"AB 01, AB 02, AB 03, AB 04, AB 05",
consonant-candidate,AB 02,AB 32,AB 38,,104,28,,"AB 01, AB 02, AB 03, AB 04, AB 05",
consonant-candidate,AB 76,AB 08,AB 70,,104,9,,"AB 04, AB 05, AB 08, AB 37, AB 42",
consonant-candidate,AB 20,AB 60,AB 38,,103,19,,"AB 01, AB 02, AB 03, AB 04, AB 05",
consonant-candidate,AB 41,AB 02,AB 38,,103,38,,"AB 01, AB 02, AB 03, AB 04, AB 05",
consonant-candidate,AB 02,AB 83,AB 38,,103,5,,"AB 27, AB 36, AB 38, AB 57, AB 61",
vowel-candidate,AB 03,AB 44,,AB 77,103,,38,,"AB 02, AB 03, AB 04, AB 05, AB 06"
consonant-candidate,AB 36,AB 25,AB 38,,102,25,,"AB 01, AB 02, AB 03, AB 04, AB 05",
consonant-candidate,AB 53,AB 02,AB 38,,102,46,,"AB 01, AB 03, AB 04, AB 05, AB 06",
consonant-candidate,AB 67,AB 02,AB 38,,102,29,,"AB 01, AB 02, AB 03, AB 04, AB 05",
consonant-candidate,AB 02,AB 68,AB 38,,102,8,,"AB 08, AB 24, AB 32, AB 36, AB 38",
consonant-candidate,AB 02,AB 01,AB 38,,102,34,,"AB 01, AB 02, AB 04, AB 05, AB 06",
consonant-candidate,AB 08,AB 23,AB 70,,102,6,,"AB 02, AB 05, AB 37, AB 55, AB 59",
consonant-candidate,AB 08,AB 33,AB 70,,102,3,,"AB 42, AB 54, AB 70",
consonant-candidate,AB 40,AB 02,AB 38,,101,27,,"AB 01, AB 02, AB 03, AB 04, AB 05",
consonant-candidate,AB 02,AB 31,AB 38,,101,40,,"AB 01, AB 02, AB 03, AB 04, AB 05",
consonant-candidate,AB 02,AB 72,AB 38,,101,38,,"AB 01, AB 02, AB 04, AB 05, AB 07",
consonant-candidate,AB 81,AB 71,AB 59,,101,2,,"AB 04, AB 59",
vowel-candidate,AB 04,AB 06,,AB 77,101,,38,,"AB 01, AB 02, AB 03, AB 04, AB 05"
consonant-candidate,AB 36,AB 41,AB 38,,100,37,,"AB 01, AB 02, AB 03, AB 04, AB 05",
consonant-candidate,AB 36,AB 83,AB 38,,100,5,,"AB 27, AB 36, AB 38, AB 57, AB 61",
consonant-candidate,AB 03,AB 02,AB 38,,100,44,,"AB 01, AB 02, AB 03, AB 04, AB 05",
consonant-candidate,AB 02,AB 73,AB 38,,100,22,,"AB 03, AB 04, AB 05, AB 08, AB 17",
consonant-candidate,AB 08,AB 82,AB 70,,100,4,,"AB 45, AB 61, AB 70, AB 80",
consonant-candidate,AB 08,AB 79,AB 70,,100,2,,"AB 04, AB 70",
consonant-candidate,AB 36,AB 64,AB 36,,100,2,,"AB 36, AB 57",
consonant-candidate,AB 10,AB 71,AB 59,,100,2,,"AB 04, AB 59",
vowel-candidate,AB 59,AB 31,,AB 77,100,,34,,"AB 02, AB 03, AB 04, AB 05, AB 06"
vowel-candidate,AB 38,AB 17,,AB 02,100,,11,,"AB 02, AB 07, AB 13, AB 27, AB 28"
vowel-candidate,AB 08,AB 29,,AB 36,100,,7,,"AB 05, AB 08, AB 36, AB 44, AB 45"
vowel-candidate,AB 76,AB 61,,AB 59,100,,7,,"AB 03, AB 16, AB 39, AB 44, AB 59"
vowel-candidate,AB 79,AB 70,,AB 08,100,,3,,"AB 08, AB 58, AB 80"
consonant-candidate,AB 36,AB 68,AB 38,,99,8,,"AB 08, AB 24, AB 32, AB 36, AB 38",
consonant-candidate,AB 37,AB 02,AB 38,,99,38,,"AB 01, AB 02, AB 03, AB 04, AB 05",
consonant-candidate,AB 02,AB 11,AB 38,,99,40,,"AB 01, AB 02, AB 03, AB 04, AB 05",
consonant-candidate,AB 02,AB 09,AB 38,,99,22,,"AB 01, AB 02, AB 04, AB 05, AB 10",
consonant-candidate,AB 02,AB 17,AB 38,,99,16,,"AB 02, AB 05, AB 06, AB 08, AB 27",
consonant-candidate,AB 02,AB 13,AB 38,,99,32,,"AB 02, AB 04, AB 05, AB 06, AB 08",
consonant-candidate,AB 02,AB 62,AB 38,,99,6,,"AB 27, AB 37, AB 38, AB 52, AB 53",
consonant-candidate,AB 42,AB 56,AB 70,,99,8,,"AB 01, AB 28, AB 37, AB 51, AB 52",
vowel-candidate,AB 59,AB 70,,AB 77,99,,53,,"AB 01, AB 02, AB 03, AB 04, AB 05"
vowel-candidate,AB 59,AB 05,,AB 77,99,,53,,"AB 01, AB 02, AB 03, AB 04, AB 05"
vowel-candidate,AB 38,AB 74,,AB 02,99,,7,,"AB 02, AB 03, AB 08, AB 28, AB 36"
consonant-candidate,AB 36,AB 31,AB 38,,98,37,,"AB 01, AB 02, AB 03, AB 04, AB 05",
consonant-candidate,AB 36,AB 72,AB 38,,98,37,,"AB 01, AB 02, AB 04, AB 05, AB 07",
consonant-candidate,AB 90,AB 02,AB 38,,98,2,,"AB 36, AB 38",
consonant-candidate,AB 02,AB 07,AB 38,,98,26,,"AB 01, AB 02, AB 03, AB 10, AB 14",
consonant-candidate,AB 02,AB 30,AB 38,,98,19,,"AB 03, AB 05, AB 07, AB 08, AB 15",
consonant-candidate,AB 02,AB 81,AB 38,,98,32,,"AB 01, AB 02, AB 03, AB 04, AB 06",
consonant-candidate,AB 02,AB 16,AB 38,,98,28,,"AB 01, AB 02, AB 04, AB 05, AB 06",
consonant-candidate,AB 61,AB 26,AB 70,,98,29,,"AB 01, AB 02, AB 04, AB 05, AB 06",
vowel-candidate,AB 61,AB 62,,AB 59,98,,4,,"AB 26, AB 59, AB 60, AB 78"
consonant-candidate,AB 27,AB 60,AB 38,,97,44,,"AB 02, AB 03, AB 04, AB 05, AB 06",
consonant-candidate,AB 11,AB 51,AB 02,,97,7,,"AB 02, AB 05, AB 26, AB 30, AB 42",
consonant-candidate,AB 81,AB 87,AB 59,,97,1,,AB 59,
vowel-candidate,AB 53,AB 48,,AB 37,97,,2,,"AB 37, AB 41"
vowel-candidate,AB 36,AB 29,,AB 36,97,,6,,"AB 01, AB 05, AB 36, AB 45, AB 57"
consonant-candidate,AB 30,AB 70,AB 12,,96,19,,"AB 03, AB 05, AB 07, AB 08, AB 12",
consonant-candidate,AB 70,AB 10,AB 12,,96,44,,"AB 01, AB 02, AB 03, AB 04, AB 05",
consonant-candidate,AB 36,AB 37,AB 38,,96,35,,"AB 01, AB 02, AB 03, AB 04, AB 05",
consonant-candidate,AB 36,AB 13,AB 38,,96,30,,"AB 02, AB 04, AB 05, AB 06, AB 08",
consonant-candidate,AB 36,AB 62,AB 38,,96,6,,"AB 27, AB 37, AB 38, AB 52, AB 53",
consonant-candidate,AB 10,AB 87,AB 59,,96,1,,AB 59,
consonant-candidate,AB 36,AB 90,AB 38,,95,2,,"AB 36, AB 38",
consonant-candidate,AB 20,AB 44,AB 38,,95,17,,"AB 01, AB 02, AB 03, AB 04, AB 05",
consonant-candidate,AB 81,AB 34,AB 59,,95,3,,"AB 44, AB 59, AB 77",
vowel-candidate,AB 31,AB 44,,AB 77,95,,30,,"AB 02, AB 03, AB 04, AB 05, AB 06"
vowel-candidate,AB 59,AB 51,,AB 10,95,,15,,"AB 02, AB 04, AB 07, AB 08, AB 10"
vowel-candidate,AB 01,AB 17,,AB 02,95,,8,,"AB 02, AB 07, AB 28, AB 36, AB 53"
vowel-candidate,AB 38,AB 29,,AB 36,95,,8,,"AB 01, AB 05, AB 08, AB 36, AB 44"
vowel-candidate,AB 39,AB 91,,AB 61,95,,1,,AB 61
consonant-candidate,AB 52,AB 70,AB 12,,94,47,,"AB 01, AB 02, AB 03, AB 04, AB 05",
consonant-candidate,AB 70,AB 50,AB 12,,94,23,,"AB 01, AB 02, AB 04, AB 05, AB 06",
consonant-candidate,AB 38,AB 46,AB 10,,94,19,,"AB 01, AB 02, AB 04, AB 05, AB 10",
consonant-candidate,AB 69,AB 61,AB 70,,94,24,,"AB 02, AB 04, AB 05, AB 06, AB 08",
consonant-candidate,AB 10,AB 34,AB 59,,94,3,,"AB 44, AB 59, AB 77",
consonant-candidate,AB 81,AB 85,AB 59,,94,4,,"AB 04, AB 44, AB 53, AB 59",
consonant-candidate,AB 81,AB 19,AB 59,,94,1,,AB 59,
vowel-candidate,AB 70,AB 44,,AB 77,94,,45,,"AB 01, AB 02, AB 03, AB 04, AB 05"
vowel-candidate,AB 05,AB 44,,AB 77,94,,45,,"AB 01, AB 02, AB 03, AB 04, AB 05"
vowel-candidate,AB 01,AB 74,,AB 02,94,,7,,"AB 02, AB 03, AB 08, AB 28, AB 36"
vowel-candidate,AB 30,AB 71,,AB 73,94,,1,,AB 73
consonant-candidate,AB 70,AB 11,AB 12,,93,38,,"AB 01, AB 02, AB 03, AB 04, AB 05",
consonant-candidate,AB 11,AB 29,AB 02,,93,10,,"AB 02, AB 04, AB 26, AB 27, AB 37",
consonant-candidate,AB 10,AB 85,AB 59,,93,6,,"AB 04, AB 05, AB 44, AB 45, AB 53",
consonant-candidate,AB 10,AB 19,AB 59,,93,1,,AB 59,
vowel-candidate,AB 59,AB 61,,AB 77,93,,46,,"AB 01, AB 02, AB 03, AB 04, AB 05"
vowel-candidate,AB 04,AB 80,,AB 77,93,,37,,"AB 01, AB 02, AB 04, AB 05, AB 06"
consonant-candidate,AB 14,AB 06,AB 12,,92,26,,"AB 02, AB 05, AB 09, AB 12, AB 13",
consonant-candidate,AB 04,AB 46,AB 10,,92,19,,"AB 01, AB 02, AB 04, AB 05, AB 10",
consonant-candidate,AB 50,AB 61,AB 70,,92,22,,"AB 01, AB 02, AB 04, AB 05, AB 06",
vowel-candidate,AB 59,AB 27,,AB 77,92,,47,,"AB 01, AB 02, AB 03, AB 04, AB 05"
vowel-candidate,AB 59,AB 75,,AB 77,92,,44,,"AB 01, AB 02, AB 03, AB 04, AB 05"
vowel-candidate,AB 80,AB 06,,AB 77,92,,33,,"AB 01, AB 02, AB 04, AB 05, AB 08"
vowel-candidate,AB 05,AB 62,,AB 59,92,,4,,"AB 26, AB 59, AB 60, AB 78"
consonant-candidate,AB 70,AB 53,AB 12,,91,44,,"AB 01, AB 03, AB 04, AB 05, AB 06",
consonant-candidate,AB 70,AB 54,AB 12,,91,39,,"AB 01, AB 02, AB 03, AB 04, AB 05",
consonant-candidate,AB 70,AB 26,AB 12,,91,28,,"AB 01, AB 02, AB 04, AB 05, AB 06",
consonant-candidate,AB 20,AB 57,AB 38,,91,19,,"AB 01, AB 02, AB 03, AB 04, AB 05",
consonant-candidate,AB 59,AB 65,AB 05,,91,4,,"AB 05, AB 77, AB 78, AB 80",
vowel-candidate,AB 08,AB 17,,AB 02,91,,11,,"AB 02, AB 13, AB 27, AB 28, AB 36"
consonant-candidate,AB 70,AB 60,AB 12,,90,51,,"AB 01, AB 02, AB 03, AB 04, AB 05",
consonant-candidate,AB 05,AB 51,AB 02,,90,14,,"AB 02, AB 05, AB 06, AB 15, AB 26",
vowel-candidate,AB 59,AB 38,,AB 77,90,,48,,"AB 01, AB 02, AB 03, AB 04, AB 05"
vowel-candidate,AB 59,AB 02,,AB 77,90,,49,,"AB 01, AB 02, AB 03, AB 04, AB 05"
vowel-candidate,AB 08,AB 74,,AB 02,90,,7,,"AB 02, AB 03, AB 08, AB 28, AB 36"
consonant-candidate,AB 70,AB 45,AB 12,,89,40,,"AB 01, AB 02, AB 03, AB 04, AB 05",
consonant-candidate,AB 70,AB 57,AB 12,,89,51,,"AB 01, AB 02, AB 03, AB 04, AB 05",
consonant-candidate,AB 42,AB 60,AB 38,,89,51,,"AB 01, AB 02, AB 03, AB 04, AB 05",
consonant-candidate,AB 44,AB 27,AB 38,,89,38,,"AB 02, AB 03, AB 04, AB 05, AB 06",
consonant-candidate,AB 56,AB 02,AB 70,,89,9,,"AB 01, AB 26, AB 28, AB 37, AB 51",
consonant-candidate,AB 61,AB 55,AB 70,,89,20,,"AB 03, AB 05, AB 08, AB 09, AB 13",
consonant-candidate,AB 61,AB 58,AB 70,,89,10,,"AB 02, AB 03, AB 05, AB 08, AB 20",
consonant-candidate,AB 59,AB 35,AB 05,,89,2,,"AB 05, AB 67",
vowel-candidate,AB 59,AB 41,,AB 77,89,,44,,"AB 01, AB 02, AB 03, AB 04, AB 05"
vowel-candidate,AB 82,AB 04,,AB 27,89,,2,,"AB 27, AB 39"
vowel-candidate,AB 22,AB 24,,AB 01,89,,1,,AB 01
consonant-candidate,AB 76,AB 61,AB 70,,88,9,,"AB 04, AB 05, AB 08, AB 37, AB 42",
vowel-candidate,AB 59,AB 42,,AB 77,88,,51,,"AB 01, AB 02, AB 03, AB 04, AB 05"
vowel-candidate,AB 61,AB 44,,AB 77,88,,40,,"AB 01, AB 02, AB 03, AB 04, AB 05"
vowel-candidate,AB 90,AB 04,,AB 27,88,,1,,AB 27
consonant-candidate,AB 70,AB 77,AB 12,,87,45,,"AB 01, AB 02, AB 03, AB 04, AB 05",
consonant-candidate,AB 20,AB 59,AB 38,,87,19,,"AB 01, AB 02, AB 03, AB 04, AB 05",
consonant-candidate,AB 61,AB 43,AB 70,,87,14,,"AB 04, AB 13, AB 20, AB 30, AB 31",
vowel-candidate,AB 59,AB 53,,AB 77,87,,45,,"AB 02, AB 03, AB 04, AB 05, AB 07"
vowel-candidate,AB 59,AB 40,,AB 77,87,,39,,"AB 01, AB 02, AB 03, AB 04, AB 05"
vowel-candidate,AB 27,AB 44,,AB 77,87,,41,,"AB 01, AB 02, AB 03, AB 04, AB 05"
vowel-candidate,AB 44,AB 75,,AB 77,87,,42,,"AB 01, AB 02, AB 03, AB 04, AB 05"
vowel-candidate,AB 22,AB 25,,AB 01,87,,1,,AB 01
consonant-candidate,AB 61,AB 23,AB 70,,86,6,,"AB 02, AB 05, AB 37, AB 55, AB 59",
consonant-candidate,AB 61,AB 33,AB 70,,86,3,,"AB 42, AB 54, AB 70",
consonant-candidate,AB 05,AB 29,AB 02,,86,11,,"AB 02, AB 04, AB 26, AB 27, AB 37",
consonant-candidate,AB 59,AB 64,AB 36,,86,2,,"AB 36, AB 57",
vowel-candidate,AB 03,AB 04,,AB 77,86,,40,,"AB 02, AB 03, AB 04, AB 05, AB 06"
vowel-candidate,AB 36,AB 62,,AB 59,86,,4,,"AB 07, AB 59, AB 60, AB 78"
vowel-candidate,AB 70,AB 91,,AB 61,86,,1,,AB 61
vowel-candidate,AB 72,AB 91,,AB 61,86,,1,,AB 61
consonant-candidate,AB 70,AB 28,AB 12,,85,40,,"AB 01, AB 02, AB 03, AB 04, AB 05",
consonant-candidate,AB 70,AB 01,AB 12,,85,34,,"AB 01, AB 02, AB 04, AB 05, AB 06",
consonant-candidate,AB 70,AB 47,AB 12,,85,3,,"AB 01, AB 12, AB 37",
consonant-candidate,AB 20,AB 52,AB 38,,85,18,,"AB 01, AB 02, AB 03, AB 04, AB 05",
consonant-candidate,AB 27,AB 57,AB 38,,85,45,,"AB 02, AB 03, AB 04, AB 05, AB 06",
consonant-candidate,AB 60,AB 78,AB 38,,85,35,,"AB 01, AB 02, AB 03, AB 04, AB 05",
vowel-candidate,AB 03,AB 06,,AB 77,85,,31,,"AB 02, AB 03, AB 04, AB 05, AB 08"
vowel-candidate,AB 59,AB 26,,AB 77,85,,25,,"AB 02, AB 04, AB 05, AB 08, AB 10"
vowel-candidate,AB 38,AB 44,,AB 77,85,,41,,"AB 01, AB 02, AB 03, AB 04, AB 05"
vowel-candidate,AB 44,AB 02,,AB 77,85,,42,,"AB 01, AB 02, AB 03, AB 04, AB 05"
consonant-candidate,AB 70,AB 40,AB 12,,84,27,,"AB 01, AB 02, AB 03, AB 04, AB 05",
consonant-candidate,AB 70,AB 04,AB 12,,84,45,,"AB 01, AB 02, AB 03, AB 04, AB 05",
consonant-candidate,AB 70,AB 32,AB 12,,84,27,,"AB 01, AB 02, AB 03, AB 04, AB 05",
consonant-candidate,AB 42,AB 26,AB 70,,84,30,,"AB 01, AB 02, AB 04, AB 05, AB 06",
consonant-candidate,AB 61,AB 82,AB 70,,84,4,,"AB 45, AB 61, AB 70, AB 80",
consonant-candidate,AB 61,AB 79,AB 70,,84,2,,"AB 04, AB 70",
consonant-candidate,AB 22,AB 15,AB 05,,84,1,,AB 05,
vowel-candidate,AB 44,AB 41,,AB 77,84,,39,,"AB 01, AB 02, AB 03, AB 04, AB 05"
consonant-candidate,AB 56,AB 70,AB 12,,83,10,,"AB 01, AB 12, AB 26, AB 28, AB 37",
consonant-candidate,AB 55,AB 70,AB 12,,83,20,,"AB 03, AB 05, AB 08, AB 12, AB 13",
consonant-candidate,AB 70,AB 59,AB 12,,83,51,,"AB 01, AB 02, AB 03, AB 04, AB 05",
consonant-candidate,AB 70,AB 80,AB 12,,83,34,,"AB 01, AB 02, AB 04, AB 05, AB 06",
consonant-candidate,AB 77,AB 71,AB 59,,83,2,,"AB 04, AB 59",
vowel-candidate,AB 44,AB 42,,AB 77,83,,44,,"AB 01, AB 02, AB 03, AB 04, AB 05"
vowel-candidate,AB 39,AB 64,,AB 08,83,,1,,AB 08
consonant-candidate,AB 30,AB 14,AB 12,,82,12,,"AB 05, AB 12, AB 15, AB 36, AB 37",
consonant-candidate,AB 70,AB 08,AB 12,,82,47,,"AB 01, AB 02, AB 03, AB 04, AB 05",
consonant-candidate,AB 70,AB 43,AB 12,,82,14,,"AB 04, AB 12, AB 13, AB 20, AB 30",
consonant-candidate,AB 70,AB 39,AB 12,,82,45,,"AB 01, AB 02, AB 03, AB 04, AB 05",
consonant-candidate,AB 14,AB 10,AB 12,,82,25,,"AB 02, AB 05, AB 12, AB 13, AB 15",
consonant-candidate,AB 20,AB 10,AB 38,,82,18,,"AB 01, AB 02, AB 03, AB 04, AB 05",
consonant-candidate,AB 57,AB 69,AB 70,,82,25,,"AB 02, AB 04, AB 05, AB 06, AB 08",
vowel-candidate,AB 59,AB 12,,AB 77,82,,40,,"AB 01, AB 03, AB 04, AB 05, AB 06"
vowel-candidate,AB 59,AB 24,,AB 77,82,,33,,"AB 01, AB 02, AB 05, AB 06, AB 08"
vowel-candidate,AB 59,AB 37,,AB 77,82,,46,,"AB 02, AB 03, AB 04, AB 05, AB 06"
vowel-candidate,AB 59,AB 28,,AB 77,82,,40,,"AB 01, AB 02, AB 03, AB 04, AB 05"
vowel-candidate,AB 59,AB 01,,AB 77,82,,46,,"AB 01, AB 02, AB 03, AB 04, AB 05"
vowel-candidate,AB 59,AB 77,,AB 77,82,,52,,"AB 01, AB 02, AB 03, AB 04, AB 05"
vowel-candidate,AB 59,AB 08,,AB 77,82,,43,,"AB 02, AB 03, AB 04, AB 05, AB 06"
vowel-candidate,AB 53,AB 44,,AB 77,82,,39,,"AB 02, AB 03, AB 04, AB 05, AB 08"
vowel-candidate,AB 44,AB 40,,AB 77,82,,36,,"AB 01, AB 02, AB 03, AB 04, AB 05"
vowel-candidate,AB 12,AB 43,,AB 70,82,,10,,"AB 05, AB 06, AB 15, AB 28, AB 36"
consonant-candidate,AB 03,AB 70,AB 12,,81,42,,"AB 01, AB 02, AB 03, AB 04, AB 05",
consonant-candidate,AB 38,AB 70,AB 12,,81,43,,"AB 01, AB 02, AB 03, AB 04, AB 05",
consonant-candidate,AB 70,AB 73,AB 12,,81,21,,"AB 03, AB 04, AB 05, AB 08, AB 12",
consonant-candidate,AB 70,AB 75,AB 12,,81,42,,"AB 01, AB 02, AB 03, AB 04, AB 05",
consonant-candidate,AB 70,AB 81,AB 12,,81,31,,"AB 01, AB 02, AB 03, AB 04, AB 06",
consonant-candidate,AB 70,AB 74,AB 12,,81,7,,"AB 02, AB 05, AB 10, AB 12, AB 37",
consonant-candidate,AB 59,AB 27,AB 38,,81,45,,"AB 02, AB 03, AB 04, AB 05, AB 06",
consonant-candidate,AB 42,AB 44,AB 38,,81,43,,"AB 01, AB 02, AB 03, AB 04, AB 05",
consonant-candidate,AB 44,AB 91,AB 75,,81,1,,AB 75,
consonant-candidate,AB 52,AB 14,AB 12,,80,27,,"AB 02, AB 05, AB 09, AB 12, AB 13",
consonant-candidate,AB 70,AB 12,AB 12,,80,42,,"AB 01, AB 02, AB 03, AB 04, AB 05",
consonant-candidate,AB 70,AB 67,AB 12,,80,29,,"AB 01, AB 02, AB 03, AB 04, AB 05",
consonant-candidate,AB 70,AB 48,AB 12,,80,6,,"AB 12, AB 27, AB 36, AB 37, AB 41",
consonant-candidate,AB 70,AB 44,AB 12,,80,44,,"AB 01, AB 02, AB 03, AB 04, AB 05",
consonant-candidate,AB 70,AB 49,AB 12,,80,1,,AB 12,
consonant-candidate,AB 70,AB 36,AB 12,,80,50,,"AB 01, AB 02, AB 03, AB 04, AB 05",
consonant-candidate,AB 70,AB 17,AB 12,,80,16,,"AB 02, AB 05, AB 06, AB 08, AB 12",
consonant-candidate,AB 70,AB 07,AB 12,,80,23,,"AB 01, AB 02, AB 03, AB 10, AB 12",
consonant-candidate,AB 70,AB 15,AB 12,,80,43,,"AB 01, AB 02, AB 03, AB 04, AB 05",
consonant-candidate,AB 70,AB 09,AB 12,,80,22,,"AB 01, AB 02, AB 04, AB 05, AB 10",
consonant-candidate,AB 70,AB 63,AB 12,,80,3,,"AB 04, AB 10, AB 12",
consonant-candidate,AB 70,AB 16,AB 12,,80,26,,"AB 01, AB 02, AB 04, AB 05, AB 06",
consonant-candidate,AB 14,AB 50,AB 12,,80,16,,"AB 02, AB 05, AB 12, AB 27, AB 37",
consonant-candidate,AB 10,AB 69,AB 70,,80,23,,"AB 02, AB 04, AB 05, AB 06, AB 08",
consonant-candidate,AB 42,AB 69,AB 70,,80,24,,"AB 02, AB 04, AB 05, AB 06, AB 08",
vowel-candidate,AB 59,AB 45,,AB 77,80,,37,,"AB 02, AB 03, AB 04, AB 05, AB 06"
vowel-candidate,AB 59,AB 52,,AB 77,80,,41,,"AB 01, AB 02, AB 03, AB 05, AB 06"
vowel-candidate,AB 59,AB 54,,AB 77,80,,45,,"AB 01, AB 02, AB 03, AB 04, AB 05"
vowel-candidate,AB 59,AB 07,,AB 77,80,,26,,"AB 02, AB 05, AB 08, AB 10, AB 11"
vowel-candidate,AB 44,AB 26,,AB 77,80,,24,,"AB 02, AB 04, AB 05, AB 08, AB 10"
consonant-candidate,AB 14,AB 11,AB 12,,79,23,,"AB 02, AB 05, AB 09, AB 12, AB 13",
consonant-candidate,AB 52,AB 27,AB 38,,79,40,,"AB 02, AB 03, AB 04, AB 05, AB 06",
consonant-candidate,AB 77,AB 87,AB 59,,79,1,,AB 59,
vowel-candidate,AB 59,AB 10,,AB 77,79,,34,,"AB 01, AB 02, AB 03, AB 04, AB 05"
vowel-candidate,AB 27,AB 43,,AB 70,79,,12,,"AB 02, AB 05, AB 06, AB 15, AB 28"
consonant-candidate,AB 24,AB 60,AB 38,,78,35,,"AB 01, AB 03, AB 04, AB 05, AB 08",
consonant-candidate,AB 42,AB 50,AB 70,,78,22,,"AB 01, AB 02, AB 04, AB 05, AB 06",
vowel-candidate,AB 59,AB 36,,AB 77,78,,45,,"AB 01, AB 02, AB 03, AB 04, AB 05"
vowel-candidate,AB 59,AB 14,,AB 77,78,,40,,"AB 01, AB 02, AB 03, AB 04, AB 05"
vowel-candidate,AB 31,AB 04,,AB 77,78,,33,,"AB 02, AB 03, AB 04, AB 05, AB 06"
vowel-candidate,AB 10,AB 68,,AB 38,78,,4,,"AB 03, AB 08, AB 38, AB 78"
vowel-candidate,AB 10,AB 65,,AB 38,78,,5,,"AB 08, AB 38, AB 42, AB 53, AB 72"
vowel-candidate,AB 22,AB 61,,AB 01,78,,1,,AB 01
consonant-candidate,AB 14,AB 53,AB 12,,77,24,,"AB 05, AB 09, AB 12, AB 13, AB 15",
consonant-candidate,AB 14,AB 54,AB 12,,77,21,,"AB 02, AB 05, AB 12, AB 13, AB 27",
consonant-candidate,AB 14,AB 26,AB 12,,77,18,,"AB 02, AB 05, AB 12, AB 13, AB 32",
consonant-candidate,AB 42,AB 57,AB 38,,77,50,,"AB 01, AB 02, AB 03, AB 04, AB 05",
consonant-candidate,AB 44,AB 78,AB 38,,77,33,,"AB 01, AB 02, AB 03, AB 04, AB 05",
consonant-candidate,AB 57,AB 58,AB 70,,77,12,,"AB 02, AB 03, AB 05, AB 08, AB 17",
consonant-candidate,AB 77,AB 34,AB 59,,77,3,,"AB 44, AB 59, AB 77",
vowel-candidate,AB 03,AB 80,,AB 77,77,,31,,"AB 02, AB 04, AB 05, AB 06, AB 08"
vowel-candidate,AB 59,AB 15,,AB 77,77,,32,,"AB 01, AB 02, AB 03, AB 04, AB 05"
vowel-candidate,AB 59,AB 30,,AB 77,77,,36,,"AB 02, AB 03, AB 05, AB 06, AB 08"
vowel-candidate,AB 59,AB 11,,AB 77,77,,40,,"AB 01, AB 02, AB 03, AB 04, AB 05"
vowel-candidate,AB 59,AB 72,,AB 77,77,,34,,"AB 01, AB 02, AB 03, AB 04, AB 05"
vowel-candidate,AB 31,AB 06,,AB 77,77,,28,,"AB 02, AB 03, AB 04, AB 05, AB 08"
vowel-candidate,AB 04,AB 70,,AB 77,77,,50,,"AB 01, AB 02, AB 03, AB 04, AB 05"
vowel-candidate,AB 04,AB 05,,AB 77,77,,51,,"AB 01, AB 02, AB 03, AB 04, AB 05"
vowel-candidate,AB 44,AB 12,,AB 77,77,,34,,"AB 01, AB 03, AB 04, AB 05, AB 06"
vowel-candidate,AB 44,AB 24,,AB 77,77,,31,,"AB 01, AB 02, AB 05, AB 06, AB 08"
vowel-candidate,AB 44,AB 37,,AB 77,77,,37,,"AB 02, AB 03, AB 04, AB 05, AB 06"
vowel-candidate,AB 44,AB 28,,AB 77,77,,38,,"AB 01, AB 02, AB 03, AB 04, AB 05"
vowel-candidate,AB 44,AB 01,,AB 77,77,,41,,"AB 01, AB 02, AB 03, AB 04, AB 05"
vowel-candidate,AB 44,AB 77,,AB 77,77,,48,,"AB 01, AB 02, AB 03, AB 04, AB 05"
vowel-candidate,AB 44,AB 08,,AB 77,77,,38,,"AB 02, AB 03, AB 04, AB 05, AB 06"
vowel-candidate,AB 81,AB 15,,AB 12,77,,26,,"AB 01, AB 02, AB 03, AB 04, AB 05"
vowel-candidate,AB 10,AB 32,,AB 38,77,,19,,"AB 02, AB 03, AB 05, AB 06, AB 07"
consonant-candidate,AB 14,AB 60,AB 12,,76,27,,"AB 02, AB 05, AB 09, AB 12, AB 13",
consonant-candidate,AB 10,AB 27,AB 38,,76,40,,"AB 02, AB 03, AB 04, AB 05, AB 06",
consonant-candidate,AB 60,AB 61,AB 38,,76,51,,"AB 01, AB 02, AB 03, AB 04, AB 05",
consonant-candidate,AB 57,AB 76,AB 70,,76,9,,"AB 04, AB 05, AB 08, AB 37, AB 42",
consonant-candidate,AB 77,AB 85,AB 59,,76,6,,"AB 04, AB 05, AB 44, AB 45, AB 53",
consonant-candidate,AB 77,AB 19,AB 59,,76,1,,AB 59,
vowel-candidate,AB 56,AB 59,,AB 77,76,,14,,"AB 02, AB 04, AB 05, AB 08, AB 10"
vowel-candidate,AB 59,AB 09,,AB 77,76,,26,,"AB 02, AB 04, AB 05, AB 06, AB 08"
vowel-candidate,AB 59,AB 57,,AB 77,76,,45,,"AB 01, AB 02, AB 03, AB 04, AB 06"
vowel-candidate,AB 59,AB 33,,AB 77,76,,6,,"AB 04, AB 38, AB 39, AB 72, AB 77"
vowel-candidate,AB 59,AB 39,,AB 77,76,,39,,"AB 02, AB 04, AB 05, AB 06, AB 07"
vowel-candidate,AB 70,AB 06,,AB 77,76,,38,,"AB 01, AB 02, AB 03, AB 04, AB 05"
vowel-candidate,AB 05,AB 06,,AB 77,76,,39,,"AB 01, AB 02, AB 03, AB 04, AB 05"
vowel-candidate,AB 78,AB 15,,AB 12,76,,26,,"AB 02, AB 03, AB 04, AB 05, AB 06"
vowel-candidate,AB 39,AB 79,,AB 08,76,,2,,"AB 08, AB 80"
vowel-candidate,AB 39,AB 34,,AB 08,76,,3,,"AB 08, AB 15, AB 61"
consonant-candidate,AB 14,AB 45,AB 12,,75,21,,"AB 02, AB 05, AB 12, AB 13, AB 27",
consonant-candidate,AB 14,AB 57,AB 12,,75,27,,"AB 02, AB 05, AB 09, AB 12, AB 13",
consonant-candidate,AB 42,AB 55,AB 70,,75,19,,"AB 03, AB 05, AB 08, AB 13, AB 15",
consonant-candidate,AB 42,AB 58,AB 70,,75,11,,"AB 02, AB 03, AB 05, AB 08, AB 20",
consonant-candidate,AB 32,AB 71,AB 59,,75,2,,"AB 04, AB 59",
vowel-candidate,AB 59,AB 55,,AB 77,75,,19,,"AB 01, AB 02, AB 03, AB 08, AB 13"
vowel-candidate,AB 59,AB 73,,AB 77,75,,32,,"AB 01, AB 02, AB 04, AB 05, AB 07"
vowel-candidate,AB 59,AB 50,,AB 77,75,,24,,"AB 01, AB 02, AB 03, AB 04, AB 05"
vowel-candidate,AB 59,AB 67,,AB 77,75,,36,,"AB 02, AB 03, AB 04, AB 05, AB 06"
vowel-candidate,AB 59,AB 23,,AB 77,75,,9,,"AB 02, AB 05, AB 08, AB 31, AB 37"
vowel-candidate,AB 59,AB 69,,AB 77,75,,27,,"AB 02, AB 03, AB 04, AB 05, AB 08"
vowel-candidate,AB 59,AB 25,,AB 77,75,,23,,"AB 01, AB 04, AB 05, AB 20, AB 24"
vowel-candidate,AB 59,AB 20,,AB 77,75,,26,,"AB 01, AB 02, AB 03, AB 06, AB 07"
vowel-candidate,AB 44,AB 45,,AB 77,75,,30,,"AB 02, AB 03, AB 04, AB 05, AB 06"
vowel-candidate,AB 44,AB 52,,AB 77,75,,34,,"AB 01, AB 02, AB 03, AB 05, AB 06"
vowel-candidate,AB 44,AB 54,,AB 77,75,,41,,"AB 01, AB 02, AB 03, AB 04, AB 05"
vowel-candidate,AB 44,AB 07,,AB 77,75,,26,,"AB 02, AB 05, AB 08, AB 10, AB 11"
vowel-candidate,AB 16,AB 15,,AB 12,75,,18,,"AB 02, AB 04, AB 05, AB 08, AB 10"
vowel-candidate,AB 77,AB 64,,AB 08,75,,1,,AB 08
consonant-candidate,AB 60,AB 25,AB 38,,74,25,,"AB 01, AB 02, AB 03, AB 04, AB 05",
consonant-candidate,AB 10,AB 76,AB 70,,74,9,,"AB 04, AB 05, AB 08, AB 37, AB 42",
consonant-candidate,AB 57,AB 23,AB 70,,74,5,,"AB 02, AB 05, AB 37, AB 59, AB 70",
consonant-candidate,AB 57,AB 33,AB 70,,74,3,,"AB 42, AB 54, AB 70",
consonant-candidate,AB 42,AB 76,AB 70,,74,9,,"AB 04, AB 05, AB 08, AB 37, AB 42",
vowel-candidate,AB 44,AB 10,,AB 77,74,,31,,"AB 01, AB 02, AB 03, AB 04, AB 05"
consonant-candidate,AB 14,AB 77,AB 12,,73,23,,"AB 02, AB 05, AB 09, AB 12, AB 15",
consonant-candidate,AB 59,AB 42,AB 38,,73,51,,"AB 01, AB 02, AB 03, AB 04, AB 05",
consonant-candidate,AB 57,AB 78,AB 38,,73,36,,"AB 01, AB 02, AB 03, AB 04, AB 05",
consonant-candidate,AB 61,AB 46,AB 10,,73,20,,"AB 01, AB 02, AB 04, AB 05, AB 10",
consonant-candidate,AB 42,AB 43,AB 70,,73,14,,"AB 04, AB 13, AB 20, AB 30, AB 31",
vowel-candidate,AB 44,AB 36,,AB 77,73,,37,,"AB 01, AB 02, AB 03, AB 04, AB 05"
vowel-candidate,AB 44,AB 14,,AB 77,73,,36,,"AB 01, AB 02, AB 03, AB 04, AB 05"
vowel-candidate,AB 13,AB 15,,AB 12,73,,27,,"AB 02, AB 03, AB 04, AB 05, AB 06"
vowel-candidate,AB 61,AB 17,,AB 02,73,,10,,"AB 02, AB 13, AB 27, AB 28, AB 36"
consonant-candidate,AB 41,AB 60,AB 38,,72,38,,"AB 01, AB 02, AB 03, AB 04, AB 05",
consonant-candidate,AB 60,AB 83,AB 38,,72,5,,"AB 27, AB 36, AB 38, AB 57, AB 61",
consonant-candidate,AB 10,AB 23,AB 70,,72,5,,"AB 02, AB 05, AB 37, AB 59, AB 70",
consonant-candidate,AB 10,AB 33,AB 70,,72,3,,"AB 42, AB 54, AB 70",
consonant-candidate,AB 10,AB 46,AB 70,,72,18,,"AB 01, AB 02, AB 04, AB 05, AB 14",
consonant-candidate,AB 57,AB 82,AB 70,,72,4,,"AB 45, AB 61, AB 70, AB 80",
consonant-candidate,AB 57,AB 79,AB 70,,72,2,,"AB 04, AB 70",
consonant-candidate,AB 42,AB 23,AB 70,,72,6,,"AB 02, AB 05, AB 37, AB 55, AB 59",
consonant-candidate,AB 42,AB 33,AB 70,,72,3,,"AB 42, AB 54, AB 70",
vowel-candidate,AB 15,AB 44,,AB 77,72,,31,,"AB 01, AB 02, AB 03, AB 04, AB 05"
vowel-candidate,AB 44,AB 30,,AB 77,72,,31,,"AB 02, AB 03, AB 05, AB 06, AB 08"
vowel-candidate,AB 44,AB 11,,AB 77,72,,37,,"AB 01, AB 02, AB 03, AB 04, AB 05"
vowel-candidate,AB 44,AB 72,,AB 77,72,,33,,"AB 01, AB 02, AB 03, AB 04, AB 05"
vowel-candidate,AB 81,AB 72,,AB 12,72,,29,,"AB 01, AB 02, AB 03, AB 04, AB 05"
vowel-candidate,AB 61,AB 74,,AB 02,72,,7,,"AB 02, AB 03, AB 08, AB 28, AB 36"
consonant-candidate,AB 14,AB 28,AB 12,,71,26,,"AB 02, AB 05, AB 09, AB 12, AB 13",
consonant-candidate,AB 14,AB 01,AB 12,,71,19,,"AB 02, AB 05, AB 12, AB 15, AB 27",
consonant-candidate,AB 14,AB 47,AB 12,,71,2,,"AB 12, AB 37",
consonant-candidate,AB 20,AB 75,AB 38,,71,19,,"AB 01, AB 02, AB 03, AB 04, AB 05",
consonant-candidate,AB 42,AB 52,AB 38,,71,47,,"AB 01, AB 02, AB 03, AB 04, AB 05",
consonant-candidate,AB 60,AB 68,AB 38,,71,8,,"AB 08, AB 24, AB 32, AB 36, AB 38",
consonant-candidate,AB 32,AB 87,AB 59,,71,1,,AB 59,
vowel-candidate,AB 56,AB 44,,AB 77,71,,14,,"AB 02, AB 04, AB 05, AB 08, AB 10"
vowel-candidate,AB 04,AB 61,,AB 77,71,,45,,"AB 01, AB 02, AB 03, AB 04, AB 05"
vowel-candidate,AB 44,AB 09,,AB 77,71,,25,,"AB 02, AB 04, AB 05, AB 06, AB 08"
vowel-candidate,AB 44,AB 57,,AB 77,71,,38,,"AB 01, AB 02, AB 03, AB 04, AB 06"
vowel-candidate,AB 44,AB 33,,AB 77,71,,6,,"AB 04, AB 38, AB 39, AB 72, AB 77"
vowel-candidate,AB 44,AB 39,,AB 77,71,,35,,"AB 02, AB 04, AB 05, AB 06, AB 08"
vowel-candidate,AB 78,AB 72,,AB 12,71,,29,,"AB 02, AB 03, AB 04, AB 05, AB 06"
vowel-candidate,AB 58,AB 15,,AB 12,71,,12,,"AB 02, AB 05, AB 06, AB 12, AB 36"
consonant-candidate,AB 40,AB 14,AB 12,,70,15,,"AB 02, AB 05, AB 12, AB 27, AB 36",
consonant-candidate,AB 14,AB 04,AB 12,,70,24,,"AB 02, AB 05, AB 09, AB 12, AB 13",
consonant-candidate,AB 14,AB 32,AB 12,,70,18,,"AB 02, AB 05, AB 12, AB 13, AB 27",
consonant-candidate,AB 20,AB 27,AB 38,,70,17,,"AB 02, AB 03, AB 04, AB 05, AB 08",
consonant-candidate,AB 24,AB 44,AB 38,,70,32,,"AB 01, AB 03, AB 04, AB 05, AB 08",
consonant-candidate,AB 60,AB 31,AB 38,,70,39,,"AB 01, AB 02, AB 03, AB 04, AB 05",
consonant-candidate,AB 60,AB 72,AB 38,,70,37,,"AB 01, AB 02, AB 04, AB 05, AB 07",
consonant-candidate,AB 10,AB 82,AB 70,,70,4,,"AB 45, AB 61, AB 70, AB 80",
consonant-candidate,AB 10,AB 79,AB 70,,70,2,,"AB 04, AB 70",
consonant-candidate,AB 42,AB 82,AB 70,,70,4,,"AB 45, AB 61, AB 70, AB 80",
consonant-candidate,AB 42,AB 79,AB 70,,70,2,,"AB 04, AB 70",
consonant-candidate,AB 69,AB 02,AB 70,,70,25,,"AB 02, AB 04, AB 05, AB 06, AB 08",
vowel-candidate,AB 04,AB 27,,AB 77,70,,47,,"AB 01, AB 02, AB 03, AB 04, AB 05"
vowel-candidate,AB 04,AB 75,,AB 77,70,,43,,"AB 01, AB 02, AB 03, AB 04, AB 05"
vowel-candidate,AB 61,AB 06,,AB 77,70,,35,,"AB 01, AB 02, AB 03, AB 04, AB 05"
vowel-candidate,AB 55,AB 44,,AB 77,70,,15,,"AB 01, AB 02, AB 03, AB 08, AB 31"
vowel-candidate,AB 44,AB 73,,AB 77,70,,29,,"AB 01, AB 02, AB 04, AB 05, AB 08"
vowel-candidate,AB 44,AB 50,,AB 77,70,,24,,"AB 01, AB 02, AB 03, AB 04, AB 05"
vowel-candidate,AB 44,AB 67,,AB 77,70,,34,,"AB 02, AB 03, AB 04, AB 05, AB 06"
vowel-candidate,AB 44,AB 23,,AB 77,70,,8,,"AB 02, AB 05, AB 08, AB 31, AB 37"
vowel-candidate,AB 44,AB 69,,AB 77,70,,24,,"AB 02, AB 03, AB 04, AB 05, AB 08"
vowel-candidate,AB 44,AB 25,,AB 77,70,,21,,"AB 01, AB 04, AB 05, AB 24, AB 27"
vowel-candidate,AB 44,AB 20,,AB 77,70,,20,,"AB 01, AB 02, AB 03, AB 06, AB 11"
vowel-candidate,AB 16,AB 72,,AB 12,70,,20,,"AB 02, AB 04, AB 05, AB 08, AB 10"
vowel-candidate,AB 21,AB 15,,AB 12,70,,12,,"AB 04, AB 05, AB 08, AB 12, AB 28"
vowel-candidate,AB 42,AB 34,,AB 24,70,,4,,"AB 08, AB 15, AB 24, AB 61"
consonant-candidate,AB 56,AB 14,AB 12,,69,6,,"AB 12, AB 37, AB 52, AB 53, AB 60",
consonant-candidate,AB 55,AB 14,AB 12,,69,16,,"AB 05, AB 09, AB 12, AB 13, AB 15",
consonant-candidate,AB 14,AB 59,AB 12,,69,27,,"AB 02, AB 05, AB 09, AB 12, AB 13",
consonant-candidate,AB 14,AB 80,AB 12,,69,21,,"AB 02, AB 05, AB 09, AB 12, AB 27",
consonant-candidate,AB 59,AB 78,AB 38,,69,36,,"AB 01, AB 02, AB 03, AB 04, AB 05",
consonant-candidate,AB 28,AB 64,AB 36,,69,2,,"AB 36, AB 57",
consonant-candidate,AB 32,AB 34,AB 59,,69,3,,"AB 44, AB 59, AB 77",
vowel-candidate,AB 31,AB 80,,AB 77,69,,28,,"AB 02, AB 04, AB 05, AB 06, AB 08"
vowel-candidate,AB 27,AB 06,,AB 77,69,,36,,"AB 01, AB 02, AB 03, AB 04, AB 05"
vowel-candidate,AB 06,AB 75,,AB 77,69,,37,,"AB 01, AB 02, AB 03, AB 04, AB 05"
vowel-candidate,AB 61,AB 85,,AB 36,69,,7,,"AB 05, AB 36, AB 52, AB 57, AB 59"
consonant-candidate,AB 14,AB 08,AB 12,,68,26,,"AB 02, AB 05, AB 09, AB 12, AB 13",
consonant-candidate,AB 14,AB 43,AB 12,,68,10,,"AB 12, AB 13, AB 30, AB 37, AB 42",
consonant-candidate,AB 14,AB 39,AB 12,,68,27,,"AB 02, AB 05, AB 09, AB 12, AB 13",
consonant-candidate,AB 42,AB 10,AB 38,,68,45,,"AB 01, AB 02, AB 03, AB 04, AB 05",
consonant-candidate,AB 37,AB 60,AB 38,,68,39,,"AB 01, AB 02, AB 03, AB 04, AB 05",
consonant-candidate,AB 44,AB 61,AB 38,,68,44,,"AB 01, AB 02, AB 03, AB 04, AB 05",
consonant-candidate,AB 60,AB 13,AB 38,,68,31,,"AB 02, AB 04, AB 05, AB 06, AB 08",
consonant-candidate,AB 60,AB 62,AB 38,,68,6,,"AB 27, AB 37, AB 38, AB 52, AB 53",
consonant-candidate,AB 50,AB 02,AB 70,,68,22,,"AB 01, AB 02, AB 04, AB 05, AB 06",
consonant-candidate,AB 67,AB 22,AB 37,,68,2,,"AB 05, AB 37",
consonant-candidate,AB 32,AB 85,AB 59,,68,4,,"AB 04, AB 05, AB 44, AB 59",
consonant-candidate,AB 32,AB 19,AB 59,,68,1,,AB 59,
consonant-candidate,AB 08,AB 71,AB 59,,68,2,,"AB 04, AB 59",
vowel-candidate,AB 04,AB 38,,AB 77,68,,46,,"AB 01, AB 02, AB 03, AB 04, AB 05"
vowel-candidate,AB 04,AB 02,,AB 77,68,,48,,"AB 01, AB 02, AB 03, AB 04, AB 05"
vowel-candidate,AB 70,AB 80,,AB 77,68,,38,,"AB 01, AB 02, AB 04, AB 05, AB 06"
vowel-candidate,AB 80,AB 05,,AB 77,68,,40,,"AB 01, AB 02, AB 04, AB 05, AB 06"
vowel-candidate,AB 13,AB 72,,AB 12,68,,32,,"AB 02, AB 03, AB 04, AB 05, AB 06"
vowel-candidate,AB 79,AB 77,,AB 08,68,,2,,"AB 08, AB 80"
consonant-candidate,AB 03,AB 14,AB 12,,67,25,,"AB 02, AB 05, AB 12, AB 13, AB 15",
consonant-candidate,AB 38,AB 14,AB 12,,67,25,,"AB 02, AB 05, AB 09, AB 12, AB 13",
consonant-candidate,AB 14,AB 73,AB 12,,67,14,,"AB 05, AB 12, AB 27, AB 30, AB 36",
consonant-candidate,AB 14,AB 75,AB 12,,67,24,,"AB 02, AB 05, AB 09, AB 12, AB 13",
consonant-candidate,AB 14,AB 81,AB 12,,67,18,,"AB 02, AB 12, AB 15, AB 27, AB 30",
consonant-candidate,AB 14,AB 74,AB 12,,67,6,,"AB 02, AB 05, AB 12, AB 37, AB 75",
consonant-candidate,AB 90,AB 60,AB 38,,67,2,,"AB 36, AB 38",
consonant-candidate,AB 52,AB 78,AB 38,,67,35,,"AB 01, AB 02, AB 03, AB 04, AB 05",
vowel-candidate,AB 04,AB 41,,AB 77,67,,40,,"AB 01, AB 02, AB 03, AB 04, AB 05"
vowel-candidate,AB 38,AB 06,,AB 77,67,,36,,"AB 01, AB 02, AB 03, AB 04, AB 05"
vowel-candidate,AB 06,AB 02,,AB 77,67,,39,,"AB 01, AB 02, AB 03, AB 04, AB 05"
vowel-candidate,AB 59,AB 64,,AB 08,67,,1,,AB 08
vowel-candidate,AB 22,AB 28,,AB 01,67,,1,,AB 01
consonant-candidate,AB 14,AB 12,AB 12,,66,23,,"AB 02, AB 05, AB 12, AB 13, AB 15",
consonant-candidate,AB 14,AB 67,AB 12,,66,17,,"AB 02, AB 05, AB 12, AB 27, AB 30",
consonant-candidate,AB 14,AB 48,AB 12,,66,6,,"AB 12, AB 27, AB 36, AB 37, AB 41",
consonant-candidate,AB 14,AB 44,AB 12,,66,24,,"AB 02, AB 05, AB 09, AB 12, AB 13",
consonant-candidate,AB 14,AB 49,AB 12,,66,1,,AB 12,
consonant-candidate,AB 14,AB 36,AB 12,,66,27,,"AB 02, AB 05, AB 09, AB 12, AB 13",
consonant-candidate,AB 14,AB 17,AB 12,,66,12,,"AB 02, AB 05, AB 12, AB 27, AB 38",
consonant-candidate,AB 14,AB 07,AB 12,,66,15,,"AB 02, AB 12, AB 32, AB 36, AB 37",
consonant-candidate,AB 14,AB 15,AB 12,,66,24,,"AB 02, AB 05, AB 12, AB 13, AB 27",
consonant-candidate,AB 14,AB 09,AB 12,,66,14,,"AB 02, AB 05, AB 12, AB 13, AB 27",
consonant-candidate,AB 14,AB 63,AB 12,,66,1,,AB 12,
consonant-candidate,AB 14,AB 16,AB 12,,66,19,,"AB 02, AB 05, AB 09, AB 12, AB 13",
consonant-candidate,AB 24,AB 57,AB 38,,66,35,,"AB 01, AB 03, AB 04, AB 05, AB 08",
consonant-candidate,AB 44,AB 25,AB 38,,66,24,,"AB 01, AB 02, AB 03, AB 04, AB 05",
consonant-candidate,AB 60,AB 69,AB 70,,66,25,,"AB 02, AB 04, AB 05, AB 06, AB 08",
consonant-candidate,AB 51,AB 50,AB 02,,66,9,,"AB 02, AB 05, AB 06, AB 42, AB 53",
consonant-candidate,AB 04,AB 64,AB 36,,66,2,,"AB 36, AB 57",
consonant-candidate,AB 44,AB 65,AB 05,,66,4,,"AB 05, AB 77, AB 78, AB 80",
vowel-candidate,AB 04,AB 42,,AB 77,66,,49,,"AB 01, AB 02, AB 03, AB 04, AB 05"
vowel-candidate,AB 06,AB 41,,AB 77,66,,34,,"AB 01, AB 02, AB 03, AB 04, AB 05"
vowel-candidate,AB 58,AB 72,,AB 12,66,,12,,"AB 02, AB 05, AB 06, AB 12, AB 36"
consonant-candidate,AB 75,AB 27,AB 38,,65,39,,"AB 02, AB 03, AB 04, AB 05, AB 06",
consonant-candidate,AB 02,AB 55,AB 70,,65,19,,"AB 03, AB 05, AB 08, AB 09, AB 13",
consonant-candidate,AB 28,AB 65,AB 05,,65,4,,"AB 05, AB 77, AB 78, AB 80",
vowel-candidate,AB 04,AB 53,,AB 77,65,,44,,"AB 02, AB 03, AB 04, AB 05, AB 08"
vowel-candidate,AB 04,AB 40,,AB 77,65,,39,,"AB 01, AB 02, AB 03, AB 04, AB 05"
vowel-candidate,AB 06,AB 42,,AB 77,65,,39,,"AB 01, AB 02, AB 03, AB 04, AB 05"
vowel-candidate,AB 21,AB 72,,AB 12,65,,12,,"AB 04, AB 05, AB 08, AB 12, AB 28"
consonant-candidate,AB 12,AB 20,AB 38,,64,17,,"AB 01, AB 02, AB 03, AB 04, AB 05",
consonant-candidate,AB 06,AB 20,AB 38,,64,17,,"AB 01, AB 02, AB 03, AB 04, AB 05",
consonant-candidate,AB 41,AB 44,AB 38,,64,36,,"AB 01, AB 02, AB 03, AB 04, AB 05",
consonant-candidate,AB 10,AB 78,AB 38,,64,31,,"AB 01, AB 02, AB 03, AB 04, AB 05",
consonant-candidate,AB 44,AB 83,AB 38,,64,4,,"AB 27, AB 38, AB 57, AB 61",
consonant-candidate,AB 57,AB 61,AB 38,,64,52,,"AB 01, AB 02, AB 03, AB 04, AB 05",
consonant-candidate,AB 76,AB 02,AB 70,,64,9,,"AB 04, AB 05, AB 08, AB 37, AB 42",
consonant-candidate,AB 72,AB 51,AB 02,,64,9,,"AB 02, AB 05, AB 15, AB 26, AB 42",
consonant-candidate,AB 14,AB 51,AB 02,,64,10,,"AB 02, AB 05, AB 15, AB 30, AB 42",
consonant-candidate,AB 08,AB 87,AB 59,,64,1,,AB 59,
consonant-candidate,AB 41,AB 22,AB 05,,64,2,,"AB 05, AB 46",
consonant-candidate,AB 44,AB 35,AB 05,,64,2,,"AB 05, AB 67",
consonant-candidate,AB 67,AB 65,AB 05,,64,2,,"AB 05, AB 80",
vowel-candidate,AB 06,AB 53,,AB 77,64,,35,,"AB 02, AB 03, AB 04, AB 05, AB 08"
vowel-candidate,AB 06,AB 40,,AB 77,64,,31,,"AB 01, AB 02, AB 03, AB 04, AB 05"
vowel-candidate,AB 78,AB 40,,AB 38,64,,28,,"AB 02, AB 03, AB 04, AB 05, AB 06"
vowel-candidate,AB 60,AB 64,,AB 08,64,,1,,AB 08
consonant-candidate,AB 44,AB 68,AB 38,,63,6,,"AB 08, AB 24, AB 38, AB 60, AB 61",
consonant-candidate,AB 02,AB 46,AB 10,,63,20,,"AB 01, AB 02, AB 04, AB 05, AB 10",
consonant-candidate,AB 43,AB 02,AB 70,,63,14,,"AB 04, AB 13, AB 20, AB 30, AB 31",
consonant-candidate,AB 21,AB 67,AB 37,,63,11,,"AB 20, AB 36, AB 37, AB 41, AB 42",
consonant-candidate,AB 22,AB 78,AB 05,,63,1,,AB 05,
consonant-candidate,AB 28,AB 35,AB 05,,63,1,,AB 05,
vowel-candidate,AB 04,AB 26,,AB 77,63,,26,,"AB 02, AB 04, AB 05, AB 08, AB 10"
vowel-candidate,AB 50,AB 68,,AB 08,63,,3,,"AB 03, AB 08, AB 78"
vowel-candidate,AB 53,AB 82,,AB 39,63,,1,,AB 39
consonant-candidate,AB 20,AB 15,AB 38,,62,18,,"AB 01, AB 02, AB 03, AB 04, AB 05",
consonant-candidate,AB 20,AB 80,AB 38,,62,13,,"AB 01, AB 02, AB 04, AB 05, AB 25",
consonant-candidate,AB 20,AB 42,AB 38,,62,19,,"AB 01, AB 02, AB 03, AB 04, AB 05",
consonant-candidate,AB 59,AB 24,AB 38,,62,35,,"AB 01, AB 03, AB 04, AB 05, AB 08",
consonant-candidate,AB 44,AB 31,AB 38,,62,34,,"AB 01, AB 02, AB 03, AB 04, AB 05",
consonant-candidate,AB 44,AB 72,AB 38,,62,33,,"AB 01, AB 02, AB 04, AB 05, AB 08",
consonant-candidate,AB 57,AB 25,AB 38,,62,25,,"AB 01, AB 02, AB 03, AB 04, AB 05",
consonant-candidate,AB 44,AB 46,AB 10,,62,19,,"AB 01, AB 02, AB 04, AB 05, AB 10",
consonant-candidate,AB 02,AB 23,AB 70,,62,6,,"AB 02, AB 05, AB 37, AB 55, AB 59",
consonant-candidate,AB 02,AB 33,AB 70,,62,3,,"AB 42, AB 54, AB 70",
consonant-candidate,AB 29,AB 50,AB 02,,62,10,,"AB 02, AB 04, AB 27, AB 37, AB 40",
consonant-candidate,AB 11,AB 22,AB 37,,62,2,,"AB 05, AB 37",
consonant-candidate,AB 08,AB 34,AB 59,,62,3,,"AB 44, AB 59, AB 77",
consonant-candidate,AB 09,AB 22,AB 05,,62,1,,AB 05,
consonant-candidate,AB 67,AB 35,AB 05,,62,1,,AB 05,
vowel-candidate,AB 03,AB 31,,AB 77,62,,27,,"AB 02, AB 03, AB 04, AB 05, AB 06"
vowel-candidate,AB 61,AB 80,,AB 77,62,,34,,"AB 01, AB 02, AB 04, AB 05, AB 06"
vowel-candidate,AB 06,AB 26,,AB 77,62,,23,,"AB 02, AB 04, AB 05, AB 08, AB 10"
vowel-candidate,AB 53,AB 68,,AB 38,62,,6,,"AB 03, AB 08, AB 38, AB 69, AB 78"
vowel-candidate,AB 53,AB 65,,AB 38,62,,6,,"AB 08, AB 28, AB 38, AB 42, AB 53"
vowel-candidate,AB 04,AB 51,,AB 10,62,,14,,"AB 02, AB 04, AB 08, AB 10, AB 36"
vowel-candidate,AB 70,AB 17,,AB 02,62,,12,,"AB 02, AB 07, AB 13, AB 27, AB 28"
vowel-candidate,AB 50,AB 64,,AB 08,62,,1,,AB 08
vowel-candidate,AB 82,AB 54,,AB 27,62,,2,,"AB 27, AB 39"
consonant-candidate,AB 24,AB 46,AB 10,,61,18,,"AB 01, AB 04, AB 05, AB 10, AB 14",
consonant-candidate,AB 08,AB 85,AB 59,,61,6,,"AB 04, AB 05, AB 44, AB 45, AB 53",
consonant-candidate,AB 08,AB 19,AB 59,,61,1,,AB 59,
consonant-candidate,AB 70,AB 91,AB 75,,61,1,,AB 75,
vowel-candidate,AB 03,AB 70,,AB 77,61,,42,,"AB 02, AB 03, AB 04, AB 05, AB 06"
vowel-candidate,AB 03,AB 05,,AB 77,61,,42,,"AB 02, AB 03, AB 04, AB 05, AB 06"
vowel-candidate,AB 27,AB 80,,AB 77,61,,36,,"AB 01, AB 02, AB 04, AB 05, AB 06"
vowel-candidate,AB 80,AB 75,,AB 77,61,,38,,"AB 01, AB 02, AB 04, AB 05, AB 06"
vowel-candidate,AB 53,AB 32,,AB 38,61,,24,,"AB 02, AB 03, AB 05, AB 07, AB 08"
vowel-candidate,AB 75,AB 43,,AB 70,61,,12,,"AB 02, AB 05, AB 06, AB 15, AB 28"
vowel-candidate,AB 70,AB 74,,AB 02,61,,7,,"AB 02, AB 03, AB 08, AB 28, AB 36"
vowel-candidate,AB 90,AB 54,,AB 27,61,,1,,AB 27
consonant-candidate,AB 20,AB 70,AB 38,,60,19,,"AB 01, AB 02, AB 03, AB 04, AB 05",
consonant-candidate,AB 59,AB 61,AB 38,,60,52,,"AB 01, AB 02, AB 03, AB 04, AB 05",
consonant-candidate,AB 24,AB 52,AB 38,,60,33,,"AB 01, AB 03, AB 04, AB 05, AB 08",
consonant-candidate,AB 37,AB 44,AB 38,,60,32,,"AB 01, AB 02, AB 03, AB 04, AB 05",
consonant-candidate,AB 41,AB 57,AB 38,,60,38,,"AB 01, AB 02, AB 03, AB 04, AB 05",
consonant-candidate,AB 44,AB 13,AB 38,,60,28,,"AB 02, AB 04, AB 05, AB 06, AB 08",
consonant-candidate,AB 44,AB 62,AB 38,,60,5,,"AB 27, AB 37, AB 38, AB 53, AB 60",
consonant-candidate,AB 57,AB 83,AB 38,,60,5,,"AB 27, AB 36, AB 38, AB 57, AB 61",
consonant-candidate,AB 60,AB 76,AB 70,,60,9,,"AB 04, AB 05, AB 08, AB 37, AB 42",
consonant-candidate,AB 02,AB 82,AB 70,,60,4,,"AB 45, AB 61, AB 70, AB 80",
consonant-candidate,AB 02,AB 79,AB 70,,60,2,,"AB 04, AB 70",
consonant-candidate,AB 72,AB 29,AB 02,,60,11,,"AB 02, AB 04, AB 26, AB 27, AB 37",
consonant-candidate,AB 14,AB 29,AB 02,,60,8,,"AB 02, AB 27, AB 37, AB 44, AB 53",
consonant-candidate,AB 67,AB 76,AB 37,,60,7,,"AB 04, AB 05, AB 08, AB 37, AB 42",
consonant-candidate,AB 75,AB 91,AB 75,,60,1,,AB 75,
vowel-candidate,AB 04,AB 12,,AB 77,60,,37,,"AB 01, AB 03, AB 04, AB 05, AB 06"
vowel-candidate,AB 04,AB 24,,AB 77,60,,34,,"AB 01, AB 02, AB 05, AB 06, AB 08"
vowel-candidate,AB 04,AB 37,,AB 77,60,,42,,"AB 02, AB 03, AB 04, AB 05, AB 06"
vowel-candidate,AB 04,AB 28,,AB 77,60,,40,,"AB 01, AB 02, AB 03, AB 04, AB 05"
vowel-candidate,AB 04,AB 01,,AB 77,60,,46,,"AB 01, AB 02, AB 03, AB 04, AB 05"
vowel-candidate,AB 04,AB 77,,AB 77,60,,48,,"AB 01, AB 02, AB 03, AB 04, AB 05"
vowel-candidate,AB 04,AB 08,,AB 77,60,,42,,"AB 02, AB 03, AB 04, AB 05, AB 06"
vowel-candidate,AB 79,AB 59,,AB 08,60,,2,,"AB 08, AB 80"
vowel-candidate,AB 67,AB 83,,AB 26,60,,1,,AB 26
consonant-candidate,AB 20,AB 08,AB 38,,59,17,,"AB 01, AB 02, AB 03, AB 04, AB 05",
consonant-candidate,AB 90,AB 44,AB 38,,59,1,,AB 38,
consonant-candidate,AB 57,AB 68,AB 38,,59,8,,"AB 08, AB 24, AB 32, AB 36, AB 38",
consonant-candidate,AB 36,AB 69,AB 70,,59,25,,"AB 02, AB 04, AB 05, AB 06, AB 08",
vowel-candidate,AB 38,AB 80,,AB 77,59,,36,,"AB 01, AB 02, AB 04, AB 05, AB 06"
vowel-candidate,AB 80,AB 02,,AB 77,59,,38,,"AB 01, AB 02, AB 04, AB 05, AB 06"
vowel-candidate,AB 06,AB 12,,AB 77,59,,29,,"AB 01, AB 03, AB 04, AB 05, AB 08"
vowel-candidate,AB 06,AB 24,,AB 77,59,,28,,"AB 01, AB 02, AB 05, AB 08, AB 10"
vowel-candidate,AB 06,AB 37,,AB 77,59,,32,,"AB 02, AB 03, AB 04, AB 05, AB 08"
vowel-candidate,AB 06,AB 28,,AB 77,59,,33,,"AB 01, AB 02, AB 03, AB 04, AB 05"
vowel-candidate,AB 06,AB 01,,AB 77,59,,35,,"AB 01, AB 02, AB 03, AB 04, AB 05"
vowel-candidate,AB 06,AB 77,,AB 77,59,,38,,"AB 01, AB 02, AB 03, AB 04, AB 05"
vowel-candidate,AB 06,AB 08,,AB 77,59,,32,,"AB 02, AB 03, AB 04, AB 05, AB 08"
vowel-candidate,AB 70,AB 85,,AB 36,59,,7,,"AB 05, AB 36, AB 52, AB 57, AB 59"
vowel-candidate,AB 61,AB 29,,AB 36,59,,8,,"AB 01, AB 05, AB 08, AB 36, AB 44"
vowel-candidate,AB 01,AB 91,,AB 61,59,,1,,AB 61
consonant-candidate,AB 12,AB 27,AB 38,,58,36,,"AB 02, AB 03, AB 04, AB 05, AB 06",
consonant-candidate,AB 06,AB 27,AB 38,,58,39,,"AB 02, AB 03, AB 04, AB 05, AB 08",
consonant-candidate,AB 20,AB 78,AB 38,,58,17,,"AB 01, AB 02, AB 03, AB 04, AB 05",
consonant-candidate,AB 59,AB 25,AB 38,,58,25,,"AB 01, AB 02, AB 03, AB 04, AB 05",
consonant-candidate,AB 52,AB 61,AB 38,,58,47,,"AB 01, AB 02, AB 03, AB 04, AB 05",
consonant-candidate,AB 57,AB 31,AB 38,,58,39,,"AB 01, AB 02, AB 03, AB 04, AB 05",
consonant-candidate,AB 57,AB 72,AB 38,,58,38,,"AB 01, AB 02, AB 04, AB 05, AB 07",
consonant-candidate,AB 60,AB 23,AB 70,,58,6,,"AB 02, AB 05, AB 37, AB 55, AB 59",
consonant-candidate,AB 60,AB 33,AB 70,,58,3,,"AB 42, AB 54, AB 70",
vowel-candidate,AB 04,AB 45,,AB 77,58,,36,,"AB 02, AB 03, AB 04, AB 05, AB 06"
vowel-candidate,AB 04,AB 52,,AB 77,58,,40,,"AB 01, AB 02, AB 03, AB 05, AB 06"
vowel-candidate,AB 04,AB 54,,AB 77,58,,44,,"AB 01, AB 02, AB 03, AB 04, AB 05"
vowel-candidate,AB 04,AB 07,,AB 77,58,,25,,"AB 02, AB 05, AB 08, AB 10, AB 11"
vowel-candidate,AB 80,AB 41,,AB 77,58,,32,,"AB 01, AB 02, AB 04, AB 05, AB 06"
consonant-candidate,AB 20,AB 39,AB 38,,57,19,,"AB 01, AB 02, AB 03, AB 04, AB 05",
consonant-candidate,AB 20,AB 45,AB 38,,57,18,,"AB 01, AB 02, AB 03, AB 04, AB 05",
consonant-candidate,AB 24,AB 10,AB 38,,57,33,,"AB 01, AB 03, AB 04, AB 05, AB 08",
consonant-candidate,AB 75,AB 42,AB 38,,57,42,,"AB 01, AB 02, AB 03, AB 04, AB 05",
consonant-candidate,AB 61,AB 74,AB 10,,57,6,,"AB 02, AB 05, AB 10, AB 37, AB 75",
consonant-candidate,AB 21,AB 11,AB 37,,57,10,,"AB 20, AB 36, AB 37, AB 41, AB 42",
vowel-candidate,AB 04,AB 10,,AB 77,57,,35,,"AB 01, AB 02, AB 03, AB 04, AB 05"
vowel-candidate,AB 80,AB 42,,AB 77,57,,39,,"AB 01, AB 02, AB 04, AB 05, AB 06"
vowel-candidate,AB 06,AB 45,,AB 77,57,,27,,"AB 02, AB 03, AB 04, AB 05, AB 08"
vowel-candidate,AB 06,AB 52,,AB 77,57,,32,,"AB 01, AB 02, AB 03, AB 05, AB 08"
vowel-candidate,AB 06,AB 54,,AB 77,57,,37,,"AB 01, AB 02, AB 03, AB 04, AB 05"
vowel-candidate,AB 06,AB 07,,AB 77,57,,22,,"AB 02, AB 05, AB 08, AB 10, AB 15"
vowel-candidate,AB 77,AB 85,,AB 36,57,,7,,"AB 05, AB 36, AB 52, AB 57, AB 59"
vowel-candidate,AB 60,AB 79,,AB 08,57,,3,,"AB 08, AB 58, AB 80"
vowel-candidate,AB 27,AB 64,,AB 08,57,,1,,AB 08
vowel-candidate,AB 10,AB 91,,AB 61,57,,1,,AB 61
consonant-candidate,AB 20,AB 04,AB 38,,56,19,,"AB 01, AB 02, AB 03, AB 04, AB 05",
consonant-candidate,AB 59,AB 41,AB 38,,56,38,,"AB 01, AB 02, AB 03, AB 04, AB 05",
consonant-candidate,AB 59,AB 83,AB 38,,56,5,,"AB 27, AB 36, AB 38, AB 57, AB 61",
consonant-candidate,AB 15,AB 27,AB 38,,56,37,,"AB 02, AB 03, AB 04, AB 05, AB 06",
consonant-candidate,AB 80,AB 27,AB 38,,56,32,,"AB 02, AB 04, AB 05, AB 06, AB 09",
consonant-candidate,AB 42,AB 27,AB 38,,56,42,,"AB 02, AB 03, AB 04, AB 05, AB 06",
consonant-candidate,AB 37,AB 57,AB 38,,56,38,,"AB 01, AB 02, AB 03, AB 04, AB 05",
consonant-candidate,AB 52,AB 25,AB 38,,56,24,,"AB 01, AB 02, AB 03, AB 04, AB 05",
consonant-candidate,AB 57,AB 13,AB 38,,56,31,,"AB 02, AB 04, AB 05, AB 06, AB 08",
consonant-candidate,AB 57,AB 62,AB 38,,56,6,,"AB 27, AB 37, AB 38, AB 52, AB 53",
consonant-candidate,AB 61,AB 63,AB 10,,56,2,,"AB 04, AB 10",
consonant-candidate,AB 60,AB 82,AB 70,,56,4,,"AB 45, AB 61, AB 70, AB 80",
consonant-candidate,AB 60,AB 79,AB 70,,56,2,,"AB 04, AB 70",
consonant-candidate,AB 60,AB 65,AB 05,,56,4,,"AB 05, AB 77, AB 78, AB 80",
vowel-candidate,AB 04,AB 36,,AB 77,56,,41,,"AB 01, AB 02, AB 03, AB 04, AB 05"
vowel-candidate,AB 04,AB 14,,AB 77,56,,39,,"AB 01, AB 02, AB 03, AB 04, AB 05"
vowel-candidate,AB 80,AB 53,,AB 77,56,,34,,"AB 02, AB 04, AB 05, AB 08, AB 10"
vowel-candidate,AB 80,AB 40,,AB 77,56,,30,,"AB 01, AB 02, AB 04, AB 05, AB 06"
vowel-candidate,AB 06,AB 10,,AB 77,56,,26,,"AB 01, AB 02, AB 03, AB 04, AB 05"
vowel-candidate,AB 30,AB 76,,AB 37,56,,6,,"AB 03, AB 16, AB 37, AB 39, AB 44"
vowel-candidate,AB 31,AB 29,,AB 05,56,,6,,"AB 05, AB 08, AB 44, AB 45, AB 57"
vowel-candidate,AB 04,AB 22,,AB 01,56,,1,,AB 01
consonant-candidate,AB 20,AB 77,AB 38,,55,18,,"AB 01, AB 02, AB 03, AB 04, AB 05",
consonant-candidate,AB 20,AB 28,AB 38,,55,16,,"AB 01, AB 02, AB 03, AB 04, AB 05",
consonant-candidate,AB 59,AB 68,AB 38,,55,8,,"AB 08, AB 24, AB 32, AB 36, AB 38",
consonant-candidate,AB 90,AB 57,AB 38,,55,2,,"AB 36, AB 38",
consonant-candidate,AB 10,AB 61,AB 38,,55,45,,"AB 01, AB 02, AB 03, AB 04, AB 05",
consonant-candidate,AB 46,AB 62,AB 27,,55,1,,AB 27,
vowel-candidate,AB 03,AB 61,,AB 77,55,,38,,"AB 02, AB 03, AB 04, AB 05, AB 06"
vowel-candidate,AB 04,AB 15,,AB 77,55,,29,,"AB 01, AB 02, AB 03, AB 04, AB 05"
vowel-candidate,AB 04,AB 30,,AB 77,55,,35,,"AB 02, AB 03, AB 05, AB 06, AB 08"
vowel-candidate,AB 04,AB 11,,AB 77,55,,40,,"AB 01, AB 02, AB 03, AB 04, AB 05"
vowel-candidate,AB 04,AB 72,,AB 77,55,,35,,"AB 01, AB 02, AB 03, AB 04, AB 05"
vowel-candidate,AB 06,AB 36,,AB 77,55,,32,,"AB 01, AB 02, AB 03, AB 04, AB 05"
vowel-candidate,AB 06,AB 14,,AB 77,55,,33,,"AB 01, AB 02, AB 03, AB 04, AB 05"
vowel-candidate,AB 52,AB 43,,AB 70,55,,10,,"AB 02, AB 05, AB 06, AB 15, AB 28"
vowel-candidate,AB 79,AB 50,,AB 08,55,,1,,AB 08
vowel-candidate,AB 50,AB 34,,AB 08,55,,3,,"AB 08, AB 15, AB 61"
vowel-candidate,AB 22,AB 83,,AB 01,55,,1,,AB 01
consonant-candidate,AB 38,AB 20,AB 38,,54,17,,"AB 01, AB 02, AB 03, AB 04, AB 05",
consonant-candidate,AB 59,AB 31,AB 38,,54,39,,"AB 01, AB 02, AB 03, AB 04, AB 05",
consonant-candidate,AB 59,AB 72,AB 38,,54,39,,"AB 01, AB 02, AB 04, AB 05, AB 07",
consonant-candidate,AB 41,AB 52,AB 38,,54,33,,"AB 01, AB 02, AB 03, AB 04, AB 05",
consonant-candidate,AB 52,AB 83,AB 38,,54,5,,"AB 27, AB 36, AB 38, AB 57, AB 61",
consonant-candidate,AB 27,AB 70,AB 38,,54,40,,"AB 02, AB 03, AB 04, AB 05, AB 06",
consonant-candidate,AB 60,AB 35,AB 05,,54,2,,"AB 05, AB 67",
vowel-candidate,AB 56,AB 04,,AB 77,54,,14,,"AB 02, AB 04, AB 05, AB 08, AB 10"
vowel-candidate,AB 03,AB 27,,AB 77,54,,37,,"AB 02, AB 03, AB 04, AB 05, AB 06"
vowel-candidate,AB 03,AB 75,,AB 77,54,,35,,"AB 02, AB 03, AB 04, AB 05, AB 06"
vowel-candidate,AB 04,AB 09,,AB 77,54,,24,,"AB 02, AB 04, AB 05, AB 06, AB 08"
vowel-candidate,AB 04,AB 57,,AB 77,54,,43,,"AB 01, AB 02, AB 03, AB 04, AB 06"
vowel-candidate,AB 04,AB 33,,AB 77,54,,6,,"AB 04, AB 38, AB 39, AB 72, AB 77"
vowel-candidate,AB 04,AB 39,,AB 77,54,,37,,"AB 02, AB 04, AB 05, AB 06, AB 08"
vowel-candidate,AB 80,AB 26,,AB 77,54,,22,,"AB 02, AB 04, AB 05, AB 08, AB 10"
vowel-candidate,AB 06,AB 15,,AB 77,54,,26,,"AB 01, AB 02, AB 03, AB 04, AB 05"
vowel-candidate,AB 06,AB 30,,AB 77,54,,29,,"AB 02, AB 03, AB 05, AB 08, AB 12"
vowel-candidate,AB 06,AB 11,,AB 77,54,,32,,"AB 01, AB 02, AB 03, AB 04, AB 05"
vowel-candidate,AB 06,AB 72,,AB 77,54,,29,,"AB 01, AB 02, AB 03, AB 04, AB 05"
vowel-candidate,AB 38,AB 62,,AB 59,54,,4,,"AB 07, AB 59, AB 60, AB 78"
vowel-candidate,AB 22,AB 87,,AB 01,54,,1,,AB 01
consonant-candidate,AB 75,AB 78,AB 38,,53,31,,"AB 01, AB 02, AB 03, AB 04, AB 05",
consonant-candidate,AB 10,AB 25,AB 38,,53,25,,"AB 01, AB 02, AB 03, AB 04, AB 05",
consonant-candidate,AB 52,AB 68,AB 38,,53,8,,"AB 08, AB 24, AB 32, AB 36, AB 38",
consonant-candidate,AB 27,AB 08,AB 38,,53,41,,"AB 02, AB 03, AB 04, AB 05, AB 06",
consonant-candidate,AB 13,AB 46,AB 10,,53,15,,"AB 02, AB 04, AB 05, AB 10, AB 20",
consonant-candidate,AB 09,AB 46,AB 10,,53,11,,"AB 01, AB 02, AB 04, AB 05, AB 10",
consonant-candidate,AB 36,AB 76,AB 70,,53,9,,"AB 04, AB 05, AB 08, AB 37, AB 42",
consonant-candidate,AB 60,AB 64,AB 36,,53,2,,"AB 36, AB 57",
consonant-candidate,AB 13,AB 71,AB 59,,53,2,,"AB 04, AB 59",
consonant-candidate,AB 53,AB 65,AB 05,,53,3,,"AB 05, AB 77, AB 80",
vowel-candidate,AB 56,AB 06,,AB 77,53,,14,,"AB 02, AB 04, AB 05, AB 08, AB 10"
vowel-candidate,AB 31,AB 70,,AB 77,53,,33,,"AB 02, AB 03, AB 04, AB 05, AB 06"
vowel-candidate,AB 31,AB 05,,AB 77,53,,33,,"AB 02, AB 03, AB 04, AB 05, AB 06"
vowel-candidate,AB 04,AB 55,,AB 77,53,,19,,"AB 01, AB 02, AB 03, AB 08, AB 09"
vowel-candidate,AB 04,AB 73,,AB 77,53,,31,,"AB 01, AB 02, AB 04, AB 05, AB 08"
vowel-candidate,AB 04,AB 50,,AB 77,53,,25,,"AB 01, AB 02, AB 03, AB 04, AB 05"
vowel-candidate,AB 04,AB 67,,AB 77,53,,34,,"AB 02, AB 03, AB 04, AB 05, AB 06"
vowel-candidate,AB 04,AB 23,,AB 77,53,,9,,"AB 02, AB 05, AB 08, AB 31, AB 37"
vowel-candidate,AB 04,AB 69,,AB 77,53,,27,,"AB 02, AB 03, AB 04, AB 05, AB 08"
vowel-candidate,AB 04,AB 25,,AB 77,53,,22,,"AB 01, AB 04, AB 05, AB 20, AB 24"
vowel-candidate,AB 04,AB 20,,AB 77,53,,24,,"AB 01, AB 02, AB 03, AB 06, AB 11"
vowel-candidate,AB 06,AB 09,,AB 77,53,,21,,"AB 02, AB 04, AB 05, AB 08, AB 16"
vowel-candidate,AB 06,AB 57,,AB 77,53,,33,,"AB 01, AB 02, AB 03, AB 04, AB 08"
vowel-candidate,AB 06,AB 33,,AB 77,53,,5,,"AB 04, AB 38, AB 39, AB 77, AB 80"
vowel-candidate,AB 06,AB 39,,AB 77,53,,30,,"AB 02, AB 04, AB 05, AB 08, AB 10"
vowel-candidate,AB 78,AB 31,,AB 38,53,,24,,"AB 02, AB 03, AB 04, AB 05, AB 06"
vowel-candidate,AB 08,AB 62,,AB 59,53,,3,,"AB 59, AB 60, AB 78"
vowel-candidate,AB 53,AB 19,,AB 39,53,,1,,AB 39
vowel-candidate,AB 22,AB 41,,AB 01,53,,1,,AB 01
consonant-candidate,AB 59,AB 37,AB 38,,52,39,,"AB 01, AB 02, AB 03, AB 04, AB 05",
consonant-candidate,AB 59,AB 13,AB 38,,52,32,,"AB 02, AB 04, AB 05, AB 06, AB 08",
consonant-candidate,AB 59,AB 62,AB 38,,52,6,,"AB 27, AB 37, AB 38, AB 52, AB 53",
consonant-candidate,AB 52,AB 31,AB 38,,52,36,,"AB 01, AB 02, AB 03, AB 04, AB 05",
consonant-candidate,AB 52,AB 72,AB 38,,52,35,,"AB 01, AB 02, AB 04, AB 05, AB 07",
consonant-candidate,AB 27,AB 78,AB 38,,52,30,,"AB 02, AB 03, AB 04, AB 05, AB 06",
vowel-candidate,AB 03,AB 38,,AB 77,52,,42,,"AB 02, AB 03, AB 04, AB 05, AB 06"
vowel-candidate,AB 03,AB 02,,AB 77,52,,39,,"AB 02, AB 03, AB 04, AB 05, AB 06"
vowel-candidate,AB 70,AB 05,,AB 77,52,,54,,"AB 01, AB 02, AB 03, AB 04, AB 05"
vowel-candidate,AB 06,AB 55,,AB 77,52,,17,,"AB 01, AB 02, AB 03, AB 08, AB 13"
vowel-candidate,AB 06,AB 73,,AB 77,52,,29,,"AB 01, AB 02, AB 04, AB 05, AB 08"
vowel-candidate,AB 06,AB 50,,AB 77,52,,22,,"AB 01, AB 02, AB 03, AB 04, AB 05"
vowel-candidate,AB 06,AB 67,,AB 77,52,,27,,"AB 02, AB 03, AB 04, AB 05, AB 08"
vowel-candidate,AB 06,AB 23,,AB 77,52,,8,,"AB 02, AB 05, AB 08, AB 31, AB 37"
vowel-candidate,AB 06,AB 69,,AB 77,52,,26,,"AB 02, AB 03, AB 04, AB 05, AB 08"
vowel-candidate,AB 06,AB 25,,AB 77,52,,19,,"AB 01, AB 04, AB 05, AB 27, AB 36"
vowel-candidate,AB 06,AB 20,,AB 77,52,,17,,"AB 01, AB 02, AB 03, AB 13, AB 31"
vowel-candidate,AB 22,AB 52,,AB 01,52,,1,,AB 01
vowel-candidate,AB 22,AB 48,,AB 01,52,,1,,AB 01
consonant-candidate,AB 20,AB 24,AB 38,,51,15,,"AB 01, AB 03, AB 04, AB 05, AB 08",
consonant-candidate,AB 59,AB 90,AB 38,,51,2,,"AB 36, AB 38",
consonant-candidate,AB 39,AB 27,AB 38,,51,40,,"AB 02, AB 03, AB 04, AB 05, AB 06",
consonant-candidate,AB 45,AB 27,AB 38,,51,34,,"AB 02, AB 03, AB 04, AB 05, AB 08",
consonant-candidate,AB 41,AB 10,AB 38,,51,35,,"AB 01, AB 02, AB 03, AB 04, AB 05",
consonant-candidate,AB 10,AB 83,AB 38,,51,5,,"AB 27, AB 36, AB 38, AB 57, AB 61",
consonant-candidate,AB 36,AB 23,AB 70,,51,5,,"AB 02, AB 05, AB 37, AB 59, AB 70",
consonant-candidate,AB 36,AB 33,AB 70,,51,3,,"AB 42, AB 54, AB 70",
consonant-candidate,AB 27,AB 71,AB 59,,51,2,,"AB 04, AB 59",
consonant-candidate,AB 22,AB 32,AB 05,,51,1,,AB 05,
consonant-candidate,AB 22,AB 55,AB 05,,51,1,,AB 05,
consonant-candidate,AB 53,AB 35,AB 05,,51,1,,AB 05,
consonant-candidate,AB 27,AB 91,AB 75,,51,1,,AB 75,
vowel-candidate,AB 03,AB 41,,AB 77,51,,34,,"AB 02, AB 03, AB 04, AB 05, AB 06"
vowel-candidate,AB 80,AB 12,,AB 77,51,,28,,"AB 01, AB 04, AB 05, AB 06, AB 08"
vowel-candidate,AB 80,AB 24,,AB 77,51,,28,,"AB 01, AB 02, AB 05, AB 06, AB 08"
vowel-candidate,AB 80,AB 37,,AB 77,51,,33,,"AB 02, AB 04, AB 05, AB 06, AB 08"
vowel-candidate,AB 80,AB 28,,AB 77,51,,32,,"AB 01, AB 02, AB 04, AB 05, AB 06"
vowel-candidate,AB 80,AB 01,,AB 77,51,,35,,"AB 01, AB 02, AB 04, AB 05, AB 06"
vowel-candidate,AB 80,AB 77,,AB 77,51,,39,,"AB 01, AB 02, AB 04, AB 05, AB 06"
vowel-candidate,AB 80,AB 08,,AB 77,51,,33,,"AB 02, AB 04, AB 05, AB 06, AB 08"
vowel-candidate,AB 78,AB 37,,AB 38,51,,30,,"AB 02, AB 03, AB 04, AB 05, AB 06"
vowel-candidate,AB 04,AB 85,,AB 36,51,,7,,"AB 05, AB 36, AB 52, AB 57, AB 59"
vowel-candidate,AB 82,AB 03,,AB 27,51,,2,,"AB 27, AB 39"
vowel-candidate,AB 22,AB 11,,AB 01,51,,1,,AB 01
vowel-candidate,AB 22,AB 44,,AB 01,51,,1,,AB 01
consonant-candidate,AB 12,AB 42,AB 38,,50,41,,"AB 01, AB 02, AB 03, AB 04, AB 05",
consonant-candidate,AB 06,AB 42,AB 38,,50,43,,"AB 01, AB 02, AB 03, AB 04, AB 05",
consonant-candidate,AB 04,AB 27,AB 38,,50,41,,"AB 02, AB 03, AB 04, AB 05, AB 06",
consonant-candidate,AB 37,AB 52,AB 38,,50,34,,"AB 01, AB 02, AB 03, AB 04, AB 05",
consonant-candidate,AB 10,AB 68,AB 38,,50,8,,"AB 08, AB 24, AB 32, AB 36, AB 38",
consonant-candidate,AB 52,AB 13,AB 38,,50,29,,"AB 02, AB 04, AB 05, AB 06, AB 08",
consonant-candidate,AB 52,AB 62,AB 38,,50,6,,"AB 27, AB 37, AB 38, AB 52, AB 53",
vowel-candidate,AB 03,AB 42,,AB 77,50,,39,,"AB 02, AB 03, AB 04, AB 05, AB 06"
vowel-candidate,AB 03,AB 17,,AB 02,50,,10,,"AB 02, AB 07, AB 27, AB 28, AB 36"
vowel-candidate,AB 79,AB 27,,AB 08,50,,2,,"AB 08, AB 80"
vowel-candidate,AB 82,AB 75,,AB 27,50,,2,,"AB 27, AB 39"
vowel-candidate,AB 90,AB 03,,AB 27,50,,1,,AB 27
vowel-candidate,AB 74,AB 46,,AB 28,50,,1,,AB 28
vowel-candidate,AB 22,AB 27,,AB 01,50,,1,,AB 01
vowel-candidate,AB 22,AB 50,,AB 01,50,,1,,AB 01
vowel-candidate,AB 22,AB 72,,AB 01,50,,1,,AB 01
consonant-candidate,AB 20,AB 61,AB 38,,49,19,,"AB 01, AB 02, AB 03, AB 04, AB 05",
consonant-candidate,AB 77,AB 27,AB 38,,49,39,,"AB 02, AB 03, AB 04, AB 05, AB 06",
consonant-candidate,AB 90,AB 52,AB 38,,49,2,,"AB 36, AB 38",
consonant-candidate,AB 10,AB 31,AB 38,,49,35,,"AB 01, AB 02, AB 03, AB 04, AB 05",
consonant-candidate,AB 10,AB 72,AB 38,,49,34,,"AB 01, AB 02, AB 04, AB 05, AB 07",
consonant-candidate,AB 27,AB 28,AB 38,,49,38,,"AB 02, AB 03, AB 04, AB 05, AB 06",
consonant-candidate,AB 36,AB 82,AB 70,,49,4,,"AB 45, AB 61, AB 70, AB 80",
consonant-candidate,AB 36,AB 79,AB 70,,49,2,,"AB 04, AB 70",
consonant-candidate,AB 13,AB 87,AB 59,,49,1,,AB 59,
consonant-candidate,AB 22,AB 01,AB 05,,49,2,,"AB 05, AB 46",
vowel-candidate,AB 03,AB 53,,AB 77,49,,38,,"AB 02, AB 03, AB 04, AB 05, AB 07"
vowel-candidate,AB 03,AB 40,,AB 77,49,,33,,"AB 02, AB 03, AB 04, AB 05, AB 06"
vowel-candidate,AB 80,AB 45,,AB 77,49,,27,,"AB 02, AB 04, AB 05, AB 06, AB 08"
vowel-candidate,AB 80,AB 52,,AB 77,49,,31,,"AB 01, AB 02, AB 05, AB 06, AB 08"
vowel-candidate,AB 80,AB 54,,AB 77,49,,37,,"AB 01, AB 02, AB 04, AB 05, AB 06"
vowel-candidate,AB 80,AB 07,,AB 77,49,,23,,"AB 02, AB 05, AB 08, AB 10, AB 15"
vowel-candidate,AB 39,AB 68,,AB 38,49,,4,,"AB 08, AB 38, AB 78, AB 81"
vowel-candidate,AB 39,AB 65,,AB 38,49,,6,,"AB 08, AB 28, AB 38, AB 42, AB 53"
vowel-candidate,AB 38,AB 51,,AB 10,49,,15,,"AB 02, AB 04, AB 07, AB 08, AB 10"
vowel-candidate,AB 03,AB 74,,AB 02,49,,7,,"AB 02, AB 03, AB 08, AB 28, AB 36"
vowel-candidate,AB 70,AB 29,,AB 36,49,,8,,"AB 01, AB 05, AB 08, AB 36, AB 44"
vowel-candidate,AB 90,AB 75,,AB 27,49,,1,,AB 27
consonant-candidate,AB 38,AB 27,AB 38,,48,40,,"AB 02, AB 03, AB 04, AB 05, AB 06",
consonant-candidate,AB 15,AB 42,AB 38,,48,43,,"AB 01, AB 02, AB 03, AB 04, AB 05",
consonant-candidate,AB 80,AB 42,AB 38,,48,34,,"AB 01, AB 02, AB 04, AB 05, AB 06",
consonant-candidate,AB 44,AB 51,AB 02,,48,13,,"AB 02, AB 05, AB 06, AB 15, AB 29",
consonant-candidate,AB 67,AB 64,AB 36,,48,2,,"AB 36, AB 57",
consonant-candidate,AB 12,AB 22,AB 05,,48,1,,AB 05,
consonant-candidate,AB 15,AB 65,AB 05,,48,4,,"AB 05, AB 77, AB 78, AB 80",
vowel-candidate,AB 80,AB 10,,AB 77,48,,26,,"AB 01, AB 02, AB 04, AB 05, AB 06"
vowel-candidate,AB 39,AB 32,,AB 38,48,,23,,"AB 02, AB 05, AB 06, AB 07, AB 08"
vowel-candidate,AB 30,AB 48,,AB 37,48,,2,,"AB 37, AB 41"
vowel-candidate,AB 03,AB 85,,AB 36,48,,7,,"AB 05, AB 36, AB 52, AB 57, AB 59"
vowel-candidate,AB 75,AB 34,,AB 24,48,,4,,"AB 08, AB 15, AB 24, AB 61"
vowel-candidate,AB 57,AB 82,,AB 27,48,,2,,"AB 27, AB 39"
vowel-candidate,AB 42,AB 87,,AB 01,48,,1,,AB 01
vowel-candidate,AB 83,AB 24,,AB 01,48,,1,,AB 01
consonant-candidate,AB 20,AB 54,AB 38,,47,18,,"AB 01, AB 02, AB 03, AB 04, AB 05",
consonant-candidate,AB 20,AB 25,AB 38,,47,12,,"AB 01, AB 02, AB 03, AB 04, AB 05",
consonant-candidate,AB 37,AB 10,AB 38,,47,34,,"AB 01, AB 02, AB 03, AB 04, AB 05",
consonant-candidate,AB 10,AB 13,AB 38,,47,27,,"AB 02, AB 04, AB 05, AB 06, AB 08",
consonant-candidate,AB 10,AB 62,AB 38,,47,6,,"AB 27, AB 37, AB 38, AB 52, AB 53",
consonant-candidate,AB 02,AB 74,AB 10,,47,6,,"AB 02, AB 05, AB 10, AB 37, AB 75",
consonant-candidate,AB 78,AB 71,AB 59,,47,2,,"AB 04, AB 59",
consonant-candidate,AB 27,AB 87,AB 59,,47,1,,AB 59,
consonant-candidate,AB 13,AB 34,AB 59,,47,1,,AB 59,
consonant-candidate,AB 22,AB 85,AB 05,,47,1,,AB 05,
vowel-candidate,AB 03,AB 26,,AB 77,47,,22,,"AB 02, AB 04, AB 05, AB 08, AB 10"
vowel-candidate,AB 31,AB 61,,AB 77,47,,29,,"AB 02, AB 03, AB 04, AB 05, AB 06"
vowel-candidate,AB 80,AB 36,,AB 77,47,,31,,"AB 01, AB 02, AB 04, AB 05, AB 06"
vowel-candidate,AB 80,AB 14,,AB 77,47,,33,,"AB 01, AB 02, AB 04, AB 05, AB 06"
vowel-candidate,AB 78,AB 09,,AB 38,47,,21,,"AB 02, AB 04, AB 05, AB 06, AB 08"
vowel-candidate,AB 10,AB 17,,AB 02,47,,9,,"AB 02, AB 07, AB 13, AB 27, AB 36"
vowel-candidate,AB 52,AB 85,,AB 36,47,,6,,"AB 05, AB 36, AB 52, AB 57, AB 59"
vowel-candidate,AB 77,AB 29,,AB 36,47,,9,,"AB 01, AB 05, AB 08, AB 36, AB 44"
vowel-candidate,AB 10,AB 34,,AB 24,47,,4,,"AB 08, AB 15, AB 24, AB 61"
vowel-candidate,AB 57,AB 90,,AB 27,47,,1,,AB 27
vowel-candidate,AB 87,AB 24,,AB 01,47,,1,,AB 01
consonant-candidate,AB 30,AB 06,AB 12,,46,19,,"AB 03, AB 05, AB 08, AB 12, AB 15",
consonant-candidate,AB 06,AB 10,AB 12,,46,39,,"AB 01, AB 02, AB 03, AB 04, AB 05",
consonant-candidate,AB 12,AB 78,AB 38,,46,33,,"AB 01, AB 02, AB 03, AB 04, AB 05",
consonant-candidate,AB 06,AB 78,AB 38,,46,32,,"AB 01, AB 02, AB 03, AB 04, AB 05",
consonant-candidate,AB 20,AB 32,AB 38,,46,14,,"AB 01, AB 02, AB 03, AB 04, AB 05",
consonant-candidate,AB 24,AB 75,AB 38,,46,34,,"AB 01, AB 03, AB 04, AB 05, AB 08",
consonant-candidate,AB 90,AB 10,AB 38,,46,2,,"AB 36, AB 38",
consonant-candidate,AB 42,AB 70,AB 38,,46,49,,"AB 01, AB 02, AB 03, AB 04, AB 05",
consonant-candidate,AB 02,AB 63,AB 10,,46,2,,"AB 04, AB 10",
consonant-candidate,AB 14,AB 22,AB 37,,46,2,,"AB 05, AB 37",
consonant-candidate,AB 10,AB 64,AB 36,,46,2,,"AB 36, AB 57",
consonant-candidate,AB 75,AB 71,AB 59,,46,2,,"AB 04, AB 59",
consonant-candidate,AB 85,AB 13,AB 59,,46,5,,"AB 04, AB 05, AB 45, AB 53, AB 59",
consonant-candidate,AB 13,AB 19,AB 59,,46,1,,AB 59,
consonant-candidate,AB 15,AB 35,AB 05,,46,2,,"AB 05, AB 67",
consonant-candidate,AB 24,AB 91,AB 75,,46,1,,AB 75,
vowel-candidate,AB 31,AB 27,,AB 77,46,,29,,"AB 02, AB 03, AB 04, AB 05, AB 06"
vowel-candidate,AB 31,AB 75,,AB 77,46,,29,,"AB 02, AB 03, AB 04, AB 05, AB 06"
vowel-candidate,AB 70,AB 61,,AB 77,46,,49,,"AB 01, AB 02, AB 03, AB 04, AB 05"
vowel-candidate,AB 61,AB 05,,AB 77,46,,48,,"AB 01, AB 02, AB 03, AB 04, AB 05"
vowel-candidate,AB 80,AB 15,,AB 77,46,,26,,"AB 01, AB 02, AB 04, AB 05, AB 06"
vowel-candidate,AB 80,AB 30,,AB 77,46,,28,,"AB 02, AB 05, AB 06, AB 08, AB 14"
vowel-candidate,AB 80,AB 11,,AB 77,46,,32,,"AB 01, AB 02, AB 04, AB 05, AB 06"
vowel-candidate,AB 80,AB 72,,AB 77,46,,29,,"AB 01, AB 02, AB 04, AB 05, AB 06"
vowel-candidate,AB 78,AB 67,,AB 38,46,,28,,"AB 02, AB 03, AB 04, AB 05, AB 06"
vowel-candidate,AB 78,AB 80,,AB 38,46,,30,,"AB 02, AB 04, AB 05, AB 06, AB 08"
vowel-candidate,AB 36,AB 51,,AB 10,46,,13,,"AB 02, AB 04, AB 07, AB 10, AB 36"
vowel-candidate,AB 10,AB 74,,AB 02,46,,6,,"AB 02, AB 03, AB 08, AB 36, AB 42"
vowel-candidate,AB 46,AB 06,,AB 54,46,,11,,"AB 01, AB 28, AB 37, AB 39, AB 40"
vowel-candidate,AB 06,AB 63,,AB 54,46,,3,,"AB 28, AB 54, AB 81"
vowel-candidate,AB 05,AB 85,,AB 36,46,,7,,"AB 05, AB 36, AB 52, AB 57, AB 59"
vowel-candidate,AB 03,AB 62,,AB 59,46,,4,,"AB 07, AB 59, AB 60, AB 78"
vowel-candidate,AB 83,AB 25,,AB 01,46,,1,,AB 01
consonant-candidate,AB 20,AB 41,AB 38,,45,17,,"AB 01, AB 02, AB 03, AB 04, AB 05",
consonant-candidate,AB 20,AB 83,AB 38,,45,3,,"AB 36, AB 38, AB 61",
consonant-candidate,AB 24,AB 27,AB 38,,45,32,,"AB 03, AB 04, AB 05, AB 08, AB 10",
consonant-candidate,AB 42,AB 08,AB 38,,45,49,,"AB 01, AB 02, AB 03, AB 04, AB 05",
consonant-candidate,AB 24,AB 74,AB 10,,45,5,,"AB 05, AB 10, AB 37, AB 75, AB 78",
consonant-candidate,AB 41,AB 56,AB 70,,45,6,,"AB 01, AB 28, AB 51, AB 53, AB 60",
consonant-candidate,AB 27,AB 34,AB 59,,45,3,,"AB 44, AB 59, AB 77",
vowel-candidate,AB 56,AB 80,,AB 77,45,,13,,"AB 02, AB 04, AB 05, AB 08, AB 10"
vowel-candidate,AB 27,AB 70,,AB 77,45,,45,,"AB 01, AB 02, AB 03, AB 04, AB 05"
vowel-candidate,AB 27,AB 05,,AB 77,45,,47,,"AB 01, AB 02, AB 03, AB 04, AB 05"
vowel-candidate,AB 70,AB 75,,AB 77,45,,44,,"AB 01, AB 02, AB 03, AB 04, AB 05"
vowel-candidate,AB 80,AB 09,,AB 77,45,,23,,"AB 02, AB 04, AB 05, AB 06, AB 08"
vowel-candidate,AB 80,AB 57,,AB 77,45,,32,,"AB 01, AB 02, AB 04, AB 06, AB 08"
vowel-candidate,AB 80,AB 33,,AB 77,45,,6,,"AB 04, AB 38, AB 39, AB 72, AB 77"
vowel-candidate,AB 80,AB 39,,AB 77,45,,30,,"AB 02, AB 04, AB 05, AB 06, AB 08"
vowel-candidate,AB 05,AB 75,,AB 77,45,,46,,"AB 01, AB 02, AB 03, AB 04, AB 05"
vowel-candidate,AB 13,AB 40,,AB 38,45,,33,,"AB 02, AB 03, AB 04, AB 05, AB 06"
vowel-candidate,AB 76,AB 13,,AB 37,45,,8,,"AB 03, AB 16, AB 37, AB 39, AB 44"
vowel-candidate,AB 03,AB 91,,AB 61,45,,1,,AB 61
vowel-candidate,AB 87,AB 25,,AB 01,45,,1,,AB 01
consonant-candidate,AB 52,AB 06,AB 12,,44,45,,"AB 01, AB 02, AB 03, AB 04, AB 05",
consonant-candidate,AB 50,AB 06,AB 12,,44,21,,"AB 01, AB 02, AB 04, AB 05, AB 12",
consonant-candidate,AB 20,AB 53,AB 38,,44,17,,"AB 01, AB 03, AB 04, AB 05, AB 08",
consonant-candidate,AB 20,AB 67,AB 38,,44,13,,"AB 01, AB 02, AB 03, AB 04, AB 05",
consonant-candidate,AB 20,AB 68,AB 38,,44,4,,"AB 08, AB 36, AB 38, AB 61",
consonant-candidate,AB 20,AB 01,AB 38,,44,14,,"AB 01, AB 02, AB 04, AB 05, AB 25",
consonant-candidate,AB 15,AB 78,AB 38,,44,32,,"AB 01, AB 02, AB 03, AB 04, AB 05",
consonant-candidate,AB 75,AB 61,AB 38,,44,43,,"AB 01, AB 02, AB 03, AB 04, AB 05",
consonant-candidate,AB 80,AB 78,AB 38,,44,24,,"AB 01, AB 02, AB 04, AB 05, AB 06",
consonant-candidate,AB 42,AB 78,AB 38,,44,33,,"AB 01, AB 02, AB 03, AB 04, AB 05",
consonant-candidate,AB 24,AB 63,AB 10,,44,2,,"AB 04, AB 10",
consonant-candidate,AB 60,AB 46,AB 10,,44,20,,"AB 01, AB 02, AB 04, AB 05, AB 10",
consonant-candidate,AB 29,AB 44,AB 02,,44,11,,"AB 02, AB 04, AB 27, AB 37, AB 40",
consonant-candidate,AB 60,AB 22,AB 37,,44,3,,"AB 05, AB 37, AB 46",
consonant-candidate,AB 27,AB 85,AB 59,,44,5,,"AB 04, AB 05, AB 44, AB 45, AB 59",
consonant-candidate,AB 27,AB 19,AB 59,,44,1,,AB 59,
consonant-candidate,AB 58,AB 85,AB 05,,44,2,,"AB 05, AB 53",
consonant-candidate,AB 22,AB 46,AB 05,,44,1,,AB 05,
consonant-candidate,AB 22,AB 65,AB 05,,44,1,,AB 05,
vowel-candidate,AB 03,AB 12,,AB 77,44,,32,,"AB 03, AB 04, AB 05, AB 06, AB 07"
vowel-candidate,AB 03,AB 24,,AB 77,44,,28,,"AB 02, AB 05, AB 06, AB 08, AB 10"
vowel-candidate,AB 03,AB 37,,AB 77,44,,35,,"AB 02, AB 03, AB 04, AB 05, AB 06"
vowel-candidate,AB 03,AB 28,,AB 77,44,,35,,"AB 02, AB 03, AB 04, AB 05, AB 06"
vowel-candidate,AB 03,AB 01,,AB 77,44,,39,,"AB 02, AB 03, AB 04, AB 05, AB 06"
vowel-candidate,AB 03,AB 77,,AB 77,44,,41,,"AB 02, AB 03, AB 04, AB 05, AB 06"
vowel-candidate,AB 03,AB 08,,AB 77,44,,41,,"AB 02, AB 03, AB 04, AB 05, AB 06"
vowel-candidate,AB 31,AB 38,,AB 77,44,,31,,"AB 02, AB 03, AB 04, AB 05, AB 06"
vowel-candidate,AB 31,AB 02,,AB 77,44,,31,,"AB 02, AB 03, AB 04, AB 05, AB 06"
vowel-candidate,AB 80,AB 55,,AB 77,44,,16,,"AB 01, AB 02, AB 08, AB 31, AB 37"
vowel-candidate,AB 80,AB 73,,AB 77,44,,27,,"AB 01, AB 02, AB 04, AB 05, AB 08"
vowel-candidate,AB 80,AB 50,,AB 77,44,,20,,"AB 01, AB 02, AB 04, AB 05, AB 06"
vowel-candidate,AB 80,AB 67,,AB 77,44,,30,,"AB 02, AB 04, AB 05, AB 06, AB 08"
vowel-candidate,AB 80,AB 23,,AB 77,44,,9,,"AB 02, AB 05, AB 08, AB 31, AB 37"
vowel-candidate,AB 80,AB 69,,AB 77,44,,22,,"AB 02, AB 04, AB 05, AB 08, AB 10"
vowel-candidate,AB 80,AB 25,,AB 77,44,,20,,"AB 01, AB 04, AB 05, AB 24, AB 27"
vowel-candidate,AB 80,AB 20,,AB 77,44,,18,,"AB 01, AB 02, AB 06, AB 31, AB 36"
vowel-candidate,AB 13,AB 85,,AB 36,44,,7,,"AB 05, AB 36, AB 52, AB 57, AB 59"
vowel-candidate,AB 59,AB 82,,AB 27,44,,2,,"AB 27, AB 39"
consonant-candidate,AB 11,AB 06,AB 12,,43,36,,"AB 01, AB 02, AB 03, AB 04, AB 05",
consonant-candidate,AB 20,AB 40,AB 38,,43,12,,"AB 01, AB 02, AB 03, AB 04, AB 05",
consonant-candidate,AB 20,AB 31,AB 38,,43,15,,"AB 01, AB 02, AB 03, AB 04, AB 05",
consonant-candidate,AB 20,AB 72,AB 38,,43,12,,"AB 01, AB 02, AB 04, AB 05, AB 08",
consonant-candidate,AB 39,AB 42,AB 38,,43,44,,"AB 01, AB 02, AB 03, AB 04, AB 05",
consonant-candidate,AB 42,AB 45,AB 38,,43,39,,"AB 01, AB 02, AB 03, AB 04, AB 05",
consonant-candidate,AB 27,AB 61,AB 38,,43,43,,"AB 02, AB 03, AB 04, AB 05, AB 06",
consonant-candidate,AB 69,AB 56,AB 70,,43,6,,"AB 26, AB 37, AB 52, AB 53, AB 60",
consonant-candidate,AB 51,AB 80,AB 02,,43,10,,"AB 02, AB 05, AB 06, AB 26, AB 42",
consonant-candidate,AB 54,AB 71,AB 59,,43,2,,"AB 04, AB 59",
consonant-candidate,AB 78,AB 87,AB 59,,43,1,,AB 59,
consonant-candidate,AB 03,AB 71,AB 59,,43,2,,"AB 04, AB 59",
consonant-candidate,AB 22,AB 17,AB 05,,43,1,,AB 05,
vowel-candidate,AB 31,AB 41,,AB 77,43,,28,,"AB 02, AB 03, AB 04, AB 05, AB 06"
vowel-candidate,AB 70,AB 38,,AB 77,43,,47,,"AB 01, AB 02, AB 03, AB 04, AB 05"
vowel-candidate,AB 70,AB 02,,AB 77,43,,49,,"AB 01, AB 02, AB 03, AB 04, AB 05"
vowel-candidate,AB 38,AB 05,,AB 77,43,,48,,"AB 01, AB 02, AB 03, AB 04, AB 05"
vowel-candidate,AB 05,AB 02,,AB 77,43,,52,,"AB 01, AB 02, AB 03, AB 04, AB 05"
vowel-candidate,AB 78,AB 33,,AB 38,43,,4,,"AB 04, AB 38, AB 39, AB 72"
vowel-candidate,AB 85,AB 28,,AB 36,43,,7,,"AB 05, AB 36, AB 52, AB 57, AB 59"
vowel-candidate,AB 52,AB 68,,AB 08,43,,4,,"AB 03, AB 08, AB 69, AB 81"
vowel-candidate,AB 59,AB 90,,AB 27,43,,1,,AB 27
consonant-candidate,AB 20,AB 03,AB 38,,42,17,,"AB 01, AB 02, AB 03, AB 04, AB 05",
consonant-candidate,AB 20,AB 73,AB 38,,42,9,,"AB 03, AB 04, AB 05, AB 08, AB 36",
consonant-candidate,AB 04,AB 42,AB 38,,42,44,,"AB 01, AB 02, AB 03, AB 04, AB 05",
consonant-candidate,AB 75,AB 25,AB 38,,42,24,,"AB 01, AB 02, AB 03, AB 04, AB 05",
consonant-candidate,AB 70,AB 78,AB 38,,42,34,,"AB 01, AB 02, AB 03, AB 04, AB 05",
consonant-candidate,AB 75,AB 46,AB 10,,42,18,,"AB 01, AB 02, AB 04, AB 05, AB 10",
consonant-candidate,AB 56,AB 72,AB 70,,42,7,,"AB 01, AB 26, AB 28, AB 37, AB 53",
consonant-candidate,AB 56,AB 25,AB 70,,42,6,,"AB 01, AB 28, AB 52, AB 53, AB 60",
consonant-candidate,AB 75,AB 87,AB 59,,42,1,,AB 59,
consonant-candidate,AB 22,AB 51,AB 05,,42,1,,AB 05,
consonant-candidate,AB 22,AB 35,AB 05,,42,1,,AB 05,
consonant-candidate,AB 22,AB 20,AB 05,,42,1,,AB 05,
consonant-candidate,AB 22,AB 25,AB 05,,42,1,,AB 05,
consonant-candidate,AB 03,AB 91,AB 75,,42,1,,AB 75,
vowel-candidate,AB 03,AB 45,,AB 77,42,,31,,"AB 02, AB 03, AB 04, AB 05, AB 06"
vowel-candidate,AB 03,AB 52,,AB 77,42,,33,,"AB 02, AB 03, AB 05, AB 06, AB 08"
vowel-candidate,AB 03,AB 54,,AB 77,42,,36,,"AB 02, AB 03, AB 04, AB 05, AB 06"
vowel-candidate,AB 03,AB 07,,AB 77,42,,24,,"AB 02, AB 05, AB 08, AB 10, AB 11"
vowel-candidate,AB 31,AB 42,,AB 77,42,,32,,"AB 02, AB 03, AB 04, AB 05, AB 06"
vowel-candidate,AB 70,AB 41,,AB 77,42,,40,,"AB 01, AB 02, AB 03, AB 04, AB 05"
vowel-candidate,AB 05,AB 41,,AB 77,42,,41,,"AB 01, AB 02, AB 03, AB 04, AB 05"
vowel-candidate,AB 81,AB 85,,AB 36,42,,7,,"AB 05, AB 36, AB 52, AB 57, AB 59"
vowel-candidate,AB 80,AB 85,,AB 36,42,,6,,"AB 05, AB 36, AB 52, AB 57, AB 59"
vowel-candidate,AB 52,AB 64,,AB 08,42,,1,,AB 08
vowel-candidate,AB 64,AB 57,,AB 08,42,,1,,AB 08
vowel-candidate,AB 73,AB 87,,AB 01,42,,1,,AB 01
consonant-candidate,AB 53,AB 06,AB 12,,41,38,,"AB 01, AB 03, AB 04, AB 05, AB 08",
consonant-candidate,AB 54,AB 06,AB 12,,41,33,,"AB 01, AB 02, AB 03, AB 04, AB 05",
consonant-candidate,AB 06,AB 26,AB 12,,41,29,,"AB 01, AB 02, AB 04, AB 05, AB 11",
consonant-candidate,AB 20,AB 37,AB 38,,41,15,,"AB 01, AB 02, AB 03, AB 04, AB 05",
consonant-candidate,AB 20,AB 11,AB 38,,41,16,,"AB 01, AB 02, AB 03, AB 04, AB 05",
consonant-candidate,AB 20,AB 09,AB 38,,41,11,,"AB 01, AB 02, AB 04, AB 05, AB 13",
consonant-candidate,AB 20,AB 17,AB 38,,41,7,,"AB 02, AB 05, AB 08, AB 38, AB 42",
consonant-candidate,AB 20,AB 13,AB 38,,41,12,,"AB 02, AB 04, AB 05, AB 08, AB 38",
consonant-candidate,AB 20,AB 62,AB 38,,41,1,,AB 38,
consonant-candidate,AB 77,AB 42,AB 38,,41,45,,"AB 01, AB 02, AB 03, AB 04, AB 05",
consonant-candidate,AB 42,AB 28,AB 38,,41,41,,"AB 01, AB 02, AB 03, AB 04, AB 05",
consonant-candidate,AB 27,AB 54,AB 38,,41,33,,"AB 02, AB 03, AB 04, AB 05, AB 06",
consonant-candidate,AB 27,AB 25,AB 38,,41,22,,"AB 02, AB 03, AB 04, AB 05, AB 08",
consonant-candidate,AB 08,AB 78,AB 38,,41,34,,"AB 01, AB 02, AB 03, AB 04, AB 05",
consonant-candidate,AB 27,AB 56,AB 70,,41,6,,"AB 26, AB 28, AB 37, AB 52, AB 60",
consonant-candidate,AB 04,AB 51,AB 02,,41,12,,"AB 02, AB 05, AB 06, AB 15, AB 26",
consonant-candidate,AB 14,AB 21,AB 37,,41,9,,"AB 36, AB 37, AB 41, AB 42, AB 45",
consonant-candidate,AB 78,AB 34,AB 59,,41,3,,"AB 44, AB 59, AB 77",
consonant-candidate,AB 58,AB 65,AB 05,,41,1,,AB 05,
consonant-candidate,AB 57,AB 91,AB 75,,41,1,,AB 75,
consonant-candidate,AB 38,AB 91,AB 75,,41,1,,AB 75,
vowel-candidate,AB 03,AB 10,,AB 77,41,,29,,"AB 02, AB 03, AB 04, AB 05, AB 06"
vowel-candidate,AB 31,AB 53,,AB 77,41,,27,,"AB 02, AB 03, AB 04, AB 05, AB 08"
vowel-candidate,AB 31,AB 40,,AB 77,41,,25,,"AB 02, AB 03, AB 04, AB 05, AB 06"
vowel-candidate,AB 70,AB 42,,AB 77,41,,51,,"AB 01, AB 02, AB 03, AB 04, AB 05"
vowel-candidate,AB 05,AB 42,,AB 77,41,,51,,"AB 01, AB 02, AB 03, AB 04, AB 05"
vowel-candidate,AB 07,AB 78,,AB 38,41,,20,,"AB 02, AB 05, AB 08, AB 10, AB 11"
vowel-candidate,AB 78,AB 68,,AB 38,41,,4,,"AB 03, AB 08, AB 38, AB 78"
vowel-candidate,AB 78,AB 65,,AB 38,41,,5,,"AB 08, AB 28, AB 38, AB 42, AB 72"
vowel-candidate,AB 75,AB 68,,AB 38,41,,6,,"AB 03, AB 08, AB 38, AB 69, AB 78"
vowel-candidate,AB 75,AB 65,,AB 38,41,,6,,"AB 08, AB 28, AB 38, AB 42, AB 53"
vowel-candidate,AB 04,AB 29,,AB 36,41,,8,,"AB 01, AB 05, AB 08, AB 36, AB 44"
vowel-candidate,AB 11,AB 85,,AB 36,41,,7,,"AB 05, AB 36, AB 52, AB 57, AB 59"
vowel-candidate,AB 42,AB 62,,AB 59,41,,5,,"AB 07, AB 26, AB 59, AB 60, AB 78"
consonant-candidate,AB 60,AB 06,AB 12,,40,45,,"AB 01, AB 02, AB 03, AB 04, AB 05",
consonant-candidate,AB 38,AB 42,AB 38,,40,45,,"AB 01, AB 02, AB 03, AB 04, AB 05",
consonant-candidate,AB 20,AB 90,AB 38,,40,2,,"AB 36, AB 38",
consonant-candidate,AB 20,AB 07,AB 38,,40,10,,"AB 01, AB 02, AB 03, AB 36, AB 38",
consonant-candidate,AB 20,AB 30,AB 38,,40,9,,"AB 03, AB 05, AB 08, AB 36, AB 38",
consonant-candidate,AB 20,AB 81,AB 38,,40,12,,"AB 01, AB 02, AB 03, AB 04, AB 36",
consonant-candidate,AB 20,AB 16,AB 38,,40,11,,"AB 01, AB 02, AB 04, AB 05, AB 13",
consonant-candidate,AB 75,AB 41,AB 38,,40,34,,"AB 01, AB 02, AB 03, AB 04, AB 05",
consonant-candidate,AB 75,AB 83,AB 38,,40,5,,"AB 27, AB 36, AB 38, AB 57, AB 61",
consonant-candidate,AB 27,AB 32,AB 38,,40,25,,"AB 02, AB 03, AB 04, AB 05, AB 08",
consonant-candidate,AB 45,AB 46,AB 10,,40,17,,"AB 01, AB 02, AB 04, AB 05, AB 10",
consonant-candidate,AB 78,AB 85,AB 59,,40,5,,"AB 04, AB 05, AB 44, AB 53, AB 59",
consonant-candidate,AB 78,AB 19,AB 59,,40,1,,AB 59,
consonant-candidate,AB 53,AB 71,AB 59,,40,2,,"AB 04, AB 59",
consonant-candidate,AB 75,AB 34,AB 59,,40,3,,"AB 44, AB 59, AB 77",
consonant-candidate,AB 04,AB 91,AB 75,,40,1,,AB 75,
vowel-candidate,AB 03,AB 36,,AB 77,40,,39,,"AB 02, AB 03, AB 04, AB 05, AB 06"
vowel-candidate,AB 03,AB 14,,AB 77,40,,33,,"AB 02, AB 03, AB 04, AB 05, AB 06"
vowel-candidate,AB 70,AB 53,,AB 77,40,,44,,"AB 02, AB 03, AB 04, AB 05, AB 07"
vowel-candidate,AB 70,AB 40,,AB 77,40,,39,,"AB 01, AB 02, AB 03, AB 04, AB 05"
vowel-candidate,AB 05,AB 53,,AB 77,40,,46,,"AB 02, AB 03, AB 04, AB 05, AB 08"
vowel-candidate,AB 05,AB 40,,AB 77,40,,39,,"AB 01, AB 02, AB 03, AB 04, AB 05"
vowel-candidate,AB 04,AB 68,,AB 38,40,,6,,"AB 03, AB 08, AB 38, AB 69, AB 78"
vowel-candidate,AB 04,AB 65,,AB 38,40,,6,,"AB 08, AB 28, AB 38, AB 42, AB 53"
vowel-candidate,AB 78,AB 20,,AB 38,40,,15,,"AB 02, AB 03, AB 06, AB 11, AB 31"
vowel-candidate,AB 78,AB 32,,AB 38,40,,22,,"AB 02, AB 03, AB 05, AB 06, AB 08"
vowel-candidate,AB 75,AB 32,,AB 38,40,,26,,"AB 02, AB 03, AB 05, AB 06, AB 07"
vowel-candidate,AB 50,AB 32,,AB 02,40,,15,,"AB 02, AB 03, AB 05, AB 06, AB 08"
vowel-candidate,AB 43,AB 32,,AB 02,40,,9,,"AB 02, AB 05, AB 06, AB 15, AB 28"
vowel-candidate,AB 01,AB 85,,AB 36,40,,7,,"AB 05, AB 36, AB 52, AB 57, AB 59"
vowel-candidate,AB 11,AB 91,,AB 61,40,,1,,AB 61
consonant-candidate,AB 45,AB 06,AB 12,,39,38,,"AB 01, AB 02, AB 03, AB 04, AB 05",
consonant-candidate,AB 57,AB 06,AB 12,,39,45,,"AB 01, AB 02, AB 03, AB 04, AB 05",
consonant-candidate,AB 12,AB 24,AB 38,,39,30,,"AB 01, AB 03, AB 04, AB 05, AB 08",
consonant-candidate,AB 06,AB 24,AB 38,,39,32,,"AB 01, AB 03, AB 04, AB 05, AB 08",
consonant-candidate,AB 75,AB 68,AB 38,,39,7,,"AB 08, AB 32, AB 36, AB 38, AB 60",
consonant-candidate,AB 39,AB 78,AB 38,,39,33,,"AB 01, AB 02, AB 03, AB 04, AB 05",
consonant-candidate,AB 45,AB 78,AB 38,,39,30,,"AB 01, AB 02, AB 03, AB 04, AB 05",
consonant-candidate,AB 41,AB 27,AB 38,,39,32,,"AB 02, AB 03, AB 04, AB 05, AB 06",
consonant-candidate,AB 27,AB 83,AB 38,,39,4,,"AB 36, AB 38, AB 57, AB 61",
consonant-candidate,AB 20,AB 56,AB 70,,39,2,,"AB 01, AB 70",
consonant-candidate,AB 29,AB 80,AB 02,,39,10,,"AB 02, AB 04, AB 26, AB 27, AB 37",
consonant-candidate,AB 60,AB 21,AB 37,,39,11,,"AB 20, AB 36, AB 37, AB 41, AB 42",
consonant-candidate,AB 54,AB 87,AB 59,,39,1,,AB 59,
consonant-candidate,AB 03,AB 87,AB 59,,39,1,,AB 59,
consonant-candidate,AB 75,AB 85,AB 59,,39,5,,"AB 04, AB 05, AB 44, AB 53, AB 59",
consonant-candidate,AB 75,AB 19,AB 59,,39,1,,AB 59,
consonant-candidate,AB 06,AB 71,AB 59,,39,2,,"AB 04, AB 59",
consonant-candidate,AB 58,AB 35,AB 05,,39,2,,"AB 05, AB 67",
vowel-candidate,AB 03,AB 15,,AB 77,39,,27,,"AB 02, AB 03, AB 04, AB 05, AB 06"
vowel-candidate,AB 03,AB 30,,AB 77,39,,31,,"AB 02, AB 03, AB 05, AB 06, AB 08"
vowel-candidate,AB 03,AB 11,,AB 77,39,,36,,"AB 02, AB 03, AB 04, AB 05, AB 06"
vowel-candidate,AB 03,AB 72,,AB 77,39,,32,,"AB 02, AB 03, AB 04, AB 05, AB 06"
vowel-candidate,AB 31,AB 26,,AB 77,39,,17,,"AB 02, AB 04, AB 05, AB 08, AB 10"
vowel-candidate,AB 27,AB 61,,AB 77,39,,42,,"AB 01, AB 02, AB 03, AB 04, AB 05"
vowel-candidate,AB 61,AB 75,,AB 77,39,,39,,"AB 01, AB 02, AB 03, AB 04, AB 05"
vowel-candidate,AB 04,AB 32,,AB 38,39,,25,,"AB 02, AB 03, AB 05, AB 06, AB 08"
vowel-candidate,AB 16,AB 17,,AB 02,39,,7,,"AB 02, AB 27, AB 36, AB 53, AB 57"
vowel-candidate,AB 17,AB 39,,AB 02,39,,9,,"AB 02, AB 07, AB 27, AB 28, AB 36"
vowel-candidate,AB 42,AB 85,,AB 36,39,,7,,"AB 05, AB 36, AB 52, AB 57, AB 59"
vowel-candidate,AB 73,AB 64,,AB 08,39,,1,,AB 08
vowel-candidate,AB 71,AB 36,,AB 73,39,,1,,AB 73
consonant-candidate,AB 04,AB 78,AB 38,,38,34,,"AB 01, AB 02, AB 03, AB 04, AB 05",
consonant-candidate,AB 75,AB 31,AB 38,,38,33,,"AB 01, AB 02, AB 03, AB 04, AB 05",
consonant-candidate,AB 75,AB 72,AB 38,,38,34,,"AB 01, AB 02, AB 04, AB 05, AB 07",
consonant-candidate,AB 53,AB 27,AB 38,,38,39,,"AB 03, AB 04, AB 05, AB 06, AB 08",
consonant-candidate,AB 67,AB 27,AB 38,,38,23,,"AB 02, AB 03, AB 04, AB 05, AB 08",
consonant-candidate,AB 27,AB 68,AB 38,,38,8,,"AB 08, AB 24, AB 32, AB 36, AB 38",
consonant-candidate,AB 27,AB 01,AB 38,,38,31,,"AB 02, AB 04, AB 05, AB 06, AB 10",
consonant-candidate,AB 69,AB 77,AB 70,,38,23,,"AB 02, AB 04, AB 05, AB 06, AB 08",
consonant-candidate,AB 56,AB 31,AB 70,,38,7,,"AB 01, AB 28, AB 37, AB 52, AB 53",
consonant-candidate,AB 56,AB 58,AB 70,,38,4,,"AB 37, AB 53, AB 60, AB 70",
consonant-candidate,AB 36,AB 65,AB 05,,38,4,,"AB 05, AB 77, AB 78, AB 80",
consonant-candidate,AB 08,AB 64,AB 57,,38,1,,AB 57,
vowel-candidate,AB 56,AB 03,,AB 77,38,,14,,"AB 02, AB 04, AB 05, AB 08, AB 10"
vowel-candidate,AB 03,AB 09,,AB 77,38,,22,,"AB 02, AB 04, AB 05, AB 06, AB 08"
vowel-candidate,AB 03,AB 57,,AB 77,38,,37,,"AB 02, AB 03, AB 04, AB 06, AB 07"
vowel-candidate,AB 03,AB 33,,AB 77,38,,4,,"AB 04, AB 38, AB 39, AB 77"
vowel-candidate,AB 03,AB 39,,AB 77,38,,36,,"AB 02, AB 04, AB 05, AB 06, AB 07"
vowel-candidate,AB 27,AB 75,,AB 77,38,,42,,"AB 01, AB 02, AB 03, AB 04, AB 05"
vowel-candidate,AB 70,AB 26,,AB 77,38,,25,,"AB 02, AB 04, AB 05, AB 08, AB 10"
vowel-candidate,AB 05,AB 26,,AB 77,38,,25,,"AB 02, AB 04, AB 05, AB 08, AB 10"
vowel-candidate,AB 08,AB 51,,AB 10,38,,13,,"AB 02, AB 04, AB 08, AB 10, AB 36"
vowel-candidate,AB 16,AB 74,,AB 02,38,,5,,"AB 02, AB 08, AB 36, AB 42, AB 61"
vowel-candidate,AB 32,AB 58,,AB 02,38,,9,,"AB 02, AB 05, AB 06, AB 36, AB 39"
vowel-candidate,AB 32,AB 55,,AB 02,38,,8,,"AB 02, AB 03, AB 08, AB 37, AB 42"
vowel-candidate,AB 39,AB 74,,AB 02,38,,6,,"AB 02, AB 08, AB 28, AB 36, AB 42"
vowel-candidate,AB 60,AB 85,,AB 36,38,,7,,"AB 05, AB 36, AB 52, AB 57, AB 59"
vowel-candidate,AB 03,AB 29,,AB 36,38,,7,,"AB 05, AB 08, AB 36, AB 44, AB 45"
vowel-candidate,AB 16,AB 85,,AB 36,38,,6,,"AB 05, AB 36, AB 52, AB 57, AB 59"
vowel-candidate,AB 52,AB 62,,AB 59,38,,3,,"AB 26, AB 59, AB 60"
vowel-candidate,AB 72,AB 64,,AB 08,38,,1,,AB 08
consonant-candidate,AB 77,AB 06,AB 12,,37,40,,"AB 01, AB 02, AB 03, AB 04, AB 05",
consonant-candidate,AB 12,AB 61,AB 38,,37,41,,"AB 01, AB 02, AB 03, AB 04, AB 05",
consonant-candidate,AB 06,AB 61,AB 38,,37,42,,"AB 01, AB 02, AB 03, AB 04, AB 05",
consonant-candidate,AB 77,AB 78,AB 38,,37,30,,"AB 01, AB 02, AB 03, AB 04, AB 05",
consonant-candidate,AB 15,AB 24,AB 38,,37,32,,"AB 01, AB 03, AB 04, AB 05, AB 08",
consonant-candidate,AB 24,AB 80,AB 38,,37,27,,"AB 01, AB 04, AB 05, AB 10, AB 14",
consonant-candidate,AB 24,AB 42,AB 38,,37,35,,"AB 01, AB 03, AB 04, AB 05, AB 08",
consonant-candidate,AB 40,AB 27,AB 38,,37,21,,"AB 02, AB 03, AB 04, AB 05, AB 06",
consonant-candidate,AB 27,AB 31,AB 38,,37,33,,"AB 02, AB 03, AB 04, AB 05, AB 06",
consonant-candidate,AB 27,AB 72,AB 38,,37,33,,"AB 02, AB 04, AB 05, AB 08, AB 09",
consonant-candidate,AB 28,AB 78,AB 38,,37,32,,"AB 01, AB 02, AB 03, AB 04, AB 05",
consonant-candidate,AB 13,AB 74,AB 10,,37,5,,"AB 02, AB 05, AB 10, AB 37, AB 75",
consonant-candidate,AB 69,AB 15,AB 70,,37,22,,"AB 02, AB 04, AB 05, AB 06, AB 08",
consonant-candidate,AB 76,AB 56,AB 70,,37,3,,"AB 37, AB 53, AB 70",
consonant-candidate,AB 56,AB 37,AB 70,,37,6,,"AB 01, AB 37, AB 52, AB 53, AB 60",
consonant-candidate,AB 56,AB 13,AB 70,,37,6,,"AB 28, AB 37, AB 52, AB 53, AB 60",
consonant-candidate,AB 56,AB 78,AB 70,,37,5,,"AB 01, AB 28, AB 53, AB 60, AB 70",
consonant-candidate,AB 59,AB 51,AB 02,,37,14,,"AB 02, AB 05, AB 06, AB 15, AB 26",
consonant-candidate,AB 04,AB 29,AB 02,,37,11,,"AB 02, AB 04, AB 26, AB 27, AB 37",
consonant-candidate,AB 54,AB 34,AB 59,,37,3,,"AB 44, AB 59, AB 77",
consonant-candidate,AB 03,AB 34,AB 59,,37,3,,"AB 44, AB 59, AB 77",
consonant-candidate,AB 26,AB 71,AB 59,,37,2,,"AB 04, AB 59",
consonant-candidate,AB 75,AB 65,AB 05,,37,4,,"AB 05, AB 77, AB 78, AB 80",
vowel-candidate,AB 03,AB 55,,AB 77,37,,16,,"AB 02, AB 03, AB 08, AB 31, AB 37"
vowel-candidate,AB 03,AB 73,,AB 77,37,,26,,"AB 02, AB 04, AB 05, AB 07, AB 08"
vowel-candidate,AB 03,AB 50,,AB 77,37,,23,,"AB 02, AB 03, AB 04, AB 05, AB 06"
vowel-candidate,AB 03,AB 67,,AB 77,37,,31,,"AB 02, AB 03, AB 04, AB 05, AB 06"
vowel-candidate,AB 03,AB 23,,AB 77,37,,9,,"AB 02, AB 05, AB 08, AB 31, AB 37"
vowel-candidate,AB 03,AB 69,,AB 77,37,,26,,"AB 02, AB 03, AB 04, AB 05, AB 08"
vowel-candidate,AB 03,AB 25,,AB 77,37,,21,,"AB 04, AB 05, AB 20, AB 24, AB 27"
vowel-candidate,AB 03,AB 20,,AB 77,37,,20,,"AB 02, AB 03, AB 06, AB 07, AB 11"
vowel-candidate,AB 38,AB 61,,AB 77,37,,45,,"AB 01, AB 02, AB 03, AB 04, AB 05"
vowel-candidate,AB 61,AB 02,,AB 77,37,,42,,"AB 01, AB 02, AB 03, AB 04, AB 05"
vowel-candidate,AB 41,AB 51,,AB 10,37,,13,,"AB 02, AB 04, AB 08, AB 10, AB 36"
vowel-candidate,AB 16,AB 23,,AB 02,37,,6,,"AB 02, AB 05, AB 08, AB 31, AB 37"
vowel-candidate,AB 28,AB 17,,AB 02,37,,9,,"AB 02, AB 13, AB 27, AB 28, AB 36"
vowel-candidate,AB 60,AB 17,,AB 02,37,,12,,"AB 02, AB 07, AB 13, AB 27, AB 28"
vowel-candidate,AB 48,AB 13,,AB 37,37,,2,,"AB 37, AB 41"
vowel-candidate,AB 52,AB 29,,AB 36,37,,6,,"AB 01, AB 05, AB 08, AB 36, AB 57"
vowel-candidate,AB 15,AB 68,,AB 08,37,,4,,"AB 03, AB 08, AB 78, AB 81"
vowel-candidate,AB 55,AB 29,,AB 08,37,,5,,"AB 01, AB 08, AB 44, AB 51, AB 60"
vowel-candidate,AB 04,AB 64,,AB 08,37,,1,,AB 08
vowel-candidate,AB 75,AB 83,,AB 26,37,,2,,"AB 01, AB 26"
consonant-candidate,AB 30,AB 10,AB 12,,36,20,,"AB 03, AB 05, AB 07, AB 08, AB 12",
consonant-candidate,AB 38,AB 78,AB 38,,36,32,,"AB 01, AB 02, AB 03, AB 04, AB 05",
consonant-candidate,AB 75,AB 37,AB 38,,36,35,,"AB 01, AB 02, AB 03, AB 04, AB 05",
consonant-candidate,AB 75,AB 13,AB 38,,36,26,,"AB 02, AB 04, AB 05, AB 06, AB 08",
consonant-candidate,AB 75,AB 62,AB 38,,36,6,,"AB 27, AB 37, AB 38, AB 52, AB 53",
consonant-candidate,AB 03,AB 27,AB 38,,36,36,,"AB 02, AB 03, AB 04, AB 05, AB 06",
consonant-candidate,AB 27,AB 73,AB 38,,36,17,,"AB 03, AB 04, AB 05, AB 08, AB 17",
consonant-candidate,AB 13,AB 63,AB 10,,36,2,,"AB 04, AB 10",
consonant-candidate,AB 70,AB 46,AB 10,,36,19,,"AB 01, AB 02, AB 04, AB 05, AB 10",
consonant-candidate,AB 44,AB 22,AB 37,,36,2,,"AB 05, AB 37",
consonant-candidate,AB 02,AB 64,AB 36,,36,2,,"AB 36, AB 57",
consonant-candidate,AB 54,AB 85,AB 59,,36,6,,"AB 04, AB 05, AB 44, AB 45, AB 53",
consonant-candidate,AB 54,AB 19,AB 59,,36,1,,AB 59,
consonant-candidate,AB 03,AB 85,AB 59,,36,6,,"AB 04, AB 05, AB 44, AB 45, AB 53",
consonant-candidate,AB 03,AB 19,AB 59,,36,1,,AB 59,
consonant-candidate,AB 53,AB 87,AB 59,,36,1,,AB 59,
consonant-candidate,AB 57,AB 71,AB 59,,36,2,,"AB 04, AB 59",
consonant-candidate,AB 36,AB 35,AB 05,,36,2,,"AB 05, AB 67",
vowel-candidate,AB 31,AB 12,,AB 77,36,,26,,"AB 03, AB 04, AB 05, AB 06, AB 08"
vowel-candidate,AB 31,AB 24,,AB 77,36,,24,,"AB 02, AB 05, AB 06, AB 08, AB 10"
vowel-candidate,AB 31,AB 37,,AB 77,36,,34,,"AB 02, AB 03, AB 04, AB 05, AB 06"
vowel-candidate,AB 31,AB 28,,AB 77,36,,27,,"AB 02, AB 03, AB 04, AB 05, AB 06"
vowel-candidate,AB 31,AB 01,,AB 77,36,,30,,"AB 02, AB 03, AB 04, AB 05, AB 06"
vowel-candidate,AB 31,AB 77,,AB 77,36,,32,,"AB 02, AB 03, AB 04, AB 05, AB 06"
vowel-candidate,AB 31,AB 08,,AB 77,36,,28,,"AB 02, AB 03, AB 04, AB 05, AB 06"
vowel-candidate,AB 27,AB 38,,AB 77,36,,47,,"AB 01, AB 02, AB 03, AB 04, AB 05"
vowel-candidate,AB 27,AB 02,,AB 77,36,,47,,"AB 01, AB 02, AB 03, AB 04, AB 05"
vowel-candidate,AB 38,AB 75,,AB 77,36,,41,,"AB 01, AB 02, AB 03, AB 04, AB 05"
vowel-candidate,AB 61,AB 41,,AB 77,36,,38,,"AB 01, AB 02, AB 03, AB 04, AB 05"
vowel-candidate,AB 02,AB 75,,AB 77,36,,46,,"AB 01, AB 02, AB 03, AB 04, AB 05"
vowel-candidate,AB 77,AB 68,,AB 38,36,,6,,"AB 03, AB 08, AB 38, AB 69, AB 78"
vowel-candidate,AB 77,AB 65,,AB 38,36,,6,,"AB 08, AB 28, AB 38, AB 42, AB 53"
vowel-candidate,AB 43,AB 26,,AB 70,36,,7,,"AB 02, AB 05, AB 28, AB 36, AB 57"
vowel-candidate,AB 28,AB 74,,AB 02,36,,7,,"AB 02, AB 03, AB 08, AB 28, AB 36"
vowel-candidate,AB 60,AB 74,,AB 02,36,,7,,"AB 02, AB 03, AB 08, AB 28, AB 36"
vowel-candidate,AB 05,AB 29,,AB 36,36,,10,,"AB 01, AB 05, AB 08, AB 36, AB 44"
vowel-candidate,AB 02,AB 62,,AB 59,36,,5,,"AB 07, AB 26, AB 59, AB 60, AB 78"
vowel-candidate,AB 15,AB 64,,AB 08,36,,1,,AB 08
vowel-candidate,AB 59,AB 83,,AB 26,36,,2,,"AB 01, AB 26"
vowel-candidate,AB 61,AB 87,,AB 01,36,,1,,AB 01
consonant-candidate,AB 06,AB 28,AB 12,,35,39,,"AB 01, AB 02, AB 03, AB 04, AB 05",
consonant-candidate,AB 06,AB 01,AB 12,,35,32,,"AB 01, AB 02, AB 04, AB 05, AB 10",
consonant-candidate,AB 06,AB 47,AB 12,,35,3,,"AB 01, AB 12, AB 37",
consonant-candidate,AB 12,AB 25,AB 38,,35,23,,"AB 01, AB 02, AB 03, AB 04, AB 05",
consonant-candidate,AB 06,AB 25,AB 38,,35,24,,"AB 01, AB 02, AB 03, AB 04, AB 05",
consonant-candidate,AB 15,AB 61,AB 38,,35,43,,"AB 01, AB 02, AB 03, AB 04, AB 05",
consonant-candidate,AB 24,AB 70,AB 38,,35,34,,"AB 01, AB 03, AB 04, AB 05, AB 08",
consonant-candidate,AB 75,AB 90,AB 38,,35,2,,"AB 36, AB 38",
consonant-candidate,AB 80,AB 61,AB 38,,35,36,,"AB 01, AB 02, AB 04, AB 05, AB 06",
consonant-candidate,AB 42,AB 61,AB 38,,35,51,,"AB 01, AB 02, AB 03, AB 04, AB 05",
consonant-candidate,AB 37,AB 27,AB 38,,35,30,,"AB 02, AB 03, AB 04, AB 05, AB 06",
consonant-candidate,AB 27,AB 11,AB 38,,35,34,,"AB 02, AB 03, AB 04, AB 05, AB 08",
consonant-candidate,AB 27,AB 09,AB 38,,35,18,,"AB 02, AB 04, AB 05, AB 10, AB 13",
consonant-candidate,AB 27,AB 17,AB 38,,35,14,,"AB 02, AB 05, AB 06, AB 08, AB 38",
consonant-candidate,AB 27,AB 13,AB 38,,35,26,,"AB 02, AB 04, AB 05, AB 06, AB 08",
consonant-candidate,AB 27,AB 62,AB 38,,35,4,,"AB 37, AB 38, AB 52, AB 60",
consonant-candidate,AB 59,AB 46,AB 10,,35,20,,"AB 01, AB 02, AB 04, AB 05, AB 10",
consonant-candidate,AB 56,AB 23,AB 70,,35,2,,"AB 37, AB 70",
consonant-candidate,AB 56,AB 33,AB 70,,35,1,,AB 70,
consonant-candidate,AB 56,AB 46,AB 70,,35,2,,"AB 01, AB 70",
consonant-candidate,AB 75,AB 64,AB 36,,35,2,,"AB 36, AB 57",
consonant-candidate,AB 06,AB 87,AB 59,,35,1,,AB 59,
consonant-candidate,AB 75,AB 35,AB 05,,35,2,,"AB 05, AB 67",
vowel-candidate,AB 27,AB 41,,AB 77,35,,39,,"AB 01, AB 02, AB 03, AB 04, AB 05"
vowel-candidate,AB 70,AB 12,,AB 77,35,,39,,"AB 01, AB 03, AB 04, AB 05, AB 06"
vowel-candidate,AB 70,AB 24,,AB 77,35,,32,,"AB 01, AB 02, AB 05, AB 06, AB 08"
vowel-candidate,AB 70,AB 37,,AB 77,35,,46,,"AB 02, AB 03, AB 04, AB 05, AB 06"
vowel-candidate,AB 70,AB 28,,AB 77,35,,40,,"AB 01, AB 02, AB 03, AB 04, AB 05"
vowel-candidate,AB 70,AB 01,,AB 77,35,,45,,"AB 01, AB 02, AB 03, AB 04, AB 05"
vowel-candidate,AB 70,AB 77,,AB 77,35,,50,,"AB 01, AB 02, AB 03, AB 04, AB 05"
vowel-candidate,AB 70,AB 08,,AB 77,35,,45,,"AB 02, AB 03, AB 04, AB 05, AB 06"
vowel-candidate,AB 61,AB 42,,AB 77,35,,44,,"AB 01, AB 02, AB 03, AB 04, AB 05"
vowel-candidate,AB 05,AB 12,,AB 77,35,,39,,"AB 01, AB 03, AB 04, AB 05, AB 06"
vowel-candidate,AB 05,AB 24,,AB 77,35,,33,,"AB 01, AB 02, AB 05, AB 06, AB 08"
vowel-candidate,AB 05,AB 37,,AB 77,35,,46,,"AB 02, AB 03, AB 04, AB 05, AB 06"
vowel-candidate,AB 05,AB 28,,AB 77,35,,39,,"AB 01, AB 02, AB 03, AB 04, AB 05"
vowel-candidate,AB 05,AB 01,,AB 77,35,,45,,"AB 01, AB 02, AB 03, AB 04, AB 05"
vowel-candidate,AB 05,AB 77,,AB 77,35,,50,,"AB 01, AB 02, AB 03, AB 04, AB 05"
vowel-candidate,AB 05,AB 08,,AB 77,35,,46,,"AB 02, AB 03, AB 04, AB 05, AB 06"
vowel-candidate,AB 41,AB 75,,AB 77,35,,37,,"AB 01, AB 02, AB 03, AB 04, AB 05"
vowel-candidate,AB 38,AB 81,,AB 12,35,,39,,"AB 01, AB 02, AB 03, AB 04, AB 05"
vowel-candidate,AB 77,AB 32,,AB 38,35,,27,,"AB 02, AB 03, AB 05, AB 06, AB 07"
vowel-candidate,AB 77,AB 51,,AB 10,35,,15,,"AB 02, AB 04, AB 07, AB 08, AB 10"
vowel-candidate,AB 43,AB 53,,AB 70,35,,10,,"AB 02, AB 05, AB 15, AB 28, AB 36"
vowel-candidate,AB 36,AB 17,,AB 02,35,,9,,"AB 02, AB 07, AB 27, AB 28, AB 36"
vowel-candidate,AB 77,AB 17,,AB 02,35,,10,,"AB 02, AB 07, AB 27, AB 28, AB 36"
vowel-candidate,AB 81,AB 17,,AB 02,35,,8,,"AB 02, AB 07, AB 27, AB 28, AB 36"
vowel-candidate,AB 04,AB 17,,AB 02,35,,10,,"AB 02, AB 13, AB 27, AB 28, AB 36"
vowel-candidate,AB 59,AB 46,,AB 54,35,,12,,"AB 01, AB 07, AB 28, AB 37, AB 39"
vowel-candidate,AB 59,AB 63,,AB 54,35,,3,,"AB 28, AB 54, AB 81"
vowel-candidate,AB 85,AB 78,,AB 36,35,,7,,"AB 05, AB 36, AB 52, AB 57, AB 59"
vowel-candidate,AB 52,AB 79,,AB 08,35,,2,,"AB 08, AB 80"
vowel-candidate,AB 03,AB 64,,AB 08,35,,1,,AB 08
vowel-candidate,AB 79,AB 57,,AB 08,35,,2,,"AB 08, AB 80"
vowel-candidate,AB 55,AB 68,,AB 08,35,,2,,"AB 03, AB 08"
vowel-candidate,AB 82,AB 38,,AB 27,35,,2,,"AB 27, AB 39"
vowel-candidate,AB 82,AB 40,,AB 27,35,,2,,"AB 27, AB 39"
vowel-candidate,AB 05,AB 71,,AB 73,35,,1,,AB 73
vowel-candidate,AB 08,AB 91,,AB 61,35,,1,,AB 61
consonant-candidate,AB 30,AB 52,AB 12,,34,19,,"AB 03, AB 05, AB 07, AB 08, AB 12",
consonant-candidate,AB 30,AB 50,AB 12,,34,10,,"AB 05, AB 12, AB 31, AB 37, AB 41",
consonant-candidate,AB 40,AB 06,AB 12,,34,24,,"AB 01, AB 02, AB 03, AB 04, AB 05",
consonant-candidate,AB 04,AB 06,AB 12,,34,39,,"AB 01, AB 02, AB 03, AB 04, AB 05",
consonant-candidate,AB 50,AB 10,AB 12,,34,23,,"AB 01, AB 02, AB 04, AB 05, AB 06",
consonant-candidate,AB 06,AB 32,AB 12,,34,28,,"AB 01, AB 02, AB 03, AB 04, AB 05",
consonant-candidate,AB 24,AB 08,AB 38,,34,33,,"AB 01, AB 03, AB 04, AB 05, AB 08",
consonant-candidate,AB 90,AB 27,AB 38,,34,2,,"AB 36, AB 38",
consonant-candidate,AB 07,AB 27,AB 38,,34,22,,"AB 02, AB 03, AB 10, AB 14, AB 17",
consonant-candidate,AB 30,AB 27,AB 38,,34,18,,"AB 03, AB 05, AB 08, AB 15, AB 31",
consonant-candidate,AB 81,AB 27,AB 38,,34,25,,"AB 02, AB 03, AB 04, AB 06, AB 14",
consonant-candidate,AB 27,AB 16,AB 38,,34,25,,"AB 02, AB 04, AB 05, AB 06, AB 09",
consonant-candidate,AB 69,AB 05,AB 70,,34,24,,"AB 02, AB 04, AB 05, AB 06, AB 08",
consonant-candidate,AB 69,AB 03,AB 70,,34,22,,"AB 02, AB 04, AB 05, AB 06, AB 08",
consonant-candidate,AB 80,AB 71,AB 59,,34,2,,"AB 04, AB 59",
consonant-candidate,AB 53,AB 34,AB 59,,34,3,,"AB 44, AB 59, AB 77",
consonant-candidate,AB 02,AB 91,AB 75,,34,1,,AB 75,
vowel-candidate,AB 31,AB 45,,AB 77,34,,26,,"AB 02, AB 03, AB 04, AB 05, AB 06"
vowel-candidate,AB 31,AB 52,,AB 77,34,,26,,"AB 02, AB 03, AB 05, AB 06, AB 08"
vowel-candidate,AB 31,AB 54,,AB 77,34,,30,,"AB 02, AB 03, AB 04, AB 05, AB 06"
vowel-candidate,AB 31,AB 07,,AB 77,34,,20,,"AB 02, AB 05, AB 08, AB 10, AB 30"
vowel-candidate,AB 27,AB 42,,AB 77,34,,45,,"AB 01, AB 02, AB 03, AB 04, AB 05"
vowel-candidate,AB 38,AB 02,,AB 77,34,,46,,"AB 01, AB 02, AB 03, AB 04, AB 05"
vowel-candidate,AB 61,AB 53,,AB 77,34,,37,,"AB 02, AB 03, AB 04, AB 05, AB 08"
vowel-candidate,AB 61,AB 40,,AB 77,34,,36,,"AB 01, AB 02, AB 03, AB 04, AB 05"
vowel-candidate,AB 42,AB 75,,AB 77,34,,47,,"AB 01, AB 02, AB 03, AB 04, AB 05"
vowel-candidate,AB 38,AB 78,,AB 12,34,,33,,"AB 02, AB 03, AB 04, AB 05, AB 06"
vowel-candidate,AB 13,AB 31,,AB 38,34,,27,,"AB 02, AB 03, AB 04, AB 05, AB 06"
vowel-candidate,AB 36,AB 74,,AB 02,34,,6,,"AB 02, AB 03, AB 28, AB 36, AB 42"
vowel-candidate,AB 77,AB 74,,AB 02,34,,7,,"AB 02, AB 03, AB 08, AB 28, AB 36"
vowel-candidate,AB 75,AB 17,,AB 02,34,,10,,"AB 02, AB 07, AB 13, AB 27, AB 28"
vowel-candidate,AB 81,AB 74,,AB 02,34,,7,,"AB 02, AB 03, AB 08, AB 28, AB 36"
vowel-candidate,AB 04,AB 74,,AB 02,34,,7,,"AB 02, AB 03, AB 08, AB 28, AB 36"
vowel-candidate,AB 32,AB 17,,AB 02,34,,10,,"AB 02, AB 07, AB 27, AB 28, AB 36"
vowel-candidate,AB 13,AB 46,,AB 54,34,,9,,"AB 28, AB 37, AB 39, AB 41, AB 53"
vowel-candidate,AB 13,AB 63,,AB 54,34,,2,,"AB 28, AB 54"
vowel-candidate,AB 73,AB 76,,AB 37,34,,3,,"AB 16, AB 37, AB 59"
vowel-candidate,AB 13,AB 29,,AB 36,34,,7,,"AB 05, AB 08, AB 36, AB 44, AB 45"
vowel-candidate,AB 55,AB 64,,AB 08,34,,1,,AB 08
vowel-candidate,AB 90,AB 38,,AB 27,34,,1,,AB 27
vowel-candidate,AB 90,AB 40,,AB 27,34,,1,,AB 27
vowel-candidate,AB 71,AB 60,,AB 73,34,,1,,AB 73
vowel-candidate,AB 60,AB 87,,AB 01,34,,1,,AB 01
consonant-candidate,AB 56,AB 06,AB 12,,33,7,,"AB 01, AB 12, AB 28, AB 37, AB 52",
consonant-candidate,AB 55,AB 06,AB 12,,33,19,,"AB 03, AB 05, AB 08, AB 09, AB 12",
consonant-candidate,AB 30,AB 11,AB 12,,33,17,,"AB 03, AB 05, AB 07, AB 08, AB 12",
consonant-candidate,AB 59,AB 06,AB 12,,33,46,,"AB 01, AB 02, AB 03, AB 04, AB 05",
consonant-candidate,AB 11,AB 10,AB 12,,33,37,,"AB 01, AB 02, AB 03, AB 04, AB 05",
consonant-candidate,AB 06,AB 80,AB 12,,33,31,,"AB 01, AB 02, AB 04, AB 05, AB 09",
consonant-candidate,AB 12,AB 41,AB 38,,33,32,,"AB 01, AB 02, AB 03, AB 04, AB 05",
consonant-candidate,AB 12,AB 83,AB 38,,33,5,,"AB 27, AB 36, AB 38, AB 57, AB 61",
consonant-candidate,AB 06,AB 41,AB 38,,33,32,,"AB 01, AB 02, AB 03, AB 04, AB 05",
consonant-candidate,AB 06,AB 83,AB 38,,33,5,,"AB 27, AB 36, AB 38, AB 57, AB 61",
consonant-candidate,AB 15,AB 25,AB 38,,33,24,,"AB 01, AB 02, AB 03, AB 04, AB 05",
consonant-candidate,AB 24,AB 78,AB 38,,33,28,,"AB 01, AB 03, AB 04, AB 05, AB 08",
consonant-candidate,AB 80,AB 25,AB 38,,33,20,,"AB 01, AB 02, AB 04, AB 05, AB 24",
consonant-candidate,AB 42,AB 54,AB 38,,33,39,,"AB 01, AB 02, AB 03, AB 04, AB 05",
consonant-candidate,AB 42,AB 25,AB 38,,33,25,,"AB 01, AB 02, AB 03, AB 04, AB 05",
consonant-candidate,AB 61,AB 70,AB 38,,33,49,,"AB 01, AB 02, AB 03, AB 04, AB 05",
consonant-candidate,AB 56,AB 24,AB 70,,33,7,,"AB 01, AB 28, AB 37, AB 52, AB 53",
consonant-candidate,AB 56,AB 82,AB 70,,33,1,,AB 70,
consonant-candidate,AB 56,AB 79,AB 70,,33,1,,AB 70,
consonant-candidate,AB 59,AB 29,AB 02,,33,12,,"AB 02, AB 04, AB 26, AB 27, AB 37",
consonant-candidate,AB 60,AB 51,AB 02,,33,15,,"AB 02, AB 05, AB 06, AB 15, AB 26",
consonant-candidate,AB 26,AB 87,AB 59,,33,1,,AB 59,
consonant-candidate,AB 53,AB 85,AB 59,,33,6,,"AB 04, AB 05, AB 44, AB 45, AB 53",
consonant-candidate,AB 53,AB 19,AB 59,,33,1,,AB 59,
consonant-candidate,AB 06,AB 34,AB 59,,33,3,,"AB 44, AB 59, AB 77",
consonant-candidate,AB 57,AB 65,AB 05,,33,4,,"AB 05, AB 77, AB 78, AB 80",
vowel-candidate,AB 31,AB 10,,AB 77,33,,24,,"AB 02, AB 03, AB 04, AB 05, AB 06"
vowel-candidate,AB 27,AB 53,,AB 77,33,,43,,"AB 02, AB 03, AB 04, AB 05, AB 08"
vowel-candidate,AB 27,AB 40,,AB 77,33,,35,,"AB 01, AB 02, AB 03, AB 04, AB 05"
vowel-candidate,AB 70,AB 45,,AB 77,33,,36,,"AB 02, AB 03, AB 04, AB 05, AB 06"
vowel-candidate,AB 70,AB 52,,AB 77,33,,39,,"AB 01, AB 02, AB 03, AB 05, AB 06"
vowel-candidate,AB 70,AB 54,,AB 77,33,,44,,"AB 01, AB 02, AB 03, AB 04, AB 05"
vowel-candidate,AB 70,AB 07,,AB 77,33,,25,,"AB 02, AB 05, AB 08, AB 10, AB 11"
vowel-candidate,AB 38,AB 41,,AB 77,33,,39,,"AB 01, AB 02, AB 03, AB 04, AB 05"
vowel-candidate,AB 05,AB 45,,AB 77,33,,37,,"AB 02, AB 03, AB 04, AB 05, AB 06"
vowel-candidate,AB 05,AB 52,,AB 77,33,,40,,"AB 01, AB 02, AB 03, AB 05, AB 06"
vowel-candidate,AB 05,AB 54,,AB 77,33,,45,,"AB 01, AB 02, AB 03, AB 04, AB 05"
vowel-candidate,AB 05,AB 07,,AB 77,33,,25,,"AB 02, AB 05, AB 08, AB 10, AB 11"
vowel-candidate,AB 53,AB 75,,AB 77,33,,40,,"AB 02, AB 03, AB 04, AB 05, AB 07"
vowel-candidate,AB 40,AB 75,,AB 77,33,,38,,"AB 01, AB 02, AB 03, AB 04, AB 05"
vowel-candidate,AB 02,AB 41,,AB 77,33,,39,,"AB 01, AB 02, AB 03, AB 04, AB 05"
vowel-candidate,AB 70,AB 51,,AB 56,33,,16,,"AB 02, AB 04, AB 07, AB 08, AB 10"
vowel-candidate,AB 38,AB 16,,AB 12,33,,25,,"AB 02, AB 04, AB 05, AB 08, AB 10"
vowel-candidate,AB 75,AB 74,,AB 02,33,,7,,"AB 02, AB 03, AB 08, AB 28, AB 36"
vowel-candidate,AB 81,AB 23,,AB 02,33,,6,,"AB 02, AB 05, AB 08, AB 37, AB 41"
vowel-candidate,AB 32,AB 74,,AB 02,33,,6,,"AB 02, AB 03, AB 08, AB 28, AB 36"
vowel-candidate,AB 28,AB 29,,AB 36,33,,8,,"AB 01, AB 05, AB 08, AB 36, AB 44"
vowel-candidate,AB 40,AB 22,,AB 07,33,,2,,"AB 01, AB 07"
vowel-candidate,AB 13,AB 64,,AB 08,33,,1,,AB 08
vowel-candidate,AB 71,AB 77,,AB 73,33,,1,,AB 73
consonant-candidate,AB 52,AB 50,AB 12,,32,22,,"AB 01, AB 02, AB 04, AB 05, AB 06",
consonant-candidate,AB 08,AB 06,AB 12,,32,41,,"AB 01, AB 02, AB 03, AB 04, AB 05",
consonant-candidate,AB 06,AB 43,AB 12,,32,14,,"AB 04, AB 12, AB 13, AB 20, AB 30",
consonant-candidate,AB 06,AB 39,AB 12,,32,41,,"AB 01, AB 02, AB 03, AB 04, AB 05",
consonant-candidate,AB 12,AB 68,AB 38,,32,7,,"AB 08, AB 24, AB 36, AB 38, AB 60",
consonant-candidate,AB 06,AB 68,AB 38,,32,8,,"AB 08, AB 24, AB 32, AB 36, AB 38",
consonant-candidate,AB 24,AB 39,AB 38,,32,33,,"AB 01, AB 03, AB 04, AB 05, AB 08",
consonant-candidate,AB 24,AB 45,AB 38,,32,29,,"AB 01, AB 03, AB 04, AB 05, AB 08",
consonant-candidate,AB 42,AB 32,AB 38,,32,28,,"AB 01, AB 02, AB 03, AB 04, AB 05",
consonant-candidate,AB 61,AB 08,AB 38,,32,50,,"AB 01, AB 02, AB 03, AB 04, AB 05",
consonant-candidate,AB 36,AB 46,AB 10,,32,20,,"AB 01, AB 02, AB 04, AB 05, AB 10",
consonant-candidate,AB 46,AB 32,AB 10,,32,15,,"AB 01, AB 02, AB 04, AB 05, AB 10",
consonant-candidate,AB 77,AB 76,AB 70,,32,9,,"AB 04, AB 05, AB 08, AB 37, AB 42",
consonant-candidate,AB 06,AB 85,AB 59,,32,5,,"AB 04, AB 05, AB 44, AB 45, AB 59",
consonant-candidate,AB 06,AB 19,AB 59,,32,1,,AB 59,
consonant-candidate,AB 42,AB 71,AB 59,,32,2,,"AB 04, AB 59",
consonant-candidate,AB 57,AB 87,AB 59,,32,1,,AB 59,
consonant-candidate,AB 02,AB 71,AB 59,,32,2,,"AB 04, AB 59",
consonant-candidate,AB 26,AB 91,AB 75,,32,1,,AB 75,
consonant-candidate,AB 91,AB 15,AB 75,,32,1,,AB 75,
vowel-candidate,AB 31,AB 36,,AB 77,32,,27,,"AB 02, AB 03, AB 04, AB 05, AB 06"
vowel-candidate,AB 31,AB 14,,AB 77,32,,29,,"AB 02, AB 03, AB 04, AB 05, AB 06"
vowel-candidate,AB 70,AB 10,,AB 77,32,,33,,"AB 01, AB 02, AB 03, AB 04, AB 05"
vowel-candidate,AB 38,AB 42,,AB 77,32,,46,,"AB 01, AB 02, AB 03, AB 04, AB 05"
vowel-candidate,AB 61,AB 26,,AB 77,32,,24,,"AB 02, AB 04, AB 05, AB 08, AB 10"
vowel-candidate,AB 05,AB 10,,AB 77,32,,35,,"AB 01, AB 02, AB 03, AB 04, AB 05"
vowel-candidate,AB 02,AB 42,,AB 77,32,,49,,"AB 01, AB 02, AB 03, AB 04, AB 05"
vowel-candidate,AB 13,AB 37,,AB 38,32,,33,,"AB 02, AB 03, AB 04, AB 05, AB 06"
vowel-candidate,AB 60,AB 43,,AB 70,32,,12,,"AB 02, AB 05, AB 06, AB 15, AB 28"
vowel-candidate,AB 32,AB 23,,AB 02,32,,5,,"AB 02, AB 05, AB 08, AB 37, AB 57"
vowel-candidate,AB 17,AB 15,,AB 02,32,,8,,"AB 02, AB 27, AB 28, AB 36, AB 53"
vowel-candidate,AB 02,AB 76,,AB 37,32,,9,,"AB 03, AB 16, AB 29, AB 37, AB 39"
vowel-candidate,AB 59,AB 85,,AB 36,32,,7,,"AB 05, AB 36, AB 52, AB 57, AB 59"
vowel-candidate,AB 81,AB 29,,AB 36,32,,8,,"AB 01, AB 05, AB 08, AB 36, AB 44"
vowel-candidate,AB 80,AB 29,,AB 36,32,,9,,"AB 01, AB 05, AB 08, AB 36, AB 44"
vowel-candidate,AB 57,AB 34,,AB 24,32,,3,,"AB 08, AB 24, AB 61"
vowel-candidate,AB 73,AB 79,,AB 08,32,,2,,"AB 08, AB 80"
vowel-candidate,AB 73,AB 34,,AB 08,32,,3,,"AB 08, AB 15, AB 61"
vowel-candidate,AB 06,AB 64,,AB 08,32,,1,,AB 08
vowel-candidate,AB 41,AB 64,,AB 08,32,,1,,AB 08
vowel-candidate,AB 02,AB 64,,AB 08,32,,1,,AB 08
consonant-candidate,AB 03,AB 06,AB 12,,31,40,,"AB 01, AB 02, AB 03, AB 04, AB 05",
consonant-candidate,AB 30,AB 53,AB 12,,31,18,,"AB 03, AB 05, AB 07, AB 08, AB 12",
consonant-candidate,AB 30,AB 54,AB 12,,31,16,,"AB 03, AB 05, AB 07, AB 08, AB 12",
consonant-candidate,AB 30,AB 26,AB 12,,31,14,,"AB 05, AB 12, AB 31, AB 37, AB 39",
consonant-candidate,AB 52,AB 11,AB 12,,31,38,,"AB 01, AB 02, AB 03, AB 04, AB 05",
consonant-candidate,AB 38,AB 06,AB 12,,31,41,,"AB 01, AB 02, AB 03, AB 04, AB 05",
consonant-candidate,AB 50,AB 11,AB 12,,31,17,,"AB 01, AB 02, AB 04, AB 05, AB 12",
consonant-candidate,AB 53,AB 10,AB 12,,31,41,,"AB 01, AB 03, AB 04, AB 05, AB 06",
consonant-candidate,AB 54,AB 10,AB 12,,31,38,,"AB 01, AB 02, AB 03, AB 04, AB 05",
consonant-candidate,AB 06,AB 73,AB 12,,31,19,,"AB 03, AB 04, AB 05, AB 08, AB 12",
consonant-candidate,AB 06,AB 75,AB 12,,31,38,,"AB 01, AB 02, AB 03, AB 04, AB 05",
consonant-candidate,AB 06,AB 81,AB 12,,31,27,,"AB 01, AB 02, AB 03, AB 04, AB 12",
consonant-candidate,AB 06,AB 74,AB 12,,31,7,,"AB 02, AB 05, AB 10, AB 12, AB 37",
consonant-candidate,AB 12,AB 31,AB 38,,31,33,,"AB 01, AB 02, AB 03, AB 04, AB 05",
consonant-candidate,AB 12,AB 72,AB 38,,31,29,,"AB 01, AB 02, AB 04, AB 05, AB 08",
consonant-candidate,AB 06,AB 31,AB 38,,31,34,,"AB 01, AB 02, AB 03, AB 04, AB 05",
consonant-candidate,AB 06,AB 72,AB 38,,31,33,,"AB 01, AB 02, AB 04, AB 05, AB 08",
consonant-candidate,AB 04,AB 24,AB 38,,31,34,,"AB 01, AB 03, AB 04, AB 05, AB 08",
consonant-candidate,AB 15,AB 41,AB 38,,31,34,,"AB 01, AB 02, AB 03, AB 04, AB 05",
consonant-candidate,AB 15,AB 83,AB 38,,31,4,,"AB 27, AB 36, AB 38, AB 61",
consonant-candidate,AB 80,AB 41,AB 38,,31,28,,"AB 01, AB 02, AB 04, AB 05, AB 06",
consonant-candidate,AB 80,AB 83,AB 38,,31,5,,"AB 27, AB 36, AB 38, AB 57, AB 61",
consonant-candidate,AB 42,AB 41,AB 38,,31,38,,"AB 01, AB 02, AB 03, AB 04, AB 05",
consonant-candidate,AB 42,AB 83,AB 38,,31,5,,"AB 27, AB 36, AB 38, AB 57, AB 61",
consonant-candidate,AB 61,AB 78,AB 38,,31,34,,"AB 01, AB 02, AB 03, AB 04, AB 05",
consonant-candidate,AB 70,AB 25,AB 38,,31,24,,"AB 01, AB 02, AB 03, AB 04, AB 05",
consonant-candidate,AB 78,AB 46,AB 10,,31,18,,"AB 01, AB 02, AB 04, AB 05, AB 10",
consonant-candidate,AB 69,AB 39,AB 70,,31,22,,"AB 02, AB 04, AB 05, AB 06, AB 08",
consonant-candidate,AB 76,AB 15,AB 70,,31,8,,"AB 04, AB 05, AB 08, AB 42, AB 45",
consonant-candidate,AB 51,AB 10,AB 02,,31,12,,"AB 02, AB 05, AB 06, AB 15, AB 26",
consonant-candidate,AB 44,AB 21,AB 37,,31,8,,"AB 37, AB 41, AB 42, AB 45, AB 53",
consonant-candidate,AB 57,AB 22,AB 37,,31,2,,"AB 05, AB 37",
consonant-candidate,AB 05,AB 64,AB 36,,31,1,,AB 36,
consonant-candidate,AB 26,AB 34,AB 59,,31,3,,"AB 44, AB 59, AB 77",
consonant-candidate,AB 60,AB 71,AB 59,,31,2,,"AB 04, AB 59",
consonant-candidate,AB 57,AB 35,AB 05,,31,2,,"AB 05, AB 67",
vowel-candidate,AB 31,AB 15,,AB 77,31,,22,,"AB 02, AB 03, AB 04, AB 05, AB 06"
vowel-candidate,AB 31,AB 30,,AB 77,31,,24,,"AB 02, AB 03, AB 05, AB 06, AB 08"
vowel-candidate,AB 31,AB 11,,AB 77,31,,28,,"AB 02, AB 03, AB 04, AB 05, AB 06"
vowel-candidate,AB 31,AB 72,,AB 77,31,,23,,"AB 02, AB 03, AB 04, AB 05, AB 06"
vowel-candidate,AB 27,AB 26,,AB 77,31,,25,,"AB 02, AB 04, AB 05, AB 08, AB 10"
vowel-candidate,AB 70,AB 36,,AB 77,31,,41,,"AB 01, AB 02, AB 03, AB 04, AB 05"
vowel-candidate,AB 70,AB 14,,AB 77,31,,38,,"AB 01, AB 02, AB 03, AB 04, AB 05"
vowel-candidate,AB 38,AB 53,,AB 77,31,,42,,"AB 02, AB 03, AB 04, AB 05, AB 07"
vowel-candidate,AB 38,AB 40,,AB 77,31,,35,,"AB 01, AB 02, AB 03, AB 04, AB 05"
vowel-candidate,AB 05,AB 36,,AB 77,31,,42,,"AB 01, AB 02, AB 03, AB 04, AB 05"
vowel-candidate,AB 05,AB 14,,AB 77,31,,38,,"AB 01, AB 02, AB 03, AB 04, AB 05"
vowel-candidate,AB 53,AB 02,,AB 77,31,,43,,"AB 02, AB 03, AB 04, AB 05, AB 07"
vowel-candidate,AB 40,AB 02,,AB 77,31,,38,,"AB 01, AB 02, AB 03, AB 04, AB 05"
vowel-candidate,AB 26,AB 75,,AB 77,31,,24,,"AB 02, AB 04, AB 05, AB 08, AB 10"
vowel-candidate,AB 42,AB 41,,AB 77,31,,42,,"AB 01, AB 02, AB 03, AB 04, AB 05"
vowel-candidate,AB 38,AB 13,,AB 12,31,,39,,"AB 02, AB 03, AB 04, AB 05, AB 06"
vowel-candidate,AB 40,AB 16,,AB 38,31,,22,,"AB 02, AB 04, AB 05, AB 08, AB 10"
vowel-candidate,AB 40,AB 68,,AB 38,31,,5,,"AB 03, AB 08, AB 38, AB 69, AB 78"
vowel-candidate,AB 40,AB 65,,AB 38,31,,4,,"AB 08, AB 38, AB 42, AB 53"
vowel-candidate,AB 44,AB 51,,AB 10,31,,13,,"AB 02, AB 04, AB 08, AB 10, AB 36"
vowel-candidate,AB 43,AB 04,,AB 70,31,,12,,"AB 02, AB 05, AB 06, AB 15, AB 28"
vowel-candidate,AB 15,AB 74,,AB 02,31,,7,,"AB 02, AB 03, AB 08, AB 28, AB 36"
vowel-candidate,AB 44,AB 46,,AB 54,31,,10,,"AB 01, AB 28, AB 37, AB 39, AB 41"
vowel-candidate,AB 44,AB 63,,AB 54,31,,3,,"AB 28, AB 54, AB 81"
vowel-candidate,AB 44,AB 85,,AB 36,31,,7,,"AB 05, AB 36, AB 52, AB 57, AB 59"
vowel-candidate,AB 11,AB 29,,AB 36,31,,8,,"AB 01, AB 05, AB 08, AB 36, AB 44"
vowel-candidate,AB 85,AB 25,,AB 36,31,,5,,"AB 05, AB 36, AB 57, AB 59, AB 61"
vowel-candidate,AB 32,AB 25,,AB 36,31,,10,,"AB 05, AB 27, AB 36, AB 39, AB 42"
vowel-candidate,AB 72,AB 79,,AB 08,31,,1,,AB 08
vowel-candidate,AB 72,AB 34,,AB 08,31,,3,,"AB 08, AB 15, AB 61"
vowel-candidate,AB 61,AB 19,,AB 39,31,,1,,AB 39
consonant-candidate,AB 30,AB 60,AB 12,,30,20,,"AB 03, AB 05, AB 07, AB 08, AB 12",
consonant-candidate,AB 12,AB 06,AB 12,,30,37,,"AB 01, AB 02, AB 03, AB 04, AB 05",
consonant-candidate,AB 06,AB 67,AB 12,,30,27,,"AB 01, AB 02, AB 03, AB 04, AB 05",
consonant-candidate,AB 06,AB 48,AB 12,,30,6,,"AB 12, AB 27, AB 36, AB 37, AB 41",
consonant-candidate,AB 06,AB 44,AB 12,,30,40,,"AB 01, AB 02, AB 03, AB 04, AB 05",
consonant-candidate,AB 06,AB 49,AB 12,,30,1,,AB 12,
consonant-candidate,AB 06,AB 36,AB 12,,30,45,,"AB 01, AB 02, AB 03, AB 04, AB 05",
consonant-candidate,AB 06,AB 17,AB 12,,30,15,,"AB 02, AB 05, AB 08, AB 12, AB 27",
consonant-candidate,AB 06,AB 07,AB 12,,30,23,,"AB 01, AB 02, AB 03, AB 10, AB 12",
consonant-candidate,AB 06,AB 15,AB 12,,30,39,,"AB 01, AB 02, AB 03, AB 04, AB 05",
consonant-candidate,AB 06,AB 09,AB 12,,30,21,,"AB 01, AB 02, AB 04, AB 05, AB 10",
consonant-candidate,AB 06,AB 63,AB 12,,30,3,,"AB 04, AB 10, AB 12",
consonant-candidate,AB 06,AB 16,AB 12,,30,27,,"AB 01, AB 02, AB 04, AB 05, AB 09",
consonant-candidate,AB 77,AB 24,AB 38,,30,31,,"AB 01, AB 03, AB 04, AB 05, AB 08",
consonant-candidate,AB 15,AB 68,AB 38,,30,8,,"AB 08, AB 24, AB 32, AB 36, AB 38",
consonant-candidate,AB 24,AB 28,AB 38,,30,30,,"AB 01, AB 03, AB 04, AB 05, AB 08",
consonant-candidate,AB 80,AB 68,AB 38,,30,6,,"AB 24, AB 36, AB 38, AB 60, AB 61",
consonant-candidate,AB 39,AB 61,AB 38,,30,44,,"AB 01, AB 02, AB 03, AB 04, AB 05",
consonant-candidate,AB 42,AB 53,AB 38,,30,46,,"AB 01, AB 03, AB 04, AB 05, AB 06",
consonant-candidate,AB 42,AB 67,AB 38,,30,29,,"AB 01, AB 02, AB 03, AB 04, AB 05",
consonant-candidate,AB 42,AB 68,AB 38,,30,8,,"AB 08, AB 24, AB 32, AB 36, AB 38",
consonant-candidate,AB 42,AB 01,AB 38,,30,35,,"AB 01, AB 02, AB 04, AB 05, AB 06",
consonant-candidate,AB 45,AB 61,AB 38,,30,39,,"AB 01, AB 02, AB 03, AB 04, AB 05",
consonant-candidate,AB 08,AB 25,AB 38,,30,25,,"AB 01, AB 02, AB 03, AB 04, AB 05",
consonant-candidate,AB 42,AB 46,AB 10,,30,20,,"AB 01, AB 02, AB 04, AB 05, AB 10",
consonant-candidate,AB 41,AB 26,AB 70,,30,25,,"AB 01, AB 02, AB 04, AB 05, AB 06",
consonant-candidate,AB 77,AB 23,AB 70,,30,6,,"AB 02, AB 05, AB 37, AB 55, AB 59",
consonant-candidate,AB 77,AB 33,AB 70,,30,3,,"AB 42, AB 54, AB 70",
consonant-candidate,AB 73,AB 64,AB 36,,30,2,,"AB 36, AB 57",
consonant-candidate,AB 06,AB 64,AB 36,,30,2,,"AB 36, AB 57",
consonant-candidate,AB 80,AB 87,AB 59,,30,1,,AB 59,
consonant-candidate,AB 26,AB 85,AB 59,,30,4,,"AB 04, AB 05, AB 44, AB 59",
consonant-candidate,AB 26,AB 19,AB 59,,30,1,,AB 59,
consonant-candidate,AB 12,AB 71,AB 59,,30,2,,"AB 04, AB 59",
consonant-candidate,AB 36,AB 71,AB 59,,30,2,,"AB 04, AB 59",
consonant-candidate,AB 15,AB 71,AB 59,,30,2,,"AB 04, AB 59",
consonant-candidate,AB 57,AB 34,AB 59,,30,3,,"AB 44, AB 59, AB 77",
consonant-candidate,AB 80,AB 65,AB 05,,30,3,,"AB 05, AB 77, AB 80",
consonant-candidate,AB 77,AB 65,AB 05,,30,3,,"AB 05, AB 77, AB 80",
consonant-candidate,AB 46,AB 91,AB 75,,30,1,,AB 75,
consonant-candidate,AB 46,AB 83,AB 27,,30,3,,"AB 27, AB 57, AB 61",
vowel-candidate,AB 56,AB 31,,AB 77,30,,11,,"AB 02, AB 04, AB 05, AB 08, AB 10"
vowel-candidate,AB 31,AB 09,,AB 77,30,,21,,"AB 02, AB 04, AB 05, AB 06, AB 08"
vowel-candidate,AB 31,AB 57,,AB 77,30,,30,,"AB 02, AB 03, AB 04, AB 06, AB 08"
vowel-candidate,AB 31,AB 33,,AB 77,30,,5,,"AB 04, AB 38, AB 72, AB 77, AB 80"
vowel-candidate,AB 31,AB 39,,AB 77,30,,28,,"AB 02, AB 04, AB 05, AB 06, AB 08"
vowel-candidate,AB 70,AB 15,,AB 77,30,,31,,"AB 01, AB 02, AB 03, AB 04, AB 05"
vowel-candidate,AB 70,AB 30,,AB 77,30,,34,,"AB 02, AB 03, AB 05, AB 06, AB 08"
vowel-candidate,AB 70,AB 11,,AB 77,30,,39,,"AB 01, AB 02, AB 03, AB 04, AB 05"
vowel-candidate,AB 70,AB 72,,AB 77,30,,33,,"AB 01, AB 02, AB 03, AB 04, AB 05"
vowel-candidate,AB 05,AB 15,,AB 77,30,,32,,"AB 01, AB 02, AB 03, AB 04, AB 05"
vowel-candidate,AB 05,AB 30,,AB 77,30,,35,,"AB 02, AB 03, AB 05, AB 06, AB 08"
vowel-candidate,AB 05,AB 11,,AB 77,30,,40,,"AB 01, AB 02, AB 03, AB 04, AB 05"
vowel-candidate,AB 05,AB 72,,AB 77,30,,34,,"AB 01, AB 02, AB 03, AB 04, AB 05"
vowel-candidate,AB 53,AB 41,,AB 77,30,,35,,"AB 02, AB 03, AB 04, AB 05, AB 08"
vowel-candidate,AB 40,AB 41,,AB 77,30,,33,,"AB 01, AB 02, AB 03, AB 04, AB 05"
vowel-candidate,AB 40,AB 81,,AB 38,30,,32,,"AB 01, AB 02, AB 03, AB 04, AB 05"
vowel-candidate,AB 40,AB 32,,AB 38,30,,23,,"AB 02, AB 03, AB 05, AB 06, AB 07"
vowel-candidate,AB 02,AB 51,,AB 10,30,,14,,"AB 02, AB 04, AB 07, AB 08, AB 10"
vowel-candidate,AB 78,AB 51,,AB 10,30,,11,,"AB 02, AB 04, AB 08, AB 10, AB 36"
vowel-candidate,AB 60,AB 46,,AB 54,30,,12,,"AB 01, AB 07, AB 28, AB 37, AB 39"
vowel-candidate,AB 60,AB 63,,AB 54,30,,3,,"AB 28, AB 54, AB 81"
vowel-candidate,AB 59,AB 76,,AB 37,30,,8,,"AB 03, AB 16, AB 37, AB 39, AB 44"
vowel-candidate,AB 01,AB 29,,AB 36,30,,8,,"AB 01, AB 05, AB 08, AB 36, AB 44"
vowel-candidate,AB 77,AB 62,,AB 59,30,,5,,"AB 07, AB 26, AB 59, AB 60, AB 78"
vowel-candidate,AB 79,AB 04,,AB 08,30,,2,,"AB 08, AB 80"
vowel-candidate,AB 38,AB 64,,AB 08,30,,1,,AB 08
vowel-candidate,AB 42,AB 83,,AB 26,30,,2,,"AB 01, AB 26"
vowel-candidate,AB 41,AB 83,,AB 26,30,,2,,"AB 01, AB 26"
consonant-candidate,AB 30,AB 45,AB 12,,29,18,,"AB 03, AB 05, AB 07, AB 08, AB 12",
consonant-candidate,AB 30,AB 57,AB 12,,29,20,,"AB 03, AB 05, AB 07, AB 08, AB 12",
consonant-candidate,AB 52,AB 53,AB 12,,29,43,,"AB 01, AB 03, AB 04, AB 05, AB 06",
consonant-candidate,AB 52,AB 54,AB 12,,29,37,,"AB 01, AB 02, AB 03, AB 04, AB 05",
consonant-candidate,AB 45,AB 10,AB 12,,29,38,,"AB 01, AB 02, AB 03, AB 04, AB 05",
consonant-candidate,AB 57,AB 10,AB 12,,29,47,,"AB 01, AB 02, AB 03, AB 04, AB 05",
consonant-candidate,AB 50,AB 53,AB 12,,29,20,,"AB 01, AB 04, AB 05, AB 06, AB 12",
consonant-candidate,AB 50,AB 54,AB 12,,29,19,,"AB 01, AB 02, AB 04, AB 05, AB 06",
consonant-candidate,AB 50,AB 26,AB 12,,29,21,,"AB 01, AB 02, AB 04, AB 05, AB 06",
consonant-candidate,AB 12,AB 37,AB 38,,29,29,,"AB 01, AB 02, AB 03, AB 04, AB 05",
consonant-candidate,AB 12,AB 13,AB 38,,29,25,,"AB 02, AB 04, AB 05, AB 06, AB 08",
consonant-candidate,AB 12,AB 62,AB 38,,29,5,,"AB 27, AB 38, AB 52, AB 53, AB 60",
consonant-candidate,AB 38,AB 24,AB 38,,29,32,,"AB 01, AB 03, AB 04, AB 05, AB 08",
consonant-candidate,AB 06,AB 37,AB 38,,29,30,,"AB 01, AB 02, AB 03, AB 04, AB 05",
consonant-candidate,AB 06,AB 13,AB 38,,29,27,,"AB 02, AB 04, AB 05, AB 08, AB 10",
consonant-candidate,AB 06,AB 62,AB 38,,29,5,,"AB 27, AB 37, AB 38, AB 52, AB 60",
consonant-candidate,AB 04,AB 61,AB 38,,29,46,,"AB 01, AB 02, AB 03, AB 04, AB 05",
consonant-candidate,AB 15,AB 31,AB 38,,29,34,,"AB 01, AB 02, AB 03, AB 04, AB 05",
consonant-candidate,AB 15,AB 72,AB 38,,29,30,,"AB 01, AB 02, AB 04, AB 05, AB 07",
consonant-candidate,AB 80,AB 31,AB 38,,29,27,,"AB 01, AB 02, AB 04, AB 05, AB 06",
consonant-candidate,AB 80,AB 72,AB 38,,29,29,,"AB 01, AB 02, AB 04, AB 05, AB 07",
consonant-candidate,AB 40,AB 42,AB 38,,29,27,,"AB 01, AB 02, AB 03, AB 04, AB 05",
consonant-candidate,AB 42,AB 31,AB 38,,29,39,,"AB 01, AB 02, AB 03, AB 04, AB 05",
consonant-candidate,AB 42,AB 72,AB 38,,29,36,,"AB 01, AB 02, AB 04, AB 05, AB 07",
consonant-candidate,AB 41,AB 70,AB 38,,29,36,,"AB 01, AB 02, AB 03, AB 04, AB 05",
consonant-candidate,AB 70,AB 83,AB 38,,29,4,,"AB 27, AB 36, AB 38, AB 61",
consonant-candidate,AB 54,AB 78,AB 38,,29,28,,"AB 01, AB 02, AB 03, AB 04, AB 05",
consonant-candidate,AB 78,AB 25,AB 38,,29,21,,"AB 01, AB 02, AB 03, AB 04, AB 05",
consonant-candidate,AB 52,AB 46,AB 10,,29,20,,"AB 01, AB 02, AB 04, AB 05, AB 10",
consonant-candidate,AB 46,AB 72,AB 10,,29,17,,"AB 01, AB 02, AB 04, AB 05, AB 10",
consonant-candidate,AB 59,AB 69,AB 70,,29,25,,"AB 02, AB 04, AB 05, AB 06, AB 08",
consonant-candidate,AB 69,AB 53,AB 70,,29,22,,"AB 04, AB 05, AB 06, AB 08, AB 16",
consonant-candidate,AB 69,AB 04,AB 70,,29,21,,"AB 02, AB 04, AB 05, AB 06, AB 08",
consonant-candidate,AB 15,AB 23,AB 70,,29,4,,"AB 02, AB 05, AB 59, AB 70",
consonant-candidate,AB 15,AB 33,AB 70,,29,3,,"AB 42, AB 54, AB 70",
consonant-candidate,AB 03,AB 58,AB 70,,29,11,,"AB 02, AB 03, AB 05, AB 08, AB 20",
consonant-candidate,AB 39,AB 51,AB 02,,29,13,,"AB 02, AB 05, AB 06, AB 15, AB 26",
consonant-candidate,AB 60,AB 29,AB 02,,29,11,,"AB 02, AB 04, AB 26, AB 27, AB 37",
consonant-candidate,AB 51,AB 08,AB 02,,29,15,,"AB 02, AB 05, AB 06, AB 15, AB 26",
consonant-candidate,AB 27,AB 64,AB 36,,29,2,,"AB 36, AB 57",
consonant-candidate,AB 85,AB 57,AB 59,,29,6,,"AB 04, AB 05, AB 44, AB 45, AB 53",
consonant-candidate,AB 57,AB 19,AB 59,,29,1,,AB 59,
consonant-candidate,AB 09,AB 85,AB 05,,29,4,,"AB 04, AB 05, AB 45, AB 53",
consonant-candidate,AB 38,AB 65,AB 05,,29,4,,"AB 05, AB 77, AB 78, AB 80",
vowel-candidate,AB 56,AB 70,,AB 77,29,,15,,"AB 02, AB 04, AB 05, AB 08, AB 10"
vowel-candidate,AB 56,AB 05,,AB 77,29,,15,,"AB 02, AB 04, AB 05, AB 08, AB 10"
vowel-candidate,AB 31,AB 55,,AB 77,29,,15,,"AB 02, AB 03, AB 08, AB 13, AB 31"
vowel-candidate,AB 31,AB 73,,AB 77,29,,22,,"AB 02, AB 04, AB 05, AB 08, AB 10"
vowel-candidate,AB 31,AB 50,,AB 77,29,,17,,"AB 02, AB 03, AB 04, AB 05, AB 06"
vowel-candidate,AB 31,AB 67,,AB 77,29,,28,,"AB 02, AB 03, AB 04, AB 05, AB 06"
vowel-candidate,AB 31,AB 23,,AB 77,29,,8,,"AB 02, AB 05, AB 08, AB 31, AB 37"
vowel-candidate,AB 31,AB 69,,AB 77,29,,20,,"AB 02, AB 03, AB 04, AB 05, AB 08"
vowel-candidate,AB 31,AB 25,,AB 77,29,,15,,"AB 04, AB 05, AB 27, AB 42, AB 44"
vowel-candidate,AB 31,AB 20,,AB 77,29,,18,,"AB 02, AB 03, AB 06, AB 13, AB 31"
vowel-candidate,AB 70,AB 09,,AB 77,29,,26,,"AB 02, AB 04, AB 05, AB 06, AB 08"
vowel-candidate,AB 70,AB 57,,AB 77,29,,42,,"AB 01, AB 02, AB 03, AB 04, AB 06"
vowel-candidate,AB 70,AB 33,,AB 77,29,,6,,"AB 04, AB 38, AB 39, AB 72, AB 77"
vowel-candidate,AB 70,AB 39,,AB 77,29,,37,,"AB 02, AB 04, AB 05, AB 06, AB 07"
vowel-candidate,AB 38,AB 26,,AB 77,29,,24,,"AB 02, AB 04, AB 05, AB 08, AB 10"
vowel-candidate,AB 61,AB 12,,AB 77,29,,34,,"AB 01, AB 03, AB 04, AB 05, AB 06"
vowel-candidate,AB 61,AB 24,,AB 77,29,,32,,"AB 01, AB 02, AB 05, AB 06, AB 08"
vowel-candidate,AB 61,AB 37,,AB 77,29,,37,,"AB 02, AB 03, AB 04, AB 05, AB 06"
vowel-candidate,AB 61,AB 28,,AB 77,29,,38,,"AB 01, AB 02, AB 03, AB 04, AB 05"
vowel-candidate,AB 61,AB 01,,AB 77,29,,40,,"AB 01, AB 02, AB 03, AB 04, AB 05"
vowel-candidate,AB 61,AB 77,,AB 77,29,,44,,"AB 01, AB 02, AB 03, AB 04, AB 05"
vowel-candidate,AB 61,AB 08,,AB 77,29,,43,,"AB 02, AB 03, AB 04, AB 05, AB 06"
vowel-candidate,AB 05,AB 09,,AB 77,29,,26,,"AB 02, AB 04, AB 05, AB 06, AB 08"
vowel-candidate,AB 05,AB 57,,AB 77,29,,43,,"AB 01, AB 02, AB 03, AB 04, AB 06"
vowel-candidate,AB 05,AB 33,,AB 77,29,,6,,"AB 04, AB 38, AB 39, AB 72, AB 77"
vowel-candidate,AB 05,AB 39,,AB 77,29,,37,,"AB 02, AB 04, AB 05, AB 06, AB 08"
vowel-candidate,AB 53,AB 42,,AB 77,29,,44,,"AB 02, AB 03, AB 04, AB 05, AB 07"
vowel-candidate,AB 40,AB 42,,AB 77,29,,40,,"AB 01, AB 02, AB 03, AB 04, AB 05"
vowel-candidate,AB 02,AB 26,,AB 77,29,,26,,"AB 02, AB 04, AB 05, AB 08, AB 10"
vowel-candidate,AB 38,AB 58,,AB 12,29,,14,,"AB 02, AB 05, AB 06, AB 12, AB 17"
vowel-candidate,AB 59,AB 81,,AB 12,29,,38,,"AB 01, AB 02, AB 03, AB 04, AB 05"
vowel-candidate,AB 05,AB 68,,AB 38,29,,5,,"AB 03, AB 08, AB 38, AB 69, AB 78"
vowel-candidate,AB 05,AB 65,,AB 38,29,,6,,"AB 08, AB 28, AB 38, AB 42, AB 53"
vowel-candidate,AB 11,AB 51,,AB 10,29,,14,,"AB 02, AB 04, AB 08, AB 10, AB 36"
vowel-candidate,AB 43,AB 41,,AB 70,29,,11,,"AB 02, AB 05, AB 06, AB 15, AB 28"
vowel-candidate,AB 41,AB 17,,AB 02,29,,8,,"AB 02, AB 13, AB 27, AB 28, AB 36"
vowel-candidate,AB 42,AB 29,,AB 36,29,,9,,"AB 01, AB 05, AB 08, AB 36, AB 44"
vowel-candidate,AB 76,AB 78,,AB 59,29,,6,,"AB 03, AB 39, AB 44, AB 59, AB 72"
vowel-candidate,AB 15,AB 79,,AB 08,29,,1,,AB 08
vowel-candidate,AB 44,AB 19,,AB 39,29,,1,,AB 39
vowel-candidate,AB 57,AB 71,,AB 73,29,,1,,AB 73
vowel-candidate,AB 52,AB 91,,AB 61,29,,1,,AB 61
vowel-candidate,AB 68,AB 58,,AB 81,29,,1,,AB 81
consonant-candidate,AB 60,AB 50,AB 12,,28,23,,"AB 01, AB 02, AB 04, AB 05, AB 06",
consonant-candidate,AB 11,AB 53,AB 12,,28,34,,"AB 01, AB 03, AB 04, AB 05, AB 07",
consonant-candidate,AB 11,AB 54,AB 12,,28,33,,"AB 01, AB 02, AB 03, AB 04, AB 05",
consonant-candidate,AB 11,AB 26,AB 12,,28,24,,"AB 01, AB 02, AB 04, AB 05, AB 11",
consonant-candidate,AB 12,AB 90,AB 38,,28,2,,"AB 36, AB 38",
consonant-candidate,AB 06,AB 90,AB 38,,28,2,,"AB 36, AB 38",
consonant-candidate,AB 77,AB 61,AB 38,,28,47,,"AB 01, AB 02, AB 03, AB 04, AB 05",
consonant-candidate,AB 39,AB 25,AB 38,,28,24,,"AB 01, AB 02, AB 03, AB 04, AB 05",
consonant-candidate,AB 42,AB 03,AB 38,,28,44,,"AB 01, AB 02, AB 03, AB 04, AB 05",
consonant-candidate,AB 42,AB 73,AB 38,,28,20,,"AB 03, AB 04, AB 05, AB 08, AB 20",
consonant-candidate,AB 45,AB 25,AB 38,,28,23,,"AB 01, AB 02, AB 03, AB 04, AB 05",
consonant-candidate,AB 41,AB 08,AB 38,,28,36,,"AB 01, AB 02, AB 03, AB 04, AB 05",
consonant-candidate,AB 28,AB 61,AB 38,,28,41,,"AB 01, AB 02, AB 03, AB 04, AB 05",
consonant-candidate,AB 70,AB 68,AB 38,,28,7,,"AB 08, AB 24, AB 36, AB 38, AB 60",
consonant-candidate,AB 08,AB 83,AB 38,,28,4,,"AB 27, AB 38, AB 57, AB 61",
consonant-candidate,AB 78,AB 32,AB 38,,28,24,,"AB 01, AB 02, AB 03, AB 04, AB 05",
consonant-candidate,AB 69,AB 26,AB 70,,28,18,,"AB 02, AB 04, AB 05, AB 06, AB 32",
consonant-candidate,AB 77,AB 82,AB 70,,28,4,,"AB 45, AB 61, AB 70, AB 80",
consonant-candidate,AB 77,AB 79,AB 70,,28,2,,"AB 04, AB 70",
consonant-candidate,AB 76,AB 05,AB 70,,28,9,,"AB 04, AB 05, AB 08, AB 37, AB 42",
consonant-candidate,AB 76,AB 03,AB 70,,28,9,,"AB 04, AB 05, AB 08, AB 37, AB 42",
consonant-candidate,AB 80,AB 34,AB 59,,28,3,,"AB 44, AB 59, AB 77",
consonant-candidate,AB 59,AB 71,AB 59,,28,2,,"AB 04, AB 59",
consonant-candidate,AB 42,AB 87,AB 59,,28,1,,AB 59,
consonant-candidate,AB 02,AB 87,AB 59,,28,1,,AB 59,
consonant-candidate,AB 80,AB 35,AB 05,,28,2,,"AB 05, AB 67",
consonant-candidate,AB 41,AB 65,AB 05,,28,4,,"AB 05, AB 77, AB 78, AB 80",
consonant-candidate,AB 42,AB 65,AB 05,,28,4,,"AB 05, AB 77, AB 78, AB 80",
consonant-candidate,AB 77,AB 35,AB 05,,28,2,,"AB 05, AB 67",
consonant-candidate,AB 02,AB 65,AB 05,,28,4,,"AB 05, AB 77, AB 78, AB 80",
consonant-candidate,AB 05,AB 65,AB 05,,28,4,,"AB 05, AB 77, AB 78, AB 80",
consonant-candidate,AB 41,AB 63,AB 04,,28,1,,AB 04,
vowel-candidate,AB 27,AB 12,,AB 77,28,,36,,"AB 01, AB 03, AB 04, AB 05, AB 06"
vowel-candidate,AB 27,AB 24,,AB 77,28,,32,,"AB 01, AB 02, AB 05, AB 06, AB 08"
vowel-candidate,AB 27,AB 37,,AB 77,28,,40,,"AB 02, AB 03, AB 04, AB 05, AB 06"
vowel-candidate,AB 27,AB 28,,AB 77,28,,38,,"AB 01, AB 02, AB 03, AB 04, AB 05"
vowel-candidate,AB 27,AB 01,,AB 77,28,,43,,"AB 01, AB 02, AB 03, AB 04, AB 05"
vowel-candidate,AB 27,AB 77,,AB 77,28,,45,,"AB 01, AB 02, AB 03, AB 04, AB 05"
vowel-candidate,AB 27,AB 08,,AB 77,28,,39,,"AB 02, AB 03, AB 04, AB 05, AB 06"
vowel-candidate,AB 70,AB 55,,AB 77,28,,18,,"AB 01, AB 02, AB 03, AB 08, AB 13"
vowel-candidate,AB 70,AB 73,,AB 77,28,,32,,"AB 01, AB 02, AB 04, AB 05, AB 07"
vowel-candidate,AB 70,AB 50,,AB 77,28,,24,,"AB 01, AB 02, AB 03, AB 04, AB 05"
vowel-candidate,AB 70,AB 67,,AB 77,28,,37,,"AB 02, AB 03, AB 04, AB 05, AB 06"
vowel-candidate,AB 70,AB 23,,AB 77,28,,8,,"AB 02, AB 05, AB 08, AB 31, AB 37"
vowel-candidate,AB 70,AB 69,,AB 77,28,,26,,"AB 02, AB 03, AB 04, AB 05, AB 08"
vowel-candidate,AB 70,AB 25,,AB 77,28,,22,,"AB 01, AB 04, AB 05, AB 20, AB 24"
vowel-candidate,AB 70,AB 20,,AB 77,28,,25,,"AB 01, AB 02, AB 03, AB 06, AB 07"
vowel-candidate,AB 05,AB 55,,AB 77,28,,21,,"AB 01, AB 02, AB 03, AB 08, AB 09"
vowel-candidate,AB 05,AB 73,,AB 77,28,,30,,"AB 01, AB 02, AB 04, AB 05, AB 08"
vowel-candidate,AB 05,AB 50,,AB 77,28,,25,,"AB 01, AB 02, AB 03, AB 04, AB 05"
vowel-candidate,AB 05,AB 67,,AB 77,28,,36,,"AB 02, AB 03, AB 04, AB 05, AB 06"
vowel-candidate,AB 05,AB 23,,AB 77,28,,9,,"AB 02, AB 05, AB 08, AB 31, AB 37"
vowel-candidate,AB 05,AB 69,,AB 77,28,,27,,"AB 02, AB 03, AB 04, AB 05, AB 08"
vowel-candidate,AB 05,AB 25,,AB 77,28,,23,,"AB 01, AB 04, AB 05, AB 20, AB 24"
vowel-candidate,AB 05,AB 20,,AB 77,28,,24,,"AB 01, AB 02, AB 03, AB 06, AB 11"
vowel-candidate,AB 53,AB 40,,AB 77,28,,34,,"AB 02, AB 03, AB 04, AB 05, AB 07"
vowel-candidate,AB 12,AB 75,,AB 77,28,,34,,"AB 01, AB 03, AB 04, AB 05, AB 06"
vowel-candidate,AB 24,AB 75,,AB 77,28,,30,,"AB 01, AB 02, AB 05, AB 06, AB 08"
vowel-candidate,AB 37,AB 75,,AB 77,28,,37,,"AB 02, AB 03, AB 04, AB 05, AB 06"
vowel-candidate,AB 28,AB 75,,AB 77,28,,36,,"AB 01, AB 02, AB 03, AB 04, AB 05"
vowel-candidate,AB 01,AB 75,,AB 77,28,,40,,"AB 01, AB 02, AB 03, AB 04, AB 05"
vowel-candidate,AB 26,AB 41,,AB 77,28,,22,,"AB 02, AB 04, AB 05, AB 08, AB 10"
vowel-candidate,AB 77,AB 75,,AB 77,28,,45,,"AB 01, AB 02, AB 03, AB 04, AB 05"
vowel-candidate,AB 75,AB 08,,AB 77,28,,37,,"AB 02, AB 03, AB 04, AB 05, AB 06"
vowel-candidate,AB 38,AB 21,,AB 12,28,,14,,"AB 04, AB 05, AB 08, AB 12, AB 28"
vowel-candidate,AB 59,AB 78,,AB 12,28,,34,,"AB 02, AB 03, AB 04, AB 05, AB 06"
vowel-candidate,AB 13,AB 09,,AB 38,28,,24,,"AB 02, AB 04, AB 05, AB 06, AB 08"
vowel-candidate,AB 05,AB 32,,AB 38,28,,27,,"AB 02, AB 03, AB 05, AB 06, AB 08"
vowel-candidate,AB 43,AB 01,,AB 70,28,,12,,"AB 02, AB 05, AB 06, AB 15, AB 28"
vowel-candidate,AB 41,AB 74,,AB 02,28,,7,,"AB 02, AB 03, AB 08, AB 28, AB 36"
vowel-candidate,AB 05,AB 17,,AB 02,28,,11,,"AB 02, AB 13, AB 27, AB 28, AB 36"
vowel-candidate,AB 50,AB 85,,AB 36,28,,7,,"AB 05, AB 36, AB 52, AB 57, AB 59"
vowel-candidate,AB 72,AB 85,,AB 36,28,,7,,"AB 05, AB 36, AB 52, AB 57, AB 59"
vowel-candidate,AB 60,AB 29,,AB 36,28,,8,,"AB 01, AB 05, AB 08, AB 36, AB 44"
vowel-candidate,AB 39,AB 85,,AB 36,28,,7,,"AB 05, AB 36, AB 52, AB 57, AB 59"
vowel-candidate,AB 16,AB 29,,AB 36,28,,5,,"AB 05, AB 08, AB 36, AB 57, AB 60"
vowel-candidate,AB 85,AB 37,,AB 36,28,,6,,"AB 05, AB 36, AB 52, AB 57, AB 59"
vowel-candidate,AB 85,AB 45,,AB 36,28,,6,,"AB 05, AB 36, AB 52, AB 57, AB 59"
vowel-candidate,AB 03,AB 79,,AB 08,28,,2,,"AB 08, AB 58"
vowel-candidate,AB 80,AB 64,,AB 08,28,,1,,AB 08
vowel-candidate,AB 57,AB 19,,AB 39,28,,1,,AB 39
vowel-candidate,AB 61,AB 91,,AB 61,28,,1,,AB 61
vowel-candidate,AB 28,AB 91,,AB 61,28,,1,,AB 61
consonant-candidate,AB 30,AB 77,AB 12,,27,19,,"AB 03, AB 05, AB 07, AB 08, AB 12",
consonant-candidate,AB 52,AB 45,AB 12,,27,39,,"AB 01, AB 02, AB 03, AB 04, AB 05",
consonant-candidate,AB 52,AB 57,AB 12,,27,50,,"AB 01, AB 02, AB 03, AB 04, AB 05",
consonant-candidate,AB 60,AB 11,AB 12,,27,41,,"AB 01, AB 02, AB 03, AB 04, AB 05",
consonant-candidate,AB 45,AB 50,AB 12,,27,20,,"AB 01, AB 02, AB 04, AB 05, AB 12",
consonant-candidate,AB 57,AB 50,AB 12,,27,23,,"AB 01, AB 02, AB 04, AB 05, AB 06",
consonant-candidate,AB 38,AB 61,AB 38,,27,45,,"AB 01, AB 02, AB 03, AB 04, AB 05",
consonant-candidate,AB 04,AB 25,AB 38,,27,23,,"AB 01, AB 02, AB 03, AB 04, AB 05",
consonant-candidate,AB 15,AB 37,AB 38,,27,32,,"AB 01, AB 02, AB 03, AB 04, AB 05",
consonant-candidate,AB 15,AB 13,AB 38,,27,26,,"AB 02, AB 04, AB 05, AB 06, AB 08",
consonant-candidate,AB 15,AB 62,AB 38,,27,5,,"AB 27, AB 38, AB 52, AB 53, AB 60",
consonant-candidate,AB 80,AB 37,AB 38,,27,28,,"AB 01, AB 02, AB 04, AB 05, AB 06",
consonant-candidate,AB 80,AB 13,AB 38,,27,23,,"AB 02, AB 04, AB 05, AB 06, AB 10",
consonant-candidate,AB 80,AB 62,AB 38,,27,6,,"AB 27, AB 37, AB 38, AB 52, AB 53",
consonant-candidate,AB 42,AB 37,AB 38,,27,36,,"AB 01, AB 02, AB 03, AB 04, AB 05",
consonant-candidate,AB 42,AB 11,AB 38,,27,38,,"AB 01, AB 02, AB 03, AB 04, AB 05",
consonant-candidate,AB 42,AB 09,AB 38,,27,22,,"AB 01, AB 02, AB 04, AB 05, AB 10",
consonant-candidate,AB 42,AB 17,AB 38,,27,16,,"AB 02, AB 05, AB 06, AB 08, AB 27",
consonant-candidate,AB 42,AB 13,AB 38,,27,31,,"AB 02, AB 04, AB 05, AB 06, AB 08",
consonant-candidate,AB 42,AB 62,AB 38,,27,6,,"AB 27, AB 37, AB 38, AB 52, AB 53",
consonant-candidate,AB 41,AB 78,AB 38,,27,29,,"AB 01, AB 02, AB 03, AB 04, AB 05",
consonant-candidate,AB 70,AB 31,AB 38,,27,37,,"AB 01, AB 02, AB 03, AB 04, AB 05",
consonant-candidate,AB 70,AB 72,AB 38,,27,34,,"AB 01, AB 02, AB 04, AB 05, AB 07",
consonant-candidate,AB 08,AB 68,AB 38,,27,7,,"AB 08, AB 24, AB 32, AB 38, AB 60",
consonant-candidate,AB 78,AB 83,AB 38,,27,5,,"AB 27, AB 36, AB 38, AB 57, AB 61",
consonant-candidate,AB 69,AB 80,AB 70,,27,19,,"AB 02, AB 04, AB 05, AB 06, AB 26",
consonant-candidate,AB 69,AB 52,AB 70,,27,23,,"AB 02, AB 04, AB 05, AB 06, AB 08",
consonant-candidate,AB 26,AB 72,AB 70,,27,23,,"AB 01, AB 02, AB 04, AB 05, AB 11",
consonant-candidate,AB 26,AB 25,AB 70,,27,17,,"AB 01, AB 02, AB 04, AB 05, AB 11",
consonant-candidate,AB 15,AB 82,AB 70,,27,4,,"AB 45, AB 61, AB 70, AB 80",
consonant-candidate,AB 15,AB 79,AB 70,,27,2,,"AB 04, AB 70",
consonant-candidate,AB 75,AB 51,AB 02,,27,11,,"AB 02, AB 05, AB 06, AB 26, AB 42",
consonant-candidate,AB 29,AB 10,AB 02,,27,11,,"AB 02, AB 04, AB 26, AB 27, AB 37",
consonant-candidate,AB 02,AB 22,AB 37,,27,2,,"AB 05, AB 37",
consonant-candidate,AB 52,AB 64,AB 36,,27,2,,"AB 36, AB 57",
consonant-candidate,AB 80,AB 85,AB 59,,27,5,,"AB 04, AB 05, AB 44, AB 53, AB 59",
consonant-candidate,AB 80,AB 19,AB 59,,27,1,,AB 59,
consonant-candidate,AB 60,AB 87,AB 59,,27,1,,AB 59,
consonant-candidate,AB 38,AB 35,AB 05,,27,2,,"AB 05, AB 67",
consonant-candidate,AB 31,AB 65,AB 05,,27,4,,"AB 05, AB 77, AB 78, AB 80",
consonant-candidate,AB 78,AB 65,AB 05,,27,3,,"AB 05, AB 77, AB 78",
consonant-candidate,AB 13,AB 65,AB 05,,27,1,,AB 05,
vowel-candidate,AB 61,AB 45,,AB 77,27,,33,,"AB 02, AB 03, AB 04, AB 05, AB 06"
vowel-candidate,AB 61,AB 52,,AB 77,27,,35,,"AB 01, AB 02, AB 03, AB 05, AB 06"
vowel-candidate,AB 61,AB 54,,AB 77,27,,38,,"AB 01, AB 02, AB 03, AB 04, AB 05"
vowel-candidate,AB 61,AB 07,,AB 77,27,,24,,"AB 02, AB 05, AB 08, AB 10, AB 11"
vowel-candidate,AB 26,AB 42,,AB 77,27,,25,,"AB 02, AB 04, AB 05, AB 08, AB 10"
vowel-candidate,AB 59,AB 16,,AB 12,27,,26,,"AB 02, AB 04, AB 05, AB 08, AB 10"
vowel-candidate,AB 13,AB 67,,AB 38,27,,30,,"AB 02, AB 03, AB 04, AB 05, AB 06"
vowel-candidate,AB 13,AB 80,,AB 38,27,,31,,"AB 02, AB 04, AB 05, AB 06, AB 08"
vowel-candidate,AB 26,AB 68,,AB 38,27,,4,,"AB 08, AB 38, AB 69, AB 81"
vowel-candidate,AB 26,AB 65,,AB 38,27,,4,,"AB 08, AB 28, AB 38, AB 72"
vowel-candidate,AB 80,AB 43,,AB 70,27,,11,,"AB 02, AB 05, AB 06, AB 15, AB 28"
vowel-candidate,AB 13,AB 55,,AB 70,27,,14,,"AB 02, AB 03, AB 08, AB 09, AB 31"
vowel-candidate,AB 08,AB 43,,AB 70,27,,12,,"AB 02, AB 05, AB 06, AB 15, AB 28"
vowel-candidate,AB 05,AB 74,,AB 02,27,,7,,"AB 02, AB 03, AB 08, AB 28, AB 36"
vowel-candidate,AB 54,AB 85,,AB 36,27,,7,,"AB 05, AB 36, AB 52, AB 57, AB 59"
vowel-candidate,AB 24,AB 85,,AB 36,27,,6,,"AB 05, AB 36, AB 52, AB 57, AB 59"
vowel-candidate,AB 78,AB 62,,AB 59,27,,4,,"AB 26, AB 59, AB 60, AB 78"
vowel-candidate,AB 79,AB 55,,AB 08,27,,1,,AB 08
vowel-candidate,AB 05,AB 64,,AB 08,27,,1,,AB 08
vowel-candidate,AB 55,AB 34,,AB 08,27,,2,,"AB 08, AB 61"
vowel-candidate,AB 67,AB 64,,AB 08,27,,1,,AB 08
vowel-candidate,AB 82,AB 36,,AB 27,27,,2,,"AB 27, AB 39"
vowel-candidate,AB 77,AB 91,,AB 61,27,,1,,AB 61
consonant-candidate,AB 45,AB 11,AB 12,,26,32,,"AB 01, AB 02, AB 03, AB 04, AB 05",
consonant-candidate,AB 57,AB 11,AB 12,,26,41,,"AB 01, AB 02, AB 03, AB 04, AB 05",
consonant-candidate,AB 53,AB 54,AB 12,,26,39,,"AB 01, AB 03, AB 04, AB 05, AB 06",
consonant-candidate,AB 53,AB 26,AB 12,,26,27,,"AB 01, AB 04, AB 05, AB 06, AB 11",
consonant-candidate,AB 54,AB 26,AB 12,,26,24,,"AB 01, AB 02, AB 04, AB 05, AB 06",
consonant-candidate,AB 77,AB 25,AB 38,,26,23,,"AB 01, AB 02, AB 03, AB 04, AB 05",
consonant-candidate,AB 15,AB 90,AB 38,,26,2,,"AB 36, AB 38",
consonant-candidate,AB 90,AB 80,AB 38,,26,2,,"AB 36, AB 38",
consonant-candidate,AB 90,AB 42,AB 38,,26,2,,"AB 36, AB 38",
consonant-candidate,AB 39,AB 41,AB 38,,26,35,,"AB 01, AB 02, AB 03, AB 04, AB 05",
consonant-candidate,AB 39,AB 83,AB 38,,26,5,,"AB 27, AB 36, AB 38, AB 57, AB 61",
consonant-candidate,AB 42,AB 07,AB 38,,26,25,,"AB 01, AB 02, AB 03, AB 10, AB 14",
consonant-candidate,AB 42,AB 30,AB 38,,26,19,,"AB 03, AB 05, AB 07, AB 08, AB 15",
consonant-candidate,AB 42,AB 81,AB 38,,26,31,,"AB 01, AB 02, AB 03, AB 04, AB 06",
consonant-candidate,AB 42,AB 16,AB 38,,26,27,,"AB 01, AB 02, AB 04, AB 05, AB 06",
consonant-candidate,AB 45,AB 41,AB 38,,26,32,,"AB 01, AB 02, AB 03, AB 04, AB 05",
consonant-candidate,AB 45,AB 83,AB 38,,26,5,,"AB 27, AB 36, AB 38, AB 57, AB 61",
consonant-candidate,AB 53,AB 78,AB 38,,26,29,,"AB 01, AB 03, AB 04, AB 05, AB 06",
consonant-candidate,AB 67,AB 78,AB 38,,26,19,,"AB 01, AB 02, AB 03, AB 04, AB 05",
consonant-candidate,AB 28,AB 25,AB 38,,26,24,,"AB 01, AB 02, AB 03, AB 04, AB 05",
consonant-candidate,AB 08,AB 31,AB 38,,26,37,,"AB 01, AB 02, AB 03, AB 04, AB 05",
consonant-candidate,AB 08,AB 72,AB 38,,26,36,,"AB 01, AB 02, AB 04, AB 05, AB 07",
consonant-candidate,AB 78,AB 68,AB 38,,26,6,,"AB 08, AB 36, AB 38, AB 60, AB 61",
consonant-candidate,AB 78,AB 01,AB 38,,26,27,,"AB 01, AB 02, AB 04, AB 05, AB 06",
consonant-candidate,AB 77,AB 46,AB 10,,26,20,,"AB 01, AB 02, AB 04, AB 05, AB 10",
consonant-candidate,AB 46,AB 08,AB 10,,26,18,,"AB 01, AB 02, AB 04, AB 05, AB 10",
consonant-candidate,AB 27,AB 26,AB 70,,26,29,,"AB 02, AB 04, AB 05, AB 06, AB 11",
consonant-candidate,AB 41,AB 69,AB 70,,26,19,,"AB 02, AB 04, AB 05, AB 06, AB 08",
consonant-candidate,AB 05,AB 23,AB 70,,26,5,,"AB 02, AB 05, AB 37, AB 59, AB 70",
consonant-candidate,AB 05,AB 33,AB 70,,26,3,,"AB 42, AB 54, AB 70",
consonant-candidate,AB 39,AB 58,AB 70,,26,10,,"AB 02, AB 03, AB 05, AB 08, AB 32",
consonant-candidate,AB 03,AB 23,AB 70,,26,6,,"AB 02, AB 05, AB 37, AB 55, AB 59",
consonant-candidate,AB 03,AB 33,AB 70,,26,3,,"AB 42, AB 54, AB 70",
consonant-candidate,AB 01,AB 51,AB 02,,26,12,,"AB 02, AB 05, AB 06, AB 15, AB 22",
consonant-candidate,AB 28,AB 22,AB 37,,26,3,,"AB 05, AB 37, AB 46",
consonant-candidate,AB 21,AB 57,AB 37,,26,11,,"AB 20, AB 36, AB 37, AB 41, AB 42",
consonant-candidate,AB 36,AB 22,AB 37,,26,2,,"AB 05, AB 37",
consonant-candidate,AB 08,AB 22,AB 37,,26,2,,"AB 05, AB 37",
consonant-candidate,AB 28,AB 71,AB 59,,26,2,,"AB 04, AB 59",
consonant-candidate,AB 12,AB 87,AB 59,,26,1,,AB 59,
consonant-candidate,AB 44,AB 71,AB 59,,26,2,,"AB 04, AB 59",
consonant-candidate,AB 36,AB 87,AB 59,,26,1,,AB 59,
consonant-candidate,AB 42,AB 34,AB 59,,26,3,,"AB 44, AB 59, AB 77",
consonant-candidate,AB 15,AB 87,AB 59,,26,1,,AB 59,
consonant-candidate,AB 02,AB 34,AB 59,,26,3,,"AB 44, AB 59, AB 77",
consonant-candidate,AB 09,AB 65,AB 05,,26,1,,AB 05,
consonant-candidate,AB 41,AB 35,AB 05,,26,2,,"AB 05, AB 67",
consonant-candidate,AB 42,AB 35,AB 05,,26,2,,"AB 05, AB 67",
consonant-candidate,AB 11,AB 65,AB 05,,26,3,,"AB 05, AB 77, AB 78",
consonant-candidate,AB 02,AB 35,AB 05,,26,2,,"AB 05, AB 67",
consonant-candidate,AB 05,AB 35,AB 05,,26,2,,"AB 05, AB 67",
vowel-candidate,AB 27,AB 45,,AB 77,26,,33,,"AB 02, AB 03, AB 04, AB 05, AB 06"
vowel-candidate,AB 27,AB 52,,AB 77,26,,39,,"AB 01, AB 02, AB 03, AB 05, AB 06"
vowel-candidate,AB 27,AB 54,,AB 77,26,,40,,"AB 01, AB 02, AB 03, AB 04, AB 05"
vowel-candidate,AB 27,AB 07,,AB 77,26,,24,,"AB 02, AB 05, AB 08, AB 10, AB 11"
vowel-candidate,AB 38,AB 12,,AB 77,26,,37,,"AB 01, AB 03, AB 04, AB 05, AB 06"
vowel-candidate,AB 38,AB 24,,AB 77,26,,35,,"AB 01, AB 02, AB 05, AB 06, AB 08"
vowel-candidate,AB 38,AB 37,,AB 77,26,,40,,"AB 02, AB 03, AB 04, AB 05, AB 06"
vowel-candidate,AB 38,AB 28,,AB 77,26,,40,,"AB 01, AB 02, AB 03, AB 04, AB 05"
vowel-candidate,AB 38,AB 01,,AB 77,26,,44,,"AB 01, AB 02, AB 03, AB 04, AB 05"
vowel-candidate,AB 38,AB 77,,AB 77,26,,45,,"AB 01, AB 02, AB 03, AB 04, AB 05"
vowel-candidate,AB 38,AB 08,,AB 77,26,,43,,"AB 02, AB 03, AB 04, AB 05, AB 06"
vowel-candidate,AB 61,AB 10,,AB 77,26,,32,,"AB 01, AB 02, AB 03, AB 04, AB 05"
vowel-candidate,AB 53,AB 26,,AB 77,26,,27,,"AB 02, AB 04, AB 05, AB 08, AB 10"
vowel-candidate,AB 12,AB 02,,AB 77,26,,37,,"AB 01, AB 03, AB 04, AB 05, AB 06"
vowel-candidate,AB 45,AB 75,,AB 77,26,,30,,"AB 02, AB 03, AB 04, AB 05, AB 06"
vowel-candidate,AB 24,AB 02,,AB 77,26,,33,,"AB 01, AB 02, AB 05, AB 06, AB 08"
vowel-candidate,AB 40,AB 26,,AB 77,26,,20,,"AB 02, AB 04, AB 05, AB 08, AB 10"
vowel-candidate,AB 37,AB 02,,AB 77,26,,42,,"AB 02, AB 03, AB 04, AB 05, AB 06"
vowel-candidate,AB 02,AB 28,,AB 77,26,,38,,"AB 01, AB 02, AB 03, AB 04, AB 05"
vowel-candidate,AB 02,AB 01,,AB 77,26,,45,,"AB 01, AB 02, AB 03, AB 04, AB 05"
vowel-candidate,AB 02,AB 77,,AB 77,26,,47,,"AB 01, AB 02, AB 03, AB 04, AB 05"
vowel-candidate,AB 02,AB 08,,AB 77,26,,40,,"AB 02, AB 03, AB 04, AB 05, AB 06"
vowel-candidate,AB 52,AB 75,,AB 77,26,,34,,"AB 01, AB 02, AB 03, AB 05, AB 06"
vowel-candidate,AB 54,AB 75,,AB 77,26,,43,,"AB 01, AB 02, AB 03, AB 04, AB 05"
vowel-candidate,AB 07,AB 75,,AB 77,26,,23,,"AB 02, AB 05, AB 08, AB 10, AB 15"
vowel-candidate,AB 08,AB 81,,AB 12,26,,35,,"AB 02, AB 03, AB 04, AB 05, AB 06"
vowel-candidate,AB 26,AB 32,,AB 38,26,,16,,"AB 02, AB 05, AB 08, AB 10, AB 11"
vowel-candidate,AB 39,AB 51,,AB 10,26,,14,,"AB 02, AB 04, AB 07, AB 08, AB 10"
vowel-candidate,AB 43,AB 38,,AB 70,26,,12,,"AB 02, AB 05, AB 06, AB 15, AB 28"
vowel-candidate,AB 17,AB 59,,AB 02,26,,11,,"AB 02, AB 07, AB 13, AB 27, AB 28"
vowel-candidate,AB 73,AB 48,,AB 37,26,,3,,"AB 01, AB 37, AB 41"
vowel-candidate,AB 52,AB 65,,AB 42,26,,4,,"AB 08, AB 28, AB 42, AB 53"
vowel-candidate,AB 79,AB 13,,AB 08,26,,1,,AB 08
vowel-candidate,AB 90,AB 36,,AB 27,26,,1,,AB 27
vowel-candidate,AB 02,AB 19,,AB 39,26,,1,,AB 39
vowel-candidate,AB 02,AB 87,,AB 01,26,,1,,AB 01
vowel-candidate,AB 28,AB 83,,AB 01,26,,1,,AB 01
consonant-candidate,AB 30,AB 28,AB 12,,25,18,,"AB 03, AB 05, AB 08, AB 12, AB 15",
consonant-candidate,AB 30,AB 01,AB 12,,25,12,,"AB 05, AB 12, AB 15, AB 36, AB 38",
consonant-candidate,AB 30,AB 47,AB 12,,25,2,,"AB 12, AB 37",
consonant-candidate,AB 60,AB 53,AB 12,,25,48,,"AB 01, AB 03, AB 04, AB 05, AB 06",
consonant-candidate,AB 60,AB 54,AB 12,,25,41,,"AB 01, AB 02, AB 03, AB 04, AB 05",
consonant-candidate,AB 50,AB 77,AB 12,,25,23,,"AB 01, AB 02, AB 04, AB 05, AB 06",
consonant-candidate,AB 28,AB 10,AB 12,,25,40,,"AB 01, AB 02, AB 03, AB 04, AB 05",
consonant-candidate,AB 01,AB 10,AB 12,,25,31,,"AB 01, AB 02, AB 04, AB 05, AB 06",
consonant-candidate,AB 47,AB 10,AB 12,,25,3,,"AB 01, AB 12, AB 37",
consonant-candidate,AB 38,AB 25,AB 38,,25,24,,"AB 01, AB 02, AB 03, AB 04, AB 05",
consonant-candidate,AB 04,AB 41,AB 38,,25,35,,"AB 01, AB 02, AB 03, AB 04, AB 05",
consonant-candidate,AB 04,AB 83,AB 38,,25,5,,"AB 27, AB 36, AB 38, AB 57, AB 61",
consonant-candidate,AB 40,AB 78,AB 38,,25,19,,"AB 01, AB 02, AB 03, AB 04, AB 05",
consonant-candidate,AB 39,AB 68,AB 38,,25,7,,"AB 08, AB 32, AB 36, AB 38, AB 60",
consonant-candidate,AB 45,AB 68,AB 38,,25,7,,"AB 08, AB 24, AB 36, AB 38, AB 60",
consonant-candidate,AB 37,AB 70,AB 38,,25,34,,"AB 01, AB 02, AB 03, AB 04, AB 05",
consonant-candidate,AB 70,AB 13,AB 38,,25,30,,"AB 02, AB 04, AB 05, AB 06, AB 08",
consonant-candidate,AB 70,AB 62,AB 38,,25,6,,"AB 27, AB 37, AB 38, AB 52, AB 53",
consonant-candidate,AB 78,AB 31,AB 38,,25,27,,"AB 01, AB 02, AB 03, AB 04, AB 05",
consonant-candidate,AB 78,AB 72,AB 38,,25,24,,"AB 01, AB 02, AB 04, AB 05, AB 08",
consonant-candidate,AB 57,AB 46,AB 10,,25,20,,"AB 01, AB 02, AB 04, AB 05, AB 10",
consonant-candidate,AB 12,AB 46,AB 10,,25,18,,"AB 01, AB 02, AB 04, AB 05, AB 10",
consonant-candidate,AB 15,AB 46,AB 10,,25,17,,"AB 01, AB 02, AB 04, AB 05, AB 10",
consonant-candidate,AB 05,AB 46,AB 10,,25,18,,"AB 01, AB 02, AB 04, AB 05, AB 10",
consonant-candidate,AB 76,AB 39,AB 70,,25,9,,"AB 04, AB 05, AB 08, AB 37, AB 42",
consonant-candidate,AB 39,AB 29,AB 02,,25,12,,"AB 02, AB 04, AB 26, AB 27, AB 37",
consonant-candidate,AB 29,AB 08,AB 02,,25,11,,"AB 02, AB 04, AB 26, AB 27, AB 37",
consonant-candidate,AB 51,AB 42,AB 02,,25,13,,"AB 02, AB 05, AB 06, AB 15, AB 30",
consonant-candidate,AB 51,AB 67,AB 02,,25,8,,"AB 02, AB 05, AB 30, AB 42, AB 53",
consonant-candidate,AB 59,AB 22,AB 37,,25,3,,"AB 05, AB 37, AB 46",
consonant-candidate,AB 37,AB 71,AB 59,,25,2,,"AB 04, AB 59",
consonant-candidate,AB 42,AB 85,AB 59,,25,6,,"AB 04, AB 05, AB 44, AB 45, AB 53",
consonant-candidate,AB 42,AB 19,AB 59,,25,1,,AB 59,
consonant-candidate,AB 85,AB 02,AB 59,,25,6,,"AB 04, AB 05, AB 44, AB 45, AB 53",
consonant-candidate,AB 60,AB 34,AB 59,,25,3,,"AB 44, AB 59, AB 77",
consonant-candidate,AB 02,AB 19,AB 59,,25,1,,AB 59,
consonant-candidate,AB 73,AB 65,AB 05,,25,2,,"AB 05, AB 77",
consonant-candidate,AB 31,AB 35,AB 05,,25,2,,"AB 05, AB 67",
consonant-candidate,AB 52,AB 65,AB 05,,25,4,,"AB 05, AB 77, AB 78, AB 80",
consonant-candidate,AB 78,AB 35,AB 05,,25,1,,AB 05,
consonant-candidate,AB 13,AB 35,AB 05,,25,2,,"AB 05, AB 67",
consonant-candidate,AB 05,AB 91,AB 75,,25,1,,AB 75,
vowel-candidate,AB 27,AB 10,,AB 77,25,,32,,"AB 01, AB 02, AB 03, AB 04, AB 05"
vowel-candidate,AB 61,AB 36,,AB 77,25,,39,,"AB 01, AB 02, AB 03, AB 04, AB 05"
vowel-candidate,AB 61,AB 14,,AB 77,25,,35,,"AB 01, AB 02, AB 03, AB 04, AB 05"
vowel-candidate,AB 12,AB 41,,AB 77,25,,34,,"AB 01, AB 03, AB 04, AB 05, AB 06"
vowel-candidate,AB 24,AB 41,,AB 77,25,,29,,"AB 01, AB 02, AB 05, AB 06, AB 08"
vowel-candidate,AB 37,AB 41,,AB 77,25,,36,,"AB 02, AB 03, AB 04, AB 05, AB 06"
vowel-candidate,AB 28,AB 41,,AB 77,25,,36,,"AB 01, AB 02, AB 03, AB 04, AB 05"
vowel-candidate,AB 01,AB 41,,AB 77,25,,38,,"AB 01, AB 02, AB 03, AB 04, AB 05"
vowel-candidate,AB 10,AB 75,,AB 77,25,,34,,"AB 01, AB 02, AB 03, AB 04, AB 05"
vowel-candidate,AB 77,AB 41,,AB 77,25,,40,,"AB 01, AB 02, AB 03, AB 04, AB 05"
vowel-candidate,AB 41,AB 08,,AB 77,25,,34,,"AB 02, AB 03, AB 04, AB 05, AB 06"
vowel-candidate,AB 13,AB 59,,AB 12,25,,41,,"AB 02, AB 03, AB 04, AB 05, AB 06"
vowel-candidate,AB 08,AB 78,,AB 12,25,,33,,"AB 02, AB 03, AB 04, AB 05, AB 06"
vowel-candidate,AB 21,AB 80,,AB 70,25,,12,,"AB 04, AB 05, AB 08, AB 28, AB 37"
vowel-candidate,AB 80,AB 58,,AB 70,25,,12,,"AB 02, AB 05, AB 06, AB 17, AB 36"
vowel-candidate,AB 54,AB 17,,AB 02,25,,8,,"AB 02, AB 13, AB 27, AB 28, AB 36"
vowel-candidate,AB 42,AB 17,,AB 02,25,,10,,"AB 02, AB 07, AB 13, AB 27, AB 28"
vowel-candidate,AB 59,AB 74,,AB 02,25,,7,,"AB 02, AB 03, AB 08, AB 28, AB 36"
vowel-candidate,AB 46,AB 61,,AB 54,25,,10,,"AB 01, AB 28, AB 39, AB 40, AB 41"
vowel-candidate,AB 61,AB 63,,AB 54,25,,2,,"AB 28, AB 54"
vowel-candidate,AB 53,AB 85,,AB 36,25,,7,,"AB 05, AB 36, AB 52, AB 57, AB 59"
vowel-candidate,AB 29,AB 78,,AB 36,25,,8,,"AB 05, AB 08, AB 36, AB 44, AB 45"
vowel-candidate,AB 79,AB 06,,AB 08,25,,2,,"AB 08, AB 80"
vowel-candidate,AB 79,AB 41,,AB 08,25,,2,,"AB 08, AB 80"
vowel-candidate,AB 79,AB 02,,AB 08,25,,3,,"AB 08, AB 58, AB 80"
vowel-candidate,AB 06,AB 34,,AB 08,25,,3,,"AB 08, AB 15, AB 61"
vowel-candidate,AB 37,AB 64,,AB 08,25,,1,,AB 08
vowel-candidate,AB 02,AB 34,,AB 08,25,,3,,"AB 08, AB 15, AB 61"
vowel-candidate,AB 82,AB 44,,AB 27,25,,2,,"AB 27, AB 39"
vowel-candidate,AB 04,AB 91,,AB 61,25,,1,,AB 61
vowel-candidate,AB 27,AB 91,,AB 61,25,,1,,AB 61
vowel-candidate,AB 24,AB 91,,AB 61,25,,1,,AB 61
vowel-candidate,AB 70,AB 83,,AB 26,25,,2,,"AB 01, AB 26"
vowel-candidate,AB 05,AB 83,,AB 26,25,,2,,"AB 01, AB 26"
vowel-candidate,AB 28,AB 87,,AB 01,25,,1,,AB 01
consonant-candidate,AB 30,AB 40,AB 12,,24,13,,"AB 03, AB 05, AB 12, AB 31, AB 36",
consonant-candidate,AB 30,AB 04,AB 12,,24,19,,"AB 03, AB 05, AB 08, AB 12, AB 15",
consonant-candidate,AB 30,AB 32,AB 12,,24,14,,"AB 03, AB 05, AB 08, AB 12, AB 36",
consonant-candidate,AB 40,AB 10,AB 12,,24,27,,"AB 01, AB 02, AB 03, AB 04, AB 05",
consonant-candidate,AB 45,AB 53,AB 12,,24,36,,"AB 01, AB 03, AB 04, AB 05, AB 07",
consonant-candidate,AB 45,AB 54,AB 12,,24,34,,"AB 01, AB 02, AB 03, AB 04, AB 05",
consonant-candidate,AB 45,AB 26,AB 12,,24,27,,"AB 01, AB 02, AB 04, AB 05, AB 11",
consonant-candidate,AB 57,AB 53,AB 12,,24,48,,"AB 01, AB 03, AB 04, AB 05, AB 06",
consonant-candidate,AB 57,AB 54,AB 12,,24,41,,"AB 01, AB 02, AB 03, AB 04, AB 05",
consonant-candidate,AB 57,AB 26,AB 12,,24,31,,"AB 01, AB 02, AB 04, AB 05, AB 06",
consonant-candidate,AB 11,AB 77,AB 12,,24,36,,"AB 01, AB 02, AB 03, AB 04, AB 05",
consonant-candidate,AB 32,AB 10,AB 12,,24,27,,"AB 01, AB 02, AB 03, AB 04, AB 05",
consonant-candidate,AB 04,AB 68,AB 38,,24,6,,"AB 08, AB 36, AB 38, AB 60, AB 61",
consonant-candidate,AB 77,AB 41,AB 38,,24,35,,"AB 01, AB 02, AB 03, AB 04, AB 05",
consonant-candidate,AB 77,AB 83,AB 38,,24,5,,"AB 27, AB 36, AB 38, AB 57, AB 61",
consonant-candidate,AB 24,AB 61,AB 38,,24,36,,"AB 01, AB 03, AB 04, AB 05, AB 08",
consonant-candidate,AB 90,AB 70,AB 38,,24,2,,"AB 36, AB 38",
consonant-candidate,AB 39,AB 31,AB 38,,24,34,,"AB 01, AB 02, AB 03, AB 04, AB 05",
consonant-candidate,AB 39,AB 72,AB 38,,24,34,,"AB 01, AB 02, AB 04, AB 05, AB 07",
consonant-candidate,AB 45,AB 31,AB 38,,24,32,,"AB 01, AB 02, AB 03, AB 04, AB 05",
consonant-candidate,AB 45,AB 72,AB 38,,24,30,,"AB 01, AB 02, AB 04, AB 05, AB 07",
consonant-candidate,AB 37,AB 08,AB 38,,24,38,,"AB 01, AB 02, AB 03, AB 04, AB 05",
consonant-candidate,AB 41,AB 28,AB 38,,24,34,,"AB 01, AB 02, AB 03, AB 04, AB 05",
consonant-candidate,AB 03,AB 78,AB 38,,24,33,,"AB 01, AB 02, AB 03, AB 04, AB 05",
consonant-candidate,AB 73,AB 78,AB 38,,24,14,,"AB 03, AB 04, AB 05, AB 08, AB 27",
consonant-candidate,AB 28,AB 83,AB 38,,24,5,,"AB 27, AB 36, AB 38, AB 57, AB 61",
consonant-candidate,AB 08,AB 13,AB 38,,24,30,,"AB 02, AB 04, AB 05, AB 06, AB 08",
consonant-candidate,AB 08,AB 62,AB 38,,24,6,,"AB 27, AB 37, AB 38, AB 52, AB 53",
consonant-candidate,AB 54,AB 46,AB 10,,24,17,,"AB 01, AB 02, AB 04, AB 05, AB 10",
consonant-candidate,AB 74,AB 46,AB 10,,24,4,,"AB 02, AB 05, AB 10, AB 75",
consonant-candidate,AB 01,AB 46,AB 10,,24,20,,"AB 01, AB 02, AB 04, AB 05, AB 10",
consonant-candidate,AB 46,AB 06,AB 10,,24,20,,"AB 01, AB 02, AB 04, AB 05, AB 10",
consonant-candidate,AB 46,AB 80,AB 10,,24,17,,"AB 01, AB 02, AB 04, AB 05, AB 10",
consonant-candidate,AB 41,AB 50,AB 70,,24,20,,"AB 01, AB 02, AB 04, AB 05, AB 06",
consonant-candidate,AB 20,AB 26,AB 70,,24,13,,"AB 01, AB 02, AB 04, AB 05, AB 13",
consonant-candidate,AB 69,AB 28,AB 70,,24,22,,"AB 02, AB 04, AB 05, AB 06, AB 08",
consonant-candidate,AB 05,AB 82,AB 70,,24,4,,"AB 45, AB 61, AB 70, AB 80",
consonant-candidate,AB 05,AB 79,AB 70,,24,2,,"AB 04, AB 70",
consonant-candidate,AB 53,AB 58,AB 70,,24,10,,"AB 03, AB 05, AB 08, AB 17, AB 20",
consonant-candidate,AB 03,AB 82,AB 70,,24,3,,"AB 45, AB 61, AB 70",
consonant-candidate,AB 03,AB 79,AB 70,,24,2,,"AB 04, AB 70",
consonant-candidate,AB 69,AB 67,AB 02,,24,15,,"AB 02, AB 04, AB 05, AB 08, AB 20",
consonant-candidate,AB 58,AB 67,AB 02,,24,8,,"AB 02, AB 03, AB 05, AB 08, AB 20",
consonant-candidate,AB 38,AB 22,AB 37,,24,2,,"AB 05, AB 37",
consonant-candidate,AB 12,AB 34,AB 59,,24,3,,"AB 44, AB 59, AB 77",
consonant-candidate,AB 59,AB 87,AB 59,,24,1,,AB 59,
consonant-candidate,AB 36,AB 34,AB 59,,24,3,,"AB 44, AB 59, AB 77",
consonant-candidate,AB 15,AB 34,AB 59,,24,3,,"AB 44, AB 59, AB 77",
consonant-candidate,AB 85,AB 60,AB 59,,24,6,,"AB 04, AB 05, AB 44, AB 45, AB 53",
consonant-candidate,AB 60,AB 19,AB 59,,24,1,,AB 59,
consonant-candidate,AB 09,AB 35,AB 05,,24,1,,AB 05,
consonant-candidate,AB 11,AB 35,AB 05,,24,2,,"AB 05, AB 67",
consonant-candidate,AB 04,AB 65,AB 05,,24,4,,"AB 05, AB 77, AB 78, AB 80",
vowel-candidate,AB 27,AB 36,,AB 77,24,,41,,"AB 01, AB 02, AB 03, AB 04, AB 05"
vowel-candidate,AB 27,AB 14,,AB 77,24,,36,,"AB 01, AB 02, AB 03, AB 04, AB 05"
vowel-candidate,AB 38,AB 45,,AB 77,24,,36,,"AB 02, AB 03, AB 04, AB 05, AB 06"
vowel-candidate,AB 38,AB 52,,AB 77,24,,40,,"AB 01, AB 02, AB 03, AB 05, AB 06"
vowel-candidate,AB 38,AB 54,,AB 77,24,,40,,"AB 01, AB 02, AB 03, AB 04, AB 05"
vowel-candidate,AB 38,AB 07,,AB 77,24,,26,,"AB 02, AB 05, AB 08, AB 10, AB 11"
vowel-candidate,AB 61,AB 15,,AB 77,24,,30,,"AB 01, AB 02, AB 03, AB 04, AB 05"
vowel-candidate,AB 61,AB 30,,AB 77,24,,30,,"AB 02, AB 03, AB 05, AB 06, AB 08"
vowel-candidate,AB 61,AB 11,,AB 77,24,,38,,"AB 01, AB 02, AB 03, AB 04, AB 05"
vowel-candidate,AB 61,AB 72,,AB 77,24,,32,,"AB 01, AB 02, AB 03, AB 04, AB 05"
vowel-candidate,AB 12,AB 42,,AB 77,24,,38,,"AB 01, AB 03, AB 04, AB 05, AB 06"
vowel-candidate,AB 45,AB 02,,AB 77,24,,34,,"AB 02, AB 03, AB 04, AB 05, AB 06"
vowel-candidate,AB 36,AB 75,,AB 77,24,,36,,"AB 01, AB 02, AB 03, AB 04, AB 05"
vowel-candidate,AB 24,AB 42,,AB 77,24,,33,,"AB 01, AB 02, AB 05, AB 06, AB 08"
vowel-candidate,AB 37,AB 42,,AB 77,24,,42,,"AB 02, AB 03, AB 04, AB 05, AB 06"
vowel-candidate,AB 14,AB 75,,AB 77,24,,36,,"AB 01, AB 02, AB 03, AB 04, AB 05"
vowel-candidate,AB 02,AB 52,,AB 77,24,,38,,"AB 01, AB 02, AB 03, AB 05, AB 06"
vowel-candidate,AB 02,AB 54,,AB 77,24,,43,,"AB 01, AB 02, AB 03, AB 04, AB 05"
vowel-candidate,AB 02,AB 07,,AB 77,24,,24,,"AB 02, AB 05, AB 08, AB 10, AB 11"
vowel-candidate,AB 28,AB 42,,AB 77,24,,39,,"AB 01, AB 02, AB 03, AB 04, AB 05"
vowel-candidate,AB 01,AB 42,,AB 77,24,,45,,"AB 01, AB 02, AB 03, AB 04, AB 05"
vowel-candidate,AB 42,AB 77,,AB 77,24,,48,,"AB 01, AB 02, AB 03, AB 04, AB 05"
vowel-candidate,AB 42,AB 08,,AB 77,24,,42,,"AB 02, AB 03, AB 04, AB 05, AB 06"
vowel-candidate,AB 08,AB 16,,AB 12,24,,26,,"AB 02, AB 04, AB 05, AB 08, AB 10"
vowel-candidate,AB 24,AB 68,,AB 38,24,,3,,"AB 08, AB 38, AB 81"
vowel-candidate,AB 24,AB 65,,AB 38,24,,6,,"AB 08, AB 28, AB 38, AB 42, AB 53"
vowel-candidate,AB 13,AB 33,,AB 38,24,,4,,"AB 04, AB 38, AB 39, AB 72"
vowel-candidate,AB 51,AB 07,,AB 10,24,,10,,"AB 02, AB 08, AB 10, AB 36, AB 42"
vowel-candidate,AB 54,AB 74,,AB 02,24,,7,,"AB 02, AB 03, AB 08, AB 28, AB 36"
vowel-candidate,AB 42,AB 74,,AB 02,24,,7,,"AB 02, AB 03, AB 08, AB 28, AB 36"
vowel-candidate,AB 11,AB 17,,AB 02,24,,9,,"AB 02, AB 13, AB 27, AB 28, AB 36"
vowel-candidate,AB 44,AB 17,,AB 02,24,,8,,"AB 02, AB 27, AB 28, AB 36, AB 53"
vowel-candidate,AB 14,AB 17,,AB 02,24,,9,,"AB 02, AB 07, AB 27, AB 28, AB 36"
vowel-candidate,AB 26,AB 17,,AB 02,24,,8,,"AB 02, AB 27, AB 28, AB 36, AB 57"
vowel-candidate,AB 02,AB 48,,AB 37,24,,3,,"AB 01, AB 37, AB 41"
vowel-candidate,AB 60,AB 76,,AB 37,24,,9,,"AB 03, AB 16, AB 29, AB 37, AB 39"
vowel-candidate,AB 75,AB 85,,AB 36,24,,7,,"AB 05, AB 36, AB 52, AB 57, AB 59"
vowel-candidate,AB 85,AB 32,,AB 36,24,,5,,"AB 05, AB 36, AB 52, AB 57, AB 59"
vowel-candidate,AB 85,AB 10,,AB 36,24,,7,,"AB 05, AB 36, AB 52, AB 57, AB 59"
vowel-candidate,AB 76,AB 45,,AB 59,24,,6,,"AB 03, AB 16, AB 39, AB 44, AB 59"
vowel-candidate,AB 76,AB 28,,AB 59,24,,7,,"AB 03, AB 16, AB 39, AB 44, AB 59"
vowel-candidate,AB 01,AB 64,,AB 08,24,,1,,AB 08
vowel-candidate,AB 82,AB 28,,AB 27,24,,2,,"AB 27, AB 39"
vowel-candidate,AB 82,AB 42,,AB 27,24,,2,,"AB 27, AB 39"
vowel-candidate,AB 90,AB 44,,AB 27,24,,1,,AB 27
vowel-candidate,AB 32,AB 19,,AB 39,24,,1,,AB 39
vowel-candidate,AB 28,AB 19,,AB 39,24,,1,,AB 39
vowel-candidate,AB 21,AB 63,,AB 28,24,,1,,AB 28
consonant-candidate,AB 56,AB 30,AB 12,,23,3,,"AB 12, AB 37, AB 70",
consonant-candidate,AB 56,AB 10,AB 12,,23,10,,"AB 01, AB 12, AB 26, AB 28, AB 37",
consonant-candidate,AB 55,AB 30,AB 12,,23,11,,"AB 03, AB 05, AB 08, AB 12, AB 15",
consonant-candidate,AB 55,AB 10,AB 12,,23,19,,"AB 03, AB 05, AB 08, AB 12, AB 13",
consonant-candidate,AB 30,AB 59,AB 12,,23,20,,"AB 03, AB 05, AB 07, AB 08, AB 12",
consonant-candidate,AB 30,AB 80,AB 12,,23,16,,"AB 05, AB 07, AB 12, AB 31, AB 36",
consonant-candidate,AB 52,AB 28,AB 12,,23,41,,"AB 01, AB 02, AB 03, AB 04, AB 05",
consonant-candidate,AB 52,AB 01,AB 12,,23,33,,"AB 01, AB 02, AB 04, AB 05, AB 06",
consonant-candidate,AB 52,AB 47,AB 12,,23,3,,"AB 01, AB 12, AB 37",
consonant-candidate,AB 60,AB 45,AB 12,,23,42,,"AB 01, AB 02, AB 03, AB 04, AB 05",
consonant-candidate,AB 60,AB 57,AB 12,,23,54,,"AB 01, AB 02, AB 03, AB 04, AB 05",
consonant-candidate,AB 50,AB 28,AB 12,,23,21,,"AB 01, AB 02, AB 04, AB 05, AB 06",
consonant-candidate,AB 50,AB 01,AB 12,,23,19,,"AB 01, AB 02, AB 04, AB 05, AB 06",
consonant-candidate,AB 50,AB 47,AB 12,,23,3,,"AB 01, AB 12, AB 37",
consonant-candidate,AB 80,AB 10,AB 12,,23,34,,"AB 01, AB 02, AB 04, AB 05, AB 06",
consonant-candidate,AB 38,AB 41,AB 38,,23,35,,"AB 01, AB 02, AB 03, AB 04, AB 05",
consonant-candidate,AB 38,AB 83,AB 38,,23,5,,"AB 27, AB 36, AB 38, AB 57, AB 61",
consonant-candidate,AB 04,AB 31,AB 38,,23,35,,"AB 01, AB 02, AB 03, AB 04, AB 05",
consonant-candidate,AB 04,AB 72,AB 38,,23,34,,"AB 01, AB 02, AB 04, AB 05, AB 08",
consonant-candidate,AB 77,AB 68,AB 38,,23,6,,"AB 08, AB 24, AB 36, AB 38, AB 60",
consonant-candidate,AB 90,AB 08,AB 38,,23,1,,AB 38,
consonant-candidate,AB 37,AB 78,AB 38,,23,24,,"AB 01, AB 02, AB 03, AB 04, AB 05",
consonant-candidate,AB 28,AB 68,AB 38,,23,8,,"AB 08, AB 24, AB 32, AB 36, AB 38",
consonant-candidate,AB 11,AB 78,AB 38,,23,27,,"AB 01, AB 02, AB 03, AB 04, AB 05",
consonant-candidate,AB 78,AB 09,AB 38,,23,18,,"AB 01, AB 02, AB 04, AB 05, AB 10",
consonant-candidate,AB 78,AB 17,AB 38,,23,13,,"AB 02, AB 05, AB 06, AB 08, AB 27",
consonant-candidate,AB 78,AB 13,AB 38,,23,21,,"AB 02, AB 04, AB 05, AB 06, AB 08",
consonant-candidate,AB 78,AB 62,AB 38,,23,4,,"AB 27, AB 38, AB 53, AB 60",
consonant-candidate,AB 67,AB 46,AB 10,,23,13,,"AB 01, AB 02, AB 04, AB 05, AB 10",
consonant-candidate,AB 53,AB 46,AB 10,,23,18,,"AB 01, AB 04, AB 05, AB 10, AB 14",
consonant-candidate,AB 03,AB 46,AB 10,,23,20,,"AB 01, AB 02, AB 04, AB 05, AB 10",
consonant-candidate,AB 46,AB 07,AB 10,,23,12,,"AB 01, AB 02, AB 10, AB 14, AB 20",
consonant-candidate,AB 46,AB 63,AB 10,,23,2,,"AB 04, AB 10",
consonant-candidate,AB 59,AB 76,AB 70,,23,9,,"AB 04, AB 05, AB 08, AB 37, AB 42",
consonant-candidate,AB 69,AB 72,AB 70,,23,19,,"AB 02, AB 04, AB 05, AB 08, AB 16",
consonant-candidate,AB 69,AB 25,AB 70,,23,13,,"AB 02, AB 04, AB 05, AB 08, AB 27",
consonant-candidate,AB 76,AB 53,AB 70,,23,9,,"AB 04, AB 05, AB 08, AB 37, AB 42",
consonant-candidate,AB 76,AB 04,AB 70,,23,9,,"AB 04, AB 05, AB 08, AB 37, AB 42",
consonant-candidate,AB 31,AB 26,AB 70,,23,26,,"AB 01, AB 02, AB 04, AB 05, AB 06",
consonant-candidate,AB 39,AB 23,AB 70,,23,5,,"AB 02, AB 05, AB 37, AB 59, AB 70",
consonant-candidate,AB 39,AB 33,AB 70,,23,3,,"AB 42, AB 54, AB 70",
consonant-candidate,AB 39,AB 46,AB 70,,23,18,,"AB 01, AB 02, AB 04, AB 05, AB 14",
consonant-candidate,AB 75,AB 29,AB 02,,23,12,,"AB 02, AB 04, AB 26, AB 27, AB 37",
consonant-candidate,AB 51,AB 77,AB 02,,23,14,,"AB 02, AB 05, AB 06, AB 15, AB 26",
consonant-candidate,AB 51,AB 37,AB 02,,23,12,,"AB 02, AB 05, AB 06, AB 30, AB 42",
consonant-candidate,AB 22,AB 10,AB 37,,23,2,,"AB 05, AB 37",
consonant-candidate,AB 12,AB 85,AB 59,,23,6,,"AB 04, AB 05, AB 44, AB 45, AB 53",
consonant-candidate,AB 12,AB 19,AB 59,,23,1,,AB 59,
consonant-candidate,AB 31,AB 71,AB 59,,23,2,,"AB 04, AB 59",
consonant-candidate,AB 36,AB 85,AB 59,,23,6,,"AB 04, AB 05, AB 44, AB 45, AB 53",
consonant-candidate,AB 36,AB 19,AB 59,,23,1,,AB 59,
consonant-candidate,AB 15,AB 85,AB 59,,23,6,,"AB 04, AB 05, AB 44, AB 45, AB 53",
consonant-candidate,AB 15,AB 19,AB 59,,23,1,,AB 59,
consonant-candidate,AB 73,AB 51,AB 05,,23,6,,"AB 05, AB 26, AB 30, AB 53, AB 55",
consonant-candidate,AB 73,AB 35,AB 05,,23,1,,AB 05,
consonant-candidate,AB 54,AB 65,AB 05,,23,2,,"AB 05, AB 77",
consonant-candidate,AB 52,AB 35,AB 05,,23,1,,AB 05,
consonant-candidate,AB 77,AB 91,AB 75,,23,1,,AB 75,
consonant-candidate,AB 81,AB 79,AB 04,,23,1,,AB 04,
vowel-candidate,AB 56,AB 61,,AB 77,23,,14,,"AB 02, AB 04, AB 05, AB 08, AB 10"
vowel-candidate,AB 27,AB 15,,AB 77,23,,28,,"AB 01, AB 02, AB 03, AB 04, AB 05"
vowel-candidate,AB 27,AB 30,,AB 77,23,,34,,"AB 02, AB 03, AB 05, AB 06, AB 08"
vowel-candidate,AB 27,AB 11,,AB 77,23,,37,,"AB 01, AB 02, AB 03, AB 04, AB 05"
vowel-candidate,AB 27,AB 72,,AB 77,23,,32,,"AB 01, AB 02, AB 03, AB 04, AB 05"
vowel-candidate,AB 38,AB 10,,AB 77,23,,34,,"AB 01, AB 02, AB 03, AB 04, AB 05"
vowel-candidate,AB 61,AB 09,,AB 77,23,,24,,"AB 02, AB 04, AB 05, AB 06, AB 08"
vowel-candidate,AB 61,AB 57,,AB 77,23,,40,,"AB 01, AB 02, AB 03, AB 04, AB 06"
vowel-candidate,AB 61,AB 33,,AB 77,23,,6,,"AB 04, AB 38, AB 39, AB 72, AB 77"
vowel-candidate,AB 61,AB 39,,AB 77,23,,35,,"AB 02, AB 04, AB 05, AB 06, AB 08"
vowel-candidate,AB 15,AB 75,,AB 77,23,,31,,"AB 01, AB 02, AB 03, AB 04, AB 05"
vowel-candidate,AB 53,AB 12,,AB 77,23,,33,,"AB 03, AB 04, AB 05, AB 07, AB 08"
vowel-candidate,AB 53,AB 24,,AB 77,23,,29,,"AB 02, AB 05, AB 08, AB 09, AB 10"
vowel-candidate,AB 53,AB 37,,AB 77,23,,42,,"AB 02, AB 03, AB 04, AB 05, AB 07"
vowel-candidate,AB 53,AB 28,,AB 77,23,,35,,"AB 02, AB 03, AB 04, AB 05, AB 08"
vowel-candidate,AB 53,AB 01,,AB 77,23,,40,,"AB 02, AB 03, AB 04, AB 05, AB 07"
vowel-candidate,AB 53,AB 77,,AB 77,23,,43,,"AB 02, AB 03, AB 04, AB 05, AB 07"
vowel-candidate,AB 53,AB 08,,AB 77,23,,39,,"AB 02, AB 03, AB 04, AB 05, AB 08"
vowel-candidate,AB 12,AB 40,,AB 77,23,,28,,"AB 01, AB 03, AB 04, AB 05, AB 06"
vowel-candidate,AB 45,AB 41,,AB 77,23,,30,,"AB 02, AB 03, AB 04, AB 05, AB 06"
vowel-candidate,AB 24,AB 40,,AB 77,23,,27,,"AB 01, AB 02, AB 05, AB 06, AB 08"
vowel-candidate,AB 40,AB 37,,AB 77,23,,33,,"AB 02, AB 03, AB 04, AB 05, AB 06"
vowel-candidate,AB 40,AB 28,,AB 77,23,,31,,"AB 01, AB 02, AB 03, AB 04, AB 05"
vowel-candidate,AB 40,AB 01,,AB 77,23,,36,,"AB 01, AB 02, AB 03, AB 04, AB 05"
vowel-candidate,AB 40,AB 77,,AB 77,23,,38,,"AB 01, AB 02, AB 03, AB 04, AB 05"
vowel-candidate,AB 40,AB 08,,AB 77,23,,34,,"AB 02, AB 03, AB 04, AB 05, AB 06"
vowel-candidate,AB 02,AB 10,,AB 77,23,,34,,"AB 01, AB 02, AB 03, AB 04, AB 05"
vowel-candidate,AB 30,AB 75,,AB 77,23,,31,,"AB 02, AB 03, AB 05, AB 06, AB 08"
vowel-candidate,AB 52,AB 41,,AB 77,23,,35,,"AB 01, AB 02, AB 03, AB 05, AB 06"
vowel-candidate,AB 54,AB 41,,AB 77,23,,38,,"AB 01, AB 02, AB 03, AB 04, AB 05"
vowel-candidate,AB 11,AB 75,,AB 77,23,,35,,"AB 01, AB 02, AB 03, AB 04, AB 05"
vowel-candidate,AB 41,AB 07,,AB 77,23,,23,,"AB 02, AB 05, AB 08, AB 10, AB 11"
vowel-candidate,AB 75,AB 72,,AB 77,23,,32,,"AB 01, AB 02, AB 03, AB 04, AB 05"
vowel-candidate,AB 59,AB 58,,AB 12,23,,13,,"AB 02, AB 05, AB 06, AB 12, AB 36"
vowel-candidate,AB 81,AB 02,,AB 12,23,,36,,"AB 01, AB 02, AB 03, AB 04, AB 05"
vowel-candidate,AB 24,AB 32,,AB 38,23,,20,,"AB 02, AB 05, AB 06, AB 08, AB 10"
vowel-candidate,AB 05,AB 51,,AB 10,23,,14,,"AB 02, AB 04, AB 08, AB 10, AB 36"
vowel-candidate,AB 14,AB 51,,AB 10,23,,14,,"AB 02, AB 04, AB 07, AB 10, AB 36"
vowel-candidate,AB 78,AB 55,,AB 70,23,,11,,"AB 02, AB 03, AB 08, AB 31, AB 41"
vowel-candidate,AB 11,AB 74,,AB 02,23,,7,,"AB 02, AB 03, AB 08, AB 28, AB 36"
vowel-candidate,AB 44,AB 74,,AB 02,23,,7,,"AB 02, AB 03, AB 08, AB 28, AB 36"
vowel-candidate,AB 14,AB 74,,AB 02,23,,6,,"AB 02, AB 03, AB 28, AB 36, AB 42"
vowel-candidate,AB 26,AB 74,,AB 02,23,,5,,"AB 02, AB 08, AB 28, AB 36, AB 61"
vowel-candidate,AB 85,AB 26,,AB 36,23,,5,,"AB 05, AB 36, AB 57, AB 59, AB 61"
vowel-candidate,AB 85,AB 69,,AB 36,23,,6,,"AB 05, AB 36, AB 52, AB 57, AB 59"
vowel-candidate,AB 61,AB 34,,AB 24,23,,4,,"AB 08, AB 15, AB 24, AB 61"
vowel-candidate,AB 59,AB 62,,AB 59,23,,5,,"AB 07, AB 26, AB 59, AB 60, AB 78"
vowel-candidate,AB 22,AB 14,,AB 07,23,,2,,"AB 01, AB 07"
vowel-candidate,AB 53,AB 64,,AB 08,23,,1,,AB 08
vowel-candidate,AB 79,AB 38,,AB 08,23,,2,,"AB 08, AB 80"
vowel-candidate,AB 30,AB 64,,AB 08,23,,1,,AB 08
vowel-candidate,AB 21,AB 62,,AB 60,23,,2,,"AB 60, AB 78"
vowel-candidate,AB 90,AB 28,,AB 27,23,,1,,AB 27
vowel-candidate,AB 90,AB 42,,AB 27,23,,1,,AB 27
vowel-candidate,AB 60,AB 19,,AB 39,23,,1,,AB 39
vowel-candidate,AB 01,AB 82,,AB 39,23,,1,,AB 39
vowel-candidate,AB 32,AB 63,,AB 28,23,,1,,AB 28
vowel-candidate,AB 71,AB 27,,AB 73,23,,1,,AB 73
vowel-candidate,AB 80,AB 87,,AB 01,23,,1,,AB 01
consonant-candidate,AB 30,AB 08,AB 12,,22,19,,"AB 03, AB 05, AB 07, AB 08, AB 12",
consonant-candidate,AB 30,AB 43,AB 12,,22,8,,"AB 12, AB 31, AB 37, AB 44, AB 59",
consonant-candidate,AB 30,AB 39,AB 12,,22,19,,"AB 03, AB 05, AB 07, AB 08, AB 12",
consonant-candidate,AB 52,AB 40,AB 12,,22,27,,"AB 01, AB 02, AB 03, AB 04, AB 05",
consonant-candidate,AB 52,AB 32,AB 12,,22,29,,"AB 01, AB 02, AB 03, AB 04, AB 05",
consonant-candidate,AB 40,AB 50,AB 12,,22,15,,"AB 01, AB 02, AB 04, AB 05, AB 06",
consonant-candidate,AB 45,AB 57,AB 12,,22,43,,"AB 01, AB 02, AB 03, AB 04, AB 05",
consonant-candidate,AB 04,AB 50,AB 12,,22,23,,"AB 01, AB 02, AB 04, AB 05, AB 06",
consonant-candidate,AB 50,AB 32,AB 12,,22,14,,"AB 01, AB 02, AB 04, AB 05, AB 12",
consonant-candidate,AB 11,AB 28,AB 12,,22,34,,"AB 01, AB 02, AB 03, AB 04, AB 05",
consonant-candidate,AB 11,AB 01,AB 12,,22,26,,"AB 01, AB 02, AB 04, AB 05, AB 11",
consonant-candidate,AB 11,AB 47,AB 12,,22,3,,"AB 01, AB 12, AB 37",
consonant-candidate,AB 77,AB 53,AB 12,,22,42,,"AB 01, AB 03, AB 04, AB 05, AB 06",
consonant-candidate,AB 77,AB 54,AB 12,,22,38,,"AB 01, AB 02, AB 03, AB 04, AB 05",
consonant-candidate,AB 10,AB 43,AB 12,,22,13,,"AB 04, AB 12, AB 13, AB 31, AB 37",
consonant-candidate,AB 10,AB 39,AB 12,,22,42,,"AB 01, AB 02, AB 03, AB 04, AB 05",
consonant-candidate,AB 38,AB 68,AB 38,,22,8,,"AB 08, AB 24, AB 32, AB 36, AB 38",
consonant-candidate,AB 77,AB 31,AB 38,,22,37,,"AB 01, AB 02, AB 03, AB 04, AB 05",
consonant-candidate,AB 77,AB 72,AB 38,,22,34,,"AB 01, AB 02, AB 04, AB 05, AB 07",
consonant-candidate,AB 24,AB 54,AB 38,,22,29,,"AB 01, AB 03, AB 04, AB 05, AB 08",
consonant-candidate,AB 24,AB 25,AB 38,,22,22,,"AB 01, AB 03, AB 04, AB 05, AB 08",
consonant-candidate,AB 90,AB 78,AB 38,,22,2,,"AB 36, AB 38",
consonant-candidate,AB 39,AB 37,AB 38,,22,35,,"AB 01, AB 02, AB 03, AB 04, AB 05",
consonant-candidate,AB 39,AB 13,AB 38,,22,26,,"AB 02, AB 04, AB 05, AB 06, AB 08",
consonant-candidate,AB 39,AB 62,AB 38,,22,6,,"AB 27, AB 37, AB 38, AB 52, AB 53",
consonant-candidate,AB 45,AB 37,AB 38,,22,31,,"AB 01, AB 02, AB 03, AB 04, AB 05",
consonant-candidate,AB 45,AB 13,AB 38,,22,25,,"AB 02, AB 04, AB 05, AB 08, AB 10",
consonant-candidate,AB 45,AB 62,AB 38,,22,4,,"AB 27, AB 37, AB 38, AB 60",
consonant-candidate,AB 07,AB 78,AB 38,,22,18,,"AB 01, AB 02, AB 03, AB 10, AB 36",
consonant-candidate,AB 30,AB 78,AB 38,,22,15,,"AB 03, AB 05, AB 08, AB 15, AB 36",
consonant-candidate,AB 81,AB 78,AB 38,,22,23,,"AB 01, AB 02, AB 03, AB 04, AB 06",
consonant-candidate,AB 28,AB 31,AB 38,,22,33,,"AB 01, AB 02, AB 03, AB 04, AB 05",
consonant-candidate,AB 28,AB 72,AB 38,,22,33,,"AB 01, AB 02, AB 04, AB 05, AB 08",
consonant-candidate,AB 78,AB 16,AB 38,,22,19,,"AB 01, AB 02, AB 04, AB 05, AB 06",
consonant-candidate,AB 27,AB 69,AB 70,,22,21,,"AB 02, AB 04, AB 05, AB 06, AB 08",
consonant-candidate,AB 75,AB 69,AB 70,,22,22,,"AB 02, AB 04, AB 05, AB 06, AB 08",
consonant-candidate,AB 69,AB 45,AB 70,,22,18,,"AB 02, AB 04, AB 05, AB 08, AB 27",
consonant-candidate,AB 69,AB 50,AB 70,,22,16,,"AB 02, AB 04, AB 05, AB 06, AB 27",
consonant-candidate,AB 76,AB 26,AB 70,,22,6,,"AB 04, AB 05, AB 37, AB 42, AB 61",
consonant-candidate,AB 80,AB 58,AB 70,,22,8,,"AB 02, AB 05, AB 37, AB 53, AB 60",
consonant-candidate,AB 26,AB 37,AB 70,,22,23,,"AB 01, AB 02, AB 04, AB 05, AB 06",
consonant-candidate,AB 26,AB 13,AB 70,,22,19,,"AB 02, AB 04, AB 05, AB 06, AB 11",
consonant-candidate,AB 26,AB 78,AB 70,,22,23,,"AB 01, AB 02, AB 04, AB 05, AB 06",
consonant-candidate,AB 01,AB 29,AB 02,,22,8,,"AB 02, AB 04, AB 27, AB 40, AB 44",
consonant-candidate,AB 57,AB 51,AB 02,,22,14,,"AB 02, AB 05, AB 06, AB 15, AB 26",
consonant-candidate,AB 51,AB 15,AB 02,,22,11,,"AB 02, AB 05, AB 06, AB 30, AB 42",
consonant-candidate,AB 21,AB 02,AB 37,,22,11,,"AB 20, AB 36, AB 37, AB 41, AB 42",
consonant-candidate,AB 22,AB 43,AB 37,,22,1,,AB 37,
consonant-candidate,AB 28,AB 87,AB 59,,22,1,,AB 59,
consonant-candidate,AB 23,AB 71,AB 59,,22,1,,AB 59,
consonant-candidate,AB 59,AB 34,AB 59,,22,3,,"AB 44, AB 59, AB 77",
consonant-candidate,AB 44,AB 87,AB 59,,22,1,,AB 59,
consonant-candidate,AB 08,AB 65,AB 05,,22,4,,"AB 05, AB 77, AB 78, AB 80",
consonant-candidate,AB 10,AB 65,AB 05,,22,4,,"AB 05, AB 77, AB 78, AB 80",
consonant-candidate,AB 04,AB 35,AB 05,,22,2,,"AB 05, AB 67",
consonant-candidate,AB 44,AB 64,AB 57,,22,1,,AB 57,
vowel-candidate,AB 56,AB 27,,AB 77,22,,13,,"AB 02, AB 04, AB 05, AB 08, AB 10"
vowel-candidate,AB 56,AB 75,,AB 77,22,,14,,"AB 02, AB 04, AB 05, AB 08, AB 10"
vowel-candidate,AB 27,AB 09,,AB 77,22,,23,,"AB 02, AB 04, AB 05, AB 06, AB 08"
vowel-candidate,AB 27,AB 57,,AB 77,22,,41,,"AB 01, AB 02, AB 03, AB 04, AB 06"
vowel-candidate,AB 27,AB 33,,AB 77,22,,6,,"AB 04, AB 38, AB 39, AB 72, AB 77"
vowel-candidate,AB 27,AB 39,,AB 77,22,,33,,"AB 02, AB 04, AB 05, AB 06, AB 08"
vowel-candidate,AB 38,AB 36,,AB 77,22,,47,,"AB 01, AB 02, AB 03, AB 04, AB 05"
vowel-candidate,AB 38,AB 14,,AB 77,22,,37,,"AB 01, AB 02, AB 03, AB 04, AB 05"
vowel-candidate,AB 61,AB 55,,AB 77,22,,15,,"AB 01, AB 02, AB 03, AB 08, AB 13"
vowel-candidate,AB 61,AB 73,,AB 77,22,,28,,"AB 01, AB 02, AB 04, AB 05, AB 08"
vowel-candidate,AB 61,AB 50,,AB 77,22,,23,,"AB 01, AB 02, AB 03, AB 04, AB 05"
vowel-candidate,AB 61,AB 67,,AB 77,22,,31,,"AB 02, AB 03, AB 04, AB 05, AB 06"
vowel-candidate,AB 61,AB 23,,AB 77,22,,6,,"AB 02, AB 05, AB 08, AB 41, AB 57"
vowel-candidate,AB 61,AB 69,,AB 77,22,,25,,"AB 02, AB 03, AB 04, AB 05, AB 08"
vowel-candidate,AB 61,AB 25,,AB 77,22,,22,,"AB 01, AB 04, AB 05, AB 20, AB 24"
vowel-candidate,AB 61,AB 20,,AB 77,22,,21,,"AB 01, AB 02, AB 03, AB 06, AB 11"
vowel-candidate,AB 45,AB 42,,AB 77,22,,36,,"AB 02, AB 03, AB 04, AB 05, AB 06"
vowel-candidate,AB 36,AB 02,,AB 77,22,,40,,"AB 01, AB 02, AB 03, AB 04, AB 05"
vowel-candidate,AB 14,AB 02,,AB 77,22,,38,,"AB 01, AB 02, AB 03, AB 04, AB 05"
vowel-candidate,AB 52,AB 42,,AB 77,22,,39,,"AB 01, AB 02, AB 03, AB 05, AB 06"
vowel-candidate,AB 54,AB 42,,AB 77,22,,48,,"AB 01, AB 02, AB 03, AB 04, AB 05"
vowel-candidate,AB 10,AB 41,,AB 77,22,,31,,"AB 01, AB 02, AB 03, AB 04, AB 05"
vowel-candidate,AB 42,AB 07,,AB 77,22,,25,,"AB 02, AB 05, AB 08, AB 10, AB 11"
vowel-candidate,AB 09,AB 75,,AB 77,22,,24,,"AB 02, AB 04, AB 05, AB 06, AB 08"
vowel-candidate,AB 75,AB 57,,AB 77,22,,38,,"AB 01, AB 02, AB 03, AB 04, AB 06"
vowel-candidate,AB 75,AB 33,,AB 77,22,,6,,"AB 04, AB 38, AB 39, AB 72, AB 77"
vowel-candidate,AB 75,AB 39,,AB 77,22,,33,,"AB 02, AB 04, AB 05, AB 06, AB 07"
vowel-candidate,AB 13,AB 08,,AB 12,22,,37,,"AB 02, AB 03, AB 04, AB 05, AB 06"
vowel-candidate,AB 59,AB 21,,AB 12,22,,14,,"AB 04, AB 05, AB 08, AB 12, AB 28"
vowel-candidate,AB 78,AB 02,,AB 12,22,,33,,"AB 02, AB 03, AB 04, AB 05, AB 06"
vowel-candidate,AB 13,AB 07,,AB 38,22,,22,,"AB 02, AB 05, AB 08, AB 10, AB 11"
vowel-candidate,AB 13,AB 68,,AB 38,22,,4,,"AB 03, AB 08, AB 38, AB 78"
vowel-candidate,AB 13,AB 65,,AB 38,22,,6,,"AB 08, AB 28, AB 38, AB 42, AB 53"
vowel-candidate,AB 10,AB 51,,AB 70,22,,12,,"AB 02, AB 04, AB 07, AB 08, AB 36"
vowel-candidate,AB 08,AB 46,,AB 54,22,,9,,"AB 28, AB 37, AB 39, AB 41, AB 53"
vowel-candidate,AB 08,AB 63,,AB 54,22,,2,,"AB 28, AB 54"
vowel-candidate,AB 59,AB 48,,AB 37,22,,3,,"AB 01, AB 37, AB 41"
vowel-candidate,AB 03,AB 76,,AB 37,22,,6,,"AB 03, AB 37, AB 39, AB 44, AB 59"
vowel-candidate,AB 76,AB 48,,AB 37,22,,1,,AB 37
vowel-candidate,AB 59,AB 29,,AB 36,22,,8,,"AB 01, AB 05, AB 08, AB 36, AB 44"
vowel-candidate,AB 27,AB 85,,AB 36,22,,7,,"AB 05, AB 36, AB 52, AB 57, AB 59"
vowel-candidate,AB 17,AB 25,,AB 36,22,,5,,"AB 27, AB 36, AB 53, AB 57, AB 59"
vowel-candidate,AB 76,AB 10,,AB 59,22,,5,,"AB 03, AB 44, AB 59, AB 72, AB 75"
vowel-candidate,AB 70,AB 62,,AB 59,22,,5,,"AB 07, AB 26, AB 59, AB 60, AB 78"
vowel-candidate,AB 45,AB 62,,AB 59,22,,3,,"AB 07, AB 59, AB 60"
vowel-candidate,AB 28,AB 62,,AB 59,22,,3,,"AB 59, AB 60, AB 78"
vowel-candidate,AB 24,AB 64,,AB 08,22,,1,,AB 08
vowel-candidate,AB 68,AB 29,,AB 08,22,,1,,AB 08
vowel-candidate,AB 62,AB 29,,AB 60,22,,1,,AB 60
vowel-candidate,AB 38,AB 19,,AB 39,22,,1,,AB 39
vowel-candidate,AB 70,AB 19,,AB 39,22,,1,,AB 39
vowel-candidate,AB 44,AB 91,,AB 61,22,,1,,AB 61
vowel-candidate,AB 30,AB 22,,AB 51,22,,1,,AB 51
vowel-candidate,AB 12,AB 83,,AB 26,22,,2,,"AB 01, AB 26"
vowel-candidate,AB 58,AB 63,,AB 81,22,,1,,AB 81
consonant-candidate,AB 56,AB 52,AB 12,,21,8,,"AB 01, AB 12, AB 28, AB 37, AB 52",
consonant-candidate,AB 56,AB 50,AB 12,,21,6,,"AB 01, AB 12, AB 37, AB 53, AB 60",
consonant-candidate,AB 55,AB 52,AB 12,,21,20,,"AB 03, AB 05, AB 08, AB 09, AB 12",
consonant-candidate,AB 55,AB 50,AB 12,,21,12,,"AB 05, AB 12, AB 40, AB 42, AB 44",
consonant-candidate,AB 03,AB 30,AB 12,,21,18,,"AB 03, AB 05, AB 08, AB 12, AB 15",
consonant-candidate,AB 03,AB 10,AB 12,,21,39,,"AB 01, AB 02, AB 03, AB 04, AB 05",
consonant-candidate,AB 30,AB 38,AB 12,,21,19,,"AB 03, AB 05, AB 07, AB 08, AB 12",
consonant-candidate,AB 30,AB 73,AB 12,,21,12,,"AB 03, AB 05, AB 08, AB 12, AB 36",
consonant-candidate,AB 30,AB 75,AB 12,,21,19,,"AB 03, AB 05, AB 07, AB 08, AB 12",
consonant-candidate,AB 30,AB 81,AB 12,,21,12,,"AB 03, AB 07, AB 12, AB 15, AB 36",
consonant-candidate,AB 30,AB 74,AB 12,,21,4,,"AB 05, AB 12, AB 37, AB 78",
consonant-candidate,AB 52,AB 80,AB 12,,21,33,,"AB 01, AB 02, AB 04, AB 05, AB 06",
consonant-candidate,AB 38,AB 10,AB 12,,21,43,,"AB 01, AB 02, AB 03, AB 04, AB 05",
consonant-candidate,AB 40,AB 11,AB 12,,21,21,,"AB 01, AB 02, AB 03, AB 04, AB 05",
consonant-candidate,AB 04,AB 11,AB 12,,21,35,,"AB 01, AB 02, AB 03, AB 04, AB 05",
consonant-candidate,AB 50,AB 59,AB 12,,21,23,,"AB 01, AB 02, AB 04, AB 05, AB 06",
consonant-candidate,AB 50,AB 80,AB 12,,21,22,,"AB 01, AB 02, AB 04, AB 05, AB 06",
consonant-candidate,AB 11,AB 32,AB 12,,21,26,,"AB 01, AB 02, AB 03, AB 04, AB 05",
consonant-candidate,AB 73,AB 10,AB 12,,21,19,,"AB 03, AB 04, AB 05, AB 08, AB 12",
consonant-candidate,AB 10,AB 81,AB 12,,21,31,,"AB 01, AB 02, AB 03, AB 04, AB 06",
consonant-candidate,AB 10,AB 74,AB 12,,21,6,,"AB 02, AB 05, AB 12, AB 37, AB 75",
consonant-candidate,AB 38,AB 31,AB 38,,21,36,,"AB 01, AB 02, AB 03, AB 04, AB 05",
consonant-candidate,AB 38,AB 72,AB 38,,21,38,,"AB 01, AB 02, AB 04, AB 05, AB 07",
consonant-candidate,AB 04,AB 37,AB 38,,21,32,,"AB 01, AB 02, AB 03, AB 04, AB 05",
consonant-candidate,AB 04,AB 13,AB 38,,21,26,,"AB 02, AB 04, AB 05, AB 06, AB 08",
consonant-candidate,AB 04,AB 62,AB 38,,21,5,,"AB 27, AB 37, AB 38, AB 53, AB 60",
consonant-candidate,AB 24,AB 32,AB 38,,21,24,,"AB 01, AB 03, AB 04, AB 05, AB 08",
consonant-candidate,AB 90,AB 39,AB 38,,21,2,,"AB 36, AB 38",
consonant-candidate,AB 90,AB 45,AB 38,,21,2,,"AB 36, AB 38",
consonant-candidate,AB 70,AB 69,AB 70,,21,23,,"AB 02, AB 04, AB 05, AB 06, AB 08",
consonant-candidate,AB 41,AB 55,AB 70,,21,18,,"AB 03, AB 05, AB 08, AB 13, AB 25",
consonant-candidate,AB 41,AB 58,AB 70,,21,8,,"AB 02, AB 03, AB 05, AB 08, AB 53",
consonant-candidate,AB 59,AB 23,AB 70,,21,6,,"AB 02, AB 05, AB 37, AB 55, AB 59",
consonant-candidate,AB 59,AB 33,AB 70,,21,3,,"AB 42, AB 54, AB 70",
consonant-candidate,AB 69,AB 44,AB 70,,21,19,,"AB 02, AB 04, AB 05, AB 06, AB 08",
consonant-candidate,AB 76,AB 80,AB 70,,21,7,,"AB 04, AB 05, AB 37, AB 42, AB 53",
consonant-candidate,AB 76,AB 52,AB 70,,21,9,,"AB 04, AB 05, AB 08, AB 37, AB 42",
consonant-candidate,AB 50,AB 72,AB 70,,21,18,,"AB 01, AB 02, AB 04, AB 05, AB 14",
consonant-candidate,AB 50,AB 25,AB 70,,21,13,,"AB 01, AB 02, AB 04, AB 05, AB 27",
consonant-candidate,AB 39,AB 82,AB 70,,21,4,,"AB 45, AB 61, AB 70, AB 80",
consonant-candidate,AB 39,AB 79,AB 70,,21,2,,"AB 04, AB 70",
consonant-candidate,AB 53,AB 23,AB 70,,21,5,,"AB 05, AB 37, AB 55, AB 59, AB 70",
consonant-candidate,AB 53,AB 33,AB 70,,21,3,,"AB 42, AB 54, AB 70",
consonant-candidate,AB 04,AB 23,AB 70,,21,5,,"AB 02, AB 05, AB 37, AB 59, AB 70",
consonant-candidate,AB 04,AB 33,AB 70,,21,3,,"AB 42, AB 54, AB 70",
consonant-candidate,AB 29,AB 42,AB 02,,21,10,,"AB 02, AB 04, AB 27, AB 37, AB 40",
consonant-candidate,AB 29,AB 67,AB 02,,21,6,,"AB 02, AB 04, AB 27, AB 37, AB 53",
consonant-candidate,AB 51,AB 13,AB 02,,21,10,,"AB 02, AB 05, AB 06, AB 30, AB 42",
consonant-candidate,AB 23,AB 67,AB 02,,21,5,,"AB 02, AB 05, AB 37, AB 55, AB 59",
consonant-candidate,AB 55,AB 51,AB 54,,21,7,,"AB 05, AB 15, AB 42, AB 53, AB 54",
consonant-candidate,AB 28,AB 21,AB 37,,21,9,,"AB 36, AB 37, AB 41, AB 42, AB 52",
consonant-candidate,AB 21,AB 36,AB 37,,21,11,,"AB 20, AB 36, AB 37, AB 41, AB 42",
consonant-candidate,AB 21,AB 08,AB 37,,21,9,,"AB 37, AB 41, AB 42, AB 45, AB 52",
consonant-candidate,AB 22,AB 61,AB 37,,21,2,,"AB 05, AB 37",
consonant-candidate,AB 54,AB 64,AB 36,,21,2,,"AB 36, AB 57",
consonant-candidate,AB 67,AB 71,AB 59,,21,2,,"AB 04, AB 59",
consonant-candidate,AB 37,AB 87,AB 59,,21,1,,AB 59,
consonant-candidate,AB 59,AB 85,AB 59,,21,6,,"AB 04, AB 05, AB 44, AB 45, AB 53",
consonant-candidate,AB 59,AB 19,AB 59,,21,1,,AB 59,
consonant-candidate,AB 39,AB 71,AB 59,,21,2,,"AB 04, AB 59",
consonant-candidate,AB 54,AB 35,AB 05,,21,1,,AB 05,
consonant-candidate,AB 28,AB 91,AB 75,,21,1,,AB 75,
consonant-candidate,AB 45,AB 91,AB 75,,21,1,,AB 75,
consonant-candidate,AB 43,AB 35,AB 67,,21,1,,AB 67,
vowel-candidate,AB 27,AB 55,,AB 77,21,,18,,"AB 01, AB 02, AB 03, AB 08, AB 09"
vowel-candidate,AB 27,AB 73,,AB 77,21,,28,,"AB 01, AB 02, AB 04, AB 05, AB 08"
vowel-candidate,AB 27,AB 50,,AB 77,21,,24,,"AB 01, AB 02, AB 03, AB 04, AB 05"
vowel-candidate,AB 27,AB 67,,AB 77,21,,31,,"AB 02, AB 03, AB 04, AB 05, AB 06"
vowel-candidate,AB 27,AB 23,,AB 77,21,,9,,"AB 02, AB 05, AB 08, AB 31, AB 37"
vowel-candidate,AB 27,AB 69,,AB 77,21,,25,,"AB 02, AB 03, AB 04, AB 05, AB 08"
vowel-candidate,AB 27,AB 25,,AB 77,21,,19,,"AB 01, AB 04, AB 05, AB 24, AB 36"
vowel-candidate,AB 27,AB 20,,AB 77,21,,22,,"AB 01, AB 02, AB 03, AB 06, AB 11"
vowel-candidate,AB 38,AB 15,,AB 77,21,,30,,"AB 01, AB 02, AB 03, AB 04, AB 05"
vowel-candidate,AB 38,AB 30,,AB 77,21,,34,,"AB 02, AB 03, AB 05, AB 06, AB 08"
vowel-candidate,AB 38,AB 11,,AB 77,21,,39,,"AB 01, AB 02, AB 03, AB 04, AB 05"
vowel-candidate,AB 38,AB 72,,AB 77,21,,34,,"AB 01, AB 02, AB 03, AB 04, AB 05"
vowel-candidate,AB 55,AB 75,,AB 77,21,,18,,"AB 01, AB 02, AB 03, AB 08, AB 09"
vowel-candidate,AB 15,AB 02,,AB 77,21,,29,,"AB 01, AB 02, AB 03, AB 04, AB 05"
vowel-candidate,AB 53,AB 45,,AB 77,21,,35,,"AB 02, AB 03, AB 04, AB 05, AB 07"
vowel-candidate,AB 53,AB 52,,AB 77,21,,38,,"AB 02, AB 03, AB 05, AB 08, AB 09"
vowel-candidate,AB 53,AB 54,,AB 77,21,,39,,"AB 02, AB 03, AB 04, AB 05, AB 08"
vowel-candidate,AB 53,AB 07,,AB 77,21,,24,,"AB 02, AB 05, AB 08, AB 10, AB 11"
vowel-candidate,AB 12,AB 26,,AB 77,21,,21,,"AB 04, AB 05, AB 08, AB 10, AB 11"
vowel-candidate,AB 45,AB 40,,AB 77,21,,28,,"AB 02, AB 03, AB 04, AB 05, AB 06"
vowel-candidate,AB 36,AB 41,,AB 77,21,,38,,"AB 01, AB 02, AB 03, AB 04, AB 05"
vowel-candidate,AB 24,AB 26,,AB 77,21,,20,,"AB 02, AB 05, AB 08, AB 10, AB 11"
vowel-candidate,AB 40,AB 52,,AB 77,21,,29,,"AB 01, AB 02, AB 03, AB 05, AB 06"
vowel-candidate,AB 40,AB 54,,AB 77,21,,38,,"AB 01, AB 02, AB 03, AB 04, AB 05"
vowel-candidate,AB 40,AB 07,,AB 77,21,,22,,"AB 02, AB 05, AB 08, AB 10, AB 11"
vowel-candidate,AB 37,AB 26,,AB 77,21,,25,,"AB 02, AB 04, AB 05, AB 08, AB 10"
vowel-candidate,AB 14,AB 41,,AB 77,21,,35,,"AB 01, AB 02, AB 03, AB 04, AB 05"
vowel-candidate,AB 02,AB 30,,AB 77,21,,34,,"AB 02, AB 03, AB 05, AB 06, AB 08"
vowel-candidate,AB 02,AB 11,,AB 77,21,,38,,"AB 01, AB 02, AB 03, AB 04, AB 05"
vowel-candidate,AB 02,AB 72,,AB 77,21,,35,,"AB 01, AB 02, AB 03, AB 04, AB 05"
vowel-candidate,AB 28,AB 26,,AB 77,21,,24,,"AB 02, AB 04, AB 05, AB 08, AB 10"
vowel-candidate,AB 73,AB 75,,AB 77,21,,29,,"AB 01, AB 02, AB 04, AB 05, AB 07"
vowel-candidate,AB 01,AB 26,,AB 77,21,,23,,"AB 02, AB 04, AB 05, AB 08, AB 10"
vowel-candidate,AB 26,AB 77,,AB 77,21,,27,,"AB 02, AB 04, AB 05, AB 08, AB 10"
vowel-candidate,AB 26,AB 08,,AB 77,21,,23,,"AB 02, AB 04, AB 05, AB 08, AB 10"
vowel-candidate,AB 50,AB 75,,AB 77,21,,24,,"AB 01, AB 02, AB 03, AB 04, AB 05"
vowel-candidate,AB 10,AB 42,,AB 77,21,,35,,"AB 01, AB 02, AB 03, AB 04, AB 05"
vowel-candidate,AB 67,AB 75,,AB 77,21,,32,,"AB 02, AB 03, AB 04, AB 05, AB 06"
vowel-candidate,AB 23,AB 75,,AB 77,21,,8,,"AB 02, AB 05, AB 08, AB 31, AB 37"
vowel-candidate,AB 75,AB 69,,AB 77,21,,25,,"AB 02, AB 03, AB 04, AB 05, AB 08"
vowel-candidate,AB 75,AB 25,,AB 77,21,,20,,"AB 01, AB 04, AB 05, AB 24, AB 27"
vowel-candidate,AB 75,AB 20,,AB 77,21,,21,,"AB 01, AB 02, AB 03, AB 06, AB 07"
vowel-candidate,AB 16,AB 02,,AB 12,21,,24,,"AB 02, AB 04, AB 05, AB 08, AB 10"
vowel-candidate,AB 81,AB 75,,AB 12,21,,35,,"AB 01, AB 02, AB 03, AB 04, AB 05"
vowel-candidate,AB 13,AB 20,,AB 38,21,,17,,"AB 02, AB 03, AB 06, AB 11, AB 31"
vowel-candidate,AB 13,AB 32,,AB 38,21,,25,,"AB 02, AB 03, AB 05, AB 06, AB 08"
vowel-candidate,AB 61,AB 68,,AB 38,21,,5,,"AB 03, AB 08, AB 38, AB 69, AB 78"
vowel-candidate,AB 61,AB 65,,AB 38,21,,6,,"AB 08, AB 28, AB 38, AB 42, AB 53"
vowel-candidate,AB 78,AB 17,,AB 02,21,,7,,"AB 02, AB 27, AB 28, AB 36, AB 57"
vowel-candidate,AB 37,AB 17,,AB 02,21,,12,,"AB 02, AB 07, AB 13, AB 27, AB 28"
vowel-candidate,AB 67,AB 17,,AB 02,21,,9,,"AB 02, AB 07, AB 13, AB 27, AB 36"
vowel-candidate,AB 05,AB 46,,AB 54,21,,12,,"AB 01, AB 22, AB 28, AB 37, AB 39"
vowel-candidate,AB 05,AB 63,,AB 54,21,,2,,"AB 28, AB 54"
vowel-candidate,AB 54,AB 76,,AB 37,21,,6,,"AB 03, AB 37, AB 39, AB 44, AB 59"
vowel-candidate,AB 70,AB 76,,AB 37,21,,8,,"AB 03, AB 16, AB 37, AB 39, AB 44"
vowel-candidate,AB 07,AB 85,,AB 36,21,,6,,"AB 05, AB 36, AB 52, AB 57, AB 59"
vowel-candidate,AB 44,AB 29,,AB 36,21,,8,,"AB 01, AB 05, AB 08, AB 36, AB 44"
vowel-candidate,AB 41,AB 85,,AB 36,21,,7,,"AB 05, AB 36, AB 52, AB 57, AB 59"
vowel-candidate,AB 85,AB 67,,AB 36,21,,5,,"AB 05, AB 36, AB 57, AB 59, AB 61"
vowel-candidate,AB 74,AB 25,,AB 36,21,,3,,"AB 36, AB 42, AB 61"
vowel-candidate,AB 29,AB 25,,AB 36,21,,6,,"AB 01, AB 05, AB 36, AB 44, AB 57"
vowel-candidate,AB 54,AB 34,,AB 24,21,,4,,"AB 08, AB 15, AB 24, AB 61"
vowel-candidate,AB 76,AB 41,,AB 59,21,,6,,"AB 03, AB 16, AB 39, AB 44, AB 59"
vowel-candidate,AB 79,AB 80,,AB 08,21,,2,,"AB 08, AB 80"
vowel-candidate,AB 69,AB 68,,AB 08,21,,3,,"AB 03, AB 08, AB 81"
vowel-candidate,AB 64,AB 29,,AB 08,21,,1,,AB 08
vowel-candidate,AB 27,AB 82,,AB 39,21,,1,,AB 39
vowel-candidate,AB 40,AB 91,,AB 61,21,,1,,AB 61
consonant-candidate,AB 56,AB 11,AB 12,,20,9,,"AB 01, AB 12, AB 26, AB 28, AB 37",
consonant-candidate,AB 55,AB 11,AB 12,,20,17,,"AB 03, AB 05, AB 08, AB 09, AB 12",
consonant-candidate,AB 30,AB 12,AB 12,,20,16,,"AB 03, AB 05, AB 08, AB 12, AB 15",
consonant-candidate,AB 30,AB 67,AB 12,,20,12,,"AB 03, AB 05, AB 08, AB 12, AB 31",
consonant-candidate,AB 30,AB 48,AB 12,,20,5,,"AB 12, AB 36, AB 37, AB 41, AB 59",
consonant-candidate,AB 30,AB 44,AB 12,,20,18,,"AB 03, AB 05, AB 08, AB 12, AB 15",
consonant-candidate,AB 30,AB 49,AB 12,,20,1,,AB 12,
consonant-candidate,AB 30,AB 36,AB 12,,20,19,,"AB 03, AB 05, AB 07, AB 08, AB 12",
consonant-candidate,AB 30,AB 17,AB 12,,20,7,,"AB 05, AB 08, AB 12, AB 38, AB 61",
consonant-candidate,AB 30,AB 07,AB 12,,20,11,,"AB 03, AB 12, AB 36, AB 37, AB 38",
consonant-candidate,AB 30,AB 15,AB 12,,20,16,,"AB 03, AB 05, AB 07, AB 08, AB 12",
consonant-candidate,AB 30,AB 09,AB 12,,20,5,,"AB 05, AB 12, AB 36, AB 38, AB 57",
consonant-candidate,AB 30,AB 63,AB 12,,20,1,,AB 12,
consonant-candidate,AB 30,AB 16,AB 12,,20,13,,"AB 05, AB 12, AB 15, AB 31, AB 36",
consonant-candidate,AB 52,AB 43,AB 12,,20,13,,"AB 04, AB 12, AB 13, AB 20, AB 30",
consonant-candidate,AB 52,AB 39,AB 12,,20,44,,"AB 01, AB 02, AB 03, AB 04, AB 05",
consonant-candidate,AB 45,AB 77,AB 12,,20,37,,"AB 01, AB 02, AB 03, AB 04, AB 05",
consonant-candidate,AB 57,AB 77,AB 12,,20,48,,"AB 01, AB 02, AB 03, AB 04, AB 05",
consonant-candidate,AB 50,AB 08,AB 12,,20,22,,"AB 01, AB 02, AB 04, AB 05, AB 06",
consonant-candidate,AB 50,AB 43,AB 12,,20,11,,"AB 04, AB 12, AB 31, AB 37, AB 42",
consonant-candidate,AB 50,AB 39,AB 12,,20,22,,"AB 01, AB 02, AB 04, AB 05, AB 06",
consonant-candidate,AB 59,AB 11,AB 12,,20,41,,"AB 01, AB 02, AB 03, AB 04, AB 05",
consonant-candidate,AB 11,AB 80,AB 12,,20,28,,"AB 01, AB 02, AB 04, AB 05, AB 07",
consonant-candidate,AB 53,AB 28,AB 12,,20,41,,"AB 01, AB 03, AB 04, AB 05, AB 06",
consonant-candidate,AB 53,AB 01,AB 12,,20,33,,"AB 01, AB 04, AB 05, AB 06, AB 10",
consonant-candidate,AB 53,AB 47,AB 12,,20,3,,"AB 01, AB 12, AB 37",
consonant-candidate,AB 54,AB 28,AB 12,,20,36,,"AB 01, AB 02, AB 03, AB 04, AB 05",
consonant-candidate,AB 54,AB 01,AB 12,,20,30,,"AB 01, AB 02, AB 04, AB 05, AB 06",
consonant-candidate,AB 54,AB 47,AB 12,,20,3,,"AB 01, AB 12, AB 37",
consonant-candidate,AB 28,AB 26,AB 12,,20,29,,"AB 01, AB 02, AB 04, AB 05, AB 06",
consonant-candidate,AB 67,AB 10,AB 12,,20,25,,"AB 01, AB 02, AB 03, AB 04, AB 05",
consonant-candidate,AB 01,AB 26,AB 12,,20,25,,"AB 01, AB 02, AB 04, AB 05, AB 06",
consonant-candidate,AB 48,AB 10,AB 12,,20,6,,"AB 12, AB 27, AB 36, AB 37, AB 41",
consonant-candidate,AB 44,AB 10,AB 12,,20,39,,"AB 01, AB 02, AB 03, AB 04, AB 05",
consonant-candidate,AB 49,AB 10,AB 12,,20,1,,AB 12,
consonant-candidate,AB 26,AB 47,AB 12,,20,3,,"AB 01, AB 12, AB 37",
consonant-candidate,AB 17,AB 10,AB 12,,20,16,,"AB 02, AB 05, AB 06, AB 08, AB 12",
consonant-candidate,AB 10,AB 07,AB 12,,20,24,,"AB 01, AB 02, AB 03, AB 12, AB 14",
consonant-candidate,AB 10,AB 09,AB 12,,20,20,,"AB 01, AB 02, AB 04, AB 05, AB 12",
consonant-candidate,AB 10,AB 63,AB 12,,20,2,,"AB 04, AB 12",
consonant-candidate,AB 10,AB 16,AB 12,,20,27,,"AB 01, AB 02, AB 04, AB 05, AB 06",
consonant-candidate,AB 04,AB 90,AB 38,,20,2,,"AB 36, AB 38",
consonant-candidate,AB 77,AB 37,AB 38,,20,34,,"AB 01, AB 02, AB 03, AB 04, AB 05",
consonant-candidate,AB 77,AB 13,AB 38,,20,31,,"AB 02, AB 04, AB 05, AB 06, AB 08",
consonant-candidate,AB 77,AB 62,AB 38,,20,6,,"AB 27, AB 37, AB 38, AB 52, AB 53",
consonant-candidate,AB 24,AB 41,AB 38,,20,30,,"AB 01, AB 03, AB 04, AB 05, AB 08",
consonant-candidate,AB 24,AB 83,AB 38,,20,5,,"AB 27, AB 36, AB 38, AB 57, AB 61",
consonant-candidate,AB 37,AB 28,AB 38,,20,33,,"AB 01, AB 02, AB 03, AB 04, AB 05",
consonant-candidate,AB 28,AB 13,AB 38,,20,25,,"AB 02, AB 04, AB 05, AB 06, AB 08",
consonant-candidate,AB 28,AB 62,AB 38,,20,6,,"AB 27, AB 37, AB 38, AB 52, AB 53",
consonant-candidate,AB 61,AB 54,AB 38,,20,40,,"AB 01, AB 02, AB 03, AB 04, AB 05",
consonant-candidate,AB 61,AB 25,AB 38,,20,25,,"AB 01, AB 02, AB 03, AB 04, AB 05",
consonant-candidate,AB 27,AB 50,AB 70,,20,19,,"AB 02, AB 04, AB 05, AB 06, AB 14",
consonant-candidate,AB 41,AB 76,AB 70,,20,7,,"AB 04, AB 05, AB 08, AB 42, AB 53",
consonant-candidate,AB 20,AB 69,AB 70,,20,10,,"AB 02, AB 04, AB 05, AB 08, AB 40",
consonant-candidate,AB 12,AB 69,AB 70,,20,20,,"AB 02, AB 04, AB 05, AB 06, AB 08",
consonant-candidate,AB 69,AB 01,AB 70,,20,18,,"AB 02, AB 04, AB 05, AB 06, AB 20",
consonant-candidate,AB 26,AB 23,AB 70,,20,5,,"AB 02, AB 05, AB 37, AB 59, AB 70",
consonant-candidate,AB 26,AB 33,AB 70,,20,3,,"AB 42, AB 54, AB 70",
consonant-candidate,AB 26,AB 46,AB 70,,20,16,,"AB 01, AB 02, AB 04, AB 05, AB 14",
consonant-candidate,AB 74,AB 37,AB 02,,20,4,,"AB 02, AB 05, AB 37, AB 75",
consonant-candidate,AB 51,AB 61,AB 02,,20,14,,"AB 02, AB 05, AB 06, AB 15, AB 26",
consonant-candidate,AB 51,AB 32,AB 02,,20,6,,"AB 02, AB 05, AB 30, AB 42, AB 75",
consonant-candidate,AB 51,AB 12,AB 02,,20,12,,"AB 02, AB 05, AB 06, AB 15, AB 26",
consonant-candidate,AB 21,AB 59,AB 37,,20,11,,"AB 20, AB 36, AB 37, AB 41, AB 42",
consonant-candidate,AB 53,AB 22,AB 37,,20,3,,"AB 05, AB 37, AB 46",
consonant-candidate,AB 42,AB 22,AB 37,,20,2,,"AB 05, AB 37",
consonant-candidate,AB 07,AB 64,AB 36,,20,2,,"AB 36, AB 57",
consonant-candidate,AB 28,AB 34,AB 59,,20,3,,"AB 44, AB 59, AB 77",
consonant-candidate,AB 44,AB 34,AB 59,,20,3,,"AB 44, AB 59, AB 77",
consonant-candidate,AB 38,AB 71,AB 59,,20,2,,"AB 04, AB 59",
consonant-candidate,AB 08,AB 35,AB 05,,20,2,,"AB 05, AB 67",
consonant-candidate,AB 10,AB 35,AB 05,,20,2,,"AB 05, AB 67",
consonant-candidate,AB 26,AB 65,AB 05,,20,4,,"AB 05, AB 77, AB 78, AB 80",
consonant-candidate,AB 72,AB 65,AB 05,,20,4,,"AB 05, AB 77, AB 78, AB 80",
consonant-candidate,AB 29,AB 34,AB 44,,20,2,,"AB 44, AB 77",
consonant-candidate,AB 25,AB 63,AB 04,,20,1,,AB 04,
vowel-candidate,AB 56,AB 38,,AB 77,20,,13,,"AB 02, AB 04, AB 05, AB 08, AB 10"
vowel-candidate,AB 56,AB 02,,AB 77,20,,15,,"AB 02, AB 04, AB 05, AB 08, AB 10"
vowel-candidate,AB 38,AB 09,,AB 77,20,,25,,"AB 02, AB 04, AB 05, AB 06, AB 08"
vowel-candidate,AB 38,AB 57,,AB 77,20,,44,,"AB 01, AB 02, AB 03, AB 04, AB 06"
vowel-candidate,AB 38,AB 33,,AB 77,20,,6,,"AB 04, AB 38, AB 39, AB 72, AB 77"
vowel-candidate,AB 38,AB 39,,AB 77,20,,38,,"AB 02, AB 04, AB 05, AB 06, AB 07"
vowel-candidate,AB 15,AB 41,,AB 77,20,,30,,"AB 01, AB 02, AB 03, AB 04, AB 05"
vowel-candidate,AB 53,AB 10,,AB 77,20,,29,,"AB 02, AB 03, AB 04, AB 05, AB 07"
vowel-candidate,AB 36,AB 42,,AB 77,20,,42,,"AB 01, AB 02, AB 03, AB 04, AB 05"
vowel-candidate,AB 40,AB 10,,AB 77,20,,30,,"AB 01, AB 02, AB 03, AB 04, AB 05"
vowel-candidate,AB 14,AB 42,,AB 77,20,,39,,"AB 01, AB 02, AB 03, AB 04, AB 05"
vowel-candidate,AB 02,AB 09,,AB 77,20,,24,,"AB 02, AB 04, AB 05, AB 06, AB 08"
vowel-candidate,AB 02,AB 57,,AB 77,20,,41,,"AB 01, AB 02, AB 03, AB 04, AB 06"
vowel-candidate,AB 02,AB 33,,AB 77,20,,6,,"AB 04, AB 38, AB 39, AB 72, AB 77"
vowel-candidate,AB 02,AB 39,,AB 77,20,,37,,"AB 02, AB 04, AB 05, AB 06, AB 07"
vowel-candidate,AB 30,AB 41,,AB 77,20,,30,,"AB 02, AB 03, AB 05, AB 06, AB 08"
vowel-candidate,AB 11,AB 41,,AB 77,20,,35,,"AB 01, AB 02, AB 03, AB 04, AB 05"
vowel-candidate,AB 41,AB 72,,AB 77,20,,30,,"AB 01, AB 02, AB 03, AB 04, AB 05"
vowel-candidate,AB 08,AB 58,,AB 12,20,,12,,"AB 02, AB 05, AB 06, AB 12, AB 17"
vowel-candidate,AB 78,AB 75,,AB 12,20,,34,,"AB 02, AB 03, AB 04, AB 05, AB 06"
vowel-candidate,AB 38,AB 68,,AB 38,20,,5,,"AB 03, AB 08, AB 38, AB 78, AB 81"
vowel-candidate,AB 38,AB 65,,AB 38,20,,6,,"AB 08, AB 28, AB 38, AB 42, AB 53"
vowel-candidate,AB 31,AB 16,,AB 38,20,,19,,"AB 02, AB 04, AB 05, AB 08, AB 10"
vowel-candidate,AB 31,AB 68,,AB 38,20,,3,,"AB 03, AB 08, AB 38"
vowel-candidate,AB 31,AB 65,,AB 38,20,,6,,"AB 08, AB 28, AB 38, AB 42, AB 53"
vowel-candidate,AB 61,AB 32,,AB 38,20,,25,,"AB 02, AB 03, AB 05, AB 06, AB 08"
vowel-candidate,AB 11,AB 68,,AB 38,20,,4,,"AB 03, AB 08, AB 38, AB 78"
vowel-candidate,AB 11,AB 65,,AB 38,20,,6,,"AB 08, AB 28, AB 38, AB 42, AB 53"
vowel-candidate,AB 54,AB 51,,AB 10,20,,13,,"AB 02, AB 04, AB 08, AB 10, AB 36"
vowel-candidate,AB 10,AB 43,,AB 70,20,,11,,"AB 02, AB 05, AB 06, AB 15, AB 36"
vowel-candidate,AB 13,AB 25,,AB 70,20,,19,,"AB 04, AB 05, AB 20, AB 24, AB 27"
vowel-candidate,AB 78,AB 74,,AB 02,20,,7,,"AB 02, AB 03, AB 08, AB 28, AB 36"
vowel-candidate,AB 37,AB 74,,AB 02,20,,7,,"AB 02, AB 03, AB 08, AB 28, AB 36"
vowel-candidate,AB 67,AB 74,,AB 02,20,,6,,"AB 02, AB 03, AB 08, AB 36, AB 42"
vowel-candidate,AB 72,AB 17,,AB 02,20,,6,,"AB 02, AB 27, AB 28, AB 36, AB 57"
vowel-candidate,AB 52,AB 46,,AB 54,20,,10,,"AB 01, AB 28, AB 37, AB 39, AB 40"
vowel-candidate,AB 52,AB 63,,AB 54,20,,3,,"AB 28, AB 54, AB 81"
vowel-candidate,AB 46,AB 77,,AB 54,20,,12,,"AB 01, AB 07, AB 28, AB 37, AB 39"
vowel-candidate,AB 77,AB 63,,AB 54,20,,3,,"AB 28, AB 54, AB 81"
vowel-candidate,AB 52,AB 76,,AB 37,20,,6,,"AB 03, AB 16, AB 37, AB 39, AB 59"
vowel-candidate,AB 76,AB 04,,AB 37,20,,9,,"AB 03, AB 16, AB 29, AB 37, AB 39"
vowel-candidate,AB 30,AB 85,,AB 36,20,,6,,"AB 05, AB 36, AB 52, AB 57, AB 59"
vowel-candidate,AB 40,AB 85,,AB 36,20,,7,,"AB 05, AB 36, AB 52, AB 57, AB 59"
vowel-candidate,AB 73,AB 85,,AB 36,20,,5,,"AB 05, AB 36, AB 57, AB 59, AB 61"
vowel-candidate,AB 43,AB 85,,AB 36,20,,6,,"AB 05, AB 36, AB 52, AB 57, AB 59"
vowel-candidate,AB 02,AB 85,,AB 36,20,,7,,"AB 05, AB 36, AB 52, AB 57, AB 59"
vowel-candidate,AB 85,AB 51,,AB 36,20,,3,,"AB 36, AB 57, AB 61"
vowel-candidate,AB 05,AB 34,,AB 24,20,,4,,"AB 08, AB 15, AB 24, AB 61"
vowel-candidate,AB 06,AB 62,,AB 59,20,,4,,"AB 26, AB 59, AB 60, AB 78"
vowel-candidate,AB 10,AB 62,,AB 59,20,,4,,"AB 07, AB 59, AB 60, AB 78"
vowel-candidate,AB 37,AB 62,,AB 59,20,,4,,"AB 07, AB 26, AB 59, AB 60"
vowel-candidate,AB 54,AB 64,,AB 08,20,,1,,AB 08
vowel-candidate,AB 79,AB 05,,AB 08,20,,3,,"AB 08, AB 58, AB 80"
vowel-candidate,AB 79,AB 67,,AB 08,20,,3,,"AB 08, AB 58, AB 80"
vowel-candidate,AB 74,AB 68,,AB 08,20,,2,,"AB 03, AB 08"
vowel-candidate,AB 81,AB 64,,AB 08,20,,1,,AB 08
vowel-candidate,AB 75,AB 64,,AB 08,20,,1,,AB 08
vowel-candidate,AB 69,AB 64,,AB 08,20,,1,,AB 08
vowel-candidate,AB 75,AB 63,,AB 28,20,,2,,"AB 28, AB 81"
vowel-candidate,AB 71,AB 37,,AB 73,20,,1,,AB 73
vowel-candidate,AB 71,AB 59,,AB 73,20,,1,,AB 73
vowel-candidate,AB 14,AB 91,,AB 61,20,,1,,AB 61
vowel-candidate,AB 54,AB 91,,AB 61,20,,1,,AB 61
vowel-candidate,AB 55,AB 91,,AB 61,20,,1,,AB 61
vowel-candidate,AB 42,AB 91,,AB 61,20,,1,,AB 61
vowel-candidate,AB 06,AB 87,,AB 01,20,,1,,AB 01
consonant-candidate,AB 03,AB 52,AB 12,,19,42,,"AB 01, AB 02, AB 03, AB 04, AB 05",
consonant-candidate,AB 03,AB 50,AB 12,,19,22,,"AB 01, AB 02, AB 04, AB 05, AB 06",
consonant-candidate,AB 52,AB 38,AB 12,,19,44,,"AB 01, AB 02, AB 03, AB 04, AB 05",
consonant-candidate,AB 52,AB 73,AB 12,,19,20,,"AB 03, AB 04, AB 05, AB 08, AB 12",
consonant-candidate,AB 52,AB 81,AB 12,,19,31,,"AB 01, AB 02, AB 03, AB 04, AB 06",
consonant-candidate,AB 52,AB 74,AB 12,,19,7,,"AB 02, AB 05, AB 10, AB 12, AB 37",
consonant-candidate,AB 38,AB 50,AB 12,,19,23,,"AB 01, AB 02, AB 04, AB 05, AB 06",
consonant-candidate,AB 40,AB 53,AB 12,,19,26,,"AB 01, AB 03, AB 04, AB 05, AB 06",
consonant-candidate,AB 40,AB 54,AB 12,,19,27,,"AB 01, AB 02, AB 03, AB 04, AB 05",
consonant-candidate,AB 40,AB 26,AB 12,,19,18,,"AB 01, AB 02, AB 04, AB 05, AB 06",
consonant-candidate,AB 60,AB 28,AB 12,,19,44,,"AB 01, AB 02, AB 03, AB 04, AB 05",
consonant-candidate,AB 60,AB 01,AB 12,,19,38,,"AB 01, AB 02, AB 04, AB 05, AB 06",
consonant-candidate,AB 60,AB 47,AB 12,,19,3,,"AB 01, AB 12, AB 37",
consonant-candidate,AB 04,AB 53,AB 12,,19,41,,"AB 01, AB 03, AB 04, AB 05, AB 06",
consonant-candidate,AB 04,AB 54,AB 12,,19,37,,"AB 01, AB 02, AB 03, AB 04, AB 05",
consonant-candidate,AB 50,AB 73,AB 12,,19,10,,"AB 04, AB 05, AB 12, AB 27, AB 37",
consonant-candidate,AB 50,AB 75,AB 12,,19,23,,"AB 01, AB 02, AB 04, AB 05, AB 06",
consonant-candidate,AB 50,AB 81,AB 12,,19,17,,"AB 01, AB 02, AB 04, AB 06, AB 12",
consonant-candidate,AB 50,AB 74,AB 12,,19,5,,"AB 02, AB 05, AB 12, AB 37, AB 75",
consonant-candidate,AB 11,AB 08,AB 12,,19,39,,"AB 01, AB 02, AB 03, AB 04, AB 05",
consonant-candidate,AB 11,AB 43,AB 12,,19,13,,"AB 04, AB 12, AB 13, AB 20, AB 30",
consonant-candidate,AB 11,AB 39,AB 12,,19,37,,"AB 01, AB 02, AB 03, AB 04, AB 05",
consonant-candidate,AB 53,AB 32,AB 12,,19,27,,"AB 01, AB 03, AB 04, AB 05, AB 08",
consonant-candidate,AB 54,AB 32,AB 12,,19,26,,"AB 01, AB 02, AB 03, AB 04, AB 05",
consonant-candidate,AB 32,AB 26,AB 12,,19,20,,"AB 01, AB 02, AB 04, AB 05, AB 11",
consonant-candidate,AB 38,AB 37,AB 38,,19,34,,"AB 01, AB 02, AB 03, AB 04, AB 05",
consonant-candidate,AB 38,AB 13,AB 38,,19,28,,"AB 02, AB 04, AB 05, AB 06, AB 08",
consonant-candidate,AB 38,AB 62,AB 38,,19,5,,"AB 27, AB 37, AB 38, AB 53, AB 60",
consonant-candidate,AB 77,AB 90,AB 38,,19,2,,"AB 36, AB 38",
consonant-candidate,AB 24,AB 53,AB 38,,19,32,,"AB 01, AB 03, AB 04, AB 05, AB 08",
consonant-candidate,AB 24,AB 67,AB 38,,19,22,,"AB 01, AB 03, AB 04, AB 05, AB 08",
consonant-candidate,AB 24,AB 68,AB 38,,19,6,,"AB 08, AB 36, AB 38, AB 60, AB 61",
consonant-candidate,AB 24,AB 01,AB 38,,19,27,,"AB 01, AB 04, AB 05, AB 10, AB 11",
consonant-candidate,AB 90,AB 28,AB 38,,19,2,,"AB 36, AB 38",
consonant-candidate,AB 61,AB 32,AB 38,,19,27,,"AB 01, AB 02, AB 03, AB 04, AB 05",
consonant-candidate,AB 41,AB 43,AB 70,,19,11,,"AB 04, AB 13, AB 30, AB 42, AB 44",
consonant-candidate,AB 59,AB 82,AB 70,,19,4,,"AB 45, AB 61, AB 70, AB 80",
consonant-candidate,AB 59,AB 79,AB 70,,19,2,,"AB 04, AB 70",
consonant-candidate,AB 69,AB 31,AB 70,,19,21,,"AB 02, AB 04, AB 05, AB 06, AB 08",
consonant-candidate,AB 69,AB 11,AB 70,,19,21,,"AB 02, AB 04, AB 05, AB 08, AB 16",
consonant-candidate,AB 69,AB 55,AB 70,,19,12,,"AB 05, AB 08, AB 40, AB 42, AB 53",
consonant-candidate,AB 69,AB 30,AB 70,,19,7,,"AB 05, AB 08, AB 37, AB 59, AB 61",
consonant-candidate,AB 69,AB 58,AB 70,,19,9,,"AB 02, AB 05, AB 08, AB 20, AB 32",
consonant-candidate,AB 80,AB 23,AB 70,,19,5,,"AB 02, AB 05, AB 37, AB 59, AB 70",
consonant-candidate,AB 80,AB 33,AB 70,,19,3,,"AB 42, AB 54, AB 70",
consonant-candidate,AB 52,AB 23,AB 70,,19,5,,"AB 02, AB 05, AB 37, AB 59, AB 70",
consonant-candidate,AB 52,AB 33,AB 70,,19,3,,"AB 42, AB 54, AB 70",
consonant-candidate,AB 28,AB 58,AB 70,,19,10,,"AB 02, AB 03, AB 05, AB 08, AB 17",
consonant-candidate,AB 53,AB 82,AB 70,,19,4,,"AB 45, AB 61, AB 70, AB 80",
consonant-candidate,AB 53,AB 79,AB 70,,19,2,,"AB 04, AB 70",
consonant-candidate,AB 04,AB 82,AB 70,,19,4,,"AB 45, AB 61, AB 70, AB 80",
consonant-candidate,AB 04,AB 79,AB 70,,19,2,,"AB 04, AB 70",
consonant-candidate,AB 31,AB 51,AB 02,,19,11,,"AB 02, AB 05, AB 06, AB 30, AB 42",
consonant-candidate,AB 06,AB 51,AB 02,,19,9,,"AB 02, AB 05, AB 15, AB 30, AB 42",
consonant-candidate,AB 29,AB 77,AB 02,,19,11,,"AB 02, AB 04, AB 26, AB 27, AB 37",
consonant-candidate,AB 29,AB 37,AB 02,,19,11,,"AB 02, AB 04, AB 27, AB 37, AB 40",
consonant-candidate,AB 54,AB 22,AB 37,,19,3,,"AB 05, AB 37, AB 46",
consonant-candidate,AB 38,AB 21,AB 37,,19,10,,"AB 20, AB 36, AB 37, AB 41, AB 42",
consonant-candidate,AB 02,AB 47,AB 37,,19,2,,"AB 01, AB 37",
consonant-candidate,AB 02,AB 48,AB 37,,19,5,,"AB 27, AB 36, AB 37, AB 41, AB 59",
consonant-candidate,AB 77,AB 22,AB 37,,19,2,,"AB 05, AB 37",
consonant-candidate,AB 39,AB 22,AB 37,,19,3,,"AB 05, AB 37, AB 46",
consonant-candidate,AB 28,AB 85,AB 59,,19,5,,"AB 04, AB 05, AB 44, AB 53, AB 59",
consonant-candidate,AB 28,AB 19,AB 59,,19,1,,AB 59,
consonant-candidate,AB 37,AB 34,AB 59,,19,3,,"AB 44, AB 59, AB 77",
consonant-candidate,AB 44,AB 85,AB 59,,19,6,,"AB 04, AB 05, AB 44, AB 45, AB 53",
consonant-candidate,AB 44,AB 19,AB 59,,19,1,,AB 59,
consonant-candidate,AB 31,AB 87,AB 59,,19,1,,AB 59,
consonant-candidate,AB 16,AB 71,AB 59,,19,2,,"AB 04, AB 59",
consonant-candidate,AB 80,AB 91,AB 75,,19,1,,AB 75,
vowel-candidate,AB 56,AB 41,,AB 77,19,,14,,"AB 02, AB 04, AB 05, AB 08, AB 10"
vowel-candidate,AB 38,AB 55,,AB 77,19,,19,,"AB 01, AB 02, AB 03, AB 08, AB 09"
vowel-candidate,AB 38,AB 73,,AB 77,19,,30,,"AB 01, AB 02, AB 04, AB 05, AB 07"
vowel-candidate,AB 38,AB 50,,AB 77,19,,25,,"AB 01, AB 02, AB 03, AB 04, AB 05"
vowel-candidate,AB 38,AB 67,,AB 77,19,,33,,"AB 02, AB 03, AB 04, AB 05, AB 06"
vowel-candidate,AB 38,AB 23,,AB 77,19,,9,,"AB 02, AB 05, AB 08, AB 31, AB 37"
vowel-candidate,AB 38,AB 69,,AB 77,19,,27,,"AB 02, AB 03, AB 04, AB 05, AB 08"
vowel-candidate,AB 38,AB 25,,AB 77,19,,22,,"AB 01, AB 04, AB 05, AB 20, AB 24"
vowel-candidate,AB 38,AB 20,,AB 77,19,,22,,"AB 01, AB 02, AB 03, AB 06, AB 07"
vowel-candidate,AB 55,AB 02,,AB 77,19,,19,,"AB 01, AB 02, AB 03, AB 08, AB 09"
vowel-candidate,AB 15,AB 42,,AB 77,19,,32,,"AB 01, AB 02, AB 03, AB 04, AB 05"
vowel-candidate,AB 53,AB 36,,AB 77,19,,37,,"AB 02, AB 03, AB 04, AB 05, AB 07"
vowel-candidate,AB 53,AB 14,,AB 77,19,,33,,"AB 02, AB 03, AB 04, AB 05, AB 07"
vowel-candidate,AB 45,AB 26,,AB 77,19,,20,,"AB 02, AB 04, AB 05, AB 08, AB 10"
vowel-candidate,AB 36,AB 40,,AB 77,19,,32,,"AB 01, AB 02, AB 03, AB 04, AB 05"
vowel-candidate,AB 40,AB 14,,AB 77,19,,31,,"AB 01, AB 02, AB 03, AB 04, AB 05"
vowel-candidate,AB 02,AB 73,,AB 77,19,,31,,"AB 01, AB 02, AB 04, AB 05, AB 07"
vowel-candidate,AB 02,AB 50,,AB 77,19,,25,,"AB 01, AB 02, AB 03, AB 04, AB 05"
vowel-candidate,AB 02,AB 67,,AB 77,19,,34,,"AB 02, AB 03, AB 04, AB 05, AB 06"
vowel-candidate,AB 02,AB 23,,AB 77,19,,9,,"AB 02, AB 05, AB 08, AB 31, AB 37"
vowel-candidate,AB 02,AB 69,,AB 77,19,,27,,"AB 02, AB 03, AB 04, AB 05, AB 08"
vowel-candidate,AB 02,AB 25,,AB 77,19,,20,,"AB 01, AB 04, AB 05, AB 20, AB 27"
vowel-candidate,AB 02,AB 20,,AB 77,19,,23,,"AB 01, AB 02, AB 03, AB 06, AB 07"
vowel-candidate,AB 30,AB 42,,AB 77,19,,36,,"AB 02, AB 03, AB 05, AB 06, AB 08"
vowel-candidate,AB 52,AB 26,,AB 77,19,,23,,"AB 02, AB 05, AB 08, AB 10, AB 11"
vowel-candidate,AB 54,AB 26,,AB 77,19,,23,,"AB 02, AB 04, AB 05, AB 08, AB 10"
vowel-candidate,AB 26,AB 07,,AB 77,19,,19,,"AB 02, AB 05, AB 08, AB 10, AB 11"
vowel-candidate,AB 11,AB 42,,AB 77,19,,38,,"AB 01, AB 02, AB 03, AB 04, AB 05"
vowel-candidate,AB 42,AB 72,,AB 77,19,,34,,"AB 01, AB 02, AB 03, AB 04, AB 05"
vowel-candidate,AB 41,AB 09,,AB 77,19,,23,,"AB 02, AB 04, AB 05, AB 06, AB 08"
vowel-candidate,AB 41,AB 57,,AB 77,19,,37,,"AB 01, AB 02, AB 03, AB 04, AB 06"
vowel-candidate,AB 41,AB 33,,AB 77,19,,5,,"AB 04, AB 38, AB 39, AB 77, AB 80"
vowel-candidate,AB 41,AB 39,,AB 77,19,,33,,"AB 02, AB 04, AB 05, AB 06, AB 08"
vowel-candidate,AB 13,AB 02,,AB 12,19,,38,,"AB 02, AB 03, AB 04, AB 05, AB 06"
vowel-candidate,AB 08,AB 21,,AB 12,19,,14,,"AB 04, AB 05, AB 08, AB 12, AB 28"
vowel-candidate,AB 16,AB 75,,AB 12,19,,25,,"AB 02, AB 04, AB 05, AB 08, AB 10"
vowel-candidate,AB 03,AB 81,,AB 12,19,,35,,"AB 02, AB 03, AB 04, AB 05, AB 06"
vowel-candidate,AB 81,AB 28,,AB 12,19,,33,,"AB 01, AB 02, AB 03, AB 04, AB 05"
vowel-candidate,AB 38,AB 32,,AB 38,19,,26,,"AB 02, AB 03, AB 05, AB 06, AB 07"
vowel-candidate,AB 31,AB 81,,AB 38,19,,24,,"AB 02, AB 03, AB 04, AB 05, AB 06"
vowel-candidate,AB 31,AB 32,,AB 38,19,,19,,"AB 02, AB 03, AB 05, AB 06, AB 08"
vowel-candidate,AB 11,AB 32,,AB 38,19,,23,,"AB 02, AB 03, AB 05, AB 06, AB 08"
vowel-candidate,AB 06,AB 51,,AB 10,19,,14,,"AB 02, AB 04, AB 08, AB 10, AB 36"
vowel-candidate,AB 13,AB 43,,AB 70,19,,12,,"AB 02, AB 05, AB 06, AB 15, AB 28"
vowel-candidate,AB 43,AB 14,,AB 70,19,,11,,"AB 02, AB 05, AB 06, AB 15, AB 28"
vowel-candidate,AB 78,AB 23,,AB 02,19,,6,,"AB 02, AB 05, AB 08, AB 31, AB 41"
vowel-candidate,AB 72,AB 74,,AB 02,19,,7,,"AB 02, AB 03, AB 08, AB 28, AB 36"
vowel-candidate,AB 16,AB 76,,AB 37,19,,4,,"AB 37, AB 59, AB 72, AB 75"
vowel-candidate,AB 46,AB 76,,AB 37,19,,4,,"AB 37, AB 39, AB 59, AB 75"
vowel-candidate,AB 76,AB 75,,AB 37,19,,8,,"AB 03, AB 29, AB 37, AB 39, AB 44"
vowel-candidate,AB 76,AB 42,,AB 37,19,,8,,"AB 03, AB 16, AB 37, AB 39, AB 44"
vowel-candidate,AB 76,AB 06,,AB 37,19,,7,,"AB 03, AB 16, AB 37, AB 39, AB 44"
vowel-candidate,AB 76,AB 05,,AB 37,19,,8,,"AB 03, AB 16, AB 37, AB 39, AB 44"
vowel-candidate,AB 85,AB 56,,AB 36,19,,4,,"AB 05, AB 36, AB 52, AB 59"
vowel-candidate,AB 85,AB 58,,AB 36,19,,4,,"AB 05, AB 36, AB 52, AB 59"
vowel-candidate,AB 38,AB 34,,AB 24,19,,4,,"AB 08, AB 15, AB 24, AB 61"
vowel-candidate,AB 41,AB 62,,AB 59,19,,4,,"AB 26, AB 59, AB 60, AB 78"
vowel-candidate,AB 74,AB 21,,AB 08,19,,2,,"AB 08, AB 28"
vowel-candidate,AB 74,AB 64,,AB 08,19,,1,,AB 08
vowel-candidate,AB 21,AB 68,,AB 08,19,,2,,"AB 08, AB 78"
vowel-candidate,AB 68,AB 64,,AB 08,19,,1,,AB 08
vowel-candidate,AB 17,AB 33,,AB 72,19,,1,,AB 72
vowel-candidate,AB 04,AB 19,,AB 39,19,,1,,AB 39
vowel-candidate,AB 13,AB 19,,AB 39,19,,1,,AB 39
vowel-candidate,AB 04,AB 71,,AB 73,19,,1,,AB 73
vowel-candidate,AB 26,AB 71,,AB 73,19,,1,,AB 73
vowel-candidate,AB 71,AB 70,,AB 73,19,,1,,AB 73
vowel-candidate,AB 02,AB 83,,AB 26,19,,2,,"AB 01, AB 26"
consonant-candidate,AB 56,AB 53,AB 12,,18,9,,"AB 01, AB 12, AB 28, AB 37, AB 51",
consonant-candidate,AB 56,AB 54,AB 12,,18,10,,"AB 01, AB 12, AB 26, AB 28, AB 37",
consonant-candidate,AB 56,AB 26,AB 12,,18,6,,"AB 01, AB 12, AB 37, AB 52, AB 60",
consonant-candidate,AB 55,AB 53,AB 12,,18,20,,"AB 03, AB 05, AB 08, AB 09, AB 12",
consonant-candidate,AB 55,AB 54,AB 12,,18,17,,"AB 03, AB 05, AB 08, AB 12, AB 13",
consonant-candidate,AB 55,AB 26,AB 12,,18,14,,"AB 05, AB 12, AB 13, AB 40, AB 42",
consonant-candidate,AB 03,AB 11,AB 12,,18,34,,"AB 01, AB 02, AB 03, AB 04, AB 05",
consonant-candidate,AB 52,AB 67,AB 12,,18,28,,"AB 01, AB 02, AB 03, AB 04, AB 05",
consonant-candidate,AB 52,AB 48,AB 12,,18,6,,"AB 12, AB 27, AB 36, AB 37, AB 41",
consonant-candidate,AB 52,AB 44,AB 12,,18,41,,"AB 01, AB 02, AB 03, AB 04, AB 05",
consonant-candidate,AB 52,AB 49,AB 12,,18,1,,AB 12,
consonant-candidate,AB 52,AB 17,AB 12,,18,16,,"AB 02, AB 05, AB 06, AB 08, AB 12",
consonant-candidate,AB 52,AB 07,AB 12,,18,23,,"AB 01, AB 02, AB 03, AB 10, AB 12",
consonant-candidate,AB 52,AB 09,AB 12,,18,22,,"AB 01, AB 02, AB 04, AB 05, AB 10",
consonant-candidate,AB 52,AB 63,AB 12,,18,3,,"AB 04, AB 10, AB 12",
consonant-candidate,AB 52,AB 16,AB 12,,18,28,,"AB 01, AB 02, AB 04, AB 05, AB 06",
consonant-candidate,AB 38,AB 11,AB 12,,18,39,,"AB 01, AB 02, AB 03, AB 04, AB 05",
consonant-candidate,AB 40,AB 60,AB 12,,18,28,,"AB 01, AB 02, AB 03, AB 04, AB 05",
consonant-candidate,AB 60,AB 32,AB 12,,18,29,,"AB 01, AB 02, AB 03, AB 04, AB 05",
consonant-candidate,AB 45,AB 28,AB 12,,18,36,,"AB 01, AB 02, AB 03, AB 04, AB 05",
consonant-candidate,AB 45,AB 01,AB 12,,18,29,,"AB 01, AB 02, AB 04, AB 05, AB 10",
consonant-candidate,AB 45,AB 47,AB 12,,18,3,,"AB 01, AB 12, AB 37",
consonant-candidate,AB 57,AB 28,AB 12,,18,45,,"AB 01, AB 02, AB 03, AB 04, AB 05",
consonant-candidate,AB 57,AB 01,AB 12,,18,36,,"AB 01, AB 02, AB 04, AB 05, AB 06",
consonant-candidate,AB 57,AB 47,AB 12,,18,3,,"AB 01, AB 12, AB 37",
consonant-candidate,AB 50,AB 12,AB 12,,18,18,,"AB 01, AB 02, AB 04, AB 05, AB 06",
consonant-candidate,AB 50,AB 67,AB 12,,18,16,,"AB 01, AB 02, AB 04, AB 05, AB 12",
consonant-candidate,AB 50,AB 48,AB 12,,18,5,,"AB 12, AB 27, AB 37, AB 41, AB 59",
consonant-candidate,AB 50,AB 44,AB 12,,18,23,,"AB 01, AB 02, AB 04, AB 05, AB 06",
consonant-candidate,AB 50,AB 49,AB 12,,18,1,,AB 12,
consonant-candidate,AB 50,AB 36,AB 12,,18,22,,"AB 01, AB 02, AB 04, AB 05, AB 06",
consonant-candidate,AB 50,AB 17,AB 12,,18,10,,"AB 02, AB 05, AB 06, AB 12, AB 27",
consonant-candidate,AB 50,AB 07,AB 12,,18,14,,"AB 01, AB 02, AB 12, AB 14, AB 37",
consonant-candidate,AB 50,AB 15,AB 12,,18,21,,"AB 01, AB 02, AB 04, AB 05, AB 06",
consonant-candidate,AB 50,AB 09,AB 12,,18,12,,"AB 01, AB 02, AB 04, AB 05, AB 12",
consonant-candidate,AB 50,AB 63,AB 12,,18,2,,"AB 04, AB 12",
consonant-candidate,AB 50,AB 16,AB 12,,18,16,,"AB 01, AB 02, AB 04, AB 05, AB 06",
consonant-candidate,AB 59,AB 53,AB 12,,18,48,,"AB 01, AB 03, AB 04, AB 05, AB 06",
consonant-candidate,AB 59,AB 54,AB 12,,18,41,,"AB 01, AB 02, AB 03, AB 04, AB 05",
consonant-candidate,AB 11,AB 73,AB 12,,18,20,,"AB 03, AB 04, AB 05, AB 08, AB 12",
consonant-candidate,AB 11,AB 75,AB 12,,18,35,,"AB 01, AB 02, AB 03, AB 04, AB 05",
consonant-candidate,AB 11,AB 81,AB 12,,18,24,,"AB 01, AB 02, AB 03, AB 04, AB 07",
consonant-candidate,AB 11,AB 74,AB 12,,18,5,,"AB 02, AB 05, AB 12, AB 37, AB 78",
consonant-candidate,AB 53,AB 80,AB 12,,18,33,,"AB 01, AB 04, AB 05, AB 06, AB 07",
consonant-candidate,AB 54,AB 80,AB 12,,18,32,,"AB 01, AB 02, AB 04, AB 05, AB 06",
consonant-candidate,AB 80,AB 26,AB 12,,18,25,,"AB 01, AB 02, AB 04, AB 05, AB 06",
consonant-candidate,AB 38,AB 90,AB 38,,18,2,,"AB 36, AB 38",
consonant-candidate,AB 24,AB 40,AB 38,,18,19,,"AB 01, AB 03, AB 04, AB 05, AB 11",
consonant-candidate,AB 24,AB 31,AB 38,,18,28,,"AB 01, AB 03, AB 04, AB 05, AB 08",
consonant-candidate,AB 24,AB 72,AB 38,,18,27,,"AB 01, AB 04, AB 05, AB 08, AB 10",
consonant-candidate,AB 41,AB 61,AB 38,,18,38,,"AB 01, AB 02, AB 03, AB 04, AB 05",
consonant-candidate,AB 61,AB 83,AB 38,,18,5,,"AB 27, AB 36, AB 38, AB 57, AB 61",
consonant-candidate,AB 54,AB 25,AB 38,,18,22,,"AB 01, AB 02, AB 03, AB 04, AB 05",
consonant-candidate,AB 41,AB 23,AB 70,,18,5,,"AB 02, AB 05, AB 55, AB 59, AB 70",
consonant-candidate,AB 41,AB 33,AB 70,,18,3,,"AB 42, AB 54, AB 70",
consonant-candidate,AB 41,AB 46,AB 70,,18,17,,"AB 01, AB 02, AB 04, AB 05, AB 14",
consonant-candidate,AB 20,AB 50,AB 70,,18,9,,"AB 01, AB 02, AB 04, AB 05, AB 40",
consonant-candidate,AB 69,AB 76,AB 70,,18,8,,"AB 04, AB 05, AB 08, AB 37, AB 42",
consonant-candidate,AB 69,AB 37,AB 70,,18,22,,"AB 02, AB 04, AB 05, AB 06, AB 08",
consonant-candidate,AB 69,AB 13,AB 70,,18,19,,"AB 02, AB 04, AB 05, AB 06, AB 08",
consonant-candidate,AB 69,AB 78,AB 70,,18,17,,"AB 02, AB 04, AB 05, AB 06, AB 08",
consonant-candidate,AB 76,AB 28,AB 70,,18,8,,"AB 04, AB 05, AB 08, AB 37, AB 42",
consonant-candidate,AB 26,AB 24,AB 70,,18,23,,"AB 01, AB 04, AB 05, AB 11, AB 13",
consonant-candidate,AB 26,AB 82,AB 70,,18,3,,"AB 61, AB 70, AB 80",
consonant-candidate,AB 26,AB 79,AB 70,,18,2,,"AB 04, AB 70",
consonant-candidate,AB 55,AB 72,AB 70,,18,15,,"AB 05, AB 08, AB 09, AB 13, AB 15",
consonant-candidate,AB 55,AB 25,AB 70,,18,12,,"AB 03, AB 05, AB 08, AB 13, AB 44",
consonant-candidate,AB 72,AB 58,AB 70,,18,11,,"AB 02, AB 05, AB 08, AB 17, AB 20",
consonant-candidate,AB 58,AB 25,AB 70,,18,8,,"AB 02, AB 03, AB 05, AB 08, AB 53",
consonant-candidate,AB 29,AB 57,AB 02,,18,11,,"AB 02, AB 04, AB 26, AB 27, AB 37",
consonant-candidate,AB 29,AB 15,AB 02,,18,9,,"AB 02, AB 04, AB 27, AB 40, AB 44",
consonant-candidate,AB 21,AB 10,AB 37,,18,10,,"AB 36, AB 37, AB 41, AB 42, AB 45",
consonant-candidate,AB 55,AB 21,AB 42,,18,4,,"AB 42, AB 53, AB 59, AB 60",
consonant-candidate,AB 37,AB 85,AB 59,,18,5,,"AB 04, AB 05, AB 44, AB 53, AB 59",
consonant-candidate,AB 37,AB 19,AB 59,,18,1,,AB 59,
consonant-candidate,AB 23,AB 87,AB 59,,18,1,,AB 59,
consonant-candidate,AB 70,AB 71,AB 59,,18,2,,"AB 04, AB 59",
consonant-candidate,AB 25,AB 71,AB 59,,18,2,,"AB 04, AB 59",
consonant-candidate,AB 43,AB 71,AB 59,,18,2,,"AB 04, AB 59",
consonant-candidate,AB 24,AB 65,AB 05,,18,4,,"AB 05, AB 77, AB 78, AB 80",
consonant-candidate,AB 26,AB 35,AB 05,,18,2,,"AB 05, AB 67",
consonant-candidate,AB 61,AB 65,AB 05,,18,4,,"AB 05, AB 77, AB 78, AB 80",
consonant-candidate,AB 30,AB 65,AB 05,,18,3,,"AB 05, AB 77, AB 78",
consonant-candidate,AB 72,AB 35,AB 05,,18,2,,"AB 05, AB 67",
consonant-candidate,AB 55,AB 91,AB 75,,18,1,,AB 75,
consonant-candidate,AB 09,AB 91,AB 75,,18,1,,AB 75,
consonant-candidate,AB 42,AB 91,AB 75,,18,1,,AB 75,
consonant-candidate,AB 46,AB 64,AB 57,,18,1,,AB 57,
consonant-candidate,AB 20,AB 63,AB 04,,18,1,,AB 04,
consonant-candidate,AB 37,AB 63,AB 04,,18,1,,AB 04,
vowel-candidate,AB 56,AB 42,,AB 77,18,,14,,"AB 02, AB 04, AB 05, AB 08, AB 10"
vowel-candidate,AB 55,AB 41,,AB 77,18,,15,,"AB 01, AB 02, AB 03, AB 08, AB 13"
vowel-candidate,AB 15,AB 53,,AB 77,18,,27,,"AB 02, AB 03, AB 04, AB 05, AB 08"
vowel-candidate,AB 15,AB 40,,AB 77,18,,25,,"AB 01, AB 02, AB 03, AB 04, AB 05"
vowel-candidate,AB 53,AB 30,,AB 77,18,,32,,"AB 02, AB 03, AB 05, AB 08, AB 11"
vowel-candidate,AB 53,AB 11,,AB 77,18,,34,,"AB 02, AB 03, AB 04, AB 05, AB 08"
vowel-candidate,AB 53,AB 72,,AB 77,18,,29,,"AB 02, AB 03, AB 04, AB 05, AB 08"
vowel-candidate,AB 12,AB 24,,AB 77,18,,25,,"AB 01, AB 05, AB 06, AB 08, AB 09"
vowel-candidate,AB 12,AB 37,,AB 77,18,,37,,"AB 03, AB 04, AB 05, AB 06, AB 07"
vowel-candidate,AB 12,AB 28,,AB 77,18,,30,,"AB 01, AB 03, AB 04, AB 05, AB 06"
vowel-candidate,AB 12,AB 01,,AB 77,18,,37,,"AB 01, AB 03, AB 04, AB 05, AB 06"
vowel-candidate,AB 12,AB 77,,AB 77,18,,38,,"AB 01, AB 03, AB 04, AB 05, AB 06"
vowel-candidate,AB 12,AB 08,,AB 77,18,,30,,"AB 03, AB 04, AB 05, AB 06, AB 08"
vowel-candidate,AB 24,AB 37,,AB 77,18,,27,,"AB 02, AB 05, AB 06, AB 08, AB 10"
vowel-candidate,AB 24,AB 28,,AB 77,18,,32,,"AB 01, AB 02, AB 05, AB 06, AB 08"
vowel-candidate,AB 24,AB 01,,AB 77,18,,32,,"AB 01, AB 02, AB 05, AB 06, AB 08"
vowel-candidate,AB 24,AB 77,,AB 77,18,,32,,"AB 01, AB 02, AB 05, AB 06, AB 08"
vowel-candidate,AB 24,AB 08,,AB 77,18,,30,,"AB 02, AB 05, AB 06, AB 08, AB 10"
vowel-candidate,AB 40,AB 30,,AB 77,18,,26,,"AB 02, AB 03, AB 05, AB 06, AB 08"
vowel-candidate,AB 40,AB 11,,AB 77,18,,32,,"AB 01, AB 02, AB 03, AB 04, AB 05"
vowel-candidate,AB 40,AB 72,,AB 77,18,,30,,"AB 01, AB 02, AB 03, AB 04, AB 05"
vowel-candidate,AB 37,AB 28,,AB 77,18,,33,,"AB 02, AB 03, AB 04, AB 05, AB 06"
vowel-candidate,AB 37,AB 01,,AB 77,18,,38,,"AB 02, AB 03, AB 04, AB 05, AB 06"
vowel-candidate,AB 37,AB 77,,AB 77,18,,42,,"AB 02, AB 03, AB 04, AB 05, AB 06"
vowel-candidate,AB 37,AB 08,,AB 77,18,,37,,"AB 02, AB 03, AB 04, AB 05, AB 06"
vowel-candidate,AB 28,AB 01,,AB 77,18,,39,,"AB 01, AB 02, AB 03, AB 04, AB 05"
vowel-candidate,AB 28,AB 77,,AB 77,18,,39,,"AB 01, AB 02, AB 03, AB 04, AB 05"
vowel-candidate,AB 28,AB 08,,AB 77,18,,36,,"AB 02, AB 03, AB 04, AB 05, AB 06"
vowel-candidate,AB 73,AB 41,,AB 77,18,,26,,"AB 01, AB 02, AB 04, AB 05, AB 08"
vowel-candidate,AB 01,AB 77,,AB 77,18,,44,,"AB 01, AB 02, AB 03, AB 04, AB 05"
vowel-candidate,AB 01,AB 08,,AB 77,18,,37,,"AB 02, AB 03, AB 04, AB 05, AB 06"
vowel-candidate,AB 26,AB 10,,AB 77,18,,18,,"AB 02, AB 04, AB 05, AB 08, AB 12"
vowel-candidate,AB 50,AB 41,,AB 77,18,,23,,"AB 01, AB 02, AB 03, AB 04, AB 05"
vowel-candidate,AB 42,AB 09,,AB 77,18,,26,,"AB 02, AB 04, AB 05, AB 06, AB 08"
vowel-candidate,AB 42,AB 57,,AB 77,18,,42,,"AB 01, AB 02, AB 03, AB 04, AB 06"
vowel-candidate,AB 42,AB 33,,AB 77,18,,6,,"AB 04, AB 38, AB 39, AB 72, AB 77"
vowel-candidate,AB 42,AB 39,,AB 77,18,,37,,"AB 02, AB 04, AB 05, AB 06, AB 07"
vowel-candidate,AB 67,AB 41,,AB 77,18,,29,,"AB 02, AB 03, AB 04, AB 05, AB 06"
vowel-candidate,AB 77,AB 08,,AB 77,18,,40,,"AB 02, AB 03, AB 04, AB 05, AB 06"
vowel-candidate,AB 41,AB 23,,AB 77,18,,7,,"AB 02, AB 05, AB 08, AB 41, AB 57"
vowel-candidate,AB 41,AB 69,,AB 77,18,,23,,"AB 02, AB 03, AB 04, AB 05, AB 08"
vowel-candidate,AB 41,AB 25,,AB 77,18,,21,,"AB 01, AB 04, AB 05, AB 24, AB 27"
vowel-candidate,AB 41,AB 20,,AB 77,18,,20,,"AB 01, AB 02, AB 03, AB 06, AB 11"
vowel-candidate,AB 01,AB 81,,AB 12,18,,35,,"AB 01, AB 02, AB 03, AB 04, AB 05"
vowel-candidate,AB 60,AB 81,,AB 12,18,,40,,"AB 01, AB 02, AB 03, AB 04, AB 05"
vowel-candidate,AB 03,AB 78,,AB 12,18,,31,,"AB 02, AB 03, AB 04, AB 05, AB 06"
vowel-candidate,AB 78,AB 28,,AB 12,18,,30,,"AB 02, AB 03, AB 04, AB 05, AB 06"
vowel-candidate,AB 37,AB 16,,AB 38,18,,23,,"AB 02, AB 04, AB 05, AB 08, AB 10"
vowel-candidate,AB 37,AB 68,,AB 38,18,,4,,"AB 03, AB 08, AB 38, AB 69"
vowel-candidate,AB 37,AB 65,,AB 38,18,,6,,"AB 08, AB 28, AB 38, AB 42, AB 53"
vowel-candidate,AB 55,AB 51,,AB 70,18,,8,,"AB 02, AB 08, AB 41, AB 42, AB 44"
vowel-candidate,AB 73,AB 43,,AB 02,18,,8,,"AB 02, AB 05, AB 15, AB 28, AB 36"
vowel-candidate,AB 80,AB 17,,AB 02,18,,8,,"AB 02, AB 27, AB 28, AB 36, AB 53"
vowel-candidate,AB 17,AB 13,,AB 02,18,,8,,"AB 02, AB 27, AB 28, AB 36, AB 53"
vowel-candidate,AB 41,AB 46,,AB 54,18,,9,,"AB 01, AB 28, AB 39, AB 41, AB 53"
vowel-candidate,AB 41,AB 63,,AB 54,18,,3,,"AB 28, AB 54, AB 81"
vowel-candidate,AB 36,AB 46,,AB 54,18,,12,,"AB 01, AB 07, AB 28, AB 37, AB 39"
vowel-candidate,AB 36,AB 63,,AB 54,18,,3,,"AB 28, AB 54, AB 81"
vowel-candidate,AB 46,AB 04,,AB 54,18,,11,,"AB 01, AB 28, AB 37, AB 39, AB 40"
vowel-candidate,AB 04,AB 63,,AB 54,18,,3,,"AB 28, AB 54, AB 81"
vowel-candidate,AB 38,AB 76,,AB 37,18,,8,,"AB 03, AB 16, AB 37, AB 39, AB 44"
vowel-candidate,AB 40,AB 76,,AB 37,18,,7,,"AB 03, AB 29, AB 37, AB 39, AB 44"
vowel-candidate,AB 81,AB 76,,AB 37,18,,6,,"AB 03, AB 37, AB 39, AB 44, AB 59"
vowel-candidate,AB 27,AB 76,,AB 37,18,,9,,"AB 03, AB 16, AB 29, AB 37, AB 39"
vowel-candidate,AB 76,AB 44,,AB 37,18,,8,,"AB 03, AB 29, AB 37, AB 39, AB 44"
vowel-candidate,AB 50,AB 29,,AB 36,18,,7,,"AB 01, AB 05, AB 08, AB 36, AB 44"
vowel-candidate,AB 72,AB 29,,AB 36,18,,8,,"AB 01, AB 05, AB 08, AB 36, AB 44"
vowel-candidate,AB 39,AB 29,,AB 36,18,,7,,"AB 05, AB 08, AB 36, AB 44, AB 45"
vowel-candidate,AB 37,AB 29,,AB 36,18,,8,,"AB 05, AB 08, AB 36, AB 44, AB 45"
vowel-candidate,AB 45,AB 29,,AB 36,18,,7,,"AB 05, AB 08, AB 36, AB 44, AB 45"
vowel-candidate,AB 77,AB 34,,AB 24,18,,4,,"AB 08, AB 15, AB 24, AB 61"
vowel-candidate,AB 76,AB 72,,AB 59,18,,5,,"AB 03, AB 39, AB 44, AB 59, AB 75"
vowel-candidate,AB 76,AB 11,,AB 59,18,,6,,"AB 03, AB 39, AB 44, AB 59, AB 72"
vowel-candidate,AB 54,AB 62,,AB 59,18,,4,,"AB 26, AB 59, AB 60, AB 78"
vowel-candidate,AB 80,AB 62,,AB 59,18,,3,,"AB 26, AB 59, AB 60"
vowel-candidate,AB 31,AB 64,,AB 08,18,,1,,AB 08
vowel-candidate,AB 79,AB 37,,AB 08,18,,3,,"AB 08, AB 58, AB 80"
vowel-candidate,AB 21,AB 64,,AB 08,18,,1,,AB 08
vowel-candidate,AB 11,AB 64,,AB 08,18,,1,,AB 08
vowel-candidate,AB 17,AB 65,,AB 72,18,,3,,"AB 28, AB 53, AB 72"
vowel-candidate,AB 82,AB 77,,AB 27,18,,2,,"AB 27, AB 39"
vowel-candidate,AB 71,AB 38,,AB 73,18,,1,,AB 73
vowel-candidate,AB 71,AB 52,,AB 73,18,,1,,AB 73
vowel-candidate,AB 05,AB 91,,AB 61,18,,1,,AB 61
vowel-candidate,AB 02,AB 91,,AB 61,18,,1,,AB 61
vowel-candidate,AB 83,AB 46,,AB 01,18,,1,,AB 01
consonant-candidate,AB 56,AB 60,AB 12,,17,9,,"AB 01, AB 12, AB 26, AB 28, AB 37",
consonant-candidate,AB 55,AB 60,AB 12,,17,21,,"AB 03, AB 05, AB 08, AB 09, AB 12",
consonant-candidate,AB 40,AB 45,AB 12,,17,23,,"AB 01, AB 02, AB 03, AB 04, AB 05",
consonant-candidate,AB 40,AB 57,AB 12,,17,27,,"AB 01, AB 02, AB 03, AB 04, AB 05",
consonant-candidate,AB 60,AB 80,AB 12,,17,37,,"AB 01, AB 02, AB 04, AB 05, AB 06",
consonant-candidate,AB 45,AB 04,AB 12,,17,38,,"AB 01, AB 02, AB 03, AB 04, AB 05",
consonant-candidate,AB 45,AB 32,AB 12,,17,25,,"AB 01, AB 02, AB 03, AB 04, AB 05",
consonant-candidate,AB 04,AB 57,AB 12,,17,48,,"AB 01, AB 02, AB 03, AB 04, AB 05",
consonant-candidate,AB 57,AB 32,AB 12,,17,29,,"AB 01, AB 02, AB 03, AB 04, AB 05",
consonant-candidate,AB 11,AB 12,AB 12,,17,34,,"AB 01, AB 02, AB 03, AB 04, AB 05",
consonant-candidate,AB 11,AB 67,AB 12,,17,22,,"AB 01, AB 02, AB 03, AB 04, AB 05",
consonant-candidate,AB 11,AB 48,AB 12,,17,6,,"AB 12, AB 27, AB 36, AB 37, AB 41",
consonant-candidate,AB 11,AB 44,AB 12,,17,33,,"AB 01, AB 02, AB 03, AB 04, AB 05",
consonant-candidate,AB 11,AB 49,AB 12,,17,1,,AB 12,
consonant-candidate,AB 11,AB 36,AB 12,,17,41,,"AB 01, AB 02, AB 03, AB 04, AB 05",
consonant-candidate,AB 11,AB 17,AB 12,,17,13,,"AB 02, AB 05, AB 08, AB 12, AB 27",
consonant-candidate,AB 11,AB 07,AB 12,,17,21,,"AB 01, AB 02, AB 03, AB 12, AB 20",
consonant-candidate,AB 11,AB 15,AB 12,,17,37,,"AB 01, AB 02, AB 03, AB 04, AB 05",
consonant-candidate,AB 11,AB 09,AB 12,,17,18,,"AB 01, AB 02, AB 04, AB 05, AB 12",
consonant-candidate,AB 11,AB 63,AB 12,,17,2,,"AB 04, AB 12",
consonant-candidate,AB 11,AB 16,AB 12,,17,24,,"AB 01, AB 02, AB 04, AB 05, AB 09",
consonant-candidate,AB 08,AB 53,AB 12,,17,45,,"AB 01, AB 03, AB 04, AB 05, AB 06",
consonant-candidate,AB 08,AB 54,AB 12,,17,38,,"AB 01, AB 02, AB 03, AB 04, AB 05",
consonant-candidate,AB 53,AB 43,AB 12,,17,14,,"AB 04, AB 12, AB 13, AB 20, AB 30",
consonant-candidate,AB 53,AB 39,AB 12,,17,41,,"AB 01, AB 03, AB 04, AB 05, AB 06",
consonant-candidate,AB 54,AB 43,AB 12,,17,12,,"AB 04, AB 12, AB 13, AB 30, AB 37",
consonant-candidate,AB 54,AB 39,AB 12,,17,38,,"AB 01, AB 02, AB 03, AB 04, AB 05",
consonant-candidate,AB 26,AB 43,AB 12,,17,13,,"AB 04, AB 12, AB 13, AB 31, AB 37",
consonant-candidate,AB 26,AB 39,AB 12,,17,29,,"AB 01, AB 02, AB 04, AB 05, AB 06",
consonant-candidate,AB 24,AB 03,AB 38,,17,32,,"AB 01, AB 03, AB 04, AB 05, AB 08",
consonant-candidate,AB 24,AB 73,AB 38,,17,16,,"AB 03, AB 04, AB 05, AB 08, AB 27",
consonant-candidate,AB 53,AB 61,AB 38,,17,45,,"AB 01, AB 03, AB 04, AB 05, AB 06",
consonant-candidate,AB 67,AB 61,AB 38,,17,29,,"AB 01, AB 02, AB 03, AB 04, AB 05",
consonant-candidate,AB 61,AB 68,AB 38,,17,7,,"AB 08, AB 24, AB 36, AB 38, AB 60",
consonant-candidate,AB 61,AB 01,AB 38,,17,35,,"AB 01, AB 02, AB 04, AB 05, AB 06",
consonant-candidate,AB 32,AB 25,AB 38,,17,19,,"AB 01, AB 02, AB 03, AB 04, AB 05",
consonant-candidate,AB 27,AB 55,AB 70,,17,19,,"AB 03, AB 05, AB 08, AB 09, AB 13",
consonant-candidate,AB 27,AB 58,AB 70,,17,10,,"AB 02, AB 03, AB 05, AB 08, AB 17",
consonant-candidate,AB 69,AB 43,AB 70,,17,10,,"AB 04, AB 20, AB 30, AB 37, AB 42",
consonant-candidate,AB 69,AB 07,AB 70,,17,13,,"AB 02, AB 20, AB 32, AB 37, AB 40",
consonant-candidate,AB 69,AB 73,AB 70,,17,15,,"AB 04, AB 05, AB 08, AB 20, AB 26",
consonant-candidate,AB 69,AB 32,AB 70,,17,16,,"AB 02, AB 04, AB 05, AB 08, AB 16",
consonant-candidate,AB 45,AB 58,AB 70,,17,8,,"AB 02, AB 03, AB 05, AB 08, AB 37",
consonant-candidate,AB 76,AB 72,AB 70,,17,9,,"AB 04, AB 05, AB 08, AB 37, AB 42",
consonant-candidate,AB 76,AB 25,AB 70,,17,6,,"AB 04, AB 05, AB 08, AB 53, AB 61",
consonant-candidate,AB 80,AB 82,AB 70,,17,3,,"AB 61, AB 70, AB 80",
consonant-candidate,AB 80,AB 79,AB 70,,17,2,,"AB 04, AB 70",
consonant-candidate,AB 52,AB 82,AB 70,,17,4,,"AB 45, AB 61, AB 70, AB 80",
consonant-candidate,AB 52,AB 79,AB 70,,17,2,,"AB 04, AB 70",
consonant-candidate,AB 31,AB 50,AB 70,,17,20,,"AB 01, AB 02, AB 04, AB 05, AB 06",
consonant-candidate,AB 50,AB 58,AB 70,,17,7,,"AB 02, AB 05, AB 37, AB 53, AB 60",
consonant-candidate,AB 29,AB 13,AB 02,,17,8,,"AB 02, AB 04, AB 27, AB 37, AB 40",
consonant-candidate,AB 81,AB 46,AB 02,,17,14,,"AB 01, AB 02, AB 04, AB 14, AB 15",
consonant-candidate,AB 24,AB 51,AB 54,,17,8,,"AB 05, AB 15, AB 42, AB 53, AB 54",
consonant-candidate,AB 80,AB 22,AB 37,,17,2,,"AB 05, AB 37",
consonant-candidate,AB 21,AB 43,AB 37,,17,4,,"AB 20, AB 37, AB 42, AB 59",
consonant-candidate,AB 06,AB 22,AB 37,,17,2,,"AB 05, AB 37",
consonant-candidate,AB 39,AB 64,AB 36,,17,2,,"AB 36, AB 57",
consonant-candidate,AB 67,AB 87,AB 59,,17,1,,AB 59,
consonant-candidate,AB 31,AB 34,AB 59,,17,3,,"AB 44, AB 59, AB 77",
consonant-candidate,AB 39,AB 87,AB 59,,17,1,,AB 59,
consonant-candidate,AB 71,AB 04,AB 59,,17,2,,"AB 04, AB 59",
consonant-candidate,AB 71,AB 14,AB 59,,17,1,,AB 59,
consonant-candidate,AB 40,AB 65,AB 05,,17,2,,"AB 05, AB 77",
vowel-candidate,AB 56,AB 53,,AB 77,17,,14,,"AB 02, AB 04, AB 05, AB 08, AB 10"
vowel-candidate,AB 56,AB 40,,AB 77,17,,13,,"AB 02, AB 04, AB 05, AB 08, AB 10"
vowel-candidate,AB 55,AB 42,,AB 77,17,,19,,"AB 01, AB 02, AB 03, AB 08, AB 09"
vowel-candidate,AB 53,AB 09,,AB 77,17,,23,,"AB 02, AB 04, AB 05, AB 08, AB 11"
vowel-candidate,AB 53,AB 57,,AB 77,17,,37,,"AB 02, AB 03, AB 04, AB 07, AB 08"
vowel-candidate,AB 53,AB 33,,AB 77,17,,6,,"AB 04, AB 38, AB 39, AB 72, AB 77"
vowel-candidate,AB 53,AB 39,,AB 77,17,,32,,"AB 02, AB 04, AB 05, AB 07, AB 08"
vowel-candidate,AB 36,AB 26,,AB 77,17,,22,,"AB 02, AB 04, AB 05, AB 10, AB 11"
vowel-candidate,AB 40,AB 09,,AB 77,17,,21,,"AB 02, AB 04, AB 05, AB 06, AB 08"
vowel-candidate,AB 40,AB 57,,AB 77,17,,32,,"AB 01, AB 02, AB 03, AB 04, AB 06"
vowel-candidate,AB 40,AB 33,,AB 77,17,,4,,"AB 04, AB 38, AB 39, AB 77"
vowel-candidate,AB 40,AB 39,,AB 77,17,,29,,"AB 02, AB 04, AB 05, AB 06, AB 07"
vowel-candidate,AB 14,AB 26,,AB 77,17,,21,,"AB 02, AB 04, AB 05, AB 10, AB 12"
vowel-candidate,AB 73,AB 42,,AB 77,17,,33,,"AB 01, AB 02, AB 04, AB 05, AB 07"
vowel-candidate,AB 50,AB 42,,AB 77,17,,25,,"AB 01, AB 02, AB 03, AB 04, AB 05"
vowel-candidate,AB 42,AB 67,,AB 77,17,,34,,"AB 02, AB 03, AB 04, AB 05, AB 06"
vowel-candidate,AB 42,AB 23,,AB 77,17,,9,,"AB 02, AB 05, AB 08, AB 31, AB 37"
vowel-candidate,AB 42,AB 69,,AB 77,17,,27,,"AB 02, AB 03, AB 04, AB 05, AB 08"
vowel-candidate,AB 42,AB 25,,AB 77,17,,23,,"AB 01, AB 04, AB 05, AB 20, AB 24"
vowel-candidate,AB 42,AB 20,,AB 77,17,,25,,"AB 01, AB 02, AB 03, AB 06, AB 07"
vowel-candidate,AB 36,AB 81,,AB 12,17,,35,,"AB 01, AB 02, AB 03, AB 04, AB 05"
vowel-candidate,AB 13,AB 75,,AB 12,17,,36,,"AB 02, AB 03, AB 04, AB 05, AB 06"
vowel-candidate,AB 70,AB 81,,AB 12,17,,39,,"AB 01, AB 02, AB 03, AB 04, AB 05"
vowel-candidate,AB 01,AB 78,,AB 12,17,,30,,"AB 02, AB 03, AB 04, AB 05, AB 06"
vowel-candidate,AB 05,AB 81,,AB 12,17,,38,,"AB 01, AB 02, AB 03, AB 04, AB 05"
vowel-candidate,AB 77,AB 81,,AB 12,17,,38,,"AB 01, AB 02, AB 03, AB 04, AB 05"
vowel-candidate,AB 60,AB 78,,AB 12,17,,34,,"AB 02, AB 03, AB 04, AB 05, AB 06"
vowel-candidate,AB 16,AB 03,,AB 12,17,,24,,"AB 02, AB 04, AB 05, AB 08, AB 10"
vowel-candidate,AB 16,AB 28,,AB 12,17,,24,,"AB 02, AB 04, AB 05, AB 08, AB 10"
vowel-candidate,AB 61,AB 81,,AB 12,17,,37,,"AB 01, AB 02, AB 03, AB 04, AB 05"
vowel-candidate,AB 81,AB 78,,AB 12,17,,31,,"AB 02, AB 03, AB 04, AB 05, AB 06"
vowel-candidate,AB 81,AB 42,,AB 12,17,,37,,"AB 01, AB 02, AB 03, AB 04, AB 05"
vowel-candidate,AB 81,AB 24,,AB 12,17,,29,,"AB 01, AB 02, AB 05, AB 06, AB 08"
vowel-candidate,AB 58,AB 02,,AB 12,17,,14,,"AB 02, AB 05, AB 06, AB 12, AB 17"
vowel-candidate,AB 37,AB 81,,AB 38,17,,31,,"AB 02, AB 03, AB 04, AB 05, AB 06"
vowel-candidate,AB 37,AB 32,,AB 38,17,,26,,"AB 02, AB 03, AB 05, AB 06, AB 07"
vowel-candidate,AB 06,AB 68,,AB 38,17,,6,,"AB 03, AB 08, AB 38, AB 69, AB 78"
vowel-candidate,AB 06,AB 65,,AB 38,17,,5,,"AB 08, AB 28, AB 38, AB 42, AB 53"
vowel-candidate,AB 13,AB 51,,AB 10,17,,13,,"AB 02, AB 04, AB 08, AB 10, AB 36"
vowel-candidate,AB 61,AB 51,,AB 10,17,,14,,"AB 02, AB 04, AB 08, AB 10, AB 36"
vowel-candidate,AB 81,AB 55,,AB 70,17,,13,,"AB 01, AB 02, AB 03, AB 08, AB 37"
vowel-candidate,AB 40,AB 17,,AB 02,17,,8,,"AB 02, AB 07, AB 13, AB 27, AB 36"
vowel-candidate,AB 80,AB 74,,AB 02,17,,6,,"AB 02, AB 08, AB 28, AB 36, AB 42"
vowel-candidate,AB 13,AB 74,,AB 02,17,,7,,"AB 02, AB 03, AB 08, AB 28, AB 36"
vowel-candidate,AB 57,AB 46,,AB 54,17,,12,,"AB 01, AB 07, AB 28, AB 37, AB 39"
vowel-candidate,AB 57,AB 63,,AB 54,17,,3,,"AB 28, AB 54, AB 81"
vowel-candidate,AB 77,AB 76,,AB 37,17,,9,,"AB 03, AB 16, AB 29, AB 37, AB 39"
vowel-candidate,AB 21,AB 76,,AB 37,17,,3,,"AB 37, AB 39, AB 44"
vowel-candidate,AB 80,AB 76,,AB 37,17,,6,,"AB 37, AB 39, AB 44, AB 59, AB 72"
vowel-candidate,AB 37,AB 76,,AB 37,17,,9,,"AB 03, AB 16, AB 29, AB 37, AB 39"
vowel-candidate,AB 55,AB 76,,AB 37,17,,4,,"AB 03, AB 37, AB 44, AB 59"
vowel-candidate,AB 24,AB 76,,AB 37,17,,5,,"AB 16, AB 37, AB 44, AB 59, AB 72"
vowel-candidate,AB 23,AB 76,,AB 37,17,,1,,AB 37
vowel-candidate,AB 76,AB 67,,AB 37,17,,7,,"AB 03, AB 37, AB 39, AB 44, AB 59"
vowel-candidate,AB 76,AB 07,,AB 37,17,,5,,"AB 37, AB 39, AB 59, AB 72, AB 75"
vowel-candidate,AB 76,AB 01,,AB 37,17,,8,,"AB 03, AB 16, AB 37, AB 39, AB 44"
vowel-candidate,AB 76,AB 31,,AB 37,17,,7,,"AB 03, AB 16, AB 37, AB 44, AB 59"
vowel-candidate,AB 76,AB 09,,AB 37,17,,7,,"AB 16, AB 37, AB 39, AB 44, AB 59"
vowel-candidate,AB 76,AB 69,,AB 37,17,,5,,"AB 03, AB 37, AB 39, AB 59, AB 75"
vowel-candidate,AB 76,AB 32,,AB 37,17,,6,,"AB 03, AB 37, AB 39, AB 59, AB 72"
vowel-candidate,AB 76,AB 08,,AB 37,17,,7,,"AB 03, AB 37, AB 39, AB 44, AB 59"
vowel-candidate,AB 06,AB 85,,AB 36,17,,7,,"AB 05, AB 36, AB 52, AB 57, AB 59"
vowel-candidate,AB 54,AB 29,,AB 36,17,,9,,"AB 01, AB 05, AB 08, AB 36, AB 44"
vowel-candidate,AB 24,AB 29,,AB 36,17,,8,,"AB 01, AB 05, AB 08, AB 36, AB 44"
vowel-candidate,AB 48,AB 14,,AB 41,17,,2,,"AB 01, AB 41"
vowel-candidate,AB 08,AB 34,,AB 24,17,,4,,"AB 08, AB 15, AB 24, AB 61"
vowel-candidate,AB 67,AB 62,,AB 59,17,,4,,"AB 07, AB 26, AB 59, AB 60"
vowel-candidate,AB 36,AB 22,,AB 07,17,,2,,"AB 01, AB 07"
vowel-candidate,AB 79,AB 01,,AB 08,17,,2,,"AB 08, AB 80"
vowel-candidate,AB 07,AB 64,,AB 08,17,,1,,AB 08
vowel-candidate,AB 82,AB 32,,AB 27,17,,2,,"AB 27, AB 39"
vowel-candidate,AB 82,AB 24,,AB 27,17,,1,,AB 27
vowel-candidate,AB 90,AB 77,,AB 27,17,,1,,AB 27
vowel-candidate,AB 46,AB 82,,AB 39,17,,1,,AB 39
vowel-candidate,AB 21,AB 82,,AB 39,17,,1,,AB 39
vowel-candidate,AB 82,AB 12,,AB 39,17,,1,,AB 39
vowel-candidate,AB 82,AB 30,,AB 39,17,,1,,AB 39
vowel-candidate,AB 78,AB 63,,AB 28,17,,1,,AB 28
vowel-candidate,AB 55,AB 71,,AB 73,17,,1,,AB 73
vowel-candidate,AB 71,AB 53,,AB 73,17,,1,,AB 73
vowel-candidate,AB 71,AB 12,,AB 73,17,,1,,AB 73
vowel-candidate,AB 71,AB 45,,AB 73,17,,1,,AB 73
vowel-candidate,AB 71,AB 61,,AB 73,17,,1,,AB 73
vowel-candidate,AB 01,AB 83,,AB 26,17,,2,,"AB 01, AB 26"
vowel-candidate,AB 39,AB 83,,AB 26,17,,1,,AB 26
vowel-candidate,AB 83,AB 44,,AB 26,17,,2,,"AB 01, AB 26"
vowel-candidate,AB 77,AB 87,,AB 01,17,,1,,AB 01
vowel-candidate,AB 75,AB 87,,AB 01,17,,1,,AB 01
vowel-candidate,AB 87,AB 46,,AB 01,17,,1,,AB 01
consonant-candidate,AB 56,AB 45,AB 12,,16,6,,"AB 01, AB 12, AB 28, AB 37, AB 60",
consonant-candidate,AB 56,AB 57,AB 12,,16,10,,"AB 01, AB 12, AB 26, AB 28, AB 37",
consonant-candidate,AB 55,AB 45,AB 12,,16,17,,"AB 03, AB 05, AB 08, AB 12, AB 13",
consonant-candidate,AB 55,AB 57,AB 12,,16,21,,"AB 03, AB 05, AB 08, AB 09, AB 12",
consonant-candidate,AB 03,AB 53,AB 12,,16,38,,"AB 01, AB 03, AB 04, AB 05, AB 06",
consonant-candidate,AB 03,AB 54,AB 12,,16,34,,"AB 01, AB 02, AB 03, AB 04, AB 05",
consonant-candidate,AB 03,AB 26,AB 12,,16,28,,"AB 01, AB 02, AB 04, AB 05, AB 06",
consonant-candidate,AB 38,AB 53,AB 12,,16,42,,"AB 01, AB 03, AB 04, AB 05, AB 06",
consonant-candidate,AB 38,AB 54,AB 12,,16,37,,"AB 01, AB 02, AB 03, AB 04, AB 05",
consonant-candidate,AB 38,AB 26,AB 12,,16,30,,"AB 01, AB 02, AB 04, AB 05, AB 06",
consonant-candidate,AB 60,AB 43,AB 12,,16,15,,"AB 04, AB 12, AB 13, AB 20, AB 30",
consonant-candidate,AB 60,AB 39,AB 12,,16,49,,"AB 01, AB 02, AB 03, AB 04, AB 05",
consonant-candidate,AB 45,AB 59,AB 12,,16,41,,"AB 01, AB 02, AB 03, AB 04, AB 05",
consonant-candidate,AB 45,AB 80,AB 12,,16,30,,"AB 01, AB 02, AB 04, AB 05, AB 07",
consonant-candidate,AB 57,AB 59,AB 12,,16,55,,"AB 01, AB 02, AB 03, AB 04, AB 05",
consonant-candidate,AB 57,AB 80,AB 12,,16,37,,"AB 01, AB 02, AB 04, AB 05, AB 06",
consonant-candidate,AB 77,AB 28,AB 12,,16,38,,"AB 01, AB 02, AB 03, AB 04, AB 05",
consonant-candidate,AB 77,AB 01,AB 12,,16,35,,"AB 01, AB 02, AB 04, AB 05, AB 06",
consonant-candidate,AB 77,AB 47,AB 12,,16,3,,"AB 01, AB 12, AB 37",
consonant-candidate,AB 53,AB 73,AB 12,,16,21,,"AB 03, AB 04, AB 05, AB 08, AB 12",
consonant-candidate,AB 53,AB 75,AB 12,,16,40,,"AB 01, AB 03, AB 04, AB 05, AB 06",
consonant-candidate,AB 53,AB 81,AB 12,,16,28,,"AB 01, AB 03, AB 04, AB 06, AB 07",
consonant-candidate,AB 53,AB 74,AB 12,,16,5,,"AB 05, AB 10, AB 12, AB 37, AB 75",
consonant-candidate,AB 54,AB 73,AB 12,,16,20,,"AB 03, AB 04, AB 05, AB 08, AB 12",
consonant-candidate,AB 54,AB 75,AB 12,,16,37,,"AB 01, AB 02, AB 03, AB 04, AB 05",
consonant-candidate,AB 54,AB 81,AB 12,,16,29,,"AB 01, AB 02, AB 03, AB 04, AB 06",
consonant-candidate,AB 54,AB 74,AB 12,,16,5,,"AB 02, AB 05, AB 10, AB 12, AB 37",
consonant-candidate,AB 73,AB 26,AB 12,,16,11,,"AB 04, AB 05, AB 12, AB 37, AB 52",
consonant-candidate,AB 26,AB 81,AB 12,,16,20,,"AB 01, AB 02, AB 04, AB 06, AB 12",
consonant-candidate,AB 26,AB 74,AB 12,,16,6,,"AB 02, AB 05, AB 12, AB 37, AB 75",
consonant-candidate,AB 24,AB 37,AB 38,,16,26,,"AB 01, AB 03, AB 04, AB 05, AB 08",
consonant-candidate,AB 24,AB 11,AB 38,,16,27,,"AB 01, AB 03, AB 04, AB 05, AB 08",
consonant-candidate,AB 24,AB 09,AB 38,,16,16,,"AB 01, AB 04, AB 05, AB 10, AB 13",
consonant-candidate,AB 24,AB 17,AB 38,,16,12,,"AB 05, AB 08, AB 27, AB 38, AB 42",
consonant-candidate,AB 24,AB 13,AB 38,,16,22,,"AB 04, AB 05, AB 08, AB 10, AB 11",
consonant-candidate,AB 24,AB 62,AB 38,,16,6,,"AB 27, AB 37, AB 38, AB 52, AB 53",
consonant-candidate,AB 40,AB 61,AB 38,,16,26,,"AB 01, AB 02, AB 03, AB 04, AB 05",
consonant-candidate,AB 41,AB 54,AB 38,,16,33,,"AB 01, AB 02, AB 03, AB 04, AB 05",
consonant-candidate,AB 41,AB 25,AB 38,,16,24,,"AB 01, AB 02, AB 03, AB 04, AB 05",
consonant-candidate,AB 61,AB 31,AB 38,,16,39,,"AB 01, AB 02, AB 03, AB 04, AB 05",
consonant-candidate,AB 61,AB 72,AB 38,,16,36,,"AB 01, AB 02, AB 04, AB 05, AB 07",
consonant-candidate,AB 54,AB 83,AB 38,,16,5,,"AB 27, AB 36, AB 38, AB 57, AB 61",
consonant-candidate,AB 25,AB 83,AB 38,,16,4,,"AB 27, AB 38, AB 57, AB 61",
consonant-candidate,AB 27,AB 76,AB 70,,16,8,,"AB 04, AB 05, AB 08, AB 37, AB 42",
consonant-candidate,AB 70,AB 58,AB 70,,16,10,,"AB 02, AB 03, AB 05, AB 08, AB 20",
consonant-candidate,AB 41,AB 82,AB 70,,16,3,,"AB 61, AB 70, AB 80",
consonant-candidate,AB 41,AB 79,AB 70,,16,2,,"AB 04, AB 70",
consonant-candidate,AB 75,AB 76,AB 70,,16,8,,"AB 04, AB 05, AB 08, AB 37, AB 42",
consonant-candidate,AB 69,AB 23,AB 70,,16,5,,"AB 02, AB 05, AB 37, AB 59, AB 70",
consonant-candidate,AB 69,AB 33,AB 70,,16,3,,"AB 42, AB 54, AB 70",
consonant-candidate,AB 69,AB 46,AB 70,,16,13,,"AB 02, AB 04, AB 05, AB 20, AB 27",
consonant-candidate,AB 45,AB 76,AB 70,,16,8,,"AB 04, AB 05, AB 08, AB 37, AB 42",
consonant-candidate,AB 76,AB 50,AB 70,,16,6,,"AB 04, AB 05, AB 37, AB 42, AB 53",
consonant-candidate,AB 50,AB 37,AB 70,,16,20,,"AB 01, AB 02, AB 04, AB 05, AB 06",
consonant-candidate,AB 50,AB 13,AB 70,,16,17,,"AB 02, AB 04, AB 05, AB 06, AB 27",
consonant-candidate,AB 50,AB 78,AB 70,,16,17,,"AB 01, AB 02, AB 04, AB 05, AB 06",
consonant-candidate,AB 44,AB 58,AB 70,,16,9,,"AB 02, AB 03, AB 05, AB 08, AB 37",
consonant-candidate,AB 43,AB 72,AB 70,,16,11,,"AB 04, AB 13, AB 20, AB 31, AB 37",
consonant-candidate,AB 43,AB 25,AB 70,,16,7,,"AB 04, AB 13, AB 44, AB 59, AB 67",
consonant-candidate,AB 28,AB 23,AB 70,,16,5,,"AB 02, AB 05, AB 37, AB 59, AB 70",
consonant-candidate,AB 28,AB 33,AB 70,,16,3,,"AB 42, AB 54, AB 70",
consonant-candidate,AB 28,AB 46,AB 70,,16,17,,"AB 01, AB 02, AB 04, AB 05, AB 14",
consonant-candidate,AB 31,AB 74,AB 02,,16,5,,"AB 02, AB 05, AB 37, AB 75, AB 78",
consonant-candidate,AB 26,AB 51,AB 02,,16,8,,"AB 02, AB 05, AB 06, AB 42, AB 54",
consonant-candidate,AB 29,AB 61,AB 02,,16,11,,"AB 02, AB 04, AB 26, AB 27, AB 37",
consonant-candidate,AB 29,AB 32,AB 02,,16,7,,"AB 02, AB 04, AB 27, AB 44, AB 60",
consonant-candidate,AB 29,AB 12,AB 02,,16,9,,"AB 02, AB 04, AB 26, AB 27, AB 44",
consonant-candidate,AB 75,AB 22,AB 37,,16,3,,"AB 05, AB 37, AB 46",
consonant-candidate,AB 21,AB 61,AB 37,,16,11,,"AB 20, AB 36, AB 37, AB 41, AB 42",
consonant-candidate,AB 74,AB 22,AB 37,,16,2,,"AB 05, AB 37",
consonant-candidate,AB 58,AB 22,AB 37,,16,2,,"AB 05, AB 37",
consonant-candidate,AB 03,AB 22,AB 37,,16,2,,"AB 05, AB 37",
consonant-candidate,AB 73,AB 22,AB 37,,16,2,,"AB 05, AB 37",
consonant-candidate,AB 27,AB 22,AB 37,,16,2,,"AB 05, AB 37",
consonant-candidate,AB 22,AB 13,AB 37,,16,2,,"AB 05, AB 37",
consonant-candidate,AB 21,AB 01,AB 36,,16,8,,"AB 20, AB 36, AB 41, AB 42, AB 52",
consonant-candidate,AB 42,AB 64,AB 36,,16,2,,"AB 36, AB 57",
consonant-candidate,AB 30,AB 71,AB 59,,16,1,,AB 59,
consonant-candidate,AB 23,AB 34,AB 59,,16,1,,AB 59,
consonant-candidate,AB 31,AB 85,AB 59,,16,6,,"AB 04, AB 05, AB 44, AB 45, AB 53",
consonant-candidate,AB 31,AB 19,AB 59,,16,1,,AB 59,
consonant-candidate,AB 72,AB 71,AB 59,,16,2,,"AB 04, AB 59",
consonant-candidate,AB 41,AB 71,AB 59,,16,2,,"AB 04, AB 59",
consonant-candidate,AB 73,AB 71,AB 59,,16,2,,"AB 04, AB 59",
consonant-candidate,AB 38,AB 87,AB 59,,16,1,,AB 59,
consonant-candidate,AB 71,AB 87,AB 59,,16,1,,AB 59,
consonant-candidate,AB 24,AB 35,AB 05,,16,2,,"AB 05, AB 67",
consonant-candidate,AB 51,AB 30,AB 05,,16,3,,"AB 05, AB 15, AB 77",
consonant-candidate,AB 61,AB 35,AB 05,,16,2,,"AB 05, AB 67",
consonant-candidate,AB 30,AB 35,AB 05,,16,2,,"AB 05, AB 67",
consonant-candidate,AB 36,AB 91,AB 75,,16,1,,AB 75,
consonant-candidate,AB 78,AB 91,AB 75,,16,1,,AB 75,
consonant-candidate,AB 12,AB 91,AB 75,,16,1,,AB 75,
consonant-candidate,AB 14,AB 91,AB 75,,16,1,,AB 75,
consonant-candidate,AB 29,AB 63,AB 04,,16,1,,AB 04,
consonant-candidate,AB 76,AB 63,AB 04,,16,1,,AB 04,
vowel-candidate,AB 55,AB 53,,AB 77,16,,19,,"AB 02, AB 03, AB 08, AB 09, AB 13"
vowel-candidate,AB 55,AB 40,,AB 77,16,,16,,"AB 01, AB 02, AB 03, AB 08, AB 09"
vowel-candidate,AB 15,AB 26,,AB 77,16,,19,,"AB 02, AB 04, AB 05, AB 08, AB 10"
vowel-candidate,AB 53,AB 73,,AB 77,16,,26,,"AB 02, AB 04, AB 05, AB 07, AB 08"
vowel-candidate,AB 53,AB 50,,AB 77,16,,22,,"AB 02, AB 03, AB 04, AB 05, AB 08"
vowel-candidate,AB 53,AB 67,,AB 77,16,,31,,"AB 02, AB 03, AB 04, AB 05, AB 07"
vowel-candidate,AB 53,AB 23,,AB 77,16,,9,,"AB 02, AB 05, AB 08, AB 31, AB 37"
vowel-candidate,AB 53,AB 69,,AB 77,16,,26,,"AB 02, AB 03, AB 04, AB 05, AB 08"
vowel-candidate,AB 53,AB 25,,AB 77,16,,20,,"AB 04, AB 05, AB 24, AB 36, AB 39"
vowel-candidate,AB 53,AB 20,,AB 77,16,,23,,"AB 02, AB 03, AB 07, AB 11, AB 13"
vowel-candidate,AB 12,AB 45,,AB 77,16,,29,,"AB 03, AB 04, AB 05, AB 06, AB 07"
vowel-candidate,AB 12,AB 52,,AB 77,16,,32,,"AB 01, AB 03, AB 05, AB 06, AB 08"
vowel-candidate,AB 12,AB 54,,AB 77,16,,33,,"AB 01, AB 03, AB 04, AB 05, AB 06"
vowel-candidate,AB 12,AB 07,,AB 77,16,,21,,"AB 05, AB 08, AB 10, AB 11, AB 15"
vowel-candidate,AB 45,AB 24,,AB 77,16,,27,,"AB 02, AB 05, AB 06, AB 08, AB 09"
vowel-candidate,AB 45,AB 37,,AB 77,16,,35,,"AB 02, AB 03, AB 04, AB 05, AB 06"
vowel-candidate,AB 45,AB 28,,AB 77,16,,30,,"AB 02, AB 03, AB 04, AB 05, AB 06"
vowel-candidate,AB 45,AB 01,,AB 77,16,,32,,"AB 02, AB 03, AB 04, AB 05, AB 06"
vowel-candidate,AB 45,AB 77,,AB 77,16,,33,,"AB 02, AB 03, AB 04, AB 05, AB 06"
vowel-candidate,AB 45,AB 08,,AB 77,16,,32,,"AB 02, AB 03, AB 04, AB 05, AB 06"
vowel-candidate,AB 24,AB 52,,AB 77,16,,29,,"AB 01, AB 02, AB 05, AB 06, AB 08"
vowel-candidate,AB 24,AB 54,,AB 77,16,,30,,"AB 01, AB 02, AB 05, AB 06, AB 08"
vowel-candidate,AB 24,AB 07,,AB 77,16,,23,,"AB 02, AB 05, AB 08, AB 10, AB 11"
vowel-candidate,AB 40,AB 73,,AB 77,16,,25,,"AB 01, AB 02, AB 04, AB 05, AB 07"
vowel-candidate,AB 40,AB 50,,AB 77,16,,23,,"AB 01, AB 02, AB 03, AB 04, AB 05"
vowel-candidate,AB 40,AB 67,,AB 77,16,,30,,"AB 02, AB 03, AB 04, AB 05, AB 06"
vowel-candidate,AB 40,AB 23,,AB 77,16,,7,,"AB 02, AB 05, AB 08, AB 37, AB 41"
vowel-candidate,AB 40,AB 69,,AB 77,16,,24,,"AB 02, AB 03, AB 04, AB 05, AB 08"
vowel-candidate,AB 40,AB 25,,AB 77,16,,21,,"AB 01, AB 04, AB 05, AB 20, AB 24"
vowel-candidate,AB 40,AB 20,,AB 77,16,,20,,"AB 01, AB 02, AB 03, AB 06, AB 07"
vowel-candidate,AB 37,AB 52,,AB 77,16,,37,,"AB 02, AB 03, AB 05, AB 06, AB 08"
vowel-candidate,AB 37,AB 54,,AB 77,16,,36,,"AB 02, AB 03, AB 04, AB 05, AB 06"
vowel-candidate,AB 37,AB 07,,AB 77,16,,24,,"AB 02, AB 05, AB 08, AB 10, AB 11"
vowel-candidate,AB 30,AB 26,,AB 77,16,,20,,"AB 02, AB 05, AB 08, AB 11, AB 12"
vowel-candidate,AB 52,AB 28,,AB 77,16,,34,,"AB 01, AB 02, AB 03, AB 05, AB 06"
vowel-candidate,AB 52,AB 01,,AB 77,16,,37,,"AB 01, AB 02, AB 03, AB 05, AB 06"
vowel-candidate,AB 52,AB 77,,AB 77,16,,38,,"AB 01, AB 02, AB 03, AB 05, AB 06"
vowel-candidate,AB 52,AB 08,,AB 77,16,,33,,"AB 02, AB 03, AB 05, AB 06, AB 08"
vowel-candidate,AB 28,AB 54,,AB 77,16,,35,,"AB 01, AB 02, AB 03, AB 04, AB 05"
vowel-candidate,AB 28,AB 07,,AB 77,16,,24,,"AB 02, AB 05, AB 08, AB 10, AB 11"
vowel-candidate,AB 54,AB 01,,AB 77,16,,40,,"AB 01, AB 02, AB 03, AB 04, AB 05"
vowel-candidate,AB 54,AB 77,,AB 77,16,,43,,"AB 01, AB 02, AB 03, AB 04, AB 05"
vowel-candidate,AB 54,AB 08,,AB 77,16,,37,,"AB 02, AB 03, AB 04, AB 05, AB 06"
vowel-candidate,AB 01,AB 07,,AB 77,16,,25,,"AB 02, AB 05, AB 08, AB 10, AB 11"
vowel-candidate,AB 26,AB 11,,AB 77,16,,21,,"AB 02, AB 04, AB 05, AB 08, AB 10"
vowel-candidate,AB 26,AB 72,,AB 77,16,,20,,"AB 02, AB 04, AB 05, AB 08, AB 10"
vowel-candidate,AB 77,AB 07,,AB 77,16,,26,,"AB 02, AB 05, AB 08, AB 10, AB 11"
vowel-candidate,AB 07,AB 08,,AB 77,16,,24,,"AB 02, AB 05, AB 08, AB 10, AB 11"
vowel-candidate,AB 36,AB 78,,AB 12,16,,29,,"AB 02, AB 03, AB 04, AB 05, AB 06"
vowel-candidate,AB 70,AB 78,,AB 12,16,,35,,"AB 02, AB 03, AB 04, AB 05, AB 06"
vowel-candidate,AB 01,AB 16,,AB 12,16,,24,,"AB 02, AB 04, AB 05, AB 08, AB 10"
vowel-candidate,AB 05,AB 78,,AB 12,16,,37,,"AB 02, AB 03, AB 04, AB 05, AB 06"
vowel-candidate,AB 77,AB 78,,AB 12,16,,35,,"AB 02, AB 03, AB 04, AB 05, AB 06"
vowel-candidate,AB 60,AB 16,,AB 12,16,,26,,"AB 02, AB 04, AB 05, AB 08, AB 10"
vowel-candidate,AB 16,AB 81,,AB 12,16,,22,,"AB 02, AB 04, AB 05, AB 08, AB 10"
vowel-candidate,AB 61,AB 78,,AB 12,16,,33,,"AB 02, AB 03, AB 04, AB 05, AB 06"
vowel-candidate,AB 21,AB 02,,AB 12,16,,13,,"AB 04, AB 05, AB 08, AB 12, AB 28"
vowel-candidate,AB 81,AB 04,,AB 12,16,,35,,"AB 01, AB 02, AB 03, AB 04, AB 05"
vowel-candidate,AB 78,AB 42,,AB 12,16,,34,,"AB 02, AB 03, AB 04, AB 05, AB 06"
vowel-candidate,AB 78,AB 24,,AB 12,16,,23,,"AB 02, AB 05, AB 06, AB 08, AB 10"
vowel-candidate,AB 42,AB 68,,AB 38,16,,6,,"AB 03, AB 08, AB 38, AB 69, AB 78"
vowel-candidate,AB 42,AB 65,,AB 38,16,,6,,"AB 08, AB 28, AB 38, AB 42, AB 53"
vowel-candidate,AB 06,AB 32,,AB 38,16,,21,,"AB 02, AB 03, AB 05, AB 08, AB 10"
vowel-candidate,AB 43,AB 55,,AB 70,16,,3,,"AB 02, AB 59, AB 70"
vowel-candidate,AB 78,AB 25,,AB 70,16,,16,,"AB 04, AB 05, AB 24, AB 27, AB 36"
vowel-candidate,AB 40,AB 74,,AB 02,16,,6,,"AB 02, AB 03, AB 08, AB 36, AB 42"
vowel-candidate,AB 43,AB 09,,AB 02,16,,8,,"AB 02, AB 05, AB 06, AB 28, AB 36"
vowel-candidate,AB 13,AB 23,,AB 02,16,,7,,"AB 02, AB 05, AB 08, AB 31, AB 37"
vowel-candidate,AB 60,AB 48,,AB 37,16,,3,,"AB 01, AB 37, AB 41"
vowel-candidate,AB 85,AB 57,,AB 36,16,,6,,"AB 36, AB 52, AB 57, AB 59, AB 61"
vowel-candidate,AB 36,AB 34,,AB 24,16,,3,,"AB 15, AB 24, AB 61"
vowel-candidate,AB 72,AB 62,,AB 59,16,,4,,"AB 26, AB 59, AB 60, AB 78"
vowel-candidate,AB 11,AB 62,,AB 59,16,,4,,"AB 26, AB 59, AB 60, AB 78"
vowel-candidate,AB 27,AB 62,,AB 59,16,,3,,"AB 59, AB 60, AB 78"
vowel-candidate,AB 53,AB 79,,AB 08,16,,3,,"AB 08, AB 58, AB 80"
vowel-candidate,AB 79,AB 30,,AB 08,16,,1,,AB 08
vowel-candidate,AB 30,AB 34,,AB 08,16,,3,,"AB 08, AB 15, AB 61"
vowel-candidate,AB 09,AB 82,,AB 27,16,,2,,"AB 27, AB 39"
vowel-candidate,AB 82,AB 11,,AB 27,16,,2,,"AB 27, AB 39"
vowel-candidate,AB 82,AB 80,,AB 27,16,,2,,"AB 27, AB 39"
vowel-candidate,AB 90,AB 32,,AB 27,16,,1,,AB 27
vowel-candidate,AB 90,AB 24,,AB 27,16,,1,,AB 27
vowel-candidate,AB 82,AB 19,,AB 39,16,,1,,AB 39
vowel-candidate,AB 08,AB 71,,AB 73,16,,1,,AB 73
vowel-candidate,AB 71,AB 17,,AB 73,16,,1,,AB 73
vowel-candidate,AB 71,AB 20,,AB 73,16,,1,,AB 73
vowel-candidate,AB 71,AB 03,,AB 73,16,,1,,AB 73
vowel-candidate,AB 80,AB 22,,AB 51,16,,2,,"AB 01, AB 51"
vowel-candidate,AB 52,AB 83,,AB 26,16,,2,,"AB 01, AB 26"
vowel-candidate,AB 11,AB 83,,AB 26,16,,2,,"AB 01, AB 26"
vowel-candidate,AB 40,AB 87,,AB 01,16,,1,,AB 01
vowel-candidate,AB 36,AB 83,,AB 01,16,,1,,AB 01
consonant-candidate,AB 03,AB 60,AB 12,,15,44,,"AB 01, AB 02, AB 03, AB 04, AB 05",
consonant-candidate,AB 38,AB 60,AB 12,,15,47,,"AB 01, AB 02, AB 03, AB 04, AB 05",
consonant-candidate,AB 40,AB 77,AB 12,,15,25,,"AB 01, AB 02, AB 03, AB 04, AB 05",
consonant-candidate,AB 60,AB 73,AB 12,,15,22,,"AB 03, AB 04, AB 05, AB 08, AB 12",
consonant-candidate,AB 60,AB 81,AB 12,,15,33,,"AB 01, AB 02, AB 03, AB 04, AB 06",
consonant-candidate,AB 60,AB 74,AB 12,,15,8,,"AB 02, AB 05, AB 10, AB 12, AB 29",
consonant-candidate,AB 45,AB 08,AB 12,,15,40,,"AB 01, AB 02, AB 03, AB 04, AB 05",
consonant-candidate,AB 45,AB 43,AB 12,,15,14,,"AB 04, AB 12, AB 13, AB 30, AB 31",
consonant-candidate,AB 45,AB 39,AB 12,,15,37,,"AB 01, AB 02, AB 03, AB 04, AB 05",
consonant-candidate,AB 57,AB 08,AB 12,,15,52,,"AB 01, AB 02, AB 03, AB 04, AB 05",
consonant-candidate,AB 57,AB 43,AB 12,,15,15,,"AB 04, AB 12, AB 13, AB 20, AB 30",
consonant-candidate,AB 57,AB 39,AB 12,,15,47,,"AB 01, AB 02, AB 03, AB 04, AB 05",
consonant-candidate,AB 12,AB 53,AB 12,,15,37,,"AB 01, AB 03, AB 04, AB 05, AB 06",
consonant-candidate,AB 12,AB 54,AB 12,,15,36,,"AB 01, AB 02, AB 03, AB 04, AB 05",
consonant-candidate,AB 77,AB 32,AB 12,,15,26,,"AB 01, AB 02, AB 03, AB 04, AB 05",
consonant-candidate,AB 53,AB 67,AB 12,,15,28,,"AB 01, AB 03, AB 04, AB 05, AB 08",
consonant-candidate,AB 53,AB 48,AB 12,,15,5,,"AB 12, AB 36, AB 37, AB 41, AB 59",
consonant-candidate,AB 53,AB 44,AB 12,,15,40,,"AB 01, AB 03, AB 04, AB 05, AB 06",
consonant-candidate,AB 53,AB 49,AB 12,,15,1,,AB 12,
consonant-candidate,AB 53,AB 36,AB 12,,15,46,,"AB 01, AB 03, AB 04, AB 05, AB 06",
consonant-candidate,AB 53,AB 17,AB 12,,15,13,,"AB 05, AB 06, AB 08, AB 12, AB 38",
consonant-candidate,AB 53,AB 07,AB 12,,15,26,,"AB 01, AB 03, AB 10, AB 12, AB 14",
consonant-candidate,AB 53,AB 15,AB 12,,15,38,,"AB 01, AB 03, AB 04, AB 05, AB 06",
consonant-candidate,AB 53,AB 09,AB 12,,15,19,,"AB 01, AB 04, AB 05, AB 10, AB 12",
consonant-candidate,AB 53,AB 63,AB 12,,15,3,,"AB 04, AB 10, AB 12",
consonant-candidate,AB 53,AB 16,AB 12,,15,27,,"AB 01, AB 04, AB 05, AB 06, AB 09",
consonant-candidate,AB 54,AB 67,AB 12,,15,26,,"AB 01, AB 02, AB 03, AB 04, AB 05",
consonant-candidate,AB 54,AB 48,AB 12,,15,6,,"AB 12, AB 27, AB 36, AB 37, AB 41",
consonant-candidate,AB 54,AB 44,AB 12,,15,35,,"AB 01, AB 02, AB 03, AB 04, AB 05",
consonant-candidate,AB 54,AB 49,AB 12,,15,1,,AB 12,
consonant-candidate,AB 54,AB 36,AB 12,,15,41,,"AB 01, AB 02, AB 03, AB 04, AB 05",
consonant-candidate,AB 54,AB 17,AB 12,,15,13,,"AB 02, AB 05, AB 06, AB 08, AB 12",
consonant-candidate,AB 54,AB 07,AB 12,,15,23,,"AB 01, AB 02, AB 03, AB 10, AB 12",
consonant-candidate,AB 54,AB 15,AB 12,,15,36,,"AB 01, AB 02, AB 03, AB 04, AB 05",
consonant-candidate,AB 54,AB 09,AB 12,,15,19,,"AB 01, AB 02, AB 04, AB 05, AB 10",
consonant-candidate,AB 54,AB 63,AB 12,,15,3,,"AB 04, AB 10, AB 12",
consonant-candidate,AB 54,AB 16,AB 12,,15,26,,"AB 01, AB 02, AB 04, AB 05, AB 06",
consonant-candidate,AB 67,AB 26,AB 12,,15,18,,"AB 01, AB 02, AB 04, AB 05, AB 11",
consonant-candidate,AB 48,AB 26,AB 12,,15,4,,"AB 12, AB 37, AB 41, AB 59",
consonant-candidate,AB 44,AB 26,AB 12,,15,28,,"AB 01, AB 02, AB 04, AB 05, AB 06",
consonant-candidate,AB 49,AB 26,AB 12,,15,1,,AB 12,
consonant-candidate,AB 26,AB 17,AB 12,,15,12,,"AB 02, AB 05, AB 06, AB 12, AB 42",
consonant-candidate,AB 26,AB 07,AB 12,,15,18,,"AB 01, AB 02, AB 12, AB 14, AB 32",
consonant-candidate,AB 26,AB 09,AB 12,,15,14,,"AB 01, AB 02, AB 04, AB 05, AB 12",
consonant-candidate,AB 26,AB 63,AB 12,,15,2,,"AB 04, AB 12",
consonant-candidate,AB 26,AB 16,AB 12,,15,20,,"AB 01, AB 02, AB 04, AB 05, AB 06",
consonant-candidate,AB 24,AB 90,AB 38,,15,2,,"AB 36, AB 38",
consonant-candidate,AB 24,AB 07,AB 38,,15,18,,"AB 01, AB 03, AB 10, AB 14, AB 36",
consonant-candidate,AB 24,AB 30,AB 38,,15,16,,"AB 03, AB 05, AB 08, AB 15, AB 36",
consonant-candidate,AB 24,AB 81,AB 38,,15,21,,"AB 01, AB 03, AB 04, AB 14, AB 15",
consonant-candidate,AB 24,AB 16,AB 38,,15,20,,"AB 01, AB 04, AB 05, AB 13, AB 14",
consonant-candidate,AB 53,AB 25,AB 38,,15,21,,"AB 01, AB 03, AB 04, AB 05, AB 08",
consonant-candidate,AB 67,AB 25,AB 38,,15,15,,"AB 01, AB 02, AB 03, AB 04, AB 05",
consonant-candidate,AB 41,AB 32,AB 38,,15,23,,"AB 01, AB 02, AB 03, AB 04, AB 05",
consonant-candidate,AB 03,AB 61,AB 38,,15,43,,"AB 01, AB 02, AB 03, AB 04, AB 05",
consonant-candidate,AB 73,AB 61,AB 38,,15,21,,"AB 03, AB 04, AB 05, AB 08, AB 20",
consonant-candidate,AB 54,AB 68,AB 38,,15,7,,"AB 08, AB 24, AB 36, AB 38, AB 60",
consonant-candidate,AB 68,AB 25,AB 38,,15,6,,"AB 08, AB 24, AB 38, AB 60, AB 61",
consonant-candidate,AB 32,AB 83,AB 38,,15,5,,"AB 27, AB 36, AB 38, AB 57, AB 61",
consonant-candidate,AB 01,AB 25,AB 38,,15,20,,"AB 01, AB 02, AB 04, AB 05, AB 11",
consonant-candidate,AB 74,AB 78,AB 10,,15,5,,"AB 02, AB 05, AB 10, AB 75, AB 78",
consonant-candidate,AB 27,AB 43,AB 70,,15,12,,"AB 04, AB 13, AB 31, AB 37, AB 42",
consonant-candidate,AB 70,AB 76,AB 70,,15,9,,"AB 04, AB 05, AB 08, AB 37, AB 42",
consonant-candidate,AB 20,AB 55,AB 70,,15,11,,"AB 03, AB 05, AB 08, AB 13, AB 25",
consonant-candidate,AB 20,AB 58,AB 70,,15,5,,"AB 02, AB 03, AB 05, AB 08, AB 70",
consonant-candidate,AB 69,AB 40,AB 70,,15,13,,"AB 02, AB 04, AB 05, AB 06, AB 27",
consonant-candidate,AB 69,AB 16,AB 70,,15,15,,"AB 02, AB 04, AB 05, AB 06, AB 27",
consonant-candidate,AB 69,AB 17,AB 70,,15,12,,"AB 02, AB 05, AB 06, AB 08, AB 27",
consonant-candidate,AB 76,AB 44,AB 70,,15,9,,"AB 04, AB 05, AB 08, AB 37, AB 42",
consonant-candidate,AB 01,AB 58,AB 70,,15,5,,"AB 02, AB 05, AB 20, AB 60, AB 70",
consonant-candidate,AB 72,AB 23,AB 70,,15,5,,"AB 02, AB 05, AB 37, AB 59, AB 70",
consonant-candidate,AB 72,AB 33,AB 70,,15,2,,"AB 42, AB 70",
consonant-candidate,AB 23,AB 25,AB 70,,15,4,,"AB 02, AB 05, AB 59, AB 70",
consonant-candidate,AB 25,AB 33,AB 70,,15,1,,AB 70,
consonant-candidate,AB 25,AB 46,AB 70,,15,11,,"AB 01, AB 02, AB 04, AB 05, AB 27",
consonant-candidate,AB 31,AB 29,AB 02,,15,9,,"AB 02, AB 04, AB 27, AB 37, AB 44",
consonant-candidate,AB 06,AB 29,AB 02,,15,9,,"AB 02, AB 04, AB 27, AB 37, AB 40",
consonant-candidate,AB 51,AB 81,AB 02,,15,12,,"AB 02, AB 06, AB 15, AB 26, AB 30",
consonant-candidate,AB 51,AB 25,AB 02,,15,5,,"AB 02, AB 05, AB 53, AB 77, AB 80",
consonant-candidate,AB 21,AB 53,AB 37,,15,11,,"AB 20, AB 36, AB 37, AB 41, AB 42",
consonant-candidate,AB 21,AB 42,AB 37,,15,11,,"AB 20, AB 36, AB 37, AB 41, AB 42",
consonant-candidate,AB 21,AB 22,AB 37,,15,1,,AB 37,
consonant-candidate,AB 70,AB 22,AB 37,,15,2,,"AB 05, AB 37",
consonant-candidate,AB 04,AB 22,AB 37,,15,2,,"AB 05, AB 37",
consonant-candidate,AB 12,AB 21,AB 36,,15,9,,"AB 36, AB 41, AB 42, AB 45, AB 52",
consonant-candidate,AB 24,AB 64,AB 36,,15,2,,"AB 36, AB 57",
consonant-candidate,AB 64,AB 70,AB 36,,15,1,,AB 36,
consonant-candidate,AB 51,AB 76,AB 42,,15,3,,"AB 05, AB 42, AB 53",
consonant-candidate,AB 67,AB 34,AB 59,,15,1,,AB 59,
consonant-candidate,AB 23,AB 85,AB 59,,15,2,,"AB 05, AB 59",
consonant-candidate,AB 23,AB 19,AB 59,,15,1,,AB 59,
consonant-candidate,AB 39,AB 34,AB 59,,15,3,,"AB 44, AB 59, AB 77",
consonant-candidate,AB 16,AB 87,AB 59,,15,1,,AB 59,
consonant-candidate,AB 61,AB 71,AB 59,,15,2,,"AB 04, AB 59",
consonant-candidate,AB 71,AB 24,AB 59,,15,2,,"AB 04, AB 59",
consonant-candidate,AB 32,AB 65,AB 05,,15,2,,"AB 05, AB 77",
consonant-candidate,AB 40,AB 35,AB 05,,15,1,,AB 05,
consonant-candidate,AB 85,AB 74,AB 05,,15,1,,AB 05,
consonant-candidate,AB 03,AB 65,AB 05,,15,3,,"AB 05, AB 77, AB 78",
consonant-candidate,AB 55,AB 65,AB 05,,15,3,,"AB 05, AB 77, AB 78",
consonant-candidate,AB 08,AB 91,AB 75,,15,1,,AB 75,
consonant-candidate,AB 01,AB 91,AB 75,,15,1,,AB 75,
consonant-candidate,AB 71,AB 63,AB 04,,15,1,,AB 04,
consonant-candidate,AB 31,AB 63,AB 04,,15,1,,AB 04,
consonant-candidate,AB 85,AB 63,AB 04,,15,1,,AB 04,
consonant-candidate,AB 69,AB 63,AB 04,,15,1,,AB 04,
consonant-candidate,AB 79,AB 63,AB 04,,15,1,,AB 04,
vowel-candidate,AB 56,AB 26,,AB 77,15,,11,,"AB 02, AB 04, AB 05, AB 08, AB 10"
vowel-candidate,AB 12,AB 10,,AB 77,15,,28,,"AB 01, AB 03, AB 04, AB 05, AB 06"
vowel-candidate,AB 24,AB 10,,AB 77,15,,26,,"AB 01, AB 02, AB 05, AB 06, AB 08"
vowel-candidate,AB 37,AB 10,,AB 77,15,,29,,"AB 02, AB 03, AB 04, AB 05, AB 06"
vowel-candidate,AB 28,AB 10,,AB 77,15,,31,,"AB 01, AB 02, AB 03, AB 04, AB 05"
vowel-candidate,AB 01,AB 10,,AB 77,15,,33,,"AB 01, AB 02, AB 03, AB 04, AB 05"
vowel-candidate,AB 26,AB 09,,AB 77,15,,18,,"AB 02, AB 04, AB 05, AB 08, AB 11"
vowel-candidate,AB 26,AB 57,,AB 77,15,,21,,"AB 02, AB 04, AB 08, AB 10, AB 12"
vowel-candidate,AB 26,AB 33,,AB 77,15,,6,,"AB 04, AB 38, AB 39, AB 72, AB 77"
vowel-candidate,AB 26,AB 39,,AB 77,15,,23,,"AB 02, AB 04, AB 05, AB 08, AB 10"
vowel-candidate,AB 10,AB 77,,AB 77,15,,32,,"AB 01, AB 02, AB 03, AB 04, AB 05"
vowel-candidate,AB 10,AB 08,,AB 77,15,,30,,"AB 02, AB 03, AB 04, AB 05, AB 06"
vowel-candidate,AB 36,AB 16,,AB 12,15,,23,,"AB 02, AB 04, AB 05, AB 10, AB 11"
vowel-candidate,AB 14,AB 81,,AB 12,15,,31,,"AB 01, AB 02, AB 03, AB 04, AB 05"
vowel-candidate,AB 13,AB 03,,AB 12,15,,36,,"AB 02, AB 03, AB 04, AB 05, AB 06"
vowel-candidate,AB 13,AB 28,,AB 12,15,,35,,"AB 02, AB 03, AB 04, AB 05, AB 06"
vowel-candidate,AB 70,AB 16,,AB 12,15,,26,,"AB 02, AB 04, AB 05, AB 08, AB 10"
vowel-candidate,AB 05,AB 16,,AB 12,15,,26,,"AB 02, AB 04, AB 05, AB 08, AB 10"
vowel-candidate,AB 77,AB 16,,AB 12,15,,26,,"AB 02, AB 04, AB 05, AB 08, AB 10"
vowel-candidate,AB 16,AB 61,,AB 12,15,,24,,"AB 02, AB 04, AB 05, AB 08, AB 10"
vowel-candidate,AB 16,AB 78,,AB 12,15,,22,,"AB 02, AB 04, AB 05, AB 08, AB 10"
vowel-candidate,AB 16,AB 42,,AB 12,15,,26,,"AB 02, AB 04, AB 05, AB 08, AB 10"
vowel-candidate,AB 16,AB 24,,AB 12,15,,20,,"AB 02, AB 05, AB 08, AB 10, AB 11"
vowel-candidate,AB 81,AB 30,,AB 12,15,,26,,"AB 02, AB 03, AB 05, AB 06, AB 08"
vowel-candidate,AB 81,AB 41,,AB 12,15,,32,,"AB 01, AB 02, AB 03, AB 04, AB 05"
vowel-candidate,AB 78,AB 04,,AB 12,15,,31,,"AB 02, AB 03, AB 04, AB 05, AB 06"
vowel-candidate,AB 75,AB 58,,AB 12,15,,13,,"AB 02, AB 05, AB 06, AB 12, AB 17"
vowel-candidate,AB 42,AB 32,,AB 38,15,,27,,"AB 02, AB 03, AB 05, AB 06, AB 07"
vowel-candidate,AB 72,AB 68,,AB 38,15,,5,,"AB 03, AB 08, AB 38, AB 78, AB 81"
vowel-candidate,AB 72,AB 65,,AB 38,15,,4,,"AB 08, AB 28, AB 38, AB 42"
vowel-candidate,AB 30,AB 68,,AB 38,15,,5,,"AB 03, AB 08, AB 38, AB 69, AB 81"
vowel-candidate,AB 30,AB 65,,AB 38,15,,5,,"AB 08, AB 28, AB 38, AB 42, AB 53"
vowel-candidate,AB 03,AB 51,,AB 10,15,,15,,"AB 02, AB 04, AB 07, AB 08, AB 10"
vowel-candidate,AB 43,AB 78,,AB 70,15,,12,,"AB 02, AB 05, AB 06, AB 15, AB 28"
vowel-candidate,AB 43,AB 69,,AB 70,15,,9,,"AB 02, AB 05, AB 15, AB 36, AB 45"
vowel-candidate,AB 24,AB 17,,AB 02,15,,9,,"AB 02, AB 13, AB 27, AB 28, AB 36"
vowel-candidate,AB 43,AB 57,,AB 02,15,,9,,"AB 02, AB 06, AB 28, AB 36, AB 45"
vowel-candidate,AB 46,AB 12,,AB 54,15,,10,,"AB 01, AB 07, AB 28, AB 39, AB 40"
vowel-candidate,AB 12,AB 63,,AB 54,15,,3,,"AB 28, AB 54, AB 81"
vowel-candidate,AB 53,AB 29,,AB 36,15,,7,,"AB 05, AB 08, AB 36, AB 44, AB 51"
vowel-candidate,AB 85,AB 17,,AB 36,15,,3,,"AB 36, AB 57, AB 59"
vowel-candidate,AB 85,AB 15,,AB 36,15,,7,,"AB 05, AB 36, AB 52, AB 57, AB 59"
vowel-candidate,AB 85,AB 09,,AB 36,15,,6,,"AB 05, AB 36, AB 52, AB 57, AB 59"
vowel-candidate,AB 61,AB 48,,AB 41,15,,2,,"AB 01, AB 41"
vowel-candidate,AB 65,AB 74,,AB 42,15,,3,,"AB 08, AB 28, AB 42"
vowel-candidate,AB 76,AB 14,,AB 59,15,,7,,"AB 03, AB 16, AB 39, AB 44, AB 59"
vowel-candidate,AB 53,AB 62,,AB 59,15,,4,,"AB 07, AB 59, AB 60, AB 78"
vowel-candidate,AB 75,AB 62,,AB 59,15,,5,,"AB 07, AB 26, AB 59, AB 60, AB 78"
vowel-candidate,AB 46,AB 22,,AB 07,15,,2,,"AB 01, AB 07"
vowel-candidate,AB 79,AB 24,,AB 08,15,,2,,"AB 08, AB 80"
vowel-candidate,AB 45,AB 64,,AB 08,15,,1,,AB 08
vowel-candidate,AB 24,AB 34,,AB 08,15,,3,,"AB 08, AB 15, AB 61"
vowel-candidate,AB 65,AB 29,,AB 08,15,,1,,AB 08
vowel-candidate,AB 10,AB 64,,AB 08,15,,1,,AB 08
vowel-candidate,AB 61,AB 64,,AB 08,15,,1,,AB 08
vowel-candidate,AB 09,AB 90,,AB 27,15,,1,,AB 27
vowel-candidate,AB 82,AB 61,,AB 27,15,,2,,"AB 27, AB 39"
vowel-candidate,AB 90,AB 11,,AB 27,15,,1,,AB 27
vowel-candidate,AB 90,AB 80,,AB 27,15,,1,,AB 27
vowel-candidate,AB 36,AB 19,,AB 39,15,,1,,AB 39
vowel-candidate,AB 03,AB 19,,AB 39,15,,1,,AB 39
vowel-candidate,AB 69,AB 82,,AB 39,15,,1,,AB 39
vowel-candidate,AB 07,AB 82,,AB 39,15,,1,,AB 39
vowel-candidate,AB 76,AB 82,,AB 39,15,,1,,AB 39
vowel-candidate,AB 82,AB 58,,AB 39,15,,1,,AB 39
vowel-candidate,AB 82,AB 33,,AB 39,15,,1,,AB 39
vowel-candidate,AB 38,AB 91,,AB 61,15,,1,,AB 61
vowel-candidate,AB 37,AB 91,,AB 61,15,,1,,AB 61
vowel-candidate,AB 26,AB 22,,AB 51,15,,1,,AB 51
vowel-candidate,AB 06,AB 83,,AB 26,15,,2,,"AB 01, AB 26"
vowel-candidate,AB 32,AB 83,,AB 26,15,,1,,AB 26
vowel-candidate,AB 36,AB 87,,AB 01,15,,1,,AB 01
vowel-candidate,AB 54,AB 87,,AB 01,15,,1,,AB 01
vowel-candidate,AB 05,AB 87,,AB 01,15,,1,,AB 01
consonant-candidate,AB 56,AB 77,AB 12,,14,9,,"AB 01, AB 12, AB 26, AB 28, AB 37",
consonant-candidate,AB 55,AB 77,AB 12,,14,18,,"AB 03, AB 05, AB 08, AB 09, AB 12",
consonant-candidate,AB 03,AB 45,AB 12,,14,35,,"AB 01, AB 02, AB 03, AB 04, AB 05",
consonant-candidate,AB 03,AB 57,AB 12,,14,43,,"AB 01, AB 02, AB 03, AB 04, AB 05",
consonant-candidate,AB 38,AB 45,AB 12,,14,39,,"AB 01, AB 02, AB 03, AB 04, AB 05",
consonant-candidate,AB 38,AB 57,AB 12,,14,47,,"AB 01, AB 02, AB 03, AB 04, AB 05",
consonant-candidate,AB 60,AB 67,AB 12,,14,30,,"AB 01, AB 02, AB 03, AB 04, AB 05",
consonant-candidate,AB 60,AB 48,AB 12,,14,6,,"AB 12, AB 27, AB 36, AB 37, AB 41",
consonant-candidate,AB 60,AB 44,AB 12,,14,46,,"AB 01, AB 02, AB 03, AB 04, AB 05",
consonant-candidate,AB 60,AB 49,AB 12,,14,1,,AB 12,
consonant-candidate,AB 60,AB 17,AB 12,,14,17,,"AB 02, AB 05, AB 06, AB 08, AB 12",
consonant-candidate,AB 60,AB 07,AB 12,,14,27,,"AB 01, AB 02, AB 03, AB 10, AB 12",
consonant-candidate,AB 60,AB 09,AB 12,,14,23,,"AB 01, AB 02, AB 04, AB 05, AB 10",
consonant-candidate,AB 60,AB 63,AB 12,,14,3,,"AB 04, AB 10, AB 12",
consonant-candidate,AB 60,AB 16,AB 12,,14,29,,"AB 01, AB 02, AB 04, AB 05, AB 06",
consonant-candidate,AB 45,AB 73,AB 12,,14,17,,"AB 03, AB 04, AB 05, AB 08, AB 12",
consonant-candidate,AB 45,AB 75,AB 12,,14,36,,"AB 01, AB 02, AB 03, AB 04, AB 05",
consonant-candidate,AB 45,AB 81,AB 12,,14,26,,"AB 01, AB 02, AB 03, AB 04, AB 07",
consonant-candidate,AB 45,AB 74,AB 12,,14,8,,"AB 02, AB 05, AB 10, AB 12, AB 29",
consonant-candidate,AB 57,AB 73,AB 12,,14,22,,"AB 03, AB 04, AB 05, AB 08, AB 12",
consonant-candidate,AB 57,AB 75,AB 12,,14,45,,"AB 01, AB 02, AB 03, AB 04, AB 05",
consonant-candidate,AB 57,AB 81,AB 12,,14,32,,"AB 01, AB 02, AB 03, AB 04, AB 06",
consonant-candidate,AB 57,AB 74,AB 12,,14,8,,"AB 02, AB 05, AB 10, AB 12, AB 29",
consonant-candidate,AB 77,AB 80,AB 12,,14,37,,"AB 01, AB 02, AB 04, AB 05, AB 06",
consonant-candidate,AB 28,AB 01,AB 12,,14,31,,"AB 01, AB 02, AB 04, AB 05, AB 06",
consonant-candidate,AB 28,AB 47,AB 12,,14,3,,"AB 01, AB 12, AB 37",
consonant-candidate,AB 01,AB 47,AB 12,,14,2,,"AB 01, AB 12",
consonant-candidate,AB 40,AB 25,AB 38,,14,17,,"AB 01, AB 02, AB 03, AB 04, AB 05",
consonant-candidate,AB 37,AB 61,AB 38,,14,36,,"AB 01, AB 02, AB 03, AB 04, AB 05",
consonant-candidate,AB 41,AB 83,AB 38,,14,5,,"AB 27, AB 36, AB 38, AB 57, AB 61",
consonant-candidate,AB 61,AB 11,AB 38,,14,39,,"AB 01, AB 02, AB 03, AB 04, AB 05",
consonant-candidate,AB 61,AB 09,AB 38,,14,22,,"AB 01, AB 02, AB 04, AB 05, AB 10",
consonant-candidate,AB 61,AB 17,AB 38,,14,15,,"AB 02, AB 05, AB 06, AB 08, AB 27",
consonant-candidate,AB 61,AB 13,AB 38,,14,31,,"AB 02, AB 04, AB 05, AB 06, AB 08",
consonant-candidate,AB 61,AB 62,AB 38,,14,6,,"AB 27, AB 37, AB 38, AB 52, AB 53",
consonant-candidate,AB 54,AB 31,AB 38,,14,29,,"AB 01, AB 02, AB 03, AB 04, AB 05",
consonant-candidate,AB 54,AB 72,AB 38,,14,27,,"AB 01, AB 02, AB 04, AB 05, AB 07",
consonant-candidate,AB 68,AB 32,AB 38,,14,6,,"AB 08, AB 32, AB 36, AB 38, AB 60",
consonant-candidate,AB 31,AB 25,AB 38,,14,22,,"AB 01, AB 02, AB 03, AB 04, AB 05",
consonant-candidate,AB 25,AB 72,AB 38,,14,21,,"AB 01, AB 02, AB 04, AB 05, AB 08",
consonant-candidate,AB 74,AB 42,AB 10,,14,6,,"AB 02, AB 05, AB 10, AB 37, AB 75",
consonant-candidate,AB 78,AB 63,AB 10,,14,2,,"AB 04, AB 10",
consonant-candidate,AB 27,AB 23,AB 70,,14,5,,"AB 02, AB 05, AB 37, AB 59, AB 70",
consonant-candidate,AB 27,AB 33,AB 70,,14,3,,"AB 42, AB 54, AB 70",
consonant-candidate,AB 20,AB 76,AB 70,,14,6,,"AB 04, AB 05, AB 08, AB 42, AB 61",
consonant-candidate,AB 75,AB 23,AB 70,,14,5,,"AB 02, AB 05, AB 37, AB 59, AB 70",
consonant-candidate,AB 75,AB 33,AB 70,,14,3,,"AB 42, AB 54, AB 70",
consonant-candidate,AB 12,AB 76,AB 70,,14,8,,"AB 04, AB 05, AB 08, AB 42, AB 45",
consonant-candidate,AB 69,AB 24,AB 70,,14,18,,"AB 04, AB 05, AB 08, AB 16, AB 27",
consonant-candidate,AB 69,AB 14,AB 70,,14,16,,"AB 02, AB 05, AB 27, AB 30, AB 32",
consonant-candidate,AB 69,AB 82,AB 70,,14,3,,"AB 61, AB 70, AB 80",
consonant-candidate,AB 69,AB 79,AB 70,,14,2,,"AB 04, AB 70",
consonant-candidate,AB 45,AB 23,AB 70,,14,5,,"AB 02, AB 05, AB 37, AB 59, AB 70",
consonant-candidate,AB 45,AB 33,AB 70,,14,3,,"AB 42, AB 54, AB 70",
consonant-candidate,AB 76,AB 01,AB 70,,14,5,,"AB 04, AB 05, AB 42, AB 61, AB 70",
consonant-candidate,AB 31,AB 55,AB 70,,14,14,,"AB 03, AB 05, AB 08, AB 13, AB 42",
consonant-candidate,AB 31,AB 58,AB 70,,14,10,,"AB 02, AB 03, AB 05, AB 08, AB 20",
consonant-candidate,AB 50,AB 23,AB 70,,14,5,,"AB 02, AB 05, AB 37, AB 59, AB 70",
consonant-candidate,AB 50,AB 33,AB 70,,14,3,,"AB 42, AB 54, AB 70",
consonant-candidate,AB 50,AB 46,AB 70,,14,15,,"AB 01, AB 02, AB 04, AB 05, AB 14",
consonant-candidate,AB 11,AB 58,AB 70,,14,11,,"AB 02, AB 03, AB 05, AB 08, AB 20",
consonant-candidate,AB 28,AB 82,AB 70,,14,3,,"AB 61, AB 70, AB 80",
consonant-candidate,AB 28,AB 79,AB 70,,14,2,,"AB 04, AB 70",
consonant-candidate,AB 55,AB 58,AB 70,,14,6,,"AB 03, AB 05, AB 08, AB 53, AB 60",
consonant-candidate,AB 30,AB 58,AB 70,,14,6,,"AB 03, AB 05, AB 08, AB 37, AB 67",
consonant-candidate,AB 51,AB 36,AB 02,,14,14,,"AB 02, AB 05, AB 06, AB 15, AB 26",
consonant-candidate,AB 51,AB 46,AB 02,,14,7,,"AB 02, AB 05, AB 15, AB 42, AB 54",
consonant-candidate,AB 81,AB 69,AB 02,,14,17,,"AB 02, AB 04, AB 06, AB 26, AB 27",
consonant-candidate,AB 81,AB 58,AB 02,,14,4,,"AB 02, AB 03, AB 53, AB 60",
consonant-candidate,AB 54,AB 21,AB 37,,14,10,,"AB 36, AB 37, AB 41, AB 42, AB 45",
consonant-candidate,AB 21,AB 77,AB 37,,14,11,,"AB 20, AB 36, AB 37, AB 41, AB 42",
consonant-candidate,AB 21,AB 39,AB 37,,14,10,,"AB 36, AB 37, AB 41, AB 42, AB 45",
consonant-candidate,AB 50,AB 22,AB 37,,14,2,,"AB 05, AB 37",
consonant-candidate,AB 22,AB 05,AB 37,,14,2,,"AB 05, AB 37",
consonant-candidate,AB 22,AB 23,AB 37,,14,2,,"AB 05, AB 37",
consonant-candidate,AB 22,AB 24,AB 37,,14,2,,"AB 05, AB 37",
consonant-candidate,AB 29,AB 43,AB 37,,14,4,,"AB 04, AB 37, AB 44, AB 77",
consonant-candidate,AB 62,AB 43,AB 37,,14,1,,AB 37,
consonant-candidate,AB 80,AB 64,AB 36,,14,2,,"AB 36, AB 57",
consonant-candidate,AB 01,AB 64,AB 36,,14,2,,"AB 36, AB 57",
consonant-candidate,AB 67,AB 85,AB 59,,14,5,,"AB 04, AB 05, AB 45, AB 53, AB 59",
consonant-candidate,AB 67,AB 19,AB 59,,14,1,,AB 59,
consonant-candidate,AB 05,AB 71,AB 59,,14,2,,"AB 04, AB 59",
consonant-candidate,AB 70,AB 87,AB 59,,14,1,,AB 59,
consonant-candidate,AB 25,AB 87,AB 59,,14,1,,AB 59,
consonant-candidate,AB 39,AB 85,AB 59,,14,6,,"AB 04, AB 05, AB 44, AB 45, AB 53",
consonant-candidate,AB 39,AB 19,AB 59,,14,1,,AB 59,
consonant-candidate,AB 40,AB 71,AB 59,,14,2,,"AB 04, AB 59",
consonant-candidate,AB 43,AB 87,AB 59,,14,1,,AB 59,
consonant-candidate,AB 52,AB 71,AB 59,,14,2,,"AB 04, AB 59",
consonant-candidate,AB 38,AB 34,AB 59,,14,3,,"AB 44, AB 59, AB 77",
consonant-candidate,AB 71,AB 34,AB 59,,14,1,,AB 59,
consonant-candidate,AB 85,AB 76,AB 05,,14,4,,"AB 04, AB 05, AB 45, AB 53",
consonant-candidate,AB 39,AB 65,AB 05,,14,4,,"AB 05, AB 77, AB 78, AB 80",
consonant-candidate,AB 60,AB 91,AB 75,,14,1,,AB 75,
consonant-candidate,AB 59,AB 91,AB 75,,14,1,,AB 75,
consonant-candidate,AB 68,AB 76,AB 08,,14,2,,"AB 08, AB 61",
consonant-candidate,AB 82,AB 85,AB 45,,14,1,,AB 45,
vowel-candidate,AB 55,AB 26,,AB 77,14,,9,,"AB 02, AB 08, AB 51, AB 59, AB 60"
vowel-candidate,AB 12,AB 36,,AB 77,14,,35,,"AB 01, AB 03, AB 04, AB 05, AB 06"
vowel-candidate,AB 12,AB 14,,AB 77,14,,31,,"AB 01, AB 03, AB 04, AB 05, AB 06"
vowel-candidate,AB 45,AB 52,,AB 77,14,,31,,"AB 02, AB 03, AB 05, AB 06, AB 08"
vowel-candidate,AB 45,AB 54,,AB 77,14,,30,,"AB 02, AB 03, AB 04, AB 05, AB 06"
vowel-candidate,AB 45,AB 07,,AB 77,14,,21,,"AB 02, AB 05, AB 08, AB 10, AB 11"
vowel-candidate,AB 36,AB 24,,AB 77,14,,30,,"AB 01, AB 02, AB 05, AB 06, AB 09"
vowel-candidate,AB 36,AB 37,,AB 77,14,,37,,"AB 02, AB 03, AB 04, AB 05, AB 06"
vowel-candidate,AB 36,AB 28,,AB 77,14,,35,,"AB 01, AB 02, AB 03, AB 04, AB 05"
vowel-candidate,AB 36,AB 01,,AB 77,14,,40,,"AB 01, AB 02, AB 03, AB 04, AB 05"
vowel-candidate,AB 36,AB 77,,AB 77,14,,41,,"AB 01, AB 02, AB 03, AB 04, AB 05"
vowel-candidate,AB 36,AB 08,,AB 77,14,,37,,"AB 02, AB 03, AB 04, AB 05, AB 06"
vowel-candidate,AB 24,AB 14,,AB 77,14,,28,,"AB 01, AB 02, AB 05, AB 06, AB 10"
vowel-candidate,AB 37,AB 14,,AB 77,14,,34,,"AB 02, AB 03, AB 04, AB 05, AB 06"
vowel-candidate,AB 14,AB 28,,AB 77,14,,34,,"AB 01, AB 02, AB 03, AB 04, AB 05"
vowel-candidate,AB 14,AB 01,,AB 77,14,,39,,"AB 01, AB 02, AB 03, AB 04, AB 05"
vowel-candidate,AB 14,AB 77,,AB 77,14,,39,,"AB 01, AB 02, AB 03, AB 04, AB 05"
vowel-candidate,AB 14,AB 08,,AB 77,14,,31,,"AB 02, AB 03, AB 04, AB 05, AB 06"
vowel-candidate,AB 52,AB 54,,AB 77,14,,35,,"AB 01, AB 02, AB 03, AB 05, AB 06"
vowel-candidate,AB 52,AB 07,,AB 77,14,,22,,"AB 02, AB 05, AB 08, AB 10, AB 11"
vowel-candidate,AB 73,AB 26,,AB 77,14,,20,,"AB 02, AB 04, AB 05, AB 08, AB 10"
vowel-candidate,AB 54,AB 07,,AB 77,14,,23,,"AB 02, AB 05, AB 08, AB 10, AB 15"
vowel-candidate,AB 26,AB 50,,AB 77,14,,15,,"AB 02, AB 04, AB 05, AB 08, AB 11"
vowel-candidate,AB 26,AB 67,,AB 77,14,,19,,"AB 02, AB 04, AB 05, AB 08, AB 10"
vowel-candidate,AB 26,AB 23,,AB 77,14,,5,,"AB 02, AB 05, AB 08, AB 57, AB 77"
vowel-candidate,AB 26,AB 69,,AB 77,14,,18,,"AB 02, AB 04, AB 05, AB 08, AB 10"
vowel-candidate,AB 26,AB 25,,AB 77,14,,14,,"AB 04, AB 05, AB 27, AB 36, AB 39"
vowel-candidate,AB 26,AB 20,,AB 77,14,,13,,"AB 02, AB 11, AB 36, AB 38, AB 57"
vowel-candidate,AB 51,AB 26,,AB 56,14,,10,,"AB 02, AB 04, AB 08, AB 10, AB 36"
vowel-candidate,AB 14,AB 78,,AB 12,14,,28,,"AB 02, AB 03, AB 04, AB 05, AB 06"
vowel-candidate,AB 13,AB 01,,AB 12,14,,38,,"AB 02, AB 03, AB 04, AB 05, AB 06"
vowel-candidate,AB 13,AB 60,,AB 12,14,,40,,"AB 02, AB 03, AB 04, AB 05, AB 06"
vowel-candidate,AB 13,AB 81,,AB 12,14,,34,,"AB 02, AB 03, AB 04, AB 05, AB 06"
vowel-candidate,AB 16,AB 04,,AB 12,14,,26,,"AB 02, AB 04, AB 05, AB 08, AB 10"
vowel-candidate,AB 10,AB 81,,AB 12,14,,28,,"AB 01, AB 02, AB 03, AB 04, AB 05"
vowel-candidate,AB 21,AB 75,,AB 12,14,,14,,"AB 04, AB 05, AB 08, AB 12, AB 28"
vowel-candidate,AB 81,AB 53,,AB 12,14,,34,,"AB 02, AB 03, AB 04, AB 05, AB 07"
vowel-candidate,AB 81,AB 69,,AB 12,14,,23,,"AB 02, AB 03, AB 04, AB 05, AB 08"
vowel-candidate,AB 81,AB 44,,AB 12,14,,36,,"AB 01, AB 02, AB 03, AB 04, AB 05"
vowel-candidate,AB 81,AB 39,,AB 12,14,,30,,"AB 02, AB 04, AB 05, AB 06, AB 07"
vowel-candidate,AB 81,AB 27,,AB 12,14,,35,,"AB 01, AB 02, AB 03, AB 04, AB 05"
vowel-candidate,AB 78,AB 30,,AB 12,14,,24,,"AB 02, AB 03, AB 05, AB 06, AB 08"
vowel-candidate,AB 78,AB 41,,AB 12,14,,30,,"AB 02, AB 03, AB 04, AB 05, AB 06"
vowel-candidate,AB 41,AB 68,,AB 38,14,,5,,"AB 03, AB 08, AB 38, AB 78, AB 81"
vowel-candidate,AB 41,AB 65,,AB 38,14,,5,,"AB 08, AB 28, AB 38, AB 42, AB 53"
vowel-candidate,AB 16,AB 09,,AB 38,14,,17,,"AB 02, AB 04, AB 05, AB 08, AB 11"
vowel-candidate,AB 72,AB 32,,AB 38,14,,20,,"AB 02, AB 03, AB 05, AB 06, AB 08"
vowel-candidate,AB 09,AB 68,,AB 38,14,,2,,"AB 08, AB 38"
vowel-candidate,AB 09,AB 65,,AB 38,14,,5,,"AB 08, AB 28, AB 38, AB 53, AB 72"
vowel-candidate,AB 30,AB 32,,AB 38,14,,21,,"AB 02, AB 03, AB 05, AB 06, AB 08"
vowel-candidate,AB 59,AB 68,,AB 38,14,,6,,"AB 03, AB 08, AB 38, AB 69, AB 78"
vowel-candidate,AB 59,AB 65,,AB 38,14,,6,,"AB 08, AB 28, AB 38, AB 42, AB 53"
vowel-candidate,AB 42,AB 51,,AB 10,14,,14,,"AB 02, AB 04, AB 07, AB 08, AB 10"
vowel-candidate,AB 57,AB 51,,AB 10,14,,14,,"AB 02, AB 04, AB 07, AB 08, AB 10"
vowel-candidate,AB 21,AB 55,,AB 70,14,,6,,"AB 08, AB 37, AB 44, AB 53, AB 60"
vowel-candidate,AB 43,AB 77,,AB 70,14,,12,,"AB 02, AB 05, AB 06, AB 15, AB 28"
vowel-candidate,AB 43,AB 36,,AB 70,14,,12,,"AB 02, AB 05, AB 06, AB 15, AB 28"
vowel-candidate,AB 58,AB 55,,AB 70,14,,5,,"AB 02, AB 42, AB 59, AB 60, AB 70"
vowel-candidate,AB 55,AB 16,,AB 70,14,,10,,"AB 02, AB 08, AB 31, AB 37, AB 42"
vowel-candidate,AB 50,AB 17,,AB 02,14,,5,,"AB 02, AB 27, AB 36, AB 57, AB 59"
vowel-candidate,AB 24,AB 74,,AB 02,14,,6,,"AB 02, AB 08, AB 28, AB 36, AB 42"
vowel-candidate,AB 56,AB 43,,AB 02,14,,6,,"AB 02, AB 05, AB 15, AB 36, AB 52"
vowel-candidate,AB 43,AB 17,,AB 02,14,,5,,"AB 02, AB 28, AB 36, AB 57, AB 59"
vowel-candidate,AB 58,AB 09,,AB 02,14,,8,,"AB 02, AB 05, AB 06, AB 36, AB 39"
vowel-candidate,AB 31,AB 17,,AB 02,14,,8,,"AB 02, AB 13, AB 27, AB 28, AB 53"
vowel-candidate,AB 03,AB 48,,AB 37,14,,2,,"AB 37, AB 41"
vowel-candidate,AB 75,AB 29,,AB 36,14,,10,,"AB 01, AB 05, AB 08, AB 36, AB 44"
vowel-candidate,AB 85,AB 12,,AB 36,14,,5,,"AB 05, AB 36, AB 52, AB 57, AB 59"
vowel-candidate,AB 85,AB 74,,AB 36,14,,2,,"AB 36, AB 61"
vowel-candidate,AB 85,AB 20,,AB 36,14,,5,,"AB 36, AB 52, AB 57, AB 59, AB 61"
vowel-candidate,AB 85,AB 29,,AB 36,14,,3,,"AB 05, AB 36, AB 57"
vowel-candidate,AB 32,AB 29,,AB 36,14,,5,,"AB 05, AB 08, AB 36, AB 57, AB 60"
vowel-candidate,AB 10,AB 29,,AB 36,14,,9,,"AB 01, AB 05, AB 08, AB 36, AB 44"
vowel-candidate,AB 46,AB 78,,AB 41,14,,6,,"AB 28, AB 39, AB 41, AB 59, AB 60"
vowel-candidate,AB 76,AB 15,,AB 59,14,,6,,"AB 03, AB 16, AB 39, AB 44, AB 59"
vowel-candidate,AB 57,AB 62,,AB 59,14,,5,,"AB 07, AB 26, AB 59, AB 60, AB 78"
vowel-candidate,AB 44,AB 62,,AB 59,14,,4,,"AB 26, AB 59, AB 60, AB 78"
vowel-candidate,AB 30,AB 62,,AB 59,14,,2,,"AB 59, AB 60"
vowel-candidate,AB 79,AB 29,,AB 08,14,,1,,AB 08
vowel-candidate,AB 56,AB 68,,AB 08,14,,1,,AB 08
vowel-candidate,AB 42,AB 64,,AB 08,14,,1,,AB 08
vowel-candidate,AB 51,AB 68,,AB 08,14,,1,,AB 08
vowel-candidate,AB 08,AB 64,,AB 08,14,,1,,AB 08
vowel-candidate,AB 68,AB 23,,AB 08,14,,1,,AB 08
vowel-candidate,AB 34,AB 29,,AB 08,14,,1,,AB 08
vowel-candidate,AB 13,AB 82,,AB 27,14,,2,,"AB 27, AB 39"
vowel-candidate,AB 82,AB 41,,AB 27,14,,2,,"AB 27, AB 39"
vowel-candidate,AB 82,AB 08,,AB 27,14,,2,,"AB 27, AB 39"
vowel-candidate,AB 90,AB 61,,AB 27,14,,1,,AB 27
vowel-candidate,AB 08,AB 19,,AB 39,14,,1,,AB 39
vowel-candidate,AB 41,AB 19,,AB 39,14,,1,,AB 39
vowel-candidate,AB 59,AB 19,,AB 39,14,,1,,AB 39
vowel-candidate,AB 45,AB 19,,AB 39,14,,1,,AB 39
vowel-candidate,AB 81,AB 91,,AB 61,14,,1,,AB 61
vowel-candidate,AB 31,AB 83,,AB 26,14,,1,,AB 26
vowel-candidate,AB 13,AB 83,,AB 26,14,,1,,AB 26
vowel-candidate,AB 57,AB 83,,AB 26,14,,2,,"AB 01, AB 26"
vowel-candidate,AB 04,AB 87,,AB 01,14,,1,,AB 01
vowel-candidate,AB 70,AB 87,,AB 01,14,,1,,AB 01
consonant-candidate,AB 40,AB 28,AB 12,,13,25,,"AB 01, AB 02, AB 03, AB 04, AB 05",
consonant-candidate,AB 40,AB 01,AB 12,,13,20,,"AB 01, AB 02, AB 04, AB 05, AB 06",
consonant-candidate,AB 40,AB 47,AB 12,,13,3,,"AB 01, AB 12, AB 37",
consonant-candidate,AB 45,AB 12,AB 12,,13,35,,"AB 01, AB 02, AB 03, AB 04, AB 05",
consonant-candidate,AB 45,AB 67,AB 12,,13,24,,"AB 01, AB 02, AB 03, AB 04, AB 05",
consonant-candidate,AB 45,AB 48,AB 12,,13,5,,"AB 12, AB 27, AB 36, AB 37, AB 59",
consonant-candidate,AB 45,AB 44,AB 12,,13,38,,"AB 01, AB 02, AB 03, AB 04, AB 05",
consonant-candidate,AB 45,AB 49,AB 12,,13,1,,AB 12,
consonant-candidate,AB 45,AB 36,AB 12,,13,41,,"AB 01, AB 02, AB 03, AB 04, AB 05",
consonant-candidate,AB 45,AB 17,AB 12,,13,15,,"AB 02, AB 05, AB 08, AB 12, AB 27",
consonant-candidate,AB 45,AB 07,AB 12,,13,22,,"AB 01, AB 02, AB 03, AB 10, AB 12",
consonant-candidate,AB 45,AB 15,AB 12,,13,38,,"AB 01, AB 02, AB 03, AB 04, AB 05",
consonant-candidate,AB 45,AB 09,AB 12,,13,19,,"AB 01, AB 02, AB 04, AB 05, AB 10",
consonant-candidate,AB 45,AB 63,AB 12,,13,3,,"AB 04, AB 10, AB 12",
consonant-candidate,AB 45,AB 16,AB 12,,13,24,,"AB 01, AB 02, AB 04, AB 05, AB 12",
consonant-candidate,AB 04,AB 28,AB 12,,13,39,,"AB 01, AB 02, AB 03, AB 04, AB 05",
consonant-candidate,AB 04,AB 01,AB 12,,13,32,,"AB 01, AB 02, AB 04, AB 05, AB 06",
consonant-candidate,AB 04,AB 47,AB 12,,13,3,,"AB 01, AB 12, AB 37",
consonant-candidate,AB 57,AB 12,AB 12,,13,43,,"AB 01, AB 02, AB 03, AB 04, AB 05",
consonant-candidate,AB 57,AB 67,AB 12,,13,30,,"AB 01, AB 02, AB 03, AB 04, AB 05",
consonant-candidate,AB 57,AB 48,AB 12,,13,6,,"AB 12, AB 27, AB 36, AB 37, AB 41",
consonant-candidate,AB 57,AB 44,AB 12,,13,46,,"AB 01, AB 02, AB 03, AB 04, AB 05",
consonant-candidate,AB 57,AB 49,AB 12,,13,1,,AB 12,
consonant-candidate,AB 57,AB 36,AB 12,,13,56,,"AB 01, AB 02, AB 03, AB 04, AB 05",
consonant-candidate,AB 57,AB 17,AB 12,,13,16,,"AB 02, AB 05, AB 06, AB 08, AB 12",
consonant-candidate,AB 57,AB 07,AB 12,,13,27,,"AB 01, AB 02, AB 03, AB 10, AB 12",
consonant-candidate,AB 57,AB 15,AB 12,,13,45,,"AB 01, AB 02, AB 03, AB 04, AB 05",
consonant-candidate,AB 57,AB 09,AB 12,,13,22,,"AB 01, AB 02, AB 04, AB 05, AB 10",
consonant-candidate,AB 57,AB 63,AB 12,,13,3,,"AB 04, AB 10, AB 12",
consonant-candidate,AB 57,AB 16,AB 12,,13,29,,"AB 01, AB 02, AB 04, AB 05, AB 06",
consonant-candidate,AB 77,AB 43,AB 12,,13,14,,"AB 04, AB 12, AB 20, AB 30, AB 31",
consonant-candidate,AB 77,AB 39,AB 12,,13,43,,"AB 01, AB 02, AB 03, AB 04, AB 05",
consonant-candidate,AB 32,AB 28,AB 12,,13,27,,"AB 01, AB 02, AB 03, AB 04, AB 05",
consonant-candidate,AB 32,AB 01,AB 12,,13,22,,"AB 01, AB 02, AB 04, AB 05, AB 10",
consonant-candidate,AB 32,AB 47,AB 12,,13,2,,"AB 01, AB 12",
consonant-candidate,AB 90,AB 61,AB 38,,13,2,,"AB 36, AB 38",
consonant-candidate,AB 53,AB 41,AB 38,,13,34,,"AB 01, AB 03, AB 04, AB 05, AB 06",
consonant-candidate,AB 53,AB 83,AB 38,,13,4,,"AB 36, AB 38, AB 57, AB 61",
consonant-candidate,AB 67,AB 41,AB 38,,13,23,,"AB 01, AB 02, AB 03, AB 04, AB 05",
consonant-candidate,AB 67,AB 83,AB 38,,13,4,,"AB 27, AB 36, AB 38, AB 57",
consonant-candidate,AB 41,AB 68,AB 38,,13,7,,"AB 08, AB 24, AB 36, AB 38, AB 60",
consonant-candidate,AB 41,AB 01,AB 38,,13,32,,"AB 01, AB 02, AB 04, AB 05, AB 06",
consonant-candidate,AB 03,AB 25,AB 38,,13,23,,"AB 01, AB 02, AB 03, AB 04, AB 05",
consonant-candidate,AB 07,AB 61,AB 38,,13,24,,"AB 01, AB 02, AB 03, AB 10, AB 14",
consonant-candidate,AB 30,AB 61,AB 38,,13,19,,"AB 03, AB 05, AB 07, AB 08, AB 15",
consonant-candidate,AB 81,AB 61,AB 38,,13,31,,"AB 01, AB 02, AB 03, AB 04, AB 06",
consonant-candidate,AB 73,AB 25,AB 38,,13,14,,"AB 03, AB 04, AB 05, AB 08, AB 27",
consonant-candidate,AB 61,AB 16,AB 38,,13,28,,"AB 01, AB 02, AB 04, AB 05, AB 06",
consonant-candidate,AB 68,AB 83,AB 38,,13,3,,"AB 36, AB 38, AB 61",
consonant-candidate,AB 32,AB 31,AB 38,,13,24,,"AB 01, AB 02, AB 03, AB 04, AB 05",
consonant-candidate,AB 32,AB 72,AB 38,,13,23,,"AB 01, AB 02, AB 04, AB 05, AB 08",
consonant-candidate,AB 01,AB 83,AB 38,,13,5,,"AB 27, AB 36, AB 38, AB 57, AB 61",
consonant-candidate,AB 74,AB 72,AB 10,,13,6,,"AB 02, AB 05, AB 10, AB 37, AB 75",
consonant-candidate,AB 42,AB 63,AB 10,,13,2,,"AB 04, AB 10",
consonant-candidate,AB 70,AB 23,AB 70,,13,6,,"AB 02, AB 05, AB 37, AB 55, AB 59",
consonant-candidate,AB 70,AB 33,AB 70,,13,3,,"AB 42, AB 54, AB 70",
consonant-candidate,AB 20,AB 43,AB 70,,13,6,,"AB 04, AB 13, AB 42, AB 54, AB 59",
consonant-candidate,AB 76,AB 31,AB 70,,13,8,,"AB 04, AB 05, AB 08, AB 37, AB 42",
consonant-candidate,AB 76,AB 11,AB 70,,13,9,,"AB 04, AB 05, AB 08, AB 37, AB 42",
consonant-candidate,AB 76,AB 55,AB 70,,13,6,,"AB 05, AB 08, AB 42, AB 53, AB 61",
consonant-candidate,AB 76,AB 30,AB 70,,13,5,,"AB 05, AB 08, AB 37, AB 61, AB 70",
consonant-candidate,AB 76,AB 58,AB 70,,13,5,,"AB 05, AB 08, AB 37, AB 53, AB 70",
consonant-candidate,AB 44,AB 23,AB 70,,13,6,,"AB 02, AB 05, AB 37, AB 55, AB 59",
consonant-candidate,AB 44,AB 33,AB 70,,13,3,,"AB 42, AB 54, AB 70",
consonant-candidate,AB 55,AB 37,AB 70,,13,16,,"AB 03, AB 05, AB 08, AB 09, AB 13",
consonant-candidate,AB 55,AB 13,AB 70,,13,11,,"AB 05, AB 08, AB 40, AB 42, AB 53",
consonant-candidate,AB 55,AB 78,AB 70,,13,18,,"AB 03, AB 05, AB 08, AB 13, AB 15",
consonant-candidate,AB 37,AB 58,AB 70,,13,10,,"AB 02, AB 03, AB 05, AB 08, AB 32",
consonant-candidate,AB 72,AB 82,AB 70,,13,4,,"AB 45, AB 61, AB 70, AB 80",
consonant-candidate,AB 72,AB 79,AB 70,,13,2,,"AB 04, AB 70",
consonant-candidate,AB 58,AB 13,AB 70,,13,10,,"AB 02, AB 05, AB 08, AB 17, AB 20",
consonant-candidate,AB 58,AB 78,AB 70,,13,7,,"AB 02, AB 03, AB 05, AB 08, AB 53",
consonant-candidate,AB 25,AB 82,AB 70,,13,3,,"AB 61, AB 70, AB 80",
consonant-candidate,AB 25,AB 79,AB 70,,13,2,,"AB 04, AB 70",
consonant-candidate,AB 09,AB 51,AB 02,,13,7,,"AB 02, AB 05, AB 42, AB 53, AB 54",
consonant-candidate,AB 78,AB 51,AB 02,,13,9,,"AB 02, AB 05, AB 06, AB 15, AB 42",
consonant-candidate,AB 52,AB 51,AB 02,,13,12,,"AB 02, AB 05, AB 06, AB 15, AB 30",
consonant-candidate,AB 51,AB 54,AB 02,,13,10,,"AB 02, AB 05, AB 06, AB 26, AB 30",
consonant-candidate,AB 56,AB 22,AB 37,,13,1,,AB 37,
consonant-candidate,AB 52,AB 22,AB 37,,13,2,,"AB 05, AB 37",
consonant-candidate,AB 26,AB 22,AB 37,,13,2,,"AB 05, AB 37",
consonant-candidate,AB 69,AB 22,AB 37,,13,2,,"AB 05, AB 37",
consonant-candidate,AB 47,AB 61,AB 37,,13,2,,"AB 01, AB 37",
consonant-candidate,AB 61,AB 48,AB 37,,13,5,,"AB 27, AB 36, AB 37, AB 41, AB 59",
consonant-candidate,AB 12,AB 64,AB 36,,13,2,,"AB 36, AB 57",
consonant-candidate,AB 21,AB 09,AB 36,,13,7,,"AB 36, AB 42, AB 45, AB 52, AB 53",
consonant-candidate,AB 16,AB 64,AB 36,,13,2,,"AB 36, AB 57",
consonant-candidate,AB 57,AB 64,AB 36,,13,2,,"AB 36, AB 57",
consonant-candidate,AB 48,AB 71,AB 59,,13,1,,AB 59,
consonant-candidate,AB 21,AB 71,AB 59,,13,1,,AB 59,
consonant-candidate,AB 16,AB 34,AB 59,,13,2,,"AB 59, AB 77",
consonant-candidate,AB 85,AB 38,AB 59,,13,6,,"AB 04, AB 05, AB 44, AB 45, AB 53",
consonant-candidate,AB 85,AB 71,AB 59,,13,2,,"AB 04, AB 59",
consonant-candidate,AB 01,AB 71,AB 59,,13,2,,"AB 04, AB 59",
consonant-candidate,AB 50,AB 71,AB 59,,13,2,,"AB 04, AB 59",
consonant-candidate,AB 20,AB 71,AB 59,,13,2,,"AB 04, AB 59",
consonant-candidate,AB 38,AB 19,AB 59,,13,1,,AB 59,
consonant-candidate,AB 69,AB 71,AB 59,,13,2,,"AB 04, AB 59",
consonant-candidate,AB 45,AB 71,AB 59,,13,2,,"AB 04, AB 59",
consonant-candidate,AB 71,AB 55,AB 59,,13,1,,AB 59,
consonant-candidate,AB 71,AB 19,AB 59,,13,1,,AB 59,
consonant-candidate,AB 87,AB 04,AB 59,,13,1,,AB 59,
consonant-candidate,AB 87,AB 14,AB 59,,13,1,,AB 59,
consonant-candidate,AB 01,AB 65,AB 05,,13,3,,"AB 05, AB 77, AB 80",
consonant-candidate,AB 32,AB 35,AB 05,,13,1,,AB 05,
consonant-candidate,AB 03,AB 35,AB 05,,13,2,,"AB 05, AB 67",
consonant-candidate,AB 55,AB 35,AB 05,,13,1,,AB 05,
consonant-candidate,AB 52,AB 91,AB 75,,13,1,,AB 75,
consonant-candidate,AB 13,AB 64,AB 57,,13,1,,AB 57,
consonant-candidate,AB 51,AB 82,AB 80,,13,1,,AB 80,
consonant-candidate,AB 07,AB 65,AB 77,,13,1,,AB 77,
consonant-candidate,AB 41,AB 47,AB 01,,13,1,,AB 01,
vowel-candidate,AB 15,AB 12,,AB 77,13,,24,,"AB 01, AB 03, AB 04, AB 05, AB 06"
vowel-candidate,AB 15,AB 24,,AB 77,13,,23,,"AB 01, AB 02, AB 05, AB 06, AB 08"
vowel-candidate,AB 15,AB 37,,AB 77,13,,26,,"AB 02, AB 03, AB 04, AB 05, AB 06"
vowel-candidate,AB 15,AB 28,,AB 77,13,,28,,"AB 01, AB 02, AB 03, AB 04, AB 05"
vowel-candidate,AB 15,AB 01,,AB 77,13,,28,,"AB 01, AB 02, AB 03, AB 04, AB 05"
vowel-candidate,AB 15,AB 77,,AB 77,13,,33,,"AB 01, AB 02, AB 03, AB 04, AB 05"
vowel-candidate,AB 15,AB 08,,AB 77,13,,27,,"AB 02, AB 03, AB 04, AB 05, AB 06"
vowel-candidate,AB 12,AB 30,,AB 77,13,,28,,"AB 03, AB 05, AB 06, AB 08, AB 11"
vowel-candidate,AB 12,AB 11,,AB 77,13,,29,,"AB 01, AB 03, AB 04, AB 05, AB 06"
vowel-candidate,AB 12,AB 72,,AB 77,13,,26,,"AB 01, AB 03, AB 04, AB 05, AB 06"
vowel-candidate,AB 45,AB 10,,AB 77,13,,28,,"AB 02, AB 03, AB 04, AB 05, AB 06"
vowel-candidate,AB 24,AB 30,,AB 77,13,,27,,"AB 02, AB 05, AB 06, AB 08, AB 11"
vowel-candidate,AB 24,AB 11,,AB 77,13,,29,,"AB 01, AB 02, AB 05, AB 06, AB 08"
vowel-candidate,AB 24,AB 72,,AB 77,13,,27,,"AB 01, AB 02, AB 05, AB 06, AB 08"
vowel-candidate,AB 37,AB 30,,AB 77,13,,31,,"AB 02, AB 03, AB 05, AB 06, AB 08"
vowel-candidate,AB 37,AB 11,,AB 77,13,,33,,"AB 02, AB 03, AB 04, AB 05, AB 06"
vowel-candidate,AB 37,AB 72,,AB 77,13,,26,,"AB 02, AB 03, AB 04, AB 05, AB 06"
vowel-candidate,AB 30,AB 28,,AB 77,13,,30,,"AB 02, AB 03, AB 05, AB 06, AB 08"
vowel-candidate,AB 30,AB 01,,AB 77,13,,31,,"AB 02, AB 03, AB 05, AB 06, AB 08"
vowel-candidate,AB 30,AB 77,,AB 77,13,,35,,"AB 02, AB 03, AB 05, AB 06, AB 08"
vowel-candidate,AB 30,AB 08,,AB 77,13,,32,,"AB 02, AB 03, AB 05, AB 06, AB 08"
vowel-candidate,AB 52,AB 10,,AB 77,13,,27,,"AB 01, AB 02, AB 03, AB 05, AB 06"
vowel-candidate,AB 28,AB 11,,AB 77,13,,37,,"AB 01, AB 02, AB 03, AB 04, AB 05"
vowel-candidate,AB 28,AB 72,,AB 77,13,,32,,"AB 01, AB 02, AB 03, AB 04, AB 05"
vowel-candidate,AB 54,AB 10,,AB 77,13,,32,,"AB 01, AB 02, AB 03, AB 04, AB 05"
vowel-candidate,AB 01,AB 11,,AB 77,13,,38,,"AB 01, AB 02, AB 03, AB 04, AB 05"
vowel-candidate,AB 01,AB 72,,AB 77,13,,34,,"AB 01, AB 02, AB 03, AB 04, AB 05"
vowel-candidate,AB 11,AB 77,,AB 77,13,,38,,"AB 01, AB 02, AB 03, AB 04, AB 05"
vowel-candidate,AB 11,AB 08,,AB 77,13,,37,,"AB 02, AB 03, AB 04, AB 05, AB 06"
vowel-candidate,AB 10,AB 07,,AB 77,13,,20,,"AB 02, AB 05, AB 08, AB 15, AB 36"
vowel-candidate,AB 77,AB 72,,AB 77,13,,33,,"AB 01, AB 02, AB 03, AB 04, AB 05"
vowel-candidate,AB 72,AB 08,,AB 77,13,,31,,"AB 02, AB 03, AB 04, AB 05, AB 06"
vowel-candidate,AB 36,AB 13,,AB 12,13,,35,,"AB 02, AB 03, AB 04, AB 05, AB 06"
vowel-candidate,AB 14,AB 16,,AB 12,13,,21,,"AB 02, AB 04, AB 05, AB 10, AB 12"
vowel-candidate,AB 13,AB 70,,AB 12,13,,41,,"AB 02, AB 03, AB 04, AB 05, AB 06"
vowel-candidate,AB 13,AB 05,,AB 12,13,,41,,"AB 02, AB 03, AB 04, AB 05, AB 06"
vowel-candidate,AB 13,AB 77,,AB 12,13,,40,,"AB 02, AB 03, AB 04, AB 05, AB 06"
vowel-candidate,AB 13,AB 61,,AB 12,13,,37,,"AB 02, AB 03, AB 04, AB 05, AB 06"
vowel-candidate,AB 13,AB 78,,AB 12,13,,33,,"AB 02, AB 03, AB 04, AB 05, AB 06"
vowel-candidate,AB 13,AB 42,,AB 12,13,,41,,"AB 02, AB 03, AB 04, AB 05, AB 06"
vowel-candidate,AB 13,AB 24,,AB 12,13,,29,,"AB 02, AB 05, AB 06, AB 08, AB 09"
vowel-candidate,AB 16,AB 30,,AB 12,13,,20,,"AB 02, AB 05, AB 08, AB 11, AB 12"
vowel-candidate,AB 16,AB 41,,AB 12,13,,22,,"AB 02, AB 04, AB 05, AB 08, AB 10"
vowel-candidate,AB 10,AB 78,,AB 12,13,,25,,"AB 02, AB 03, AB 04, AB 05, AB 06"
vowel-candidate,AB 03,AB 58,,AB 12,13,,13,,"AB 02, AB 05, AB 06, AB 12, AB 36"
vowel-candidate,AB 81,AB 26,,AB 12,13,,20,,"AB 02, AB 04, AB 05, AB 08, AB 10"
vowel-candidate,AB 78,AB 53,,AB 12,13,,29,,"AB 02, AB 03, AB 04, AB 05, AB 08"
vowel-candidate,AB 78,AB 69,,AB 12,13,,19,,"AB 02, AB 03, AB 04, AB 05, AB 08"
vowel-candidate,AB 78,AB 44,,AB 12,13,,34,,"AB 02, AB 03, AB 04, AB 05, AB 06"
vowel-candidate,AB 78,AB 39,,AB 12,13,,29,,"AB 02, AB 04, AB 05, AB 06, AB 08"
vowel-candidate,AB 78,AB 27,,AB 12,13,,31,,"AB 02, AB 03, AB 04, AB 05, AB 06"
vowel-candidate,AB 58,AB 28,,AB 12,13,,12,,"AB 02, AB 05, AB 06, AB 12, AB 36"
vowel-candidate,AB 41,AB 32,,AB 38,13,,23,,"AB 02, AB 03, AB 05, AB 06, AB 08"
vowel-candidate,AB 67,AB 16,,AB 38,13,,21,,"AB 02, AB 04, AB 05, AB 08, AB 10"
vowel-candidate,AB 67,AB 68,,AB 38,13,,3,,"AB 03, AB 08, AB 38"
vowel-candidate,AB 67,AB 65,,AB 38,13,,4,,"AB 08, AB 38, AB 42, AB 72"
vowel-candidate,AB 80,AB 16,,AB 38,13,,23,,"AB 02, AB 04, AB 05, AB 08, AB 10"
vowel-candidate,AB 80,AB 68,,AB 38,13,,4,,"AB 08, AB 38, AB 69, AB 81"
vowel-candidate,AB 80,AB 65,,AB 38,13,,6,,"AB 08, AB 28, AB 38, AB 42, AB 53"
vowel-candidate,AB 09,AB 81,,AB 38,13,,23,,"AB 02, AB 04, AB 05, AB 06, AB 08"
vowel-candidate,AB 09,AB 32,,AB 38,13,,19,,"AB 02, AB 05, AB 06, AB 08, AB 11"
vowel-candidate,AB 59,AB 32,,AB 38,13,,27,,"AB 02, AB 03, AB 05, AB 06, AB 07"
vowel-candidate,AB 27,AB 51,,AB 10,13,,13,,"AB 02, AB 04, AB 08, AB 10, AB 36"
vowel-candidate,AB 81,AB 51,,AB 10,13,,15,,"AB 02, AB 04, AB 07, AB 08, AB 10"
vowel-candidate,AB 70,AB 43,,AB 70,13,,12,,"AB 02, AB 05, AB 06, AB 15, AB 28"
vowel-candidate,AB 50,AB 74,,AB 02,13,,6,,"AB 02, AB 03, AB 08, AB 36, AB 42"
vowel-candidate,AB 45,AB 17,,AB 02,13,,10,,"AB 02, AB 07, AB 13, AB 27, AB 36"
vowel-candidate,AB 43,AB 74,,AB 02,13,,3,,"AB 02, AB 28, AB 36"
vowel-candidate,AB 31,AB 74,,AB 02,13,,6,,"AB 02, AB 03, AB 08, AB 28, AB 42"
vowel-candidate,AB 27,AB 17,,AB 02,13,,8,,"AB 02, AB 13, AB 28, AB 36, AB 57"
vowel-candidate,AB 51,AB 46,,AB 54,13,,5,,"AB 07, AB 40, AB 41, AB 53, AB 54"
vowel-candidate,AB 51,AB 63,,AB 54,13,,1,,AB 54
vowel-candidate,AB 46,AB 14,,AB 54,13,,11,,"AB 01, AB 07, AB 28, AB 39, AB 40"
vowel-candidate,AB 14,AB 63,,AB 54,13,,3,,"AB 28, AB 54, AB 81"
vowel-candidate,AB 54,AB 48,,AB 37,13,,3,,"AB 01, AB 37, AB 41"
vowel-candidate,AB 70,AB 48,,AB 37,13,,3,,"AB 01, AB 37, AB 41"
vowel-candidate,AB 26,AB 29,,AB 36,13,,6,,"AB 05, AB 08, AB 36, AB 51, AB 57"
vowel-candidate,AB 69,AB 29,,AB 36,13,,7,,"AB 05, AB 08, AB 36, AB 45, AB 51"
vowel-candidate,AB 76,AB 39,,AB 59,13,,5,,"AB 39, AB 44, AB 59, AB 72, AB 75"
vowel-candidate,AB 76,AB 17,,AB 59,13,,2,,"AB 59, AB 72"
vowel-candidate,AB 14,AB 62,,AB 59,13,,4,,"AB 07, AB 26, AB 59, AB 60"
vowel-candidate,AB 81,AB 62,,AB 59,13,,4,,"AB 07, AB 59, AB 60, AB 78"
vowel-candidate,AB 13,AB 62,,AB 59,13,,4,,"AB 26, AB 59, AB 60, AB 78"
vowel-candidate,AB 01,AB 62,,AB 59,13,,5,,"AB 07, AB 26, AB 59, AB 60, AB 78"
vowel-candidate,AB 16,AB 62,,AB 59,13,,2,,"AB 59, AB 60"
vowel-candidate,AB 77,AB 22,,AB 07,13,,3,,"AB 01, AB 07, AB 51"
vowel-candidate,AB 54,AB 79,,AB 08,13,,2,,"AB 08, AB 80"
vowel-candidate,AB 79,AB 81,,AB 08,13,,2,,"AB 08, AB 80"
vowel-candidate,AB 79,AB 75,,AB 08,13,,2,,"AB 08, AB 80"
vowel-candidate,AB 79,AB 69,,AB 08,13,,1,,AB 08
vowel-candidate,AB 56,AB 64,,AB 08,13,,1,,AB 08
vowel-candidate,AB 69,AB 34,,AB 08,13,,3,,"AB 08, AB 15, AB 61"
vowel-candidate,AB 12,AB 64,,AB 08,13,,1,,AB 08
vowel-candidate,AB 51,AB 64,,AB 08,13,,1,,AB 08
vowel-candidate,AB 64,AB 23,,AB 08,13,,1,,AB 08
vowel-candidate,AB 64,AB 28,,AB 08,13,,1,,AB 08
vowel-candidate,AB 70,AB 82,,AB 27,13,,2,,"AB 27, AB 39"
vowel-candidate,AB 13,AB 90,,AB 27,13,,1,,AB 27
vowel-candidate,AB 82,AB 15,,AB 27,13,,2,,"AB 27, AB 39"
vowel-candidate,AB 90,AB 41,,AB 27,13,,1,,AB 27
vowel-candidate,AB 90,AB 08,,AB 27,13,,1,,AB 27
vowel-candidate,AB 11,AB 19,,AB 39,13,,1,,AB 39
vowel-candidate,AB 78,AB 19,,AB 39,13,,1,,AB 39
vowel-candidate,AB 52,AB 19,,AB 39,13,,1,,AB 39
vowel-candidate,AB 05,AB 19,,AB 39,13,,1,,AB 39
vowel-candidate,AB 01,AB 19,,AB 39,13,,1,,AB 39
vowel-candidate,AB 77,AB 83,,AB 26,13,,2,,"AB 01, AB 26"
vowel-candidate,AB 61,AB 83,,AB 26,13,,2,,"AB 01, AB 26"
vowel-candidate,AB 12,AB 87,,AB 01,13,,1,,AB 01
vowel-candidate,AB 83,AB 87,,AB 01,13,,1,,AB 01
vowel-candidate,AB 83,AB 38,,AB 01,13,,1,,AB 01
vowel-candidate,AB 14,AB 87,,AB 01,13,,1,,AB 01
consonant-candidate,AB 56,AB 28,AB 12,,12,9,,"AB 01, AB 12, AB 26, AB 28, AB 37",
consonant-candidate,AB 56,AB 01,AB 12,,12,6,,"AB 01, AB 12, AB 28, AB 52, AB 60",
consonant-candidate,AB 56,AB 47,AB 12,,12,3,,"AB 01, AB 12, AB 37",
consonant-candidate,AB 55,AB 28,AB 12,,12,19,,"AB 03, AB 05, AB 08, AB 09, AB 12",
consonant-candidate,AB 55,AB 01,AB 12,,12,15,,"AB 05, AB 12, AB 15, AB 25, AB 40",
consonant-candidate,AB 55,AB 47,AB 12,,12,1,,AB 12,
consonant-candidate,AB 03,AB 77,AB 12,,12,40,,"AB 01, AB 02, AB 03, AB 04, AB 05",
consonant-candidate,AB 38,AB 77,AB 12,,12,43,,"AB 01, AB 02, AB 03, AB 04, AB 05",
consonant-candidate,AB 40,AB 04,AB 12,,12,26,,"AB 01, AB 02, AB 03, AB 04, AB 05",
consonant-candidate,AB 40,AB 32,AB 12,,12,18,,"AB 01, AB 02, AB 03, AB 04, AB 05",
consonant-candidate,AB 04,AB 32,AB 12,,12,26,,"AB 01, AB 02, AB 03, AB 04, AB 05",
consonant-candidate,AB 59,AB 28,AB 12,,12,45,,"AB 01, AB 02, AB 03, AB 04, AB 05",
consonant-candidate,AB 59,AB 01,AB 12,,12,37,,"AB 01, AB 02, AB 04, AB 05, AB 06",
consonant-candidate,AB 59,AB 47,AB 12,,12,3,,"AB 01, AB 12, AB 37",
consonant-candidate,AB 77,AB 73,AB 12,,12,22,,"AB 03, AB 04, AB 05, AB 08, AB 12",
consonant-candidate,AB 77,AB 81,AB 12,,12,32,,"AB 01, AB 02, AB 03, AB 04, AB 06",
consonant-candidate,AB 77,AB 74,AB 12,,12,6,,"AB 02, AB 05, AB 10, AB 12, AB 37",
consonant-candidate,AB 28,AB 80,AB 12,,12,33,,"AB 01, AB 02, AB 04, AB 05, AB 06",
consonant-candidate,AB 01,AB 80,AB 12,,12,29,,"AB 01, AB 02, AB 04, AB 05, AB 06",
consonant-candidate,AB 80,AB 47,AB 12,,12,3,,"AB 01, AB 12, AB 37",
consonant-candidate,AB 40,AB 41,AB 38,,12,21,,"AB 01, AB 02, AB 03, AB 04, AB 05",
consonant-candidate,AB 40,AB 83,AB 38,,12,5,,"AB 27, AB 36, AB 38, AB 57, AB 61",
consonant-candidate,AB 37,AB 54,AB 38,,12,30,,"AB 01, AB 02, AB 03, AB 04, AB 05",
consonant-candidate,AB 37,AB 25,AB 38,,12,21,,"AB 01, AB 02, AB 03, AB 04, AB 05",
consonant-candidate,AB 53,AB 68,AB 38,,12,8,,"AB 08, AB 24, AB 32, AB 36, AB 38",
consonant-candidate,AB 67,AB 68,AB 38,,12,4,,"AB 08, AB 36, AB 38, AB 60",
consonant-candidate,AB 41,AB 31,AB 38,,12,32,,"AB 01, AB 02, AB 03, AB 04, AB 05",
consonant-candidate,AB 41,AB 72,AB 38,,12,25,,"AB 01, AB 02, AB 04, AB 05, AB 08",
consonant-candidate,AB 54,AB 13,AB 38,,12,26,,"AB 02, AB 04, AB 05, AB 06, AB 08",
consonant-candidate,AB 54,AB 62,AB 38,,12,6,,"AB 27, AB 37, AB 38, AB 52, AB 53",
consonant-candidate,AB 11,AB 25,AB 38,,12,23,,"AB 01, AB 02, AB 03, AB 04, AB 05",
consonant-candidate,AB 68,AB 01,AB 38,,12,6,,"AB 24, AB 36, AB 38, AB 60, AB 61",
consonant-candidate,AB 31,AB 83,AB 38,,12,4,,"AB 27, AB 36, AB 38, AB 57",
consonant-candidate,AB 09,AB 25,AB 38,,12,13,,"AB 01, AB 02, AB 04, AB 05, AB 13",
consonant-candidate,AB 25,AB 17,AB 38,,12,10,,"AB 02, AB 05, AB 08, AB 27, AB 38",
consonant-candidate,AB 25,AB 13,AB 38,,12,17,,"AB 02, AB 04, AB 05, AB 08, AB 11",
consonant-candidate,AB 25,AB 62,AB 38,,12,5,,"AB 27, AB 38, AB 52, AB 53, AB 60",
consonant-candidate,AB 72,AB 83,AB 38,,12,4,,"AB 27, AB 38, AB 57, AB 61",
consonant-candidate,AB 72,AB 63,AB 10,,12,2,,"AB 04, AB 10",
consonant-candidate,AB 27,AB 82,AB 70,,12,4,,"AB 45, AB 61, AB 70, AB 80",
consonant-candidate,AB 27,AB 79,AB 70,,12,2,,"AB 04, AB 70",
consonant-candidate,AB 20,AB 23,AB 70,,12,4,,"AB 02, AB 05, AB 59, AB 70",
consonant-candidate,AB 20,AB 33,AB 70,,12,3,,"AB 42, AB 54, AB 70",
consonant-candidate,AB 20,AB 46,AB 70,,12,10,,"AB 01, AB 02, AB 04, AB 05, AB 40",
consonant-candidate,AB 75,AB 82,AB 70,,12,3,,"AB 61, AB 70, AB 80",
consonant-candidate,AB 75,AB 79,AB 70,,12,2,,"AB 04, AB 70",
consonant-candidate,AB 12,AB 23,AB 70,,12,4,,"AB 02, AB 05, AB 59, AB 70",
consonant-candidate,AB 12,AB 33,AB 70,,12,3,,"AB 42, AB 54, AB 70",
consonant-candidate,AB 45,AB 82,AB 70,,12,4,,"AB 45, AB 61, AB 70, AB 80",
consonant-candidate,AB 45,AB 79,AB 70,,12,2,,"AB 04, AB 70",
consonant-candidate,AB 76,AB 37,AB 70,,12,7,,"AB 04, AB 05, AB 08, AB 37, AB 42",
consonant-candidate,AB 76,AB 13,AB 70,,12,9,,"AB 04, AB 05, AB 08, AB 37, AB 42",
consonant-candidate,AB 76,AB 78,AB 70,,12,7,,"AB 04, AB 05, AB 08, AB 42, AB 53",
consonant-candidate,AB 31,AB 43,AB 70,,12,14,,"AB 04, AB 13, AB 20, AB 30, AB 31",
consonant-candidate,AB 50,AB 24,AB 70,,12,19,,"AB 01, AB 04, AB 05, AB 14, AB 27",
consonant-candidate,AB 50,AB 82,AB 70,,12,2,,"AB 70, AB 80",
consonant-candidate,AB 50,AB 79,AB 70,,12,2,,"AB 04, AB 70",
consonant-candidate,AB 43,AB 58,AB 70,,12,4,,"AB 20, AB 37, AB 67, AB 70",
consonant-candidate,AB 01,AB 23,AB 70,,12,5,,"AB 02, AB 05, AB 55, AB 59, AB 70",
consonant-candidate,AB 01,AB 33,AB 70,,12,3,,"AB 42, AB 54, AB 70",
consonant-candidate,AB 07,AB 58,AB 70,,12,10,,"AB 02, AB 03, AB 17, AB 20, AB 32",
consonant-candidate,AB 58,AB 73,AB 70,,12,9,,"AB 03, AB 05, AB 08, AB 17, AB 20",
consonant-candidate,AB 58,AB 32,AB 70,,12,7,,"AB 02, AB 03, AB 05, AB 08, AB 32",
consonant-candidate,AB 09,AB 69,AB 02,,12,11,,"AB 02, AB 04, AB 05, AB 27, AB 40",
consonant-candidate,AB 09,AB 58,AB 02,,12,4,,"AB 02, AB 05, AB 53, AB 60",
consonant-candidate,AB 26,AB 29,AB 02,,12,8,,"AB 02, AB 04, AB 37, AB 40, AB 44",
consonant-candidate,AB 74,AB 25,AB 02,,12,2,,"AB 02, AB 05",
consonant-candidate,AB 51,AB 45,AB 02,,12,10,,"AB 02, AB 05, AB 29, AB 30, AB 42",
consonant-candidate,AB 51,AB 02,AB 02,,12,14,,"AB 02, AB 05, AB 06, AB 15, AB 26",
consonant-candidate,AB 80,AB 21,AB 37,,12,9,,"AB 36, AB 37, AB 41, AB 42, AB 52",
consonant-candidate,AB 31,AB 22,AB 37,,12,2,,"AB 05, AB 37",
consonant-candidate,AB 21,AB 06,AB 37,,12,10,,"AB 20, AB 36, AB 37, AB 41, AB 42",
consonant-candidate,AB 16,AB 22,AB 37,,12,2,,"AB 05, AB 37",
consonant-candidate,AB 53,AB 29,AB 37,,12,8,,"AB 04, AB 37, AB 40, AB 44, AB 53",
consonant-candidate,AB 42,AB 47,AB 37,,12,2,,"AB 01, AB 37",
consonant-candidate,AB 42,AB 48,AB 37,,12,5,,"AB 27, AB 36, AB 37, AB 41, AB 59",
consonant-candidate,AB 76,AB 22,AB 37,,12,2,,"AB 05, AB 37",
consonant-candidate,AB 37,AB 22,AB 37,,12,3,,"AB 05, AB 37, AB 46",
consonant-candidate,AB 22,AB 47,AB 37,,12,1,,AB 37,
consonant-candidate,AB 22,AB 72,AB 37,,12,2,,"AB 05, AB 37",
consonant-candidate,AB 22,AB 07,AB 37,,12,2,,"AB 37, AB 46",
consonant-candidate,AB 22,AB 45,AB 37,,12,2,,"AB 05, AB 37",
consonant-candidate,AB 22,AB 48,AB 37,,12,1,,AB 37,
consonant-candidate,AB 22,AB 29,AB 37,,12,1,,AB 37,
consonant-candidate,AB 22,AB 40,AB 37,,12,3,,"AB 05, AB 37, AB 46",
consonant-candidate,AB 22,AB 62,AB 37,,12,1,,AB 37,
consonant-candidate,AB 22,AB 30,AB 37,,12,2,,"AB 05, AB 37",
consonant-candidate,AB 21,AB 64,AB 36,,12,2,,"AB 36, AB 57",
consonant-candidate,AB 64,AB 14,AB 36,,12,1,,AB 36,
consonant-candidate,AB 51,AB 21,AB 42,,12,2,,"AB 42, AB 53",
consonant-candidate,AB 09,AB 76,AB 42,,12,5,,"AB 04, AB 05, AB 42, AB 45, AB 53",
consonant-candidate,AB 30,AB 87,AB 59,,12,1,,AB 59,
consonant-candidate,AB 70,AB 34,AB 59,,12,3,,"AB 44, AB 59, AB 77",
consonant-candidate,AB 25,AB 34,AB 59,,12,3,,"AB 44, AB 59, AB 77",
consonant-candidate,AB 72,AB 87,AB 59,,12,1,,AB 59,
consonant-candidate,AB 43,AB 34,AB 59,,12,3,,"AB 44, AB 59, AB 77",
consonant-candidate,AB 16,AB 85,AB 59,,12,4,,"AB 04, AB 05, AB 45, AB 59",
consonant-candidate,AB 16,AB 19,AB 59,,12,1,,AB 59,
consonant-candidate,AB 41,AB 87,AB 59,,12,1,,AB 59,
consonant-candidate,AB 07,AB 71,AB 59,,12,1,,AB 59,
consonant-candidate,AB 73,AB 87,AB 59,,12,1,,AB 59,
consonant-candidate,AB 46,AB 71,AB 59,,12,2,,"AB 04, AB 59",
consonant-candidate,AB 71,AB 11,AB 59,,12,2,,"AB 04, AB 59",
consonant-candidate,AB 12,AB 65,AB 05,,12,3,,"AB 05, AB 77, AB 78",
consonant-candidate,AB 16,AB 65,AB 05,,12,2,,"AB 05, AB 77",
consonant-candidate,AB 74,AB 65,AB 05,,12,2,,"AB 05, AB 78",
consonant-candidate,AB 39,AB 35,AB 05,,12,2,,"AB 05, AB 67",
consonant-candidate,AB 51,AB 91,AB 75,,12,1,,AB 75,
consonant-candidate,AB 64,AB 25,AB 57,,12,1,,AB 57,
vowel-candidate,AB 56,AB 12,,AB 77,12,,13,,"AB 04, AB 05, AB 08, AB 10, AB 12"
vowel-candidate,AB 56,AB 24,,AB 77,12,,11,,"AB 02, AB 05, AB 08, AB 10, AB 12"
vowel-candidate,AB 56,AB 37,,AB 77,12,,13,,"AB 02, AB 04, AB 05, AB 08, AB 10"
vowel-candidate,AB 56,AB 28,,AB 77,12,,13,,"AB 02, AB 04, AB 05, AB 08, AB 10"
vowel-candidate,AB 56,AB 01,,AB 77,12,,14,,"AB 02, AB 04, AB 05, AB 08, AB 10"
vowel-candidate,AB 56,AB 77,,AB 77,12,,14,,"AB 02, AB 04, AB 05, AB 08, AB 10"
vowel-candidate,AB 56,AB 08,,AB 77,12,,14,,"AB 02, AB 04, AB 05, AB 08, AB 10"
vowel-candidate,AB 12,AB 09,,AB 77,12,,21,,"AB 04, AB 05, AB 06, AB 08, AB 11"
vowel-candidate,AB 12,AB 57,,AB 77,12,,32,,"AB 01, AB 03, AB 04, AB 06, AB 07"
vowel-candidate,AB 12,AB 33,,AB 77,12,,5,,"AB 04, AB 38, AB 39, AB 77, AB 80"
vowel-candidate,AB 12,AB 39,,AB 77,12,,31,,"AB 04, AB 05, AB 06, AB 07, AB 08"
vowel-candidate,AB 45,AB 36,,AB 77,12,,33,,"AB 02, AB 03, AB 04, AB 05, AB 06"
vowel-candidate,AB 45,AB 14,,AB 77,12,,30,,"AB 02, AB 03, AB 04, AB 05, AB 06"
vowel-candidate,AB 36,AB 52,,AB 77,12,,37,,"AB 01, AB 02, AB 03, AB 05, AB 06"
vowel-candidate,AB 36,AB 54,,AB 77,12,,37,,"AB 01, AB 02, AB 03, AB 04, AB 05"
vowel-candidate,AB 36,AB 07,,AB 77,12,,24,,"AB 02, AB 05, AB 10, AB 11, AB 15"
vowel-candidate,AB 24,AB 09,,AB 77,12,,21,,"AB 02, AB 05, AB 06, AB 08, AB 11"
vowel-candidate,AB 24,AB 57,,AB 77,12,,30,,"AB 01, AB 02, AB 06, AB 08, AB 09"
vowel-candidate,AB 24,AB 33,,AB 77,12,,4,,"AB 38, AB 72, AB 77, AB 80"
vowel-candidate,AB 24,AB 39,,AB 77,12,,27,,"AB 02, AB 05, AB 06, AB 08, AB 10"
vowel-candidate,AB 37,AB 09,,AB 77,12,,25,,"AB 02, AB 04, AB 05, AB 06, AB 08"
vowel-candidate,AB 37,AB 57,,AB 77,12,,37,,"AB 02, AB 03, AB 04, AB 06, AB 07"
vowel-candidate,AB 37,AB 33,,AB 77,12,,6,,"AB 04, AB 38, AB 39, AB 72, AB 77"
vowel-candidate,AB 37,AB 39,,AB 77,12,,33,,"AB 02, AB 04, AB 05, AB 06, AB 07"
vowel-candidate,AB 14,AB 52,,AB 77,12,,31,,"AB 01, AB 02, AB 03, AB 05, AB 06"
vowel-candidate,AB 14,AB 54,,AB 77,12,,36,,"AB 01, AB 02, AB 03, AB 04, AB 05"
vowel-candidate,AB 14,AB 07,,AB 77,12,,22,,"AB 02, AB 05, AB 10, AB 15, AB 36"
vowel-candidate,AB 28,AB 09,,AB 77,12,,23,,"AB 02, AB 04, AB 05, AB 06, AB 08"
vowel-candidate,AB 28,AB 57,,AB 77,12,,36,,"AB 01, AB 02, AB 03, AB 04, AB 06"
vowel-candidate,AB 28,AB 33,,AB 77,12,,6,,"AB 04, AB 38, AB 39, AB 72, AB 77"
vowel-candidate,AB 28,AB 39,,AB 77,12,,33,,"AB 02, AB 04, AB 05, AB 06, AB 08"
vowel-candidate,AB 01,AB 09,,AB 77,12,,23,,"AB 02, AB 04, AB 05, AB 06, AB 08"
vowel-candidate,AB 01,AB 57,,AB 77,12,,41,,"AB 01, AB 02, AB 03, AB 04, AB 06"
vowel-candidate,AB 01,AB 33,,AB 77,12,,6,,"AB 04, AB 38, AB 39, AB 72, AB 77"
vowel-candidate,AB 01,AB 39,,AB 77,12,,37,,"AB 02, AB 04, AB 05, AB 06, AB 07"
vowel-candidate,AB 77,AB 09,,AB 77,12,,26,,"AB 02, AB 04, AB 05, AB 06, AB 08"
vowel-candidate,AB 77,AB 57,,AB 77,12,,42,,"AB 01, AB 02, AB 03, AB 04, AB 06"
vowel-candidate,AB 77,AB 33,,AB 77,12,,6,,"AB 04, AB 38, AB 39, AB 72, AB 77"
vowel-candidate,AB 77,AB 39,,AB 77,12,,37,,"AB 02, AB 04, AB 05, AB 06, AB 07"
vowel-candidate,AB 09,AB 08,,AB 77,12,,23,,"AB 02, AB 04, AB 05, AB 06, AB 08"
vowel-candidate,AB 57,AB 08,,AB 77,12,,36,,"AB 02, AB 03, AB 04, AB 06, AB 08"
vowel-candidate,AB 08,AB 33,,AB 77,12,,5,,"AB 04, AB 38, AB 39, AB 72, AB 77"
vowel-candidate,AB 08,AB 39,,AB 77,12,,34,,"AB 02, AB 04, AB 05, AB 06, AB 08"
vowel-candidate,AB 57,AB 81,,AB 12,12,,32,,"AB 01, AB 02, AB 03, AB 04, AB 06"
vowel-candidate,AB 13,AB 16,,AB 12,12,,25,,"AB 02, AB 04, AB 05, AB 08, AB 10"
vowel-candidate,AB 13,AB 04,,AB 12,12,,40,,"AB 02, AB 03, AB 04, AB 05, AB 06"
vowel-candidate,AB 01,AB 58,,AB 12,12,,13,,"AB 02, AB 05, AB 06, AB 12, AB 36"
vowel-candidate,AB 60,AB 58,,AB 12,12,,14,,"AB 02, AB 05, AB 06, AB 12, AB 17"
vowel-candidate,AB 16,AB 10,,AB 12,12,,21,,"AB 02, AB 04, AB 05, AB 08, AB 12"
vowel-candidate,AB 16,AB 53,,AB 12,12,,24,,"AB 02, AB 04, AB 05, AB 08, AB 10"
vowel-candidate,AB 16,AB 69,,AB 12,12,,18,,"AB 02, AB 04, AB 05, AB 08, AB 10"
vowel-candidate,AB 16,AB 44,,AB 12,12,,25,,"AB 02, AB 04, AB 05, AB 08, AB 10"
vowel-candidate,AB 16,AB 39,,AB 12,12,,23,,"AB 02, AB 04, AB 05, AB 08, AB 10"
vowel-candidate,AB 16,AB 27,,AB 12,12,,24,,"AB 02, AB 04, AB 05, AB 08, AB 10"
vowel-candidate,AB 21,AB 03,,AB 12,12,,14,,"AB 04, AB 05, AB 08, AB 12, AB 28"
vowel-candidate,AB 21,AB 28,,AB 12,12,,13,,"AB 04, AB 05, AB 08, AB 12, AB 28"
vowel-candidate,AB 81,AB 58,,AB 12,12,,13,,"AB 02, AB 05, AB 06, AB 12, AB 17"
vowel-candidate,AB 81,AB 52,,AB 12,12,,30,,"AB 01, AB 02, AB 03, AB 05, AB 06"
vowel-candidate,AB 81,AB 54,,AB 12,12,,34,,"AB 01, AB 02, AB 03, AB 04, AB 05"
vowel-candidate,AB 81,AB 73,,AB 12,12,,26,,"AB 01, AB 02, AB 04, AB 05, AB 07"
vowel-candidate,AB 78,AB 26,,AB 12,12,,19,,"AB 02, AB 04, AB 05, AB 08, AB 10"
vowel-candidate,AB 57,AB 68,,AB 38,12,,5,,"AB 03, AB 08, AB 38, AB 78, AB 81"
vowel-candidate,AB 57,AB 65,,AB 38,12,,6,,"AB 08, AB 28, AB 38, AB 42, AB 53"
vowel-candidate,AB 67,AB 81,,AB 38,12,,28,,"AB 02, AB 03, AB 04, AB 05, AB 06"
vowel-candidate,AB 67,AB 32,,AB 38,12,,22,,"AB 02, AB 03, AB 05, AB 06, AB 07"
vowel-candidate,AB 80,AB 81,,AB 38,12,,31,,"AB 01, AB 02, AB 04, AB 05, AB 06"
vowel-candidate,AB 80,AB 32,,AB 38,12,,23,,"AB 02, AB 05, AB 06, AB 08, AB 10"
vowel-candidate,AB 75,AB 51,,AB 10,12,,13,,"AB 02, AB 04, AB 07, AB 08, AB 10"
vowel-candidate,AB 51,AB 45,,AB 10,12,,14,,"AB 02, AB 04, AB 07, AB 08, AB 10"
vowel-candidate,AB 59,AB 43,,AB 70,12,,12,,"AB 02, AB 05, AB 06, AB 15, AB 28"
vowel-candidate,AB 45,AB 43,,AB 70,12,,10,,"AB 02, AB 05, AB 06, AB 15, AB 36"
vowel-candidate,AB 67,AB 43,,AB 70,12,,9,,"AB 02, AB 05, AB 06, AB 15, AB 36"
vowel-candidate,AB 43,AB 03,,AB 70,12,,12,,"AB 02, AB 05, AB 06, AB 15, AB 28"
vowel-candidate,AB 43,AB 61,,AB 70,12,,12,,"AB 02, AB 05, AB 06, AB 15, AB 28"
vowel-candidate,AB 73,AB 17,,AB 02,12,,8,,"AB 02, AB 07, AB 27, AB 28, AB 36"
vowel-candidate,AB 06,AB 17,,AB 02,12,,8,,"AB 02, AB 13, AB 27, AB 28, AB 36"
vowel-candidate,AB 45,AB 74,,AB 02,12,,6,,"AB 02, AB 03, AB 08, AB 36, AB 42"
vowel-candidate,AB 43,AB 23,,AB 02,12,,3,,"AB 02, AB 05, AB 57"
vowel-candidate,AB 53,AB 17,,AB 02,12,,11,,"AB 02, AB 07, AB 13, AB 28, AB 36"
vowel-candidate,AB 58,AB 17,,AB 02,12,,3,,"AB 02, AB 36, AB 59"
vowel-candidate,AB 55,AB 17,,AB 02,12,,5,,"AB 02, AB 13, AB 53, AB 59, AB 73"
vowel-candidate,AB 27,AB 74,,AB 02,12,,7,,"AB 02, AB 03, AB 08, AB 28, AB 36"
vowel-candidate,AB 52,AB 48,,AB 37,12,,2,,"AB 01, AB 37"
vowel-candidate,AB 48,AB 04,,AB 37,12,,3,,"AB 01, AB 37, AB 41"
vowel-candidate,AB 27,AB 29,,AB 36,12,,8,,"AB 01, AB 05, AB 08, AB 36, AB 44"
vowel-candidate,AB 78,AB 48,,AB 41,12,,1,,AB 41
vowel-candidate,AB 76,AB 12,,AB 59,12,,6,,"AB 03, AB 16, AB 39, AB 44, AB 59"
vowel-candidate,AB 76,AB 58,,AB 59,12,,2,,"AB 39, AB 59"
vowel-candidate,AB 76,AB 62,,AB 59,12,,1,,AB 59
vowel-candidate,AB 15,AB 62,,AB 59,12,,3,,"AB 59, AB 60, AB 78"
vowel-candidate,AB 62,AB 04,,AB 59,12,,4,,"AB 26, AB 59, AB 60, AB 78"
vowel-candidate,AB 85,AB 21,,AB 05,12,,3,,"AB 05, AB 57, AB 78"
vowel-candidate,AB 21,AB 29,,AB 05,12,,6,,"AB 05, AB 08, AB 44, AB 45, AB 57"
vowel-candidate,AB 53,AB 22,,AB 07,12,,2,,"AB 07, AB 51"
vowel-candidate,AB 79,AB 74,,AB 08,12,,1,,AB 08
vowel-candidate,AB 79,AB 68,,AB 08,12,,1,,AB 08
vowel-candidate,AB 74,AB 34,,AB 08,12,,2,,"AB 08, AB 61"
vowel-candidate,AB 26,AB 64,,AB 08,12,,1,,AB 08
vowel-candidate,AB 21,AB 65,,AB 08,12,,3,,"AB 08, AB 28, AB 53"
vowel-candidate,AB 65,AB 64,,AB 08,12,,1,,AB 08
vowel-candidate,AB 68,AB 34,,AB 08,12,,1,,AB 08
vowel-candidate,AB 64,AB 09,,AB 08,12,,1,,AB 08
vowel-candidate,AB 70,AB 90,,AB 27,12,,1,,AB 27
vowel-candidate,AB 82,AB 81,,AB 27,12,,2,,"AB 27, AB 39"
vowel-candidate,AB 82,AB 06,,AB 27,12,,2,,"AB 27, AB 39"
vowel-candidate,AB 90,AB 15,,AB 27,12,,1,,AB 27
vowel-candidate,AB 46,AB 65,,AB 53,12,,2,,"AB 28, AB 53"
vowel-candidate,AB 37,AB 19,,AB 39,12,,1,,AB 39
vowel-candidate,AB 25,AB 19,,AB 39,12,,1,,AB 39
vowel-candidate,AB 80,AB 63,,AB 28,12,,2,,"AB 28, AB 81"
vowel-candidate,AB 91,AB 30,,AB 61,12,,1,,AB 61
vowel-candidate,AB 37,AB 83,,AB 26,12,,1,,AB 26
vowel-candidate,AB 54,AB 83,,AB 26,12,,2,,"AB 01, AB 26"
vowel-candidate,AB 62,AB 83,,AB 26,12,,1,,AB 26
vowel-candidate,AB 87,AB 38,,AB 01,12,,1,,AB 01
consonant-candidate,AB 08,AB 36,AB 56,,11,51,,"AB 01, AB 02, AB 03, AB 04, AB 05",
consonant-candidate,AB 02,AB 36,AB 56,,11,55,,"AB 01, AB 02, AB 03, AB 04, AB 05",
consonant-candidate,AB 36,AB 05,AB 56,,11,54,,"AB 01, AB 02, AB 03, AB 04, AB 05",
consonant-candidate,AB 36,AB 59,AB 56,,11,56,,"AB 01, AB 02, AB 03, AB 04, AB 05",
consonant-candidate,AB 56,AB 40,AB 12,,11,8,,"AB 01, AB 12, AB 37, AB 51, AB 52",
consonant-candidate,AB 56,AB 04,AB 12,,11,9,,"AB 01, AB 12, AB 26, AB 28, AB 37",
consonant-candidate,AB 56,AB 32,AB 12,,11,6,,"AB 01, AB 12, AB 28, AB 52, AB 60",
consonant-candidate,AB 55,AB 40,AB 12,,11,10,,"AB 03, AB 05, AB 12, AB 53, AB 59",
consonant-candidate,AB 55,AB 04,AB 12,,11,21,,"AB 03, AB 05, AB 08, AB 09, AB 12",
consonant-candidate,AB 55,AB 32,AB 12,,11,13,,"AB 03, AB 05, AB 08, AB 12, AB 13",
consonant-candidate,AB 40,AB 59,AB 12,,11,28,,"AB 01, AB 02, AB 03, AB 04, AB 05",
consonant-candidate,AB 40,AB 80,AB 12,,11,22,,"AB 01, AB 02, AB 04, AB 05, AB 06",
consonant-candidate,AB 04,AB 80,AB 12,,11,35,,"AB 01, AB 02, AB 04, AB 05, AB 06",
consonant-candidate,AB 59,AB 32,AB 12,,11,29,,"AB 01, AB 02, AB 03, AB 04, AB 05",
consonant-candidate,AB 77,AB 67,AB 12,,11,31,,"AB 01, AB 02, AB 03, AB 04, AB 05",
consonant-candidate,AB 77,AB 48,AB 12,,11,6,,"AB 12, AB 27, AB 36, AB 37, AB 41",
consonant-candidate,AB 77,AB 44,AB 12,,11,41,,"AB 01, AB 02, AB 03, AB 04, AB 05",
consonant-candidate,AB 77,AB 49,AB 12,,11,1,,AB 12,
consonant-candidate,AB 77,AB 17,AB 12,,11,14,,"AB 02, AB 05, AB 06, AB 08, AB 12",
consonant-candidate,AB 77,AB 07,AB 12,,11,23,,"AB 01, AB 02, AB 03, AB 10, AB 12",
consonant-candidate,AB 77,AB 09,AB 12,,11,22,,"AB 01, AB 02, AB 04, AB 05, AB 10",
consonant-candidate,AB 77,AB 63,AB 12,,11,3,,"AB 04, AB 10, AB 12",
consonant-candidate,AB 77,AB 16,AB 12,,11,28,,"AB 01, AB 02, AB 04, AB 05, AB 06",
consonant-candidate,AB 08,AB 28,AB 12,,11,43,,"AB 01, AB 02, AB 03, AB 04, AB 05",
consonant-candidate,AB 08,AB 01,AB 12,,11,33,,"AB 01, AB 02, AB 04, AB 05, AB 06",
consonant-candidate,AB 08,AB 47,AB 12,,11,3,,"AB 01, AB 12, AB 37",
consonant-candidate,AB 32,AB 80,AB 12,,11,22,,"AB 01, AB 02, AB 04, AB 05, AB 10",
consonant-candidate,AB 28,AB 43,AB 12,,11,13,,"AB 04, AB 12, AB 13, AB 30, AB 31",
consonant-candidate,AB 28,AB 39,AB 12,,11,41,,"AB 01, AB 02, AB 03, AB 04, AB 05",
consonant-candidate,AB 01,AB 43,AB 12,,11,10,,"AB 04, AB 12, AB 20, AB 42, AB 44",
consonant-candidate,AB 01,AB 39,AB 12,,11,32,,"AB 01, AB 02, AB 04, AB 05, AB 06",
consonant-candidate,AB 47,AB 43,AB 12,,11,2,,"AB 12, AB 37",
consonant-candidate,AB 47,AB 39,AB 12,,11,3,,"AB 01, AB 12, AB 37",
consonant-candidate,AB 90,AB 54,AB 38,,11,2,,"AB 36, AB 38",
consonant-candidate,AB 90,AB 25,AB 38,,11,1,,AB 38,
consonant-candidate,AB 40,AB 68,AB 38,,11,5,,"AB 36, AB 38, AB 60, AB 61, AB 81",
consonant-candidate,AB 37,AB 32,AB 38,,11,22,,"AB 01, AB 02, AB 03, AB 04, AB 05",
consonant-candidate,AB 53,AB 31,AB 38,,11,33,,"AB 01, AB 03, AB 04, AB 05, AB 06",
consonant-candidate,AB 53,AB 72,AB 38,,11,34,,"AB 01, AB 04, AB 05, AB 07, AB 08",
consonant-candidate,AB 67,AB 31,AB 38,,11,27,,"AB 01, AB 02, AB 03, AB 04, AB 05",
consonant-candidate,AB 67,AB 72,AB 38,,11,21,,"AB 01, AB 02, AB 04, AB 05, AB 08",
consonant-candidate,AB 41,AB 03,AB 38,,11,33,,"AB 01, AB 02, AB 03, AB 04, AB 05",
consonant-candidate,AB 41,AB 73,AB 38,,11,16,,"AB 03, AB 04, AB 05, AB 08, AB 27",
consonant-candidate,AB 03,AB 83,AB 38,,11,5,,"AB 27, AB 36, AB 38, AB 57, AB 61",
consonant-candidate,AB 07,AB 25,AB 38,,11,12,,"AB 01, AB 02, AB 03, AB 38, AB 53",
consonant-candidate,AB 30,AB 25,AB 38,,11,11,,"AB 03, AB 05, AB 08, AB 38, AB 44",
consonant-candidate,AB 81,AB 25,AB 38,,11,17,,"AB 01, AB 02, AB 03, AB 04, AB 24",
consonant-candidate,AB 73,AB 83,AB 38,,11,5,,"AB 27, AB 36, AB 38, AB 57, AB 61",
consonant-candidate,AB 68,AB 31,AB 38,,11,4,,"AB 08, AB 36, AB 38, AB 60",
consonant-candidate,AB 68,AB 72,AB 38,,11,6,,"AB 08, AB 24, AB 32, AB 38, AB 60",
consonant-candidate,AB 16,AB 25,AB 38,,11,16,,"AB 01, AB 02, AB 04, AB 05, AB 13",
consonant-candidate,AB 32,AB 13,AB 38,,11,19,,"AB 02, AB 04, AB 05, AB 08, AB 10",
consonant-candidate,AB 32,AB 62,AB 38,,11,4,,"AB 27, AB 38, AB 52, AB 60",
consonant-candidate,AB 31,AB 01,AB 38,,11,27,,"AB 01, AB 02, AB 04, AB 05, AB 06",
consonant-candidate,AB 01,AB 72,AB 38,,11,23,,"AB 01, AB 02, AB 04, AB 05, AB 10",
consonant-candidate,AB 70,AB 82,AB 70,,11,4,,"AB 45, AB 61, AB 70, AB 80",
consonant-candidate,AB 70,AB 79,AB 70,,11,2,,"AB 04, AB 70",
consonant-candidate,AB 76,AB 43,AB 70,,11,4,,"AB 04, AB 37, AB 42, AB 70",
consonant-candidate,AB 76,AB 07,AB 70,,11,5,,"AB 37, AB 42, AB 45, AB 53, AB 70",
consonant-candidate,AB 76,AB 73,AB 70,,11,8,,"AB 04, AB 05, AB 08, AB 37, AB 45",
consonant-candidate,AB 76,AB 32,AB 70,,11,6,,"AB 04, AB 05, AB 08, AB 42, AB 61",
consonant-candidate,AB 31,AB 23,AB 70,,11,6,,"AB 02, AB 05, AB 37, AB 55, AB 59",
consonant-candidate,AB 31,AB 33,AB 70,,11,3,,"AB 42, AB 54, AB 70",
consonant-candidate,AB 31,AB 46,AB 70,,11,15,,"AB 01, AB 02, AB 04, AB 05, AB 14",
consonant-candidate,AB 44,AB 82,AB 70,,11,4,,"AB 45, AB 61, AB 70, AB 80",
consonant-candidate,AB 44,AB 79,AB 70,,11,2,,"AB 04, AB 70",
consonant-candidate,AB 11,AB 23,AB 70,,11,5,,"AB 02, AB 05, AB 37, AB 59, AB 70",
consonant-candidate,AB 11,AB 33,AB 70,,11,2,,"AB 42, AB 70",
consonant-candidate,AB 11,AB 46,AB 70,,11,14,,"AB 01, AB 02, AB 04, AB 05, AB 20",
consonant-candidate,AB 43,AB 37,AB 70,,11,13,,"AB 04, AB 13, AB 30, AB 31, AB 37",
consonant-candidate,AB 43,AB 13,AB 70,,11,10,,"AB 04, AB 20, AB 30, AB 31, AB 37",
consonant-candidate,AB 43,AB 78,AB 70,,11,8,,"AB 04, AB 13, AB 42, AB 44, AB 54",
consonant-candidate,AB 55,AB 23,AB 70,,11,3,,"AB 05, AB 59, AB 70",
consonant-candidate,AB 55,AB 33,AB 70,,11,3,,"AB 42, AB 54, AB 70",
consonant-candidate,AB 55,AB 46,AB 70,,11,11,,"AB 05, AB 15, AB 40, AB 42, AB 44",
consonant-candidate,AB 30,AB 23,AB 70,,11,4,,"AB 05, AB 37, AB 59, AB 70",
consonant-candidate,AB 30,AB 33,AB 70,,11,1,,AB 70,
consonant-candidate,AB 30,AB 46,AB 70,,11,9,,"AB 05, AB 15, AB 41, AB 44, AB 57",
consonant-candidate,AB 23,AB 58,AB 70,,11,4,,"AB 02, AB 05, AB 37, AB 70",
consonant-candidate,AB 58,AB 33,AB 70,,11,1,,AB 70,
consonant-candidate,AB 58,AB 46,AB 70,,11,4,,"AB 02, AB 05, AB 20, AB 70",
consonant-candidate,AB 29,AB 81,AB 02,,11,9,,"AB 02, AB 04, AB 26, AB 27, AB 44",
consonant-candidate,AB 29,AB 25,AB 02,,11,7,,"AB 02, AB 04, AB 27, AB 44, AB 53",
consonant-candidate,AB 51,AB 69,AB 02,,11,11,,"AB 02, AB 05, AB 06, AB 26, AB 30",
consonant-candidate,AB 51,AB 17,AB 02,,11,6,,"AB 02, AB 05, AB 06, AB 42, AB 75",
consonant-candidate,AB 51,AB 58,AB 02,,11,3,,"AB 02, AB 05, AB 53",
consonant-candidate,AB 81,AB 23,AB 02,,11,2,,"AB 02, AB 59",
consonant-candidate,AB 75,AB 21,AB 37,,11,9,,"AB 36, AB 37, AB 41, AB 42, AB 52",
consonant-candidate,AB 21,AB 74,AB 37,,11,1,,AB 37,
consonant-candidate,AB 21,AB 58,AB 37,,11,4,,"AB 20, AB 37, AB 53, AB 60",
consonant-candidate,AB 21,AB 03,AB 37,,11,11,,"AB 20, AB 36, AB 37, AB 41, AB 42",
consonant-candidate,AB 21,AB 73,AB 37,,11,9,,"AB 20, AB 36, AB 37, AB 45, AB 52",
consonant-candidate,AB 21,AB 27,AB 37,,11,9,,"AB 36, AB 37, AB 41, AB 42, AB 45",
consonant-candidate,AB 21,AB 13,AB 37,,11,10,,"AB 20, AB 37, AB 41, AB 42, AB 45",
consonant-candidate,AB 64,AB 09,AB 36,,11,2,,"AB 36, AB 57",
consonant-candidate,AB 70,AB 85,AB 59,,11,6,,"AB 04, AB 05, AB 44, AB 45, AB 53",
consonant-candidate,AB 70,AB 19,AB 59,,11,1,,AB 59,
consonant-candidate,AB 48,AB 25,AB 59,,11,2,,"AB 27, AB 59",
consonant-candidate,AB 25,AB 21,AB 59,,11,5,,"AB 52, AB 53, AB 57, AB 59, AB 60",
consonant-candidate,AB 25,AB 85,AB 59,,11,5,,"AB 04, AB 05, AB 44, AB 53, AB 59",
consonant-candidate,AB 25,AB 19,AB 59,,11,1,,AB 59,
consonant-candidate,AB 43,AB 85,AB 59,,11,3,,"AB 04, AB 44, AB 59",
consonant-candidate,AB 43,AB 19,AB 59,,11,1,,AB 59,
consonant-candidate,AB 61,AB 87,AB 59,,11,1,,AB 59,
consonant-candidate,AB 87,AB 24,AB 59,,11,1,,AB 59,
consonant-candidate,AB 04,AB 34,AB 59,,11,3,,"AB 44, AB 59, AB 77",
consonant-candidate,AB 34,AB 14,AB 59,,11,3,,"AB 44, AB 59, AB 77",
consonant-candidate,AB 01,AB 35,AB 05,,11,1,,AB 05,
consonant-candidate,AB 85,AB 65,AB 05,,11,1,,AB 05,
consonant-candidate,AB 65,AB 76,AB 05,,11,1,,AB 05,
consonant-candidate,AB 17,AB 91,AB 75,,11,1,,AB 75,
consonant-candidate,AB 81,AB 91,AB 75,,11,1,,AB 75,
consonant-candidate,AB 29,AB 91,AB 75,,11,1,,AB 75,
consonant-candidate,AB 10,AB 91,AB 75,,11,1,,AB 75,
consonant-candidate,AB 69,AB 68,AB 60,,11,4,,"AB 08, AB 32, AB 60, AB 61",
consonant-candidate,AB 83,AB 26,AB 57,,11,2,,"AB 57, AB 61",
consonant-candidate,AB 82,AB 21,AB 45,,11,1,,AB 45,
vowel-candidate,AB 55,AB 12,,AB 77,11,,12,,"AB 01, AB 03, AB 08, AB 09, AB 44"
vowel-candidate,AB 55,AB 24,,AB 77,11,,15,,"AB 01, AB 02, AB 08, AB 09, AB 13"
vowel-candidate,AB 55,AB 37,,AB 77,11,,17,,"AB 02, AB 03, AB 08, AB 13, AB 23"
vowel-candidate,AB 55,AB 28,,AB 77,11,,15,,"AB 01, AB 02, AB 03, AB 08, AB 13"
vowel-candidate,AB 55,AB 01,,AB 77,11,,17,,"AB 01, AB 02, AB 03, AB 08, AB 09"
vowel-candidate,AB 55,AB 77,,AB 77,11,,17,,"AB 01, AB 02, AB 03, AB 08, AB 31"
vowel-candidate,AB 55,AB 08,,AB 77,11,,17,,"AB 02, AB 03, AB 08, AB 13, AB 31"
vowel-candidate,AB 15,AB 45,,AB 77,11,,24,,"AB 02, AB 03, AB 04, AB 05, AB 06"
vowel-candidate,AB 15,AB 52,,AB 77,11,,25,,"AB 01, AB 02, AB 03, AB 05, AB 06"
vowel-candidate,AB 15,AB 54,,AB 77,11,,30,,"AB 01, AB 02, AB 03, AB 04, AB 05"
vowel-candidate,AB 15,AB 07,,AB 77,11,,18,,"AB 02, AB 05, AB 08, AB 10, AB 30"
vowel-candidate,AB 12,AB 73,,AB 77,11,,25,,"AB 01, AB 04, AB 05, AB 07, AB 08"
vowel-candidate,AB 12,AB 50,,AB 77,11,,19,,"AB 01, AB 03, AB 04, AB 05, AB 06"
vowel-candidate,AB 12,AB 67,,AB 77,11,,25,,"AB 03, AB 04, AB 05, AB 06, AB 07"
vowel-candidate,AB 12,AB 23,,AB 77,11,,5,,"AB 05, AB 08, AB 57, AB 67, AB 77"
vowel-candidate,AB 12,AB 69,,AB 77,11,,21,,"AB 03, AB 04, AB 05, AB 08, AB 10"
vowel-candidate,AB 12,AB 25,,AB 77,11,,17,,"AB 01, AB 04, AB 05, AB 36, AB 39"
vowel-candidate,AB 12,AB 20,,AB 77,11,,17,,"AB 01, AB 03, AB 06, AB 07, AB 11"
vowel-candidate,AB 45,AB 30,,AB 77,11,,29,,"AB 02, AB 03, AB 05, AB 06, AB 08"
vowel-candidate,AB 45,AB 11,,AB 77,11,,31,,"AB 02, AB 03, AB 04, AB 05, AB 06"
vowel-candidate,AB 45,AB 72,,AB 77,11,,26,,"AB 02, AB 03, AB 04, AB 05, AB 06"
vowel-candidate,AB 36,AB 10,,AB 77,11,,30,,"AB 01, AB 02, AB 03, AB 04, AB 05"
vowel-candidate,AB 24,AB 73,,AB 77,11,,26,,"AB 01, AB 02, AB 05, AB 08, AB 10"
vowel-candidate,AB 24,AB 50,,AB 77,11,,20,,"AB 01, AB 02, AB 05, AB 06, AB 08"
vowel-candidate,AB 24,AB 67,,AB 77,11,,25,,"AB 02, AB 05, AB 06, AB 08, AB 10"
vowel-candidate,AB 24,AB 23,,AB 77,11,,7,,"AB 02, AB 05, AB 08, AB 37, AB 41"
vowel-candidate,AB 24,AB 69,,AB 77,11,,21,,"AB 02, AB 05, AB 08, AB 10, AB 12"
vowel-candidate,AB 24,AB 25,,AB 77,11,,16,,"AB 01, AB 05, AB 27, AB 36, AB 41"
vowel-candidate,AB 24,AB 20,,AB 77,11,,17,,"AB 01, AB 02, AB 06, AB 11, AB 13"
vowel-candidate,AB 37,AB 73,,AB 77,11,,27,,"AB 02, AB 04, AB 05, AB 07, AB 08"
vowel-candidate,AB 37,AB 50,,AB 77,11,,20,,"AB 02, AB 03, AB 04, AB 05, AB 06"
vowel-candidate,AB 37,AB 67,,AB 77,11,,34,,"AB 02, AB 03, AB 04, AB 05, AB 06"
vowel-candidate,AB 37,AB 23,,AB 77,11,,8,,"AB 02, AB 05, AB 08, AB 31, AB 37"
vowel-candidate,AB 37,AB 69,,AB 77,11,,23,,"AB 02, AB 03, AB 04, AB 05, AB 08"
vowel-candidate,AB 37,AB 25,,AB 77,11,,19,,"AB 04, AB 05, AB 24, AB 27, AB 36"
vowel-candidate,AB 37,AB 20,,AB 77,11,,25,,"AB 02, AB 03, AB 06, AB 07, AB 11"
vowel-candidate,AB 14,AB 10,,AB 77,11,,30,,"AB 01, AB 02, AB 03, AB 04, AB 05"
vowel-candidate,AB 30,AB 52,,AB 77,11,,31,,"AB 02, AB 03, AB 05, AB 06, AB 08"
vowel-candidate,AB 30,AB 54,,AB 77,11,,33,,"AB 02, AB 03, AB 05, AB 06, AB 08"
vowel-candidate,AB 30,AB 07,,AB 77,11,,21,,"AB 02, AB 05, AB 08, AB 11, AB 15"
vowel-candidate,AB 52,AB 11,,AB 77,11,,33,,"AB 01, AB 02, AB 03, AB 05, AB 06"
vowel-candidate,AB 52,AB 72,,AB 77,11,,28,,"AB 01, AB 02, AB 03, AB 05, AB 06"
vowel-candidate,AB 28,AB 73,,AB 77,11,,27,,"AB 01, AB 02, AB 04, AB 05, AB 08"
vowel-candidate,AB 28,AB 50,,AB 77,11,,24,,"AB 01, AB 02, AB 03, AB 04, AB 05"
vowel-candidate,AB 28,AB 67,,AB 77,11,,30,,"AB 02, AB 03, AB 04, AB 05, AB 06"
vowel-candidate,AB 28,AB 23,,AB 77,11,,7,,"AB 02, AB 05, AB 08, AB 31, AB 41"
vowel-candidate,AB 28,AB 69,,AB 77,11,,24,,"AB 02, AB 03, AB 04, AB 05, AB 08"
vowel-candidate,AB 28,AB 25,,AB 77,11,,20,,"AB 01, AB 04, AB 05, AB 24, AB 27"
vowel-candidate,AB 28,AB 20,,AB 77,11,,19,,"AB 01, AB 02, AB 03, AB 06, AB 11"
vowel-candidate,AB 73,AB 01,,AB 77,11,,29,,"AB 01, AB 02, AB 04, AB 05, AB 07"
vowel-candidate,AB 73,AB 77,,AB 77,11,,32,,"AB 01, AB 02, AB 04, AB 05, AB 07"
vowel-candidate,AB 73,AB 08,,AB 77,11,,26,,"AB 02, AB 04, AB 05, AB 08, AB 10"
vowel-candidate,AB 54,AB 11,,AB 77,11,,35,,"AB 01, AB 02, AB 03, AB 04, AB 05"
vowel-candidate,AB 54,AB 72,,AB 77,11,,33,,"AB 01, AB 02, AB 03, AB 04, AB 05"
vowel-candidate,AB 01,AB 50,,AB 77,11,,24,,"AB 01, AB 02, AB 03, AB 04, AB 05"
vowel-candidate,AB 01,AB 67,,AB 77,11,,32,,"AB 02, AB 03, AB 04, AB 05, AB 06"
vowel-candidate,AB 01,AB 23,,AB 77,11,,9,,"AB 02, AB 05, AB 08, AB 31, AB 37"
vowel-candidate,AB 01,AB 69,,AB 77,11,,26,,"AB 02, AB 03, AB 04, AB 05, AB 08"
vowel-candidate,AB 01,AB 25,,AB 77,11,,21,,"AB 01, AB 04, AB 05, AB 20, AB 24"
vowel-candidate,AB 01,AB 20,,AB 77,11,,21,,"AB 01, AB 02, AB 03, AB 06, AB 07"
vowel-candidate,AB 11,AB 07,,AB 77,11,,22,,"AB 02, AB 05, AB 08, AB 10, AB 11"
vowel-candidate,AB 50,AB 77,,AB 77,11,,24,,"AB 01, AB 02, AB 03, AB 04, AB 05"
vowel-candidate,AB 50,AB 08,,AB 77,11,,23,,"AB 02, AB 03, AB 04, AB 05, AB 06"
vowel-candidate,AB 67,AB 77,,AB 77,11,,35,,"AB 02, AB 03, AB 04, AB 05, AB 06"
vowel-candidate,AB 67,AB 08,,AB 77,11,,32,,"AB 02, AB 03, AB 04, AB 05, AB 06"
vowel-candidate,AB 77,AB 23,,AB 77,11,,8,,"AB 02, AB 05, AB 08, AB 31, AB 37"
vowel-candidate,AB 77,AB 69,,AB 77,11,,26,,"AB 02, AB 03, AB 04, AB 05, AB 08"
vowel-candidate,AB 77,AB 25,,AB 77,11,,21,,"AB 01, AB 04, AB 05, AB 24, AB 27"
vowel-candidate,AB 77,AB 20,,AB 77,11,,23,,"AB 01, AB 02, AB 03, AB 06, AB 07"
vowel-candidate,AB 07,AB 72,,AB 77,11,,20,,"AB 02, AB 05, AB 08, AB 10, AB 11"
vowel-candidate,AB 23,AB 08,,AB 77,11,,9,,"AB 02, AB 05, AB 08, AB 31, AB 37"
vowel-candidate,AB 69,AB 08,,AB 77,11,,25,,"AB 02, AB 03, AB 04, AB 05, AB 08"
vowel-candidate,AB 08,AB 25,,AB 77,11,,21,,"AB 04, AB 05, AB 20, AB 24, AB 27"
vowel-candidate,AB 08,AB 20,,AB 77,11,,22,,"AB 02, AB 03, AB 06, AB 11, AB 13"
vowel-candidate,AB 57,AB 78,,AB 12,11,,28,,"AB 02, AB 03, AB 04, AB 06, AB 08"
vowel-candidate,AB 36,AB 58,,AB 12,11,,13,,"AB 02, AB 05, AB 06, AB 12, AB 36"
vowel-candidate,AB 14,AB 13,,AB 12,11,,31,,"AB 02, AB 03, AB 04, AB 05, AB 06"
vowel-candidate,AB 13,AB 30,,AB 12,11,,30,,"AB 02, AB 03, AB 05, AB 06, AB 08"
vowel-candidate,AB 13,AB 41,,AB 12,11,,33,,"AB 02, AB 03, AB 04, AB 05, AB 06"
vowel-candidate,AB 70,AB 58,,AB 12,11,,13,,"AB 02, AB 05, AB 06, AB 12, AB 17"
vowel-candidate,AB 01,AB 21,,AB 12,11,,14,,"AB 04, AB 05, AB 08, AB 12, AB 28"
vowel-candidate,AB 05,AB 58,,AB 12,11,,13,,"AB 02, AB 05, AB 06, AB 12, AB 17"
vowel-candidate,AB 77,AB 58,,AB 12,11,,13,,"AB 02, AB 05, AB 06, AB 12, AB 36"
vowel-candidate,AB 60,AB 21,,AB 12,11,,14,,"AB 04, AB 05, AB 08, AB 12, AB 28"
vowel-candidate,AB 16,AB 26,,AB 12,11,,18,,"AB 02, AB 04, AB 05, AB 08, AB 10"
vowel-candidate,AB 61,AB 58,,AB 12,11,,13,,"AB 02, AB 05, AB 06, AB 12, AB 17"
vowel-candidate,AB 12,AB 81,,AB 12,11,,30,,"AB 01, AB 03, AB 04, AB 05, AB 06"
vowel-candidate,AB 21,AB 81,,AB 12,11,,14,,"AB 04, AB 05, AB 08, AB 12, AB 28"
vowel-candidate,AB 81,AB 56,,AB 12,11,,12,,"AB 02, AB 04, AB 05, AB 08, AB 10"
vowel-candidate,AB 81,AB 50,,AB 12,11,,22,,"AB 01, AB 02, AB 03, AB 04, AB 05"
vowel-candidate,AB 81,AB 11,,AB 12,11,,33,,"AB 01, AB 02, AB 03, AB 04, AB 05"
vowel-candidate,AB 81,AB 06,,AB 12,11,,31,,"AB 01, AB 02, AB 03, AB 04, AB 05"
vowel-candidate,AB 78,AB 58,,AB 12,11,,12,,"AB 02, AB 05, AB 06, AB 12, AB 17"
vowel-candidate,AB 78,AB 52,,AB 12,11,,25,,"AB 02, AB 03, AB 05, AB 06, AB 08"
vowel-candidate,AB 78,AB 54,,AB 12,11,,31,,"AB 02, AB 03, AB 04, AB 05, AB 06"
vowel-candidate,AB 78,AB 73,,AB 12,11,,22,,"AB 02, AB 04, AB 05, AB 08, AB 10"
vowel-candidate,AB 58,AB 42,,AB 12,11,,13,,"AB 02, AB 05, AB 06, AB 12, AB 17"
vowel-candidate,AB 58,AB 24,,AB 12,11,,11,,"AB 02, AB 05, AB 06, AB 12, AB 36"
vowel-candidate,AB 57,AB 32,,AB 38,11,,22,,"AB 02, AB 03, AB 06, AB 07, AB 08"
vowel-candidate,AB 08,AB 68,,AB 38,11,,5,,"AB 03, AB 08, AB 38, AB 69, AB 78"
vowel-candidate,AB 08,AB 65,,AB 38,11,,6,,"AB 08, AB 28, AB 38, AB 42, AB 53"
vowel-candidate,AB 67,AB 51,,AB 10,11,,12,,"AB 02, AB 04, AB 07, AB 08, AB 10"
vowel-candidate,AB 11,AB 43,,AB 70,11,,12,,"AB 02, AB 05, AB 06, AB 15, AB 28"
vowel-candidate,AB 43,AB 28,,AB 70,11,,12,,"AB 02, AB 05, AB 06, AB 15, AB 28"
vowel-candidate,AB 43,AB 72,,AB 70,11,,12,,"AB 02, AB 05, AB 06, AB 15, AB 28"
vowel-candidate,AB 25,AB 51,,AB 70,11,,10,,"AB 04, AB 36, AB 41, AB 42, AB 44"
vowel-candidate,AB 73,AB 74,,AB 02,11,,6,,"AB 02, AB 08, AB 28, AB 36, AB 42"
vowel-candidate,AB 06,AB 74,,AB 02,11,,7,,"AB 02, AB 03, AB 08, AB 28, AB 36"
vowel-candidate,AB 53,AB 74,,AB 02,11,,7,,"AB 02, AB 03, AB 08, AB 28, AB 36"
vowel-candidate,AB 69,AB 17,,AB 02,11,,6,,"AB 02, AB 13, AB 36, AB 53, AB 57"
vowel-candidate,AB 58,AB 74,,AB 02,11,,3,,"AB 02, AB 36, AB 42"
vowel-candidate,AB 55,AB 74,,AB 02,11,,5,,"AB 02, AB 03, AB 08, AB 42, AB 61"
vowel-candidate,AB 37,AB 46,,AB 54,11,,11,,"AB 07, AB 22, AB 28, AB 37, AB 39"
vowel-candidate,AB 37,AB 63,,AB 54,11,,2,,"AB 28, AB 54"
vowel-candidate,AB 46,AB 69,,AB 54,11,,8,,"AB 37, AB 39, AB 40, AB 53, AB 54"
vowel-candidate,AB 46,AB 38,,AB 54,11,,12,,"AB 01, AB 07, AB 28, AB 37, AB 39"
vowel-candidate,AB 46,AB 39,,AB 54,11,,9,,"AB 07, AB 28, AB 39, AB 40, AB 53"
vowel-candidate,AB 69,AB 63,,AB 54,11,,2,,"AB 54, AB 81"
vowel-candidate,AB 38,AB 63,,AB 54,11,,3,,"AB 28, AB 54, AB 81"
vowel-candidate,AB 39,AB 63,,AB 54,11,,3,,"AB 28, AB 54, AB 81"
vowel-candidate,AB 16,AB 48,,AB 37,11,,1,,AB 37
vowel-candidate,AB 46,AB 48,,AB 37,11,,3,,"AB 01, AB 37, AB 41"
vowel-candidate,AB 75,AB 48,,AB 37,11,,3,,"AB 01, AB 37, AB 41"
vowel-candidate,AB 48,AB 42,,AB 37,11,,3,,"AB 01, AB 37, AB 41"
vowel-candidate,AB 48,AB 06,,AB 37,11,,3,,"AB 01, AB 37, AB 41"
vowel-candidate,AB 48,AB 05,,AB 37,11,,3,,"AB 01, AB 37, AB 41"
vowel-candidate,AB 07,AB 29,,AB 36,11,,6,,"AB 05, AB 08, AB 36, AB 45, AB 57"
vowel-candidate,AB 41,AB 29,,AB 36,11,,7,,"AB 01, AB 05, AB 08, AB 36, AB 44"
vowel-candidate,AB 67,AB 29,,AB 36,11,,7,,"AB 05, AB 08, AB 36, AB 44, AB 45"
vowel-candidate,AB 27,AB 34,,AB 24,11,,4,,"AB 08, AB 15, AB 24, AB 61"
vowel-candidate,AB 03,AB 34,,AB 24,11,,4,,"AB 08, AB 15, AB 24, AB 61"
vowel-candidate,AB 13,AB 34,,AB 24,11,,4,,"AB 08, AB 15, AB 24, AB 61"
vowel-candidate,AB 11,AB 34,,AB 24,11,,4,,"AB 08, AB 15, AB 24, AB 61"
vowel-candidate,AB 59,AB 34,,AB 24,11,,4,,"AB 08, AB 15, AB 24, AB 61"
vowel-candidate,AB 14,AB 34,,AB 24,11,,3,,"AB 15, AB 24, AB 61"
vowel-candidate,AB 76,AB 56,,AB 59,11,,2,,"AB 59, AB 75"
vowel-candidate,AB 76,AB 50,,AB 59,11,,4,,"AB 03, AB 39, AB 44, AB 59"
vowel-candidate,AB 31,AB 62,,AB 59,11,,3,,"AB 26, AB 59, AB 60"
vowel-candidate,AB 39,AB 62,,AB 59,11,,5,,"AB 07, AB 26, AB 59, AB 60, AB 78"
vowel-candidate,AB 17,AB 62,,AB 59,11,,2,,"AB 07, AB 59"
vowel-candidate,AB 42,AB 22,,AB 07,11,,3,,"AB 01, AB 07, AB 51"
vowel-candidate,AB 01,AB 22,,AB 07,11,,2,,"AB 01, AB 07"
vowel-candidate,AB 31,AB 79,,AB 08,11,,2,,"AB 08, AB 80"
vowel-candidate,AB 31,AB 34,,AB 08,11,,2,,"AB 08, AB 61"
vowel-candidate,AB 79,AB 21,,AB 08,11,,1,,AB 08
vowel-candidate,AB 79,AB 11,,AB 08,11,,1,,AB 08
vowel-candidate,AB 79,AB 64,,AB 08,11,,1,,AB 08
vowel-candidate,AB 21,AB 34,,AB 08,11,,1,,AB 08
vowel-candidate,AB 78,AB 64,,AB 08,11,,1,,AB 08
vowel-candidate,AB 32,AB 64,,AB 08,11,,1,,AB 08
vowel-candidate,AB 34,AB 64,,AB 08,11,,1,,AB 08
vowel-candidate,AB 16,AB 64,,AB 08,11,,1,,AB 08
vowel-candidate,AB 64,AB 40,,AB 08,11,,1,,AB 08
vowel-candidate,AB 67,AB 82,,AB 27,11,,2,,"AB 27, AB 39"
vowel-candidate,AB 82,AB 72,,AB 27,11,,2,,"AB 27, AB 39"
vowel-candidate,AB 90,AB 81,,AB 27,11,,1,,AB 27
vowel-candidate,AB 90,AB 06,,AB 27,11,,1,,AB 27
vowel-candidate,AB 36,AB 79,,AB 80,11,,1,,AB 80
vowel-candidate,AB 27,AB 19,,AB 39,11,,1,,AB 39
vowel-candidate,AB 14,AB 19,,AB 39,11,,1,,AB 39
vowel-candidate,AB 09,AB 63,,AB 28,11,,1,,AB 28
vowel-candidate,AB 67,AB 91,,AB 61,11,,1,,AB 61
vowel-candidate,AB 06,AB 22,,AB 51,11,,2,,"AB 01, AB 51"
vowel-candidate,AB 40,AB 83,,AB 26,11,,2,,"AB 01, AB 26"
vowel-candidate,AB 56,AB 83,,AB 26,11,,1,,AB 26
vowel-candidate,AB 60,AB 83,,AB 26,11,,2,,"AB 01, AB 26"
vowel-candidate,AB 14,AB 83,,AB 26,11,,2,,"AB 01, AB 26"
vowel-candidate,AB 80,AB 83,,AB 26,11,,2,,"AB 01, AB 26"
vowel-candidate,AB 72,AB 83,,AB 26,11,,2,,"AB 01, AB 26"
vowel-candidate,AB 78,AB 83,,AB 26,11,,1,,AB 26
vowel-candidate,AB 04,AB 83,,AB 26,11,,2,,"AB 01, AB 26"
vowel-candidate,AB 83,AB 73,,AB 26,11,,2,,"AB 01, AB 26"
vowel-candidate,AB 68,AB 63,,AB 81,11,,1,,AB 81
vowel-candidate,AB 12,AB 48,,AB 01,11,,1,,AB 01
vowel-candidate,AB 48,AB 83,,AB 01,11,,1,,AB 01
vowel-candidate,AB 83,AB 10,,AB 01,11,,1,,AB 01
vowel-candidate,AB 87,AB 41,,AB 01,11,,1,,AB 01
consonant-candidate,AB 77,AB 36,AB 56,,10,47,,"AB 01, AB 02, AB 03, AB 04, AB 05",
consonant-candidate,AB 36,AB 52,AB 56,,10,51,,"AB 01, AB 02, AB 03, AB 04, AB 05",
consonant-candidate,AB 36,AB 60,AB 56,,10,54,,"AB 01, AB 02, AB 03, AB 04, AB 05",
consonant-candidate,AB 56,AB 55,AB 12,,10,4,,"AB 12, AB 53, AB 60, AB 70",
consonant-candidate,AB 56,AB 59,AB 12,,10,9,,"AB 01, AB 12, AB 26, AB 28, AB 37",
consonant-candidate,AB 56,AB 80,AB 12,,10,9,,"AB 01, AB 12, AB 26, AB 28, AB 37",
consonant-candidate,AB 55,AB 59,AB 12,,10,21,,"AB 03, AB 05, AB 08, AB 09, AB 12",
consonant-candidate,AB 55,AB 80,AB 12,,10,15,,"AB 05, AB 09, AB 12, AB 25, AB 42",
consonant-candidate,AB 03,AB 28,AB 12,,10,37,,"AB 01, AB 02, AB 03, AB 04, AB 05",
consonant-candidate,AB 03,AB 01,AB 12,,10,32,,"AB 01, AB 02, AB 04, AB 05, AB 06",
consonant-candidate,AB 03,AB 47,AB 12,,10,3,,"AB 01, AB 12, AB 37",
consonant-candidate,AB 38,AB 28,AB 12,,10,41,,"AB 01, AB 02, AB 03, AB 04, AB 05",
consonant-candidate,AB 38,AB 01,AB 12,,10,31,,"AB 01, AB 02, AB 04, AB 05, AB 06",
consonant-candidate,AB 38,AB 47,AB 12,,10,3,,"AB 01, AB 12, AB 37",
consonant-candidate,AB 40,AB 08,AB 12,,10,25,,"AB 01, AB 02, AB 03, AB 04, AB 05",
consonant-candidate,AB 40,AB 43,AB 12,,10,7,,"AB 04, AB 12, AB 31, AB 37, AB 59",
consonant-candidate,AB 40,AB 39,AB 12,,10,27,,"AB 01, AB 02, AB 03, AB 04, AB 05",
consonant-candidate,AB 04,AB 43,AB 12,,10,13,,"AB 04, AB 12, AB 13, AB 31, AB 37",
consonant-candidate,AB 04,AB 39,AB 12,,10,44,,"AB 01, AB 02, AB 03, AB 04, AB 05",
consonant-candidate,AB 59,AB 80,AB 12,,10,37,,"AB 01, AB 02, AB 04, AB 05, AB 06",
consonant-candidate,AB 08,AB 32,AB 12,,10,28,,"AB 01, AB 02, AB 03, AB 04, AB 05",
consonant-candidate,AB 32,AB 43,AB 12,,10,9,,"AB 04, AB 12, AB 13, AB 30, AB 42",
consonant-candidate,AB 32,AB 39,AB 12,,10,27,,"AB 01, AB 02, AB 03, AB 04, AB 05",
consonant-candidate,AB 73,AB 28,AB 12,,10,20,,"AB 03, AB 04, AB 05, AB 08, AB 12",
consonant-candidate,AB 73,AB 01,AB 12,,10,15,,"AB 04, AB 05, AB 12, AB 20, AB 27",
consonant-candidate,AB 73,AB 47,AB 12,,10,2,,"AB 12, AB 37",
consonant-candidate,AB 28,AB 75,AB 12,,10,39,,"AB 01, AB 02, AB 03, AB 04, AB 05",
consonant-candidate,AB 28,AB 81,AB 12,,10,31,,"AB 01, AB 02, AB 03, AB 04, AB 06",
consonant-candidate,AB 28,AB 74,AB 12,,10,6,,"AB 02, AB 05, AB 12, AB 37, AB 75",
consonant-candidate,AB 01,AB 75,AB 12,,10,31,,"AB 01, AB 02, AB 04, AB 05, AB 06",
consonant-candidate,AB 01,AB 81,AB 12,,10,25,,"AB 01, AB 02, AB 04, AB 06, AB 12",
consonant-candidate,AB 01,AB 74,AB 12,,10,6,,"AB 02, AB 05, AB 10, AB 12, AB 29",
consonant-candidate,AB 47,AB 75,AB 12,,10,3,,"AB 01, AB 12, AB 37",
consonant-candidate,AB 47,AB 81,AB 12,,10,2,,"AB 01, AB 12",
consonant-candidate,AB 47,AB 74,AB 12,,10,2,,"AB 12, AB 37",
consonant-candidate,AB 90,AB 32,AB 38,,10,2,,"AB 36, AB 38",
consonant-candidate,AB 40,AB 31,AB 38,,10,22,,"AB 01, AB 02, AB 03, AB 04, AB 05",
consonant-candidate,AB 40,AB 72,AB 38,,10,19,,"AB 01, AB 02, AB 04, AB 05, AB 11",
consonant-candidate,AB 37,AB 41,AB 38,,10,32,,"AB 01, AB 02, AB 03, AB 04, AB 05",
consonant-candidate,AB 37,AB 83,AB 38,,10,4,,"AB 27, AB 36, AB 38, AB 57",
consonant-candidate,AB 41,AB 11,AB 38,,10,29,,"AB 01, AB 02, AB 03, AB 04, AB 05",
consonant-candidate,AB 41,AB 09,AB 38,,10,18,,"AB 01, AB 02, AB 04, AB 05, AB 13",
consonant-candidate,AB 41,AB 17,AB 38,,10,15,,"AB 02, AB 05, AB 06, AB 08, AB 27",
consonant-candidate,AB 41,AB 13,AB 38,,10,24,,"AB 02, AB 04, AB 05, AB 06, AB 08",
consonant-candidate,AB 41,AB 62,AB 38,,10,4,,"AB 27, AB 38, AB 53, AB 60",
consonant-candidate,AB 03,AB 68,AB 38,,10,7,,"AB 08, AB 32, AB 36, AB 38, AB 60",
consonant-candidate,AB 73,AB 68,AB 38,,10,5,,"AB 08, AB 36, AB 38, AB 60, AB 61",
consonant-candidate,AB 11,AB 83,AB 38,,10,4,,"AB 27, AB 36, AB 38, AB 61",
consonant-candidate,AB 31,AB 72,AB 38,,10,29,,"AB 01, AB 02, AB 04, AB 05, AB 08",
consonant-candidate,AB 09,AB 83,AB 38,,10,4,,"AB 27, AB 36, AB 38, AB 57",
consonant-candidate,AB 17,AB 83,AB 38,,10,3,,"AB 27, AB 38, AB 61",
consonant-candidate,AB 13,AB 83,AB 38,,10,4,,"AB 27, AB 38, AB 57, AB 61",
consonant-candidate,AB 62,AB 83,AB 38,,10,2,,"AB 27, AB 38",
consonant-candidate,AB 20,AB 82,AB 70,,10,2,,"AB 61, AB 70",
consonant-candidate,AB 20,AB 79,AB 70,,10,2,,"AB 04, AB 70",
consonant-candidate,AB 12,AB 82,AB 70,,10,3,,"AB 45, AB 61, AB 70",
consonant-candidate,AB 12,AB 79,AB 70,,10,2,,"AB 04, AB 70",
consonant-candidate,AB 76,AB 23,AB 70,,10,3,,"AB 05, AB 37, AB 70",
consonant-candidate,AB 76,AB 33,AB 70,,10,2,,"AB 42, AB 70",
consonant-candidate,AB 76,AB 46,AB 70,,10,5,,"AB 04, AB 05, AB 42, AB 61, AB 70",
consonant-candidate,AB 40,AB 58,AB 70,,10,7,,"AB 02, AB 03, AB 05, AB 37, AB 53",
consonant-candidate,AB 01,AB 82,AB 70,,10,3,,"AB 61, AB 70, AB 80",
consonant-candidate,AB 01,AB 79,AB 70,,10,2,,"AB 04, AB 70",
consonant-candidate,AB 16,AB 58,AB 70,,10,5,,"AB 02, AB 05, AB 37, AB 60, AB 70",
consonant-candidate,AB 37,AB 23,AB 70,,10,6,,"AB 02, AB 05, AB 37, AB 55, AB 59",
consonant-candidate,AB 37,AB 33,AB 70,,10,3,,"AB 42, AB 54, AB 70",
consonant-candidate,AB 37,AB 46,AB 70,,10,14,,"AB 01, AB 02, AB 04, AB 05, AB 27",
consonant-candidate,AB 23,AB 13,AB 70,,10,6,,"AB 02, AB 05, AB 37, AB 55, AB 59",
consonant-candidate,AB 23,AB 78,AB 70,,10,4,,"AB 02, AB 05, AB 59, AB 70",
consonant-candidate,AB 58,AB 17,AB 70,,10,5,,"AB 02, AB 05, AB 08, AB 60, AB 70",
consonant-candidate,AB 13,AB 33,AB 70,,10,3,,"AB 42, AB 54, AB 70",
consonant-candidate,AB 33,AB 78,AB 70,,10,3,,"AB 42, AB 54, AB 70",
consonant-candidate,AB 41,AB 51,AB 02,,10,11,,"AB 02, AB 05, AB 06, AB 30, AB 42",
consonant-candidate,AB 16,AB 51,AB 02,,10,7,,"AB 02, AB 05, AB 06, AB 15, AB 30",
consonant-candidate,AB 29,AB 36,AB 02,,10,11,,"AB 02, AB 04, AB 26, AB 27, AB 37",
consonant-candidate,AB 29,AB 46,AB 02,,10,7,,"AB 02, AB 04, AB 27, AB 40, AB 44",
consonant-candidate,AB 40,AB 51,AB 02,,10,6,,"AB 02, AB 05, AB 06, AB 53, AB 69",
consonant-candidate,AB 51,AB 28,AB 02,,10,12,,"AB 02, AB 05, AB 06, AB 15, AB 26",
consonant-candidate,AB 51,AB 07,AB 02,,10,6,,"AB 02, AB 22, AB 42, AB 53, AB 75",
consonant-candidate,AB 51,AB 27,AB 02,,10,10,,"AB 02, AB 05, AB 06, AB 15, AB 26",
consonant-candidate,AB 53,AB 51,AB 54,,10,12,,"AB 05, AB 06, AB 15, AB 30, AB 42",
consonant-candidate,AB 09,AB 33,AB 54,,10,2,,"AB 42, AB 54",
consonant-candidate,AB 21,AB 70,AB 37,,10,10,,"AB 20, AB 36, AB 37, AB 41, AB 42",
consonant-candidate,AB 21,AB 04,AB 37,,10,9,,"AB 36, AB 37, AB 41, AB 42, AB 45",
consonant-candidate,AB 38,AB 64,AB 36,,10,2,,"AB 36, AB 57",
consonant-candidate,AB 21,AB 15,AB 36,,10,8,,"AB 36, AB 41, AB 42, AB 45, AB 52",
consonant-candidate,AB 21,AB 32,AB 36,,10,7,,"AB 36, AB 41, AB 42, AB 52, AB 57",
consonant-candidate,AB 77,AB 64,AB 36,,10,2,,"AB 36, AB 57",
consonant-candidate,AB 76,AB 81,AB 42,,10,3,,"AB 04, AB 42, AB 53",
consonant-candidate,AB 30,AB 34,AB 59,,10,3,,"AB 44, AB 59, AB 77",
consonant-candidate,AB 05,AB 87,AB 59,,10,1,,AB 59,
consonant-candidate,AB 72,AB 34,AB 59,,10,3,,"AB 44, AB 59, AB 77",
consonant-candidate,AB 40,AB 87,AB 59,,10,1,,AB 59,
consonant-candidate,AB 52,AB 87,AB 59,,10,1,,AB 59,
consonant-candidate,AB 85,AB 04,AB 59,,10,6,,"AB 04, AB 05, AB 44, AB 45, AB 53",
consonant-candidate,AB 85,AB 14,AB 59,,10,5,,"AB 05, AB 44, AB 45, AB 53, AB 59",
consonant-candidate,AB 41,AB 34,AB 59,,10,3,,"AB 44, AB 59, AB 77",
consonant-candidate,AB 73,AB 34,AB 59,,10,2,,"AB 59, AB 77",
consonant-candidate,AB 87,AB 34,AB 59,,10,1,,AB 59,
consonant-candidate,AB 04,AB 19,AB 59,,10,1,,AB 59,
consonant-candidate,AB 19,AB 14,AB 59,,10,1,,AB 59,
consonant-candidate,AB 12,AB 35,AB 05,,10,1,,AB 05,
consonant-candidate,AB 27,AB 65,AB 05,,10,4,,"AB 05, AB 77, AB 78, AB 80",
consonant-candidate,AB 16,AB 35,AB 05,,10,1,,AB 05,
consonant-candidate,AB 17,AB 85,AB 05,,10,1,,AB 05,
consonant-candidate,AB 74,AB 35,AB 05,,10,1,,AB 05,
consonant-candidate,AB 41,AB 91,AB 75,,10,1,,AB 75,
consonant-candidate,AB 69,AB 91,AB 75,,10,1,,AB 75,
consonant-candidate,AB 39,AB 91,AB 75,,10,1,,AB 75,
consonant-candidate,AB 50,AB 68,AB 60,,10,1,,AB 60,
consonant-candidate,AB 26,AB 64,AB 57,,10,1,,AB 57,
consonant-candidate,AB 78,AB 47,AB 01,,10,1,,AB 01,
vowel-candidate,AB 56,AB 45,,AB 77,10,,12,,"AB 02, AB 04, AB 05, AB 08, AB 10"
vowel-candidate,AB 56,AB 52,,AB 77,10,,13,,"AB 02, AB 05, AB 08, AB 10, AB 12"
vowel-candidate,AB 56,AB 54,,AB 77,10,,14,,"AB 02, AB 04, AB 05, AB 08, AB 10"
vowel-candidate,AB 56,AB 07,,AB 77,10,,11,,"AB 02, AB 05, AB 08, AB 10, AB 15"
vowel-candidate,AB 15,AB 10,,AB 77,10,,24,,"AB 01, AB 02, AB 03, AB 04, AB 05"
vowel-candidate,AB 45,AB 09,,AB 77,10,,21,,"AB 02, AB 04, AB 05, AB 06, AB 08"
vowel-candidate,AB 45,AB 57,,AB 77,10,,32,,"AB 02, AB 03, AB 04, AB 06, AB 07"
vowel-candidate,AB 45,AB 33,,AB 77,10,,5,,"AB 04, AB 38, AB 39, AB 72, AB 77"
vowel-candidate,AB 45,AB 39,,AB 77,10,,30,,"AB 02, AB 04, AB 05, AB 06, AB 07"
vowel-candidate,AB 36,AB 14,,AB 77,10,,35,,"AB 01, AB 02, AB 03, AB 04, AB 05"
vowel-candidate,AB 30,AB 10,,AB 77,10,,24,,"AB 02, AB 03, AB 05, AB 06, AB 08"
vowel-candidate,AB 52,AB 09,,AB 77,10,,21,,"AB 02, AB 05, AB 06, AB 08, AB 11"
vowel-candidate,AB 52,AB 57,,AB 77,10,,36,,"AB 01, AB 02, AB 03, AB 06, AB 08"
vowel-candidate,AB 52,AB 33,,AB 77,10,,3,,"AB 39, AB 77, AB 80"
vowel-candidate,AB 52,AB 39,,AB 77,10,,30,,"AB 02, AB 05, AB 06, AB 08, AB 10"
vowel-candidate,AB 54,AB 09,,AB 77,10,,23,,"AB 02, AB 04, AB 05, AB 06, AB 08"
vowel-candidate,AB 54,AB 57,,AB 77,10,,37,,"AB 01, AB 02, AB 03, AB 04, AB 06"
vowel-candidate,AB 54,AB 33,,AB 77,10,,5,,"AB 04, AB 38, AB 39, AB 77, AB 80"
vowel-candidate,AB 54,AB 39,,AB 77,10,,33,,"AB 02, AB 04, AB 05, AB 06, AB 08"
vowel-candidate,AB 11,AB 10,,AB 77,10,,31,,"AB 01, AB 02, AB 03, AB 04, AB 05"
vowel-candidate,AB 10,AB 72,,AB 77,10,,25,,"AB 01, AB 02, AB 03, AB 04, AB 05"
vowel-candidate,AB 09,AB 07,,AB 77,10,,18,,"AB 02, AB 05, AB 08, AB 11, AB 36"
vowel-candidate,AB 07,AB 57,,AB 77,10,,22,,"AB 02, AB 08, AB 10, AB 30, AB 36"
vowel-candidate,AB 07,AB 33,,AB 77,10,,5,,"AB 38, AB 39, AB 72, AB 77, AB 80"
vowel-candidate,AB 07,AB 39,,AB 77,10,,25,,"AB 02, AB 05, AB 08, AB 10, AB 11"
vowel-candidate,AB 57,AB 16,,AB 12,10,,21,,"AB 02, AB 04, AB 08, AB 10, AB 12"
vowel-candidate,AB 36,AB 21,,AB 12,10,,12,,"AB 04, AB 05, AB 12, AB 28, AB 37"
vowel-candidate,AB 13,AB 10,,AB 12,10,,28,,"AB 02, AB 03, AB 04, AB 05, AB 06"
vowel-candidate,AB 13,AB 53,,AB 12,10,,34,,"AB 02, AB 03, AB 04, AB 05, AB 08"
vowel-candidate,AB 13,AB 69,,AB 12,10,,23,,"AB 02, AB 03, AB 04, AB 05, AB 08"
vowel-candidate,AB 13,AB 44,,AB 12,10,,39,,"AB 02, AB 03, AB 04, AB 05, AB 06"
vowel-candidate,AB 13,AB 39,,AB 12,10,,32,,"AB 02, AB 04, AB 05, AB 06, AB 08"
vowel-candidate,AB 13,AB 27,,AB 12,10,,36,,"AB 02, AB 03, AB 04, AB 05, AB 06"
vowel-candidate,AB 70,AB 21,,AB 12,10,,14,,"AB 04, AB 05, AB 08, AB 12, AB 28"
vowel-candidate,AB 05,AB 21,,AB 12,10,,14,,"AB 04, AB 05, AB 08, AB 12, AB 28"
vowel-candidate,AB 77,AB 21,,AB 12,10,,14,,"AB 04, AB 05, AB 08, AB 12, AB 28"
vowel-candidate,AB 16,AB 58,,AB 12,10,,9,,"AB 02, AB 05, AB 12, AB 36, AB 42"
vowel-candidate,AB 16,AB 52,,AB 12,10,,23,,"AB 02, AB 05, AB 08, AB 10, AB 11"
vowel-candidate,AB 16,AB 54,,AB 12,10,,23,,"AB 02, AB 04, AB 05, AB 08, AB 10"
vowel-candidate,AB 16,AB 73,,AB 12,10,,20,,"AB 02, AB 04, AB 05, AB 08, AB 10"
vowel-candidate,AB 61,AB 21,,AB 12,10,,13,,"AB 04, AB 05, AB 08, AB 12, AB 28"
vowel-candidate,AB 12,AB 78,,AB 12,10,,27,,"AB 03, AB 04, AB 05, AB 06, AB 08"
vowel-candidate,AB 21,AB 78,,AB 12,10,,12,,"AB 04, AB 05, AB 08, AB 12, AB 28"
vowel-candidate,AB 21,AB 42,,AB 12,10,,14,,"AB 04, AB 05, AB 08, AB 12, AB 28"
vowel-candidate,AB 21,AB 24,,AB 12,10,,11,,"AB 05, AB 08, AB 12, AB 28, AB 37"
vowel-candidate,AB 78,AB 56,,AB 12,10,,13,,"AB 02, AB 04, AB 05, AB 08, AB 10"
vowel-candidate,AB 78,AB 50,,AB 12,10,,22,,"AB 02, AB 03, AB 04, AB 05, AB 06"
vowel-candidate,AB 78,AB 11,,AB 12,10,,31,,"AB 02, AB 03, AB 04, AB 05, AB 06"
vowel-candidate,AB 78,AB 06,,AB 12,10,,27,,"AB 02, AB 03, AB 04, AB 05, AB 08"
vowel-candidate,AB 58,AB 04,,AB 12,10,,13,,"AB 02, AB 05, AB 06, AB 12, AB 36"
vowel-candidate,AB 14,AB 68,,AB 38,10,,3,,"AB 03, AB 38, AB 81"
vowel-candidate,AB 14,AB 65,,AB 38,10,,5,,"AB 28, AB 38, AB 42, AB 53, AB 72"
vowel-candidate,AB 16,AB 33,,AB 38,10,,3,,"AB 04, AB 38, AB 72"
vowel-candidate,AB 08,AB 32,,AB 38,10,,26,,"AB 02, AB 03, AB 05, AB 06, AB 08"
vowel-candidate,AB 68,AB 33,,AB 38,10,,1,,AB 38
vowel-candidate,AB 65,AB 33,,AB 38,10,,2,,"AB 38, AB 72"
vowel-candidate,AB 24,AB 51,,AB 10,10,,12,,"AB 02, AB 08, AB 10, AB 36, AB 41"
vowel-candidate,AB 21,AB 67,,AB 70,10,,10,,"AB 04, AB 05, AB 08, AB 37, AB 39"
vowel-candidate,AB 30,AB 51,,AB 70,10,,11,,"AB 02, AB 08, AB 36, AB 41, AB 42"
vowel-candidate,AB 67,AB 58,,AB 70,10,,9,,"AB 02, AB 05, AB 06, AB 36, AB 39"
vowel-candidate,AB 43,AB 06,,AB 70,10,,10,,"AB 02, AB 05, AB 15, AB 28, AB 36"
vowel-candidate,AB 43,AB 51,,AB 70,10,,4,,"AB 02, AB 36, AB 57, AB 70"
vowel-candidate,AB 81,AB 25,,AB 70,10,,20,,"AB 01, AB 04, AB 05, AB 24, AB 27"
vowel-candidate,AB 20,AB 51,,AB 70,10,,8,,"AB 02, AB 07, AB 36, AB 42, AB 53"
vowel-candidate,AB 52,AB 17,,AB 02,10,,9,,"AB 02, AB 13, AB 27, AB 28, AB 36"
vowel-candidate,AB 69,AB 74,,AB 02,10,,6,,"AB 02, AB 03, AB 08, AB 36, AB 42"
vowel-candidate,AB 58,AB 23,,AB 02,10,,2,,"AB 02, AB 05"
vowel-candidate,AB 09,AB 17,,AB 02,10,,8,,"AB 02, AB 27, AB 28, AB 36, AB 53"
vowel-candidate,AB 09,AB 51,,AB 02,10,,8,,"AB 02, AB 04, AB 08, AB 36, AB 44"
vowel-candidate,AB 17,AB 02,,AB 02,10,,10,,"AB 02, AB 07, AB 13, AB 27, AB 28"
vowel-candidate,AB 38,AB 48,,AB 37,10,,3,,"AB 01, AB 37, AB 41"
vowel-candidate,AB 40,AB 48,,AB 37,10,,3,,"AB 01, AB 37, AB 41"
vowel-candidate,AB 81,AB 48,,AB 37,10,,3,,"AB 01, AB 37, AB 41"
vowel-candidate,AB 27,AB 48,,AB 37,10,,3,,"AB 01, AB 37, AB 41"
vowel-candidate,AB 44,AB 48,,AB 37,10,,3,,"AB 01, AB 37, AB 41"
vowel-candidate,AB 30,AB 29,,AB 36,10,,8,,"AB 05, AB 08, AB 36, AB 44, AB 45"
vowel-candidate,AB 40,AB 29,,AB 36,10,,8,,"AB 01, AB 05, AB 08, AB 36, AB 44"
vowel-candidate,AB 73,AB 29,,AB 36,10,,7,,"AB 01, AB 05, AB 08, AB 36, AB 45"
vowel-candidate,AB 43,AB 29,,AB 36,10,,4,,"AB 05, AB 36, AB 45, AB 57"
vowel-candidate,AB 02,AB 29,,AB 36,10,,10,,"AB 01, AB 05, AB 08, AB 36, AB 44"
vowel-candidate,AB 51,AB 29,,AB 36,10,,4,,"AB 08, AB 36, AB 44, AB 57"
vowel-candidate,AB 46,AB 72,,AB 41,10,,7,,"AB 01, AB 28, AB 39, AB 41, AB 59"
vowel-candidate,AB 81,AB 34,,AB 24,10,,4,,"AB 08, AB 15, AB 24, AB 61"
vowel-candidate,AB 41,AB 34,,AB 24,10,,4,,"AB 08, AB 15, AB 24, AB 61"
vowel-candidate,AB 40,AB 34,,AB 24,10,,4,,"AB 08, AB 15, AB 24, AB 61"
vowel-candidate,AB 78,AB 34,,AB 24,10,,4,,"AB 08, AB 15, AB 24, AB 61"
vowel-candidate,AB 37,AB 34,,AB 24,10,,3,,"AB 08, AB 24, AB 61"
vowel-candidate,AB 76,AB 26,,AB 59,10,,5,,"AB 29, AB 39, AB 59, AB 72, AB 75"
vowel-candidate,AB 15,AB 46,,AB 59,10,,6,,"AB 01, AB 28, AB 39, AB 53, AB 59"
vowel-candidate,AB 12,AB 62,,AB 59,10,,4,,"AB 07, AB 26, AB 59, AB 60"
vowel-candidate,AB 73,AB 62,,AB 59,10,,4,,"AB 07, AB 26, AB 59, AB 60"
vowel-candidate,AB 58,AB 62,,AB 59,10,,2,,"AB 59, AB 60"
vowel-candidate,AB 07,AB 62,,AB 59,10,,2,,"AB 59, AB 60"
vowel-candidate,AB 39,AB 22,,AB 07,10,,1,,AB 07
vowel-candidate,AB 79,AB 07,,AB 08,10,,2,,"AB 08, AB 80"
vowel-candidate,AB 07,AB 34,,AB 08,10,,3,,"AB 08, AB 15, AB 61"
vowel-candidate,AB 67,AB 90,,AB 27,10,,1,,AB 27
vowel-candidate,AB 82,AB 73,,AB 27,10,,1,,AB 27
vowel-candidate,AB 90,AB 72,,AB 27,10,,1,,AB 27
vowel-candidate,AB 80,AB 19,,AB 39,10,,1,,AB 39
vowel-candidate,AB 77,AB 19,,AB 39,10,,1,,AB 39
vowel-candidate,AB 51,AB 91,,AB 61,10,,1,,AB 61
vowel-candidate,AB 78,AB 91,,AB 61,10,,1,,AB 61
vowel-candidate,AB 52,AB 87,,AB 01,10,,1,,AB 01
vowel-candidate,AB 55,AB 83,,AB 01,10,,1,,AB 01
vowel-candidate,AB 48,AB 87,,AB 01,10,,1,,AB 01
vowel-candidate,AB 10,AB 87,,AB 01,10,,1,,AB 01
vowel-candidate,AB 43,AB 34,,AB 15,10,,1,,AB 15
consonant-candidate,AB 58,AB 36,AB 56,,9,13,,"AB 02, AB 03, AB 05, AB 08, AB 17",
consonant-candidate,AB 04,AB 36,AB 56,,9,47,,"AB 01, AB 02, AB 03, AB 04, AB 05",
consonant-candidate,AB 36,AB 26,AB 56,,9,31,,"AB 01, AB 02, AB 04, AB 05, AB 06",
consonant-candidate,AB 36,AB 75,AB 56,,9,45,,"AB 01, AB 02, AB 03, AB 04, AB 05",
consonant-candidate,AB 36,AB 12,AB 56,,9,44,,"AB 01, AB 02, AB 03, AB 04, AB 05",
consonant-candidate,AB 36,AB 10,AB 56,,9,47,,"AB 01, AB 02, AB 03, AB 04, AB 05",
consonant-candidate,AB 36,AB 15,AB 56,,9,46,,"AB 01, AB 02, AB 03, AB 04, AB 05",
consonant-candidate,AB 56,AB 08,AB 12,,9,10,,"AB 01, AB 12, AB 26, AB 28, AB 37",
consonant-candidate,AB 56,AB 43,AB 12,,9,3,,"AB 12, AB 37, AB 70",
consonant-candidate,AB 56,AB 39,AB 12,,9,9,,"AB 01, AB 12, AB 26, AB 28, AB 37",
consonant-candidate,AB 55,AB 08,AB 12,,9,20,,"AB 03, AB 05, AB 08, AB 09, AB 12",
consonant-candidate,AB 55,AB 43,AB 12,,9,8,,"AB 12, AB 13, AB 42, AB 44, AB 54",
consonant-candidate,AB 55,AB 39,AB 12,,9,21,,"AB 03, AB 05, AB 08, AB 09, AB 12",
consonant-candidate,AB 03,AB 40,AB 12,,9,25,,"AB 01, AB 02, AB 03, AB 04, AB 05",
consonant-candidate,AB 03,AB 04,AB 12,,9,39,,"AB 01, AB 02, AB 03, AB 04, AB 05",
consonant-candidate,AB 03,AB 32,AB 12,,9,27,,"AB 01, AB 02, AB 03, AB 04, AB 05",
consonant-candidate,AB 38,AB 40,AB 12,,9,24,,"AB 01, AB 02, AB 03, AB 04, AB 05",
consonant-candidate,AB 38,AB 04,AB 12,,9,43,,"AB 01, AB 02, AB 03, AB 04, AB 05",
consonant-candidate,AB 38,AB 32,AB 12,,9,28,,"AB 01, AB 02, AB 03, AB 04, AB 05",
consonant-candidate,AB 40,AB 73,AB 12,,9,17,,"AB 03, AB 04, AB 05, AB 12, AB 27",
consonant-candidate,AB 40,AB 75,AB 12,,9,26,,"AB 01, AB 02, AB 03, AB 04, AB 05",
consonant-candidate,AB 40,AB 81,AB 12,,9,19,,"AB 01, AB 02, AB 03, AB 04, AB 06",
consonant-candidate,AB 40,AB 74,AB 12,,9,4,,"AB 02, AB 05, AB 12, AB 37",
consonant-candidate,AB 04,AB 73,AB 12,,9,18,,"AB 03, AB 04, AB 05, AB 08, AB 12",
consonant-candidate,AB 04,AB 81,AB 12,,9,28,,"AB 01, AB 02, AB 03, AB 04, AB 06",
consonant-candidate,AB 04,AB 74,AB 12,,9,7,,"AB 02, AB 05, AB 10, AB 12, AB 37",
consonant-candidate,AB 59,AB 43,AB 12,,9,15,,"AB 04, AB 12, AB 13, AB 20, AB 30",
consonant-candidate,AB 59,AB 39,AB 12,,9,49,,"AB 01, AB 02, AB 03, AB 04, AB 05",
consonant-candidate,AB 12,AB 28,AB 12,,9,38,,"AB 01, AB 02, AB 03, AB 04, AB 05",
consonant-candidate,AB 12,AB 01,AB 12,,9,31,,"AB 01, AB 02, AB 04, AB 05, AB 06",
consonant-candidate,AB 12,AB 47,AB 12,,9,2,,"AB 01, AB 12",
consonant-candidate,AB 08,AB 80,AB 12,,9,35,,"AB 01, AB 02, AB 04, AB 05, AB 06",
consonant-candidate,AB 32,AB 73,AB 12,,9,16,,"AB 03, AB 04, AB 05, AB 08, AB 12",
consonant-candidate,AB 32,AB 75,AB 12,,9,28,,"AB 01, AB 02, AB 03, AB 04, AB 05",
consonant-candidate,AB 32,AB 81,AB 12,,9,20,,"AB 01, AB 02, AB 03, AB 04, AB 12",
consonant-candidate,AB 32,AB 74,AB 12,,9,5,,"AB 02, AB 05, AB 10, AB 12, AB 75",
consonant-candidate,AB 28,AB 67,AB 12,,9,25,,"AB 01, AB 02, AB 03, AB 04, AB 05",
consonant-candidate,AB 28,AB 48,AB 12,,9,6,,"AB 12, AB 27, AB 36, AB 37, AB 41",
consonant-candidate,AB 28,AB 44,AB 12,,9,38,,"AB 01, AB 02, AB 03, AB 04, AB 05",
consonant-candidate,AB 28,AB 49,AB 12,,9,1,,AB 12,
consonant-candidate,AB 28,AB 36,AB 12,,9,44,,"AB 01, AB 02, AB 03, AB 04, AB 05",
consonant-candidate,AB 28,AB 17,AB 12,,9,16,,"AB 02, AB 05, AB 06, AB 08, AB 12",
consonant-candidate,AB 28,AB 07,AB 12,,9,22,,"AB 01, AB 02, AB 03, AB 12, AB 14",
consonant-candidate,AB 28,AB 15,AB 12,,9,37,,"AB 01, AB 02, AB 03, AB 04, AB 05",
consonant-candidate,AB 28,AB 09,AB 12,,9,18,,"AB 01, AB 02, AB 04, AB 05, AB 12",
consonant-candidate,AB 28,AB 63,AB 12,,9,2,,"AB 04, AB 12",
consonant-candidate,AB 28,AB 16,AB 12,,9,28,,"AB 01, AB 02, AB 04, AB 05, AB 06",
consonant-candidate,AB 67,AB 01,AB 12,,9,22,,"AB 01, AB 02, AB 04, AB 05, AB 10",
consonant-candidate,AB 67,AB 47,AB 12,,9,3,,"AB 01, AB 12, AB 37",
consonant-candidate,AB 01,AB 48,AB 12,,9,5,,"AB 12, AB 27, AB 36, AB 41, AB 59",
consonant-candidate,AB 01,AB 44,AB 12,,9,33,,"AB 01, AB 02, AB 04, AB 05, AB 06",
consonant-candidate,AB 01,AB 49,AB 12,,9,1,,AB 12,
consonant-candidate,AB 01,AB 36,AB 12,,9,36,,"AB 01, AB 02, AB 04, AB 05, AB 06",
consonant-candidate,AB 01,AB 17,AB 12,,9,14,,"AB 02, AB 05, AB 06, AB 12, AB 27",
consonant-candidate,AB 01,AB 07,AB 12,,9,20,,"AB 01, AB 02, AB 10, AB 12, AB 14",
consonant-candidate,AB 01,AB 15,AB 12,,9,31,,"AB 01, AB 02, AB 04, AB 05, AB 06",
consonant-candidate,AB 01,AB 09,AB 12,,9,20,,"AB 01, AB 02, AB 04, AB 05, AB 10",
consonant-candidate,AB 01,AB 63,AB 12,,9,3,,"AB 04, AB 10, AB 12",
consonant-candidate,AB 01,AB 16,AB 12,,9,23,,"AB 01, AB 02, AB 04, AB 05, AB 06",
consonant-candidate,AB 48,AB 47,AB 12,,9,2,,"AB 12, AB 37",
consonant-candidate,AB 44,AB 47,AB 12,,9,3,,"AB 01, AB 12, AB 37",
consonant-candidate,AB 49,AB 47,AB 12,,9,1,,AB 12,
consonant-candidate,AB 80,AB 43,AB 12,,9,12,,"AB 04, AB 12, AB 31, AB 37, AB 42",
consonant-candidate,AB 80,AB 39,AB 12,,9,34,,"AB 01, AB 02, AB 04, AB 05, AB 06",
consonant-candidate,AB 36,AB 47,AB 12,,9,3,,"AB 01, AB 12, AB 37",
consonant-candidate,AB 17,AB 47,AB 12,,9,1,,AB 12,
consonant-candidate,AB 47,AB 07,AB 12,,9,3,,"AB 01, AB 12, AB 37",
consonant-candidate,AB 47,AB 15,AB 12,,9,2,,"AB 01, AB 12",
consonant-candidate,AB 47,AB 09,AB 12,,9,2,,"AB 01, AB 12",
consonant-candidate,AB 47,AB 63,AB 12,,9,1,,AB 12,
consonant-candidate,AB 47,AB 16,AB 12,,9,3,,"AB 01, AB 12, AB 37",
consonant-candidate,AB 90,AB 41,AB 38,,9,2,,"AB 36, AB 38",
consonant-candidate,AB 90,AB 83,AB 38,,9,2,,"AB 36, AB 38",
consonant-candidate,AB 37,AB 53,AB 38,,9,36,,"AB 01, AB 03, AB 04, AB 05, AB 06",
consonant-candidate,AB 37,AB 67,AB 38,,9,22,,"AB 01, AB 02, AB 03, AB 04, AB 05",
consonant-candidate,AB 37,AB 68,AB 38,,9,7,,"AB 08, AB 24, AB 32, AB 36, AB 38",
consonant-candidate,AB 37,AB 01,AB 38,,9,26,,"AB 01, AB 02, AB 04, AB 05, AB 06",
consonant-candidate,AB 53,AB 13,AB 38,,9,29,,"AB 04, AB 05, AB 06, AB 08, AB 10",
consonant-candidate,AB 53,AB 62,AB 38,,9,5,,"AB 37, AB 38, AB 52, AB 53, AB 60",
consonant-candidate,AB 67,AB 13,AB 38,,9,22,,"AB 02, AB 04, AB 05, AB 08, AB 10",
consonant-candidate,AB 67,AB 62,AB 38,,9,6,,"AB 27, AB 37, AB 38, AB 52, AB 53",
consonant-candidate,AB 41,AB 07,AB 38,,9,20,,"AB 01, AB 02, AB 03, AB 14, AB 36",
consonant-candidate,AB 41,AB 30,AB 38,,9,14,,"AB 03, AB 05, AB 08, AB 36, AB 38",
consonant-candidate,AB 41,AB 81,AB 38,,9,25,,"AB 01, AB 02, AB 03, AB 04, AB 06",
consonant-candidate,AB 41,AB 16,AB 38,,9,22,,"AB 01, AB 02, AB 04, AB 05, AB 06",
consonant-candidate,AB 03,AB 31,AB 38,,9,35,,"AB 01, AB 02, AB 03, AB 04, AB 05",
consonant-candidate,AB 03,AB 72,AB 38,,9,31,,"AB 01, AB 02, AB 04, AB 05, AB 08",
consonant-candidate,AB 07,AB 83,AB 38,,9,3,,"AB 36, AB 38, AB 57",
consonant-candidate,AB 30,AB 83,AB 38,,9,4,,"AB 36, AB 38, AB 57, AB 61",
consonant-candidate,AB 81,AB 83,AB 38,,9,4,,"AB 27, AB 36, AB 38, AB 57",
consonant-candidate,AB 73,AB 31,AB 38,,9,19,,"AB 03, AB 04, AB 05, AB 08, AB 20",
consonant-candidate,AB 73,AB 72,AB 38,,9,17,,"AB 04, AB 05, AB 08, AB 17, AB 20",
consonant-candidate,AB 11,AB 68,AB 38,,9,8,,"AB 08, AB 24, AB 32, AB 36, AB 38",
consonant-candidate,AB 68,AB 09,AB 38,,9,4,,"AB 24, AB 36, AB 38, AB 60",
consonant-candidate,AB 68,AB 17,AB 38,,9,5,,"AB 08, AB 38, AB 60, AB 61, AB 81",
consonant-candidate,AB 68,AB 13,AB 38,,9,5,,"AB 08, AB 24, AB 38, AB 60, AB 61",
consonant-candidate,AB 68,AB 62,AB 38,,9,2,,"AB 38, AB 60",
consonant-candidate,AB 16,AB 83,AB 38,,9,5,,"AB 27, AB 36, AB 38, AB 57, AB 61",
consonant-candidate,AB 01,AB 13,AB 38,,9,23,,"AB 02, AB 04, AB 05, AB 06, AB 10",
consonant-candidate,AB 01,AB 62,AB 38,,9,4,,"AB 27, AB 38, AB 52, AB 60",
consonant-candidate,AB 76,AB 40,AB 70,,9,7,,"AB 04, AB 05, AB 37, AB 45, AB 53",
consonant-candidate,AB 76,AB 16,AB 70,,9,7,,"AB 04, AB 05, AB 37, AB 42, AB 45",
consonant-candidate,AB 76,AB 17,AB 70,,9,5,,"AB 05, AB 08, AB 42, AB 61, AB 70",
consonant-candidate,AB 31,AB 82,AB 70,,9,3,,"AB 45, AB 70, AB 80",
consonant-candidate,AB 31,AB 79,AB 70,,9,2,,"AB 04, AB 70",
consonant-candidate,AB 11,AB 82,AB 70,,9,3,,"AB 45, AB 61, AB 70",
consonant-candidate,AB 11,AB 79,AB 70,,9,2,,"AB 04, AB 70",
consonant-candidate,AB 43,AB 23,AB 70,,9,3,,"AB 37, AB 59, AB 70",
consonant-candidate,AB 43,AB 33,AB 70,,9,3,,"AB 42, AB 54, AB 70",
consonant-candidate,AB 43,AB 46,AB 70,,9,8,,"AB 04, AB 20, AB 42, AB 44, AB 54",
consonant-candidate,AB 55,AB 24,AB 70,,9,19,,"AB 03, AB 05, AB 08, AB 13, AB 15",
consonant-candidate,AB 55,AB 82,AB 70,,9,2,,"AB 61, AB 70",
consonant-candidate,AB 55,AB 79,AB 70,,9,1,,AB 70,
consonant-candidate,AB 07,AB 23,AB 70,,9,4,,"AB 02, AB 37, AB 59, AB 70",
consonant-candidate,AB 07,AB 33,AB 70,,9,2,,"AB 42, AB 70",
consonant-candidate,AB 30,AB 82,AB 70,,9,2,,"AB 61, AB 70",
consonant-candidate,AB 30,AB 79,AB 70,,9,1,,AB 70,
consonant-candidate,AB 23,AB 73,AB 70,,9,5,,"AB 05, AB 37, AB 55, AB 59, AB 70",
consonant-candidate,AB 23,AB 32,AB 70,,9,4,,"AB 02, AB 05, AB 59, AB 70",
consonant-candidate,AB 58,AB 24,AB 70,,9,8,,"AB 03, AB 05, AB 08, AB 37, AB 53",
consonant-candidate,AB 58,AB 14,AB 70,,9,7,,"AB 02, AB 05, AB 32, AB 37, AB 53",
consonant-candidate,AB 58,AB 82,AB 70,,9,1,,AB 70,
consonant-candidate,AB 58,AB 79,AB 70,,9,1,,AB 70,
consonant-candidate,AB 73,AB 33,AB 70,,9,1,,AB 70,
consonant-candidate,AB 73,AB 46,AB 70,,9,9,,"AB 04, AB 05, AB 20, AB 27, AB 57",
consonant-candidate,AB 33,AB 32,AB 70,,9,2,,"AB 42, AB 70",
consonant-candidate,AB 09,AB 29,AB 02,,9,7,,"AB 02, AB 04, AB 27, AB 40, AB 53",
consonant-candidate,AB 09,AB 23,AB 02,,9,3,,"AB 02, AB 05, AB 55",
consonant-candidate,AB 78,AB 29,AB 02,,9,9,,"AB 02, AB 04, AB 27, AB 40, AB 44",
consonant-candidate,AB 52,AB 29,AB 02,,9,10,,"AB 02, AB 04, AB 27, AB 37, AB 40",
consonant-candidate,AB 29,AB 54,AB 02,,9,10,,"AB 02, AB 04, AB 26, AB 27, AB 37",
consonant-candidate,AB 74,AB 51,AB 02,,9,4,,"AB 02, AB 05, AB 29, AB 75",
consonant-candidate,AB 67,AB 33,AB 54,,9,2,,"AB 42, AB 54",
consonant-candidate,AB 81,AB 33,AB 54,,9,2,,"AB 42, AB 54",
consonant-candidate,AB 21,AB 50,AB 37,,9,6,,"AB 37, AB 41, AB 42, AB 53, AB 59",
consonant-candidate,AB 21,AB 05,AB 37,,9,9,,"AB 36, AB 37, AB 41, AB 42, AB 45",
consonant-candidate,AB 21,AB 23,AB 37,,9,2,,"AB 37, AB 59",
consonant-candidate,AB 21,AB 24,AB 37,,9,9,,"AB 36, AB 37, AB 41, AB 42, AB 52",
consonant-candidate,AB 20,AB 21,AB 36,,9,3,,"AB 36, AB 42, AB 59",
consonant-candidate,AB 21,AB 68,AB 36,,9,2,,"AB 36, AB 60",
consonant-candidate,AB 21,AB 81,AB 36,,9,8,,"AB 36, AB 41, AB 42, AB 52, AB 53",
consonant-candidate,AB 21,AB 83,AB 36,,9,2,,"AB 36, AB 57",
consonant-candidate,AB 21,AB 90,AB 36,,9,1,,AB 36,
consonant-candidate,AB 21,AB 78,AB 36,,9,7,,"AB 36, AB 41, AB 42, AB 53, AB 57",
consonant-candidate,AB 03,AB 64,AB 36,,9,2,,"AB 36, AB 57",
consonant-candidate,AB 31,AB 64,AB 36,,9,2,,"AB 36, AB 57",
consonant-candidate,AB 30,AB 85,AB 59,,9,3,,"AB 05, AB 44, AB 59",
consonant-candidate,AB 30,AB 19,AB 59,,9,1,,AB 59,
consonant-candidate,AB 48,AB 87,AB 59,,9,1,,AB 59,
consonant-candidate,AB 72,AB 85,AB 59,,9,6,,"AB 04, AB 05, AB 44, AB 45, AB 53",
consonant-candidate,AB 72,AB 19,AB 59,,9,1,,AB 59,
consonant-candidate,AB 21,AB 87,AB 59,,9,1,,AB 59,
consonant-candidate,AB 85,AB 41,AB 59,,9,5,,"AB 04, AB 05, AB 44, AB 53, AB 59",
consonant-candidate,AB 85,AB 73,AB 59,,9,5,,"AB 04, AB 05, AB 45, AB 53, AB 59",
consonant-candidate,AB 85,AB 87,AB 59,,9,1,,AB 59,
consonant-candidate,AB 41,AB 19,AB 59,,9,1,,AB 59,
consonant-candidate,AB 01,AB 87,AB 59,,9,1,,AB 59,
consonant-candidate,AB 73,AB 19,AB 59,,9,1,,AB 59,
consonant-candidate,AB 61,AB 34,AB 59,,9,3,,"AB 44, AB 59, AB 77",
consonant-candidate,AB 50,AB 87,AB 59,,9,1,,AB 59,
consonant-candidate,AB 20,AB 87,AB 59,,9,1,,AB 59,
consonant-candidate,AB 69,AB 87,AB 59,,9,1,,AB 59,
consonant-candidate,AB 45,AB 87,AB 59,,9,1,,AB 59,
consonant-candidate,AB 87,AB 55,AB 59,,9,1,,AB 59,
consonant-candidate,AB 87,AB 19,AB 59,,9,1,,AB 59,
consonant-candidate,AB 34,AB 24,AB 59,,9,3,,"AB 44, AB 59, AB 77",
consonant-candidate,AB 51,AB 85,AB 05,,9,2,,"AB 05, AB 53",
consonant-candidate,AB 50,AB 65,AB 05,,9,3,,"AB 05, AB 77, AB 80",
consonant-candidate,AB 45,AB 65,AB 05,,9,4,,"AB 05, AB 77, AB 78, AB 80",
consonant-candidate,AB 85,AB 35,AB 05,,9,1,,AB 05,
consonant-candidate,AB 35,AB 76,AB 05,,9,1,,AB 05,
consonant-candidate,AB 72,AB 91,AB 75,,9,1,,AB 75,
consonant-candidate,AB 31,AB 91,AB 75,,9,1,,AB 75,
consonant-candidate,AB 68,AB 58,AB 60,,9,3,,"AB 08, AB 32, AB 60",
consonant-candidate,AB 85,AB 62,AB 53,,9,1,,AB 53,
vowel-candidate,AB 56,AB 10,,AB 77,9,,12,,"AB 02, AB 04, AB 05, AB 08, AB 12"
vowel-candidate,AB 55,AB 45,,AB 77,9,,16,,"AB 02, AB 03, AB 08, AB 09, AB 13"
vowel-candidate,AB 55,AB 52,,AB 77,9,,17,,"AB 01, AB 02, AB 03, AB 08, AB 09"
vowel-candidate,AB 55,AB 54,,AB 77,9,,19,,"AB 01, AB 02, AB 03, AB 08, AB 09"
vowel-candidate,AB 55,AB 07,,AB 77,9,,10,,"AB 02, AB 08, AB 37, AB 42, AB 53"
vowel-candidate,AB 15,AB 36,,AB 77,9,,27,,"AB 01, AB 02, AB 03, AB 04, AB 05"
vowel-candidate,AB 15,AB 14,,AB 77,9,,27,,"AB 01, AB 02, AB 03, AB 04, AB 05"
vowel-candidate,AB 45,AB 73,,AB 77,9,,23,,"AB 02, AB 04, AB 05, AB 07, AB 08"
vowel-candidate,AB 45,AB 50,,AB 77,9,,23,,"AB 02, AB 03, AB 04, AB 05, AB 06"
vowel-candidate,AB 45,AB 67,,AB 77,9,,26,,"AB 02, AB 03, AB 04, AB 05, AB 06"
vowel-candidate,AB 45,AB 23,,AB 77,9,,7,,"AB 02, AB 05, AB 08, AB 31, AB 57"
vowel-candidate,AB 45,AB 69,,AB 77,9,,23,,"AB 02, AB 03, AB 04, AB 05, AB 08"
vowel-candidate,AB 45,AB 25,,AB 77,9,,16,,"AB 04, AB 05, AB 27, AB 36, AB 39"
vowel-candidate,AB 45,AB 20,,AB 77,9,,22,,"AB 02, AB 03, AB 06, AB 07, AB 11"
vowel-candidate,AB 36,AB 30,,AB 77,9,,31,,"AB 02, AB 03, AB 05, AB 06, AB 11"
vowel-candidate,AB 36,AB 11,,AB 77,9,,34,,"AB 01, AB 02, AB 03, AB 04, AB 05"
vowel-candidate,AB 36,AB 72,,AB 77,9,,31,,"AB 01, AB 02, AB 03, AB 04, AB 05"
vowel-candidate,AB 14,AB 30,,AB 77,9,,27,,"AB 02, AB 03, AB 05, AB 06, AB 12"
vowel-candidate,AB 14,AB 11,,AB 77,9,,34,,"AB 01, AB 02, AB 03, AB 04, AB 05"
vowel-candidate,AB 14,AB 72,,AB 77,9,,29,,"AB 01, AB 02, AB 03, AB 04, AB 05"
vowel-candidate,AB 52,AB 73,,AB 77,9,,26,,"AB 01, AB 02, AB 05, AB 08, AB 10"
vowel-candidate,AB 52,AB 50,,AB 77,9,,22,,"AB 01, AB 02, AB 03, AB 05, AB 06"
vowel-candidate,AB 52,AB 67,,AB 77,9,,26,,"AB 02, AB 03, AB 05, AB 06, AB 08"
vowel-candidate,AB 52,AB 23,,AB 77,9,,8,,"AB 02, AB 05, AB 08, AB 31, AB 37"
vowel-candidate,AB 52,AB 69,,AB 77,9,,24,,"AB 02, AB 03, AB 05, AB 08, AB 10"
vowel-candidate,AB 52,AB 25,,AB 77,9,,18,,"AB 01, AB 05, AB 24, AB 27, AB 36"
vowel-candidate,AB 52,AB 20,,AB 77,9,,21,,"AB 01, AB 02, AB 03, AB 06, AB 11"
vowel-candidate,AB 73,AB 54,,AB 77,9,,29,,"AB 01, AB 02, AB 04, AB 05, AB 08"
vowel-candidate,AB 73,AB 07,,AB 77,9,,20,,"AB 02, AB 05, AB 08, AB 10, AB 11"
vowel-candidate,AB 54,AB 50,,AB 77,9,,24,,"AB 01, AB 02, AB 03, AB 04, AB 05"
vowel-candidate,AB 54,AB 67,,AB 77,9,,31,,"AB 02, AB 03, AB 04, AB 05, AB 06"
vowel-candidate,AB 54,AB 23,,AB 77,9,,9,,"AB 02, AB 05, AB 08, AB 31, AB 37"
vowel-candidate,AB 54,AB 69,,AB 77,9,,27,,"AB 02, AB 03, AB 04, AB 05, AB 08"
vowel-candidate,AB 54,AB 25,,AB 77,9,,23,,"AB 01, AB 04, AB 05, AB 20, AB 24"
vowel-candidate,AB 54,AB 20,,AB 77,9,,21,,"AB 01, AB 02, AB 03, AB 06, AB 13"
vowel-candidate,AB 50,AB 07,,AB 77,9,,15,,"AB 02, AB 05, AB 08, AB 11, AB 15"
vowel-candidate,AB 10,AB 09,,AB 77,9,,19,,"AB 02, AB 04, AB 05, AB 06, AB 08"
vowel-candidate,AB 10,AB 57,,AB 77,9,,32,,"AB 01, AB 02, AB 03, AB 04, AB 06"
vowel-candidate,AB 10,AB 33,,AB 77,9,,5,,"AB 04, AB 38, AB 72, AB 77, AB 80"
vowel-candidate,AB 10,AB 39,,AB 77,9,,29,,"AB 02, AB 04, AB 05, AB 06, AB 07"
vowel-candidate,AB 67,AB 07,,AB 77,9,,22,,"AB 02, AB 05, AB 08, AB 10, AB 11"
vowel-candidate,AB 07,AB 23,,AB 77,9,,6,,"AB 02, AB 05, AB 08, AB 37, AB 57"
vowel-candidate,AB 07,AB 69,,AB 77,9,,21,,"AB 02, AB 05, AB 08, AB 10, AB 15"
vowel-candidate,AB 07,AB 25,,AB 77,9,,14,,"AB 05, AB 36, AB 39, AB 42, AB 53"
vowel-candidate,AB 07,AB 20,,AB 77,9,,14,,"AB 02, AB 11, AB 36, AB 38, AB 42"
vowel-candidate,AB 14,AB 58,,AB 12,9,,13,,"AB 02, AB 05, AB 06, AB 12, AB 36"
vowel-candidate,AB 13,AB 26,,AB 12,9,,20,,"AB 02, AB 04, AB 05, AB 08, AB 10"
vowel-candidate,AB 16,AB 12,,AB 12,9,,17,,"AB 04, AB 05, AB 08, AB 10, AB 11"
vowel-candidate,AB 16,AB 21,,AB 12,9,,9,,"AB 04, AB 05, AB 08, AB 12, AB 37"
vowel-candidate,AB 16,AB 56,,AB 12,9,,12,,"AB 02, AB 04, AB 05, AB 08, AB 10"
vowel-candidate,AB 16,AB 50,,AB 12,9,,17,,"AB 02, AB 04, AB 05, AB 08, AB 11"
vowel-candidate,AB 16,AB 11,,AB 12,9,,24,,"AB 02, AB 04, AB 05, AB 08, AB 10"
vowel-candidate,AB 16,AB 06,,AB 12,9,,22,,"AB 02, AB 04, AB 05, AB 08, AB 10"
vowel-candidate,AB 21,AB 04,,AB 12,9,,14,,"AB 04, AB 05, AB 08, AB 12, AB 28"
vowel-candidate,AB 58,AB 30,,AB 12,9,,12,,"AB 02, AB 05, AB 06, AB 12, AB 36"
vowel-candidate,AB 58,AB 41,,AB 12,9,,12,,"AB 02, AB 05, AB 06, AB 12, AB 36"
vowel-candidate,AB 36,AB 68,,AB 38,9,,4,,"AB 03, AB 38, AB 78, AB 81"
vowel-candidate,AB 36,AB 65,,AB 38,9,,4,,"AB 28, AB 38, AB 42, AB 53"
vowel-candidate,AB 73,AB 68,,AB 38,9,,4,,"AB 08, AB 38, AB 69, AB 81"
vowel-candidate,AB 73,AB 65,,AB 38,9,,5,,"AB 08, AB 28, AB 38, AB 42, AB 53"
vowel-candidate,AB 14,AB 32,,AB 38,9,,21,,"AB 02, AB 03, AB 05, AB 06, AB 07"
vowel-candidate,AB 01,AB 68,,AB 38,9,,5,,"AB 03, AB 08, AB 38, AB 78, AB 81"
vowel-candidate,AB 01,AB 65,,AB 38,9,,6,,"AB 08, AB 28, AB 38, AB 42, AB 53"
vowel-candidate,AB 81,AB 33,,AB 38,9,,4,,"AB 04, AB 38, AB 39, AB 80"
vowel-candidate,AB 03,AB 68,,AB 38,9,,5,,"AB 03, AB 08, AB 38, AB 78, AB 81"
vowel-candidate,AB 03,AB 65,,AB 38,9,,5,,"AB 08, AB 28, AB 38, AB 42, AB 53"
vowel-candidate,AB 32,AB 33,,AB 38,9,,3,,"AB 38, AB 39, AB 72"
vowel-candidate,AB 72,AB 51,,AB 10,9,,11,,"AB 02, AB 04, AB 08, AB 10, AB 36"
vowel-candidate,AB 40,AB 43,,AB 70,9,,11,,"AB 02, AB 05, AB 06, AB 15, AB 36"
vowel-candidate,AB 43,AB 81,,AB 70,9,,12,,"AB 02, AB 05, AB 06, AB 15, AB 28"
vowel-candidate,AB 43,AB 37,,AB 70,9,,10,,"AB 02, AB 05, AB 06, AB 28, AB 36"
vowel-candidate,AB 43,AB 25,,AB 70,9,,5,,"AB 05, AB 36, AB 57, AB 59, AB 70"
vowel-candidate,AB 52,AB 74,,AB 02,9,,7,,"AB 02, AB 03, AB 08, AB 28, AB 36"
vowel-candidate,AB 07,AB 17,,AB 02,9,,6,,"AB 02, AB 36, AB 53, AB 57, AB 59"
vowel-candidate,AB 09,AB 74,,AB 02,9,,5,,"AB 02, AB 08, AB 28, AB 36, AB 61"
vowel-candidate,AB 57,AB 17,,AB 02,9,,11,,"AB 02, AB 07, AB 13, AB 27, AB 28"
vowel-candidate,AB 17,AB 20,,AB 02,9,,10,,"AB 02, AB 07, AB 13, AB 36, AB 53"
vowel-candidate,AB 02,AB 74,,AB 02,9,,7,,"AB 02, AB 03, AB 08, AB 28, AB 36"
vowel-candidate,AB 46,AB 28,,AB 54,9,,9,,"AB 01, AB 28, AB 39, AB 41, AB 53"
vowel-candidate,AB 46,AB 02,,AB 54,9,,11,,"AB 01, AB 07, AB 28, AB 37, AB 39"
vowel-candidate,AB 46,AB 42,,AB 54,9,,11,,"AB 01, AB 07, AB 28, AB 37, AB 39"
vowel-candidate,AB 28,AB 63,,AB 54,9,,3,,"AB 28, AB 54, AB 81"
vowel-candidate,AB 02,AB 63,,AB 54,9,,3,,"AB 28, AB 54, AB 81"
vowel-candidate,AB 42,AB 63,,AB 54,9,,3,,"AB 28, AB 54, AB 81"
vowel-candidate,AB 77,AB 48,,AB 37,9,,3,,"AB 01, AB 37, AB 41"
vowel-candidate,AB 21,AB 48,,AB 37,9,,1,,AB 37
vowel-candidate,AB 80,AB 48,,AB 37,9,,3,,"AB 01, AB 37, AB 41"
vowel-candidate,AB 37,AB 48,,AB 37,9,,1,,AB 37
vowel-candidate,AB 55,AB 48,,AB 37,9,,3,,"AB 01, AB 37, AB 41"
vowel-candidate,AB 24,AB 48,,AB 37,9,,3,,"AB 01, AB 37, AB 41"
vowel-candidate,AB 23,AB 48,,AB 37,9,,2,,"AB 37, AB 41"
vowel-candidate,AB 67,AB 48,,AB 37,9,,2,,"AB 37, AB 41"
vowel-candidate,AB 07,AB 48,,AB 37,9,,1,,AB 37
vowel-candidate,AB 01,AB 48,,AB 37,9,,3,,"AB 01, AB 37, AB 41"
vowel-candidate,AB 31,AB 48,,AB 37,9,,1,,AB 37
vowel-candidate,AB 09,AB 48,,AB 37,9,,1,,AB 37
vowel-candidate,AB 69,AB 48,,AB 37,9,,1,,AB 37
vowel-candidate,AB 48,AB 32,,AB 37,9,,1,,AB 37
vowel-candidate,AB 48,AB 08,,AB 37,9,,2,,"AB 37, AB 41"
vowel-candidate,AB 56,AB 29,,AB 36,9,,4,,"AB 05, AB 08, AB 36, AB 60"
vowel-candidate,AB 58,AB 29,,AB 36,9,,3,,"AB 05, AB 36, AB 60"
vowel-candidate,AB 11,AB 48,,AB 41,9,,2,,"AB 01, AB 41"
vowel-candidate,AB 69,AB 65,,AB 42,9,,3,,"AB 08, AB 42, AB 53"
vowel-candidate,AB 60,AB 34,,AB 24,9,,4,,"AB 08, AB 15, AB 24, AB 61"
vowel-candidate,AB 67,AB 34,,AB 24,9,,4,,"AB 08, AB 15, AB 24, AB 61"
vowel-candidate,AB 28,AB 34,,AB 24,9,,4,,"AB 08, AB 15, AB 24, AB 61"
vowel-candidate,AB 53,AB 34,,AB 24,9,,4,,"AB 08, AB 15, AB 24, AB 61"
vowel-candidate,AB 04,AB 34,,AB 24,9,,4,,"AB 08, AB 15, AB 24, AB 61"
vowel-candidate,AB 25,AB 34,,AB 24,9,,2,,"AB 24, AB 61"
vowel-candidate,AB 01,AB 34,,AB 24,9,,4,,"AB 08, AB 15, AB 24, AB 61"
vowel-candidate,AB 80,AB 34,,AB 24,9,,4,,"AB 08, AB 15, AB 24, AB 61"
vowel-candidate,AB 76,AB 25,,AB 59,9,,4,,"AB 39, AB 44, AB 59, AB 75"
vowel-candidate,AB 76,AB 85,,AB 59,9,,1,,AB 59
vowel-candidate,AB 76,AB 43,,AB 59,9,,1,,AB 59
vowel-candidate,AB 76,AB 20,,AB 59,9,,3,,"AB 03, AB 59, AB 72"
vowel-candidate,AB 24,AB 62,,AB 59,9,,2,,"AB 59, AB 60"
vowel-candidate,AB 09,AB 62,,AB 59,9,,2,,"AB 59, AB 60"
vowel-candidate,AB 17,AB 46,,AB 59,9,,4,,"AB 07, AB 28, AB 53, AB 59"
vowel-candidate,AB 56,AB 62,,AB 59,9,,3,,"AB 26, AB 59, AB 60"
vowel-candidate,AB 62,AB 50,,AB 59,9,,3,,"AB 59, AB 60, AB 78"
vowel-candidate,AB 62,AB 69,,AB 59,9,,2,,"AB 59, AB 60"
vowel-candidate,AB 57,AB 22,,AB 07,9,,2,,"AB 01, AB 07"
vowel-candidate,AB 22,AB 03,,AB 07,9,,1,,AB 07
vowel-candidate,AB 82,AB 05,,AB 27,9,,2,,"AB 27, AB 39"
vowel-candidate,AB 82,AB 60,,AB 27,9,,2,,"AB 27, AB 39"
vowel-candidate,AB 82,AB 37,,AB 27,9,,2,,"AB 27, AB 39"
vowel-candidate,AB 82,AB 17,,AB 27,9,,1,,AB 27
vowel-candidate,AB 82,AB 25,,AB 27,9,,2,,"AB 27, AB 39"
vowel-candidate,AB 90,AB 73,,AB 27,9,,1,,AB 27
vowel-candidate,AB 68,AB 62,,AB 78,9,,1,,AB 78
vowel-candidate,AB 68,AB 85,,AB 78,9,,1,,AB 78
vowel-candidate,AB 67,AB 19,,AB 39,9,,1,,AB 39
vowel-candidate,AB 75,AB 19,,AB 39,9,,1,,AB 39
vowel-candidate,AB 65,AB 43,,AB 28,9,,1,,AB 28
vowel-candidate,AB 65,AB 63,,AB 28,9,,1,,AB 28
vowel-candidate,AB 13,AB 91,,AB 61,9,,1,,AB 61
vowel-candidate,AB 59,AB 91,,AB 61,9,,1,,AB 61
vowel-candidate,AB 91,AB 34,,AB 61,9,,1,,AB 61
vowel-candidate,AB 20,AB 83,,AB 01,9,,1,,AB 01
vowel-candidate,AB 55,AB 87,,AB 01,9,,1,,AB 01
vowel-candidate,AB 11,AB 87,,AB 01,9,,1,,AB 01
vowel-candidate,AB 83,AB 27,,AB 01,9,,1,,AB 01
vowel-candidate,AB 83,AB 29,,AB 01,9,,1,,AB 01
vowel-candidate,AB 83,AB 81,,AB 01,9,,1,,AB 01
vowel-candidate,AB 83,AB 50,,AB 01,9,,1,,AB 01
vowel-candidate,AB 59,AB 87,,AB 01,9,,1,,AB 01
vowel-candidate,AB 44,AB 87,,AB 01,9,,1,,AB 01
consonant-candidate,AB 08,AB 02,AB 56,,8,52,,"AB 01, AB 02, AB 03, AB 04, AB 05",
consonant-candidate,AB 08,AB 05,AB 56,,8,51,,"AB 01, AB 02, AB 03, AB 04, AB 05",
consonant-candidate,AB 08,AB 59,AB 56,,8,50,,"AB 01, AB 02, AB 03, AB 04, AB 05",
consonant-candidate,AB 02,AB 05,AB 56,,8,52,,"AB 01, AB 02, AB 03, AB 04, AB 05",
consonant-candidate,AB 02,AB 59,AB 56,,8,55,,"AB 01, AB 02, AB 03, AB 04, AB 05",
consonant-candidate,AB 05,AB 59,AB 56,,8,54,,"AB 01, AB 02, AB 03, AB 04, AB 05",
consonant-candidate,AB 56,AB 03,AB 12,,8,8,,"AB 01, AB 12, AB 28, AB 37, AB 52",
consonant-candidate,AB 56,AB 38,AB 12,,8,8,,"AB 01, AB 12, AB 26, AB 28, AB 37",
consonant-candidate,AB 56,AB 73,AB 12,,8,7,,"AB 12, AB 26, AB 37, AB 52, AB 53",
consonant-candidate,AB 56,AB 75,AB 12,,8,9,,"AB 01, AB 12, AB 26, AB 28, AB 37",
consonant-candidate,AB 56,AB 81,AB 12,,8,7,,"AB 01, AB 12, AB 26, AB 28, AB 52",
consonant-candidate,AB 56,AB 74,AB 12,,8,2,,"AB 12, AB 37",
consonant-candidate,AB 55,AB 03,AB 12,,8,19,,"AB 03, AB 05, AB 08, AB 12, AB 13",
consonant-candidate,AB 55,AB 38,AB 12,,8,19,,"AB 03, AB 05, AB 08, AB 09, AB 12",
consonant-candidate,AB 55,AB 73,AB 12,,8,10,,"AB 03, AB 05, AB 08, AB 12, AB 53",
consonant-candidate,AB 55,AB 75,AB 12,,8,20,,"AB 03, AB 05, AB 08, AB 09, AB 12",
consonant-candidate,AB 55,AB 81,AB 12,,8,11,,"AB 03, AB 12, AB 15, AB 42, AB 44",
consonant-candidate,AB 55,AB 74,AB 12,,8,4,,"AB 05, AB 12, AB 75, AB 78",
consonant-candidate,AB 03,AB 59,AB 12,,8,45,,"AB 01, AB 02, AB 03, AB 04, AB 05",
consonant-candidate,AB 03,AB 80,AB 12,,8,29,,"AB 01, AB 02, AB 04, AB 05, AB 06",
consonant-candidate,AB 38,AB 59,AB 12,,8,47,,"AB 01, AB 02, AB 03, AB 04, AB 05",
consonant-candidate,AB 38,AB 80,AB 12,,8,36,,"AB 01, AB 02, AB 04, AB 05, AB 06",
consonant-candidate,AB 40,AB 12,AB 12,,8,25,,"AB 01, AB 02, AB 03, AB 04, AB 05",
consonant-candidate,AB 40,AB 67,AB 12,,8,20,,"AB 01, AB 02, AB 03, AB 04, AB 05",
consonant-candidate,AB 40,AB 48,AB 12,,8,5,,"AB 12, AB 27, AB 36, AB 37, AB 59",
consonant-candidate,AB 40,AB 44,AB 12,,8,24,,"AB 01, AB 02, AB 03, AB 04, AB 05",
consonant-candidate,AB 40,AB 49,AB 12,,8,1,,AB 12,
consonant-candidate,AB 40,AB 36,AB 12,,8,27,,"AB 01, AB 02, AB 03, AB 04, AB 05",
consonant-candidate,AB 40,AB 17,AB 12,,8,11,,"AB 02, AB 05, AB 06, AB 12, AB 27",
consonant-candidate,AB 40,AB 07,AB 12,,8,19,,"AB 01, AB 02, AB 03, AB 12, AB 14",
consonant-candidate,AB 40,AB 15,AB 12,,8,23,,"AB 01, AB 02, AB 03, AB 04, AB 05",
consonant-candidate,AB 40,AB 09,AB 12,,8,13,,"AB 01, AB 02, AB 04, AB 05, AB 12",
consonant-candidate,AB 40,AB 63,AB 12,,8,2,,"AB 04, AB 12",
consonant-candidate,AB 40,AB 16,AB 12,,8,20,,"AB 01, AB 02, AB 04, AB 05, AB 06",
consonant-candidate,AB 04,AB 67,AB 12,,8,26,,"AB 01, AB 02, AB 03, AB 04, AB 05",
consonant-candidate,AB 04,AB 48,AB 12,,8,6,,"AB 12, AB 27, AB 36, AB 37, AB 41",
consonant-candidate,AB 04,AB 44,AB 12,,8,43,,"AB 01, AB 02, AB 03, AB 04, AB 05",
consonant-candidate,AB 04,AB 49,AB 12,,8,1,,AB 12,
consonant-candidate,AB 04,AB 17,AB 12,,8,16,,"AB 02, AB 05, AB 06, AB 08, AB 12",
consonant-candidate,AB 04,AB 07,AB 12,,8,24,,"AB 01, AB 02, AB 03, AB 10, AB 12",
consonant-candidate,AB 04,AB 09,AB 12,,8,20,,"AB 01, AB 02, AB 04, AB 05, AB 10",
consonant-candidate,AB 04,AB 63,AB 12,,8,3,,"AB 04, AB 10, AB 12",
consonant-candidate,AB 04,AB 16,AB 12,,8,26,,"AB 01, AB 02, AB 04, AB 05, AB 06",
consonant-candidate,AB 59,AB 73,AB 12,,8,23,,"AB 03, AB 04, AB 05, AB 08, AB 12",
consonant-candidate,AB 59,AB 81,AB 12,,8,33,,"AB 01, AB 02, AB 03, AB 04, AB 06",
consonant-candidate,AB 59,AB 74,AB 12,,8,7,,"AB 02, AB 05, AB 10, AB 12, AB 37",
consonant-candidate,AB 12,AB 32,AB 12,,8,28,,"AB 01, AB 02, AB 03, AB 04, AB 05",
consonant-candidate,AB 08,AB 43,AB 12,,8,14,,"AB 04, AB 12, AB 13, AB 30, AB 31",
consonant-candidate,AB 08,AB 39,AB 12,,8,44,,"AB 01, AB 02, AB 03, AB 04, AB 05",
consonant-candidate,AB 32,AB 67,AB 12,,8,20,,"AB 01, AB 02, AB 03, AB 04, AB 05",
consonant-candidate,AB 32,AB 48,AB 12,,8,5,,"AB 12, AB 27, AB 36, AB 41, AB 59",
consonant-candidate,AB 32,AB 44,AB 12,,8,25,,"AB 01, AB 02, AB 03, AB 04, AB 05",
consonant-candidate,AB 32,AB 49,AB 12,,8,1,,AB 12,
consonant-candidate,AB 32,AB 36,AB 12,,8,29,,"AB 01, AB 02, AB 03, AB 04, AB 05",
consonant-candidate,AB 32,AB 17,AB 12,,8,11,,"AB 02, AB 05, AB 08, AB 12, AB 27",
consonant-candidate,AB 32,AB 07,AB 12,,8,16,,"AB 01, AB 02, AB 03, AB 10, AB 12",
consonant-candidate,AB 32,AB 15,AB 12,,8,28,,"AB 01, AB 02, AB 03, AB 04, AB 05",
consonant-candidate,AB 32,AB 09,AB 12,,8,15,,"AB 01, AB 02, AB 04, AB 05, AB 10",
consonant-candidate,AB 32,AB 63,AB 12,,8,3,,"AB 04, AB 10, AB 12",
consonant-candidate,AB 32,AB 16,AB 12,,8,20,,"AB 01, AB 02, AB 04, AB 05, AB 12",
consonant-candidate,AB 73,AB 80,AB 12,,8,16,,"AB 04, AB 05, AB 12, AB 26, AB 27",
consonant-candidate,AB 80,AB 75,AB 12,,8,35,,"AB 01, AB 02, AB 04, AB 05, AB 06",
consonant-candidate,AB 80,AB 81,AB 12,,8,27,,"AB 01, AB 02, AB 04, AB 06, AB 07",
consonant-candidate,AB 80,AB 74,AB 12,,8,6,,"AB 02, AB 05, AB 10, AB 12, AB 37",
consonant-candidate,AB 43,AB 39,AB 12,,8,12,,"AB 04, AB 12, AB 13, AB 30, AB 37",
consonant-candidate,AB 90,AB 53,AB 38,,8,2,,"AB 36, AB 38",
consonant-candidate,AB 90,AB 67,AB 38,,8,2,,"AB 36, AB 38",
consonant-candidate,AB 90,AB 68,AB 38,,8,2,,"AB 36, AB 38",
consonant-candidate,AB 90,AB 01,AB 38,,8,2,,"AB 36, AB 38",
consonant-candidate,AB 40,AB 37,AB 38,,8,21,,"AB 01, AB 02, AB 03, AB 04, AB 05",
consonant-candidate,AB 40,AB 13,AB 38,,8,18,,"AB 02, AB 04, AB 05, AB 06, AB 11",
consonant-candidate,AB 40,AB 62,AB 38,,8,6,,"AB 27, AB 37, AB 38, AB 52, AB 53",
consonant-candidate,AB 37,AB 31,AB 38,,8,31,,"AB 01, AB 02, AB 03, AB 04, AB 05",
consonant-candidate,AB 37,AB 72,AB 38,,8,27,,"AB 01, AB 02, AB 04, AB 05, AB 07",
consonant-candidate,AB 07,AB 68,AB 38,,8,5,,"AB 32, AB 36, AB 38, AB 60, AB 81",
consonant-candidate,AB 30,AB 68,AB 38,,8,4,,"AB 08, AB 36, AB 38, AB 61",
consonant-candidate,AB 81,AB 68,AB 38,,8,4,,"AB 24, AB 36, AB 38, AB 60",
consonant-candidate,AB 11,AB 31,AB 38,,8,31,,"AB 01, AB 02, AB 03, AB 04, AB 05",
consonant-candidate,AB 11,AB 72,AB 38,,8,30,,"AB 01, AB 02, AB 04, AB 05, AB 07",
consonant-candidate,AB 68,AB 16,AB 38,,8,5,,"AB 24, AB 36, AB 38, AB 60, AB 61",
consonant-candidate,AB 31,AB 09,AB 38,,8,19,,"AB 01, AB 02, AB 04, AB 05, AB 13",
consonant-candidate,AB 31,AB 17,AB 38,,8,13,,"AB 02, AB 05, AB 06, AB 08, AB 27",
consonant-candidate,AB 31,AB 13,AB 38,,8,25,,"AB 02, AB 04, AB 05, AB 06, AB 08",
consonant-candidate,AB 31,AB 62,AB 38,,8,6,,"AB 27, AB 37, AB 38, AB 52, AB 53",
consonant-candidate,AB 09,AB 72,AB 38,,8,15,,"AB 01, AB 02, AB 04, AB 05, AB 10",
consonant-candidate,AB 17,AB 72,AB 38,,8,12,,"AB 02, AB 05, AB 08, AB 27, AB 38",
consonant-candidate,AB 72,AB 13,AB 38,,8,24,,"AB 02, AB 04, AB 05, AB 08, AB 10",
consonant-candidate,AB 72,AB 62,AB 38,,8,5,,"AB 27, AB 37, AB 38, AB 53, AB 60",
consonant-candidate,AB 76,AB 24,AB 70,,8,8,,"AB 04, AB 05, AB 08, AB 37, AB 42",
consonant-candidate,AB 76,AB 14,AB 70,,8,6,,"AB 05, AB 37, AB 42, AB 45, AB 53",
consonant-candidate,AB 76,AB 82,AB 70,,8,3,,"AB 45, AB 61, AB 70",
consonant-candidate,AB 76,AB 79,AB 70,,8,2,,"AB 04, AB 70",
consonant-candidate,AB 37,AB 82,AB 70,,8,2,,"AB 70, AB 80",
consonant-candidate,AB 37,AB 79,AB 70,,8,2,,"AB 04, AB 70",
consonant-candidate,AB 23,AB 33,AB 70,,8,1,,AB 70,
consonant-candidate,AB 23,AB 46,AB 70,,8,4,,"AB 02, AB 05, AB 59, AB 70",
consonant-candidate,AB 13,AB 82,AB 70,,8,3,,"AB 45, AB 61, AB 70",
consonant-candidate,AB 13,AB 79,AB 70,,8,2,,"AB 04, AB 70",
consonant-candidate,AB 33,AB 46,AB 70,,8,3,,"AB 42, AB 54, AB 70",
consonant-candidate,AB 78,AB 82,AB 70,,8,2,,"AB 61, AB 70",
consonant-candidate,AB 78,AB 79,AB 70,,8,2,,"AB 04, AB 70",
consonant-candidate,AB 29,AB 51,AB 02,,8,5,,"AB 02, AB 26, AB 53, AB 75, AB 77",
consonant-candidate,AB 29,AB 45,AB 02,,8,9,,"AB 02, AB 04, AB 27, AB 37, AB 40",
consonant-candidate,AB 29,AB 02,AB 02,,8,11,,"AB 02, AB 04, AB 26, AB 27, AB 37",
consonant-candidate,AB 74,AB 69,AB 02,,8,4,,"AB 02, AB 05, AB 37, AB 75",
consonant-candidate,AB 74,AB 58,AB 02,,8,3,,"AB 02, AB 05, AB 37",
consonant-candidate,AB 51,AB 20,AB 02,,8,5,,"AB 02, AB 05, AB 42, AB 54, AB 69",
consonant-candidate,AB 51,AB 23,AB 02,,8,3,,"AB 02, AB 05, AB 55",
consonant-candidate,AB 21,AB 56,AB 37,,8,4,,"AB 37, AB 52, AB 53, AB 60",
consonant-candidate,AB 21,AB 52,AB 37,,8,11,,"AB 20, AB 36, AB 37, AB 41, AB 42",
consonant-candidate,AB 21,AB 26,AB 37,,8,7,,"AB 37, AB 41, AB 42, AB 52, AB 57",
consonant-candidate,AB 21,AB 69,AB 37,,8,7,,"AB 20, AB 37, AB 42, AB 52, AB 53",
consonant-candidate,AB 74,AB 76,AB 37,,8,2,,"AB 05, AB 37",
consonant-candidate,AB 74,AB 62,AB 37,,8,1,,AB 37,
consonant-candidate,AB 58,AB 47,AB 37,,8,1,,AB 37,
consonant-candidate,AB 58,AB 48,AB 37,,8,1,,AB 37,
consonant-candidate,AB 58,AB 62,AB 37,,8,3,,"AB 37, AB 53, AB 60",
consonant-candidate,AB 73,AB 29,AB 37,,8,7,,"AB 04, AB 26, AB 27, AB 37, AB 53",
consonant-candidate,AB 27,AB 47,AB 37,,8,1,,AB 37,
consonant-candidate,AB 27,AB 48,AB 37,,8,4,,"AB 36, AB 37, AB 41, AB 59",
consonant-candidate,AB 47,AB 13,AB 37,,8,1,,AB 37,
consonant-candidate,AB 13,AB 48,AB 37,,8,4,,"AB 27, AB 37, AB 41, AB 59",
consonant-candidate,AB 15,AB 64,AB 36,,8,1,,AB 36,
consonant-candidate,AB 32,AB 64,AB 36,,8,2,,"AB 36, AB 57",
consonant-candidate,AB 45,AB 64,AB 36,,8,2,,"AB 36, AB 57",
consonant-candidate,AB 64,AB 11,AB 36,,8,1,,AB 36,
consonant-candidate,AB 33,AB 21,AB 42,,8,1,,AB 42,
consonant-candidate,AB 05,AB 34,AB 59,,8,3,,"AB 44, AB 59, AB 77",
consonant-candidate,AB 40,AB 34,AB 59,,8,2,,"AB 59, AB 77",
consonant-candidate,AB 52,AB 34,AB 59,,8,3,,"AB 44, AB 59, AB 77",
consonant-candidate,AB 85,AB 61,AB 59,,8,6,,"AB 04, AB 05, AB 44, AB 45, AB 53",
consonant-candidate,AB 85,AB 24,AB 59,,8,5,,"AB 04, AB 05, AB 44, AB 53, AB 59",
consonant-candidate,AB 07,AB 87,AB 59,,8,1,,AB 59,
consonant-candidate,AB 61,AB 19,AB 59,,8,1,,AB 59,
consonant-candidate,AB 46,AB 87,AB 59,,8,1,,AB 59,
consonant-candidate,AB 87,AB 11,AB 59,,8,1,,AB 59,
consonant-candidate,AB 24,AB 19,AB 59,,8,1,,AB 59,
consonant-candidate,AB 27,AB 35,AB 05,,8,2,,"AB 05, AB 67",
consonant-candidate,AB 14,AB 65,AB 05,,8,4,,"AB 05, AB 77, AB 78, AB 80",
consonant-candidate,AB 46,AB 65,AB 05,,8,2,,"AB 05, AB 77",
consonant-candidate,AB 65,AB 37,AB 05,,8,3,,"AB 05, AB 77, AB 80",
consonant-candidate,AB 55,AB 29,AB 40,,8,6,,"AB 40, AB 44, AB 53, AB 60, AB 75",
consonant-candidate,AB 07,AB 91,AB 75,,8,1,,AB 75,
consonant-candidate,AB 32,AB 91,AB 75,,8,1,,AB 75,
consonant-candidate,AB 37,AB 91,AB 75,,8,1,,AB 75,
consonant-candidate,AB 72,AB 64,AB 57,,8,1,,AB 57,
consonant-candidate,AB 76,AB 83,AB 61,,8,1,,AB 61,
vowel-candidate,AB 56,AB 36,,AB 77,8,,12,,"AB 02, AB 04, AB 05, AB 10, AB 12"
vowel-candidate,AB 56,AB 14,,AB 77,8,,13,,"AB 02, AB 04, AB 05, AB 10, AB 12"
vowel-candidate,AB 55,AB 10,,AB 77,8,,15,,"AB 01, AB 02, AB 03, AB 08, AB 09"
vowel-candidate,AB 15,AB 30,,AB 77,8,,23,,"AB 02, AB 03, AB 05, AB 06, AB 08"
vowel-candidate,AB 15,AB 11,,AB 77,8,,26,,"AB 01, AB 02, AB 03, AB 04, AB 05"
vowel-candidate,AB 15,AB 72,,AB 77,8,,24,,"AB 01, AB 02, AB 03, AB 04, AB 05"
vowel-candidate,AB 36,AB 09,,AB 77,8,,22,,"AB 02, AB 04, AB 05, AB 06, AB 11"
vowel-candidate,AB 36,AB 57,,AB 77,8,,41,,"AB 01, AB 02, AB 03, AB 04, AB 06"
vowel-candidate,AB 36,AB 33,,AB 77,8,,5,,"AB 04, AB 38, AB 39, AB 77, AB 80"
vowel-candidate,AB 36,AB 39,,AB 77,8,,35,,"AB 02, AB 04, AB 05, AB 06, AB 07"
vowel-candidate,AB 14,AB 09,,AB 77,8,,21,,"AB 02, AB 04, AB 05, AB 06, AB 16"
vowel-candidate,AB 14,AB 57,,AB 77,8,,36,,"AB 01, AB 02, AB 03, AB 04, AB 06"
vowel-candidate,AB 14,AB 33,,AB 77,8,,6,,"AB 04, AB 38, AB 39, AB 72, AB 77"
vowel-candidate,AB 14,AB 39,,AB 77,8,,33,,"AB 02, AB 04, AB 05, AB 06, AB 07"
vowel-candidate,AB 30,AB 11,,AB 77,8,,29,,"AB 02, AB 03, AB 05, AB 06, AB 08"
vowel-candidate,AB 30,AB 72,,AB 77,8,,25,,"AB 02, AB 03, AB 05, AB 06, AB 08"
vowel-candidate,AB 73,AB 10,,AB 77,8,,21,,"AB 01, AB 02, AB 04, AB 05, AB 07"
vowel-candidate,AB 11,AB 72,,AB 77,8,,32,,"AB 01, AB 02, AB 03, AB 04, AB 05"
vowel-candidate,AB 50,AB 10,,AB 77,8,,22,,"AB 01, AB 02, AB 03, AB 04, AB 05"
vowel-candidate,AB 10,AB 67,,AB 77,8,,25,,"AB 02, AB 03, AB 04, AB 05, AB 06"
vowel-candidate,AB 10,AB 23,,AB 77,8,,6,,"AB 02, AB 05, AB 08, AB 57, AB 67"
vowel-candidate,AB 10,AB 69,,AB 77,8,,21,,"AB 02, AB 03, AB 04, AB 05, AB 08"
vowel-candidate,AB 10,AB 25,,AB 77,8,,19,,"AB 01, AB 04, AB 05, AB 24, AB 27"
vowel-candidate,AB 10,AB 20,,AB 77,8,,20,,"AB 01, AB 02, AB 03, AB 06, AB 07"
vowel-candidate,AB 57,AB 13,,AB 12,8,,34,,"AB 02, AB 03, AB 04, AB 06, AB 08"
vowel-candidate,AB 14,AB 21,,AB 12,8,,11,,"AB 04, AB 05, AB 12, AB 28, AB 39"
vowel-candidate,AB 13,AB 58,,AB 12,8,,11,,"AB 02, AB 05, AB 06, AB 12, AB 36"
vowel-candidate,AB 13,AB 52,,AB 12,8,,32,,"AB 02, AB 03, AB 05, AB 06, AB 08"
vowel-candidate,AB 13,AB 54,,AB 12,8,,37,,"AB 02, AB 03, AB 04, AB 05, AB 06"
vowel-candidate,AB 13,AB 73,,AB 12,8,,26,,"AB 02, AB 04, AB 05, AB 08, AB 10"
vowel-candidate,AB 10,AB 58,,AB 12,8,,10,,"AB 02, AB 05, AB 06, AB 12, AB 36"
vowel-candidate,AB 21,AB 30,,AB 12,8,,12,,"AB 05, AB 08, AB 12, AB 28, AB 37"
vowel-candidate,AB 21,AB 41,,AB 12,8,,12,,"AB 04, AB 05, AB 08, AB 12, AB 28"
vowel-candidate,AB 53,AB 58,,AB 12,8,,12,,"AB 02, AB 05, AB 12, AB 36, AB 39"
vowel-candidate,AB 69,AB 58,,AB 12,8,,12,,"AB 02, AB 05, AB 12, AB 36, AB 39"
vowel-candidate,AB 58,AB 44,,AB 12,8,,12,,"AB 02, AB 05, AB 06, AB 12, AB 36"
vowel-candidate,AB 58,AB 39,,AB 12,8,,13,,"AB 02, AB 05, AB 06, AB 12, AB 36"
vowel-candidate,AB 58,AB 27,,AB 12,8,,14,,"AB 02, AB 05, AB 06, AB 12, AB 17"
vowel-candidate,AB 36,AB 32,,AB 38,8,,24,,"AB 02, AB 03, AB 05, AB 06, AB 07"
vowel-candidate,AB 07,AB 16,,AB 38,8,,19,,"AB 02, AB 05, AB 08, AB 10, AB 11"
vowel-candidate,AB 07,AB 68,,AB 38,8,,3,,"AB 08, AB 38, AB 81"
vowel-candidate,AB 07,AB 65,,AB 38,8,,5,,"AB 08, AB 38, AB 42, AB 53, AB 72"
vowel-candidate,AB 73,AB 32,,AB 38,8,,19,,"AB 02, AB 05, AB 07, AB 08, AB 10"
vowel-candidate,AB 28,AB 68,,AB 38,8,,5,,"AB 03, AB 08, AB 38, AB 78, AB 81"
vowel-candidate,AB 28,AB 65,,AB 38,8,,6,,"AB 08, AB 28, AB 38, AB 42, AB 53"
vowel-candidate,AB 54,AB 68,,AB 38,8,,6,,"AB 03, AB 08, AB 38, AB 69, AB 78"
vowel-candidate,AB 54,AB 65,,AB 38,8,,5,,"AB 08, AB 28, AB 38, AB 42, AB 53"
vowel-candidate,AB 16,AB 68,,AB 38,8,,3,,"AB 08, AB 38, AB 69"
vowel-candidate,AB 16,AB 65,,AB 38,8,,5,,"AB 08, AB 38, AB 42, AB 53, AB 72"
vowel-candidate,AB 01,AB 32,,AB 38,8,,24,,"AB 02, AB 03, AB 05, AB 06, AB 07"
vowel-candidate,AB 03,AB 32,,AB 38,8,,24,,"AB 02, AB 03, AB 05, AB 06, AB 07"
vowel-candidate,AB 68,AB 65,,AB 38,8,,2,,"AB 08, AB 38"
vowel-candidate,AB 40,AB 51,,AB 10,8,,14,,"AB 02, AB 04, AB 07, AB 08, AB 10"
vowel-candidate,AB 69,AB 51,,AB 10,8,,12,,"AB 02, AB 04, AB 08, AB 10, AB 36"
vowel-candidate,AB 32,AB 51,,AB 10,8,,8,,"AB 02, AB 07, AB 08, AB 10, AB 36"
vowel-candidate,AB 16,AB 51,,AB 10,8,,10,,"AB 02, AB 04, AB 08, AB 10, AB 36"
vowel-candidate,AB 21,AB 51,,AB 70,8,,6,,"AB 04, AB 08, AB 44, AB 53, AB 57"
vowel-candidate,AB 30,AB 43,,AB 70,8,,11,,"AB 02, AB 05, AB 06, AB 15, AB 28"
vowel-candidate,AB 43,AB 44,,AB 70,8,,12,,"AB 02, AB 05, AB 06, AB 15, AB 28"
vowel-candidate,AB 43,AB 20,,AB 70,8,,7,,"AB 02, AB 06, AB 36, AB 52, AB 57"
vowel-candidate,AB 58,AB 51,,AB 70,8,,5,,"AB 02, AB 36, AB 40, AB 42, AB 70"
vowel-candidate,AB 50,AB 51,,AB 70,8,,9,,"AB 02, AB 04, AB 08, AB 36, AB 42"
vowel-candidate,AB 07,AB 74,,AB 02,8,,5,,"AB 02, AB 08, AB 36, AB 42, AB 61"
vowel-candidate,AB 56,AB 17,,AB 02,8,,4,,"AB 02, AB 36, AB 58, AB 59"
vowel-candidate,AB 57,AB 74,,AB 02,8,,7,,"AB 02, AB 03, AB 08, AB 28, AB 36"
vowel-candidate,AB 17,AB 51,,AB 02,8,,5,,"AB 02, AB 07, AB 36, AB 53, AB 57"
vowel-candidate,AB 20,AB 74,,AB 02,8,,5,,"AB 02, AB 03, AB 36, AB 42, AB 61"
vowel-candidate,AB 46,AB 30,,AB 54,8,,8,,"AB 28, AB 37, AB 39, AB 41, AB 53"
vowel-candidate,AB 46,AB 11,,AB 54,8,,10,,"AB 01, AB 28, AB 39, AB 40, AB 41"
vowel-candidate,AB 30,AB 63,,AB 54,8,,3,,"AB 28, AB 54, AB 81"
vowel-candidate,AB 11,AB 63,,AB 54,8,,2,,"AB 28, AB 54"
vowel-candidate,AB 16,AB 46,,AB 37,8,,5,,"AB 37, AB 53, AB 59, AB 60, AB 75"
vowel-candidate,AB 46,AB 75,,AB 37,8,,10,,"AB 01, AB 07, AB 28, AB 37, AB 39"
vowel-candidate,AB 72,AB 48,,AB 41,8,,2,,"AB 01, AB 41"
vowel-candidate,AB 28,AB 48,,AB 41,8,,2,,"AB 01, AB 41"
vowel-candidate,AB 44,AB 34,,AB 24,8,,4,,"AB 08, AB 15, AB 24, AB 61"
vowel-candidate,AB 15,AB 34,,AB 24,8,,3,,"AB 08, AB 24, AB 61"
vowel-candidate,AB 16,AB 34,,AB 24,8,,4,,"AB 08, AB 15, AB 24, AB 61"
vowel-candidate,AB 52,AB 34,,AB 24,8,,4,,"AB 08, AB 15, AB 24, AB 61"
vowel-candidate,AB 70,AB 34,,AB 24,8,,4,,"AB 08, AB 15, AB 24, AB 61"
vowel-candidate,AB 32,AB 62,,AB 59,8,,4,,"AB 07, AB 26, AB 59, AB 60"
vowel-candidate,AB 31,AB 85,,AB 59,8,,5,,"AB 05, AB 52, AB 57, AB 59, AB 61"
vowel-candidate,AB 58,AB 46,,AB 59,8,,4,,"AB 39, AB 40, AB 59, AB 60"
vowel-candidate,AB 26,AB 62,,AB 59,8,,2,,"AB 59, AB 60"
vowel-candidate,AB 62,AB 46,,AB 59,8,,3,,"AB 07, AB 59, AB 60"
vowel-candidate,AB 79,AB 45,,AB 08,8,,1,,AB 08
vowel-candidate,AB 79,AB 10,,AB 08,8,,2,,"AB 08, AB 80"
vowel-candidate,AB 79,AB 61,,AB 08,8,,2,,"AB 08, AB 80"
vowel-candidate,AB 45,AB 34,,AB 08,8,,3,,"AB 08, AB 15, AB 61"
vowel-candidate,AB 82,AB 14,,AB 27,8,,2,,"AB 27, AB 39"
vowel-candidate,AB 82,AB 52,,AB 27,8,,2,,"AB 27, AB 39"
vowel-candidate,AB 82,AB 31,,AB 27,8,,1,,AB 27
vowel-candidate,AB 90,AB 05,,AB 27,8,,1,,AB 27
vowel-candidate,AB 90,AB 60,,AB 27,8,,1,,AB 27
vowel-candidate,AB 90,AB 37,,AB 27,8,,1,,AB 27
vowel-candidate,AB 90,AB 17,,AB 27,8,,1,,AB 27
vowel-candidate,AB 90,AB 25,,AB 27,8,,1,,AB 27
vowel-candidate,AB 68,AB 43,,AB 78,8,,1,,AB 78
vowel-candidate,AB 25,AB 79,,AB 80,8,,1,,AB 80
vowel-candidate,AB 81,AB 19,,AB 39,8,,1,,AB 39
vowel-candidate,AB 72,AB 63,,AB 28,8,,2,,"AB 28, AB 81"
vowel-candidate,AB 53,AB 91,,AB 61,8,,1,,AB 61
vowel-candidate,AB 60,AB 91,,AB 61,8,,1,,AB 61
vowel-candidate,AB 15,AB 91,,AB 61,8,,1,,AB 61
vowel-candidate,AB 26,AB 91,,AB 61,8,,1,,AB 61
vowel-candidate,AB 69,AB 91,,AB 61,8,,1,,AB 61
vowel-candidate,AB 91,AB 25,,AB 61,8,,1,,AB 61
vowel-candidate,AB 34,AB 20,,AB 61,8,,1,,AB 61
vowel-candidate,AB 29,AB 22,,AB 51,8,,2,,"AB 01, AB 51"
vowel-candidate,AB 20,AB 87,,AB 01,8,,1,,AB 01
vowel-candidate,AB 57,AB 87,,AB 01,8,,1,,AB 01
vowel-candidate,AB 48,AB 10,,AB 01,8,,1,,AB 01
vowel-candidate,AB 01,AB 87,,AB 01,8,,1,,AB 01
vowel-candidate,AB 27,AB 87,,AB 01,8,,1,,AB 01
vowel-candidate,AB 29,AB 87,,AB 01,8,,1,,AB 01
vowel-candidate,AB 81,AB 87,,AB 01,8,,1,,AB 01
vowel-candidate,AB 87,AB 50,,AB 01,8,,1,,AB 01
vowel-candidate,AB 87,AB 72,,AB 01,8,,1,,AB 01
consonant-candidate,AB 77,AB 08,AB 56,,7,46,,"AB 01, AB 02, AB 03, AB 04, AB 05",
consonant-candidate,AB 77,AB 02,AB 56,,7,48,,"AB 01, AB 02, AB 03, AB 04, AB 05",
consonant-candidate,AB 77,AB 05,AB 56,,7,47,,"AB 01, AB 02, AB 03, AB 04, AB 05",
consonant-candidate,AB 77,AB 59,AB 56,,7,49,,"AB 01, AB 02, AB 03, AB 04, AB 05",
consonant-candidate,AB 08,AB 52,AB 56,,7,46,,"AB 01, AB 02, AB 03, AB 04, AB 05",
consonant-candidate,AB 08,AB 60,AB 56,,7,52,,"AB 01, AB 02, AB 03, AB 04, AB 05",
consonant-candidate,AB 02,AB 52,AB 56,,7,50,,"AB 01, AB 02, AB 03, AB 04, AB 05",
consonant-candidate,AB 02,AB 60,AB 56,,7,53,,"AB 01, AB 02, AB 03, AB 04, AB 05",
consonant-candidate,AB 05,AB 52,AB 56,,7,50,,"AB 01, AB 02, AB 03, AB 04, AB 05",
consonant-candidate,AB 05,AB 60,AB 56,,7,54,,"AB 01, AB 02, AB 03, AB 04, AB 05",
consonant-candidate,AB 59,AB 52,AB 56,,7,52,,"AB 01, AB 02, AB 03, AB 04, AB 05",
consonant-candidate,AB 59,AB 60,AB 56,,7,57,,"AB 01, AB 02, AB 03, AB 04, AB 05",
consonant-candidate,AB 56,AB 12,AB 12,,7,8,,"AB 01, AB 12, AB 26, AB 28, AB 52",
consonant-candidate,AB 56,AB 67,AB 12,,7,6,,"AB 01, AB 12, AB 37, AB 52, AB 53",
consonant-candidate,AB 56,AB 48,AB 12,,7,2,,"AB 12, AB 37",
consonant-candidate,AB 56,AB 44,AB 12,,7,8,,"AB 01, AB 12, AB 28, AB 37, AB 51",
consonant-candidate,AB 56,AB 49,AB 12,,7,1,,AB 12,
consonant-candidate,AB 56,AB 36,AB 12,,7,10,,"AB 01, AB 12, AB 26, AB 28, AB 37",
consonant-candidate,AB 56,AB 17,AB 12,,7,3,,"AB 12, AB 60, AB 70",
consonant-candidate,AB 56,AB 07,AB 12,,7,7,,"AB 01, AB 12, AB 37, AB 51, AB 53",
consonant-candidate,AB 56,AB 15,AB 12,,7,7,,"AB 01, AB 12, AB 28, AB 52, AB 53",
consonant-candidate,AB 56,AB 09,AB 12,,7,5,,"AB 01, AB 12, AB 52, AB 53, AB 60",
consonant-candidate,AB 56,AB 63,AB 12,,7,1,,AB 12,
consonant-candidate,AB 56,AB 16,AB 12,,7,7,,"AB 01, AB 12, AB 28, AB 37, AB 52",
consonant-candidate,AB 55,AB 12,AB 12,,7,18,,"AB 03, AB 05, AB 08, AB 12, AB 13",
consonant-candidate,AB 55,AB 67,AB 12,,7,10,,"AB 03, AB 05, AB 08, AB 12, AB 25",
consonant-candidate,AB 55,AB 48,AB 12,,7,2,,"AB 12, AB 59",
consonant-candidate,AB 55,AB 44,AB 12,,7,21,,"AB 03, AB 05, AB 08, AB 09, AB 12",
consonant-candidate,AB 55,AB 49,AB 12,,7,1,,AB 12,
consonant-candidate,AB 55,AB 36,AB 12,,7,21,,"AB 03, AB 05, AB 08, AB 09, AB 12",
consonant-candidate,AB 55,AB 17,AB 12,,7,10,,"AB 05, AB 08, AB 12, AB 42, AB 60",
consonant-candidate,AB 55,AB 07,AB 12,,7,11,,"AB 03, AB 12, AB 40, AB 42, AB 53",
consonant-candidate,AB 55,AB 15,AB 12,,7,18,,"AB 03, AB 05, AB 08, AB 12, AB 13",
consonant-candidate,AB 55,AB 09,AB 12,,7,9,,"AB 05, AB 12, AB 13, AB 40, AB 42",
consonant-candidate,AB 55,AB 63,AB 12,,7,1,,AB 12,
consonant-candidate,AB 55,AB 16,AB 12,,7,11,,"AB 05, AB 09, AB 12, AB 13, AB 15",
consonant-candidate,AB 03,AB 08,AB 12,,7,43,,"AB 01, AB 02, AB 03, AB 04, AB 05",
consonant-candidate,AB 03,AB 43,AB 12,,7,14,,"AB 04, AB 12, AB 13, AB 20, AB 30",
consonant-candidate,AB 03,AB 39,AB 12,,7,41,,"AB 01, AB 02, AB 03, AB 04, AB 05",
consonant-candidate,AB 38,AB 08,AB 12,,7,46,,"AB 01, AB 02, AB 03, AB 04, AB 05",
consonant-candidate,AB 38,AB 43,AB 12,,7,15,,"AB 04, AB 12, AB 13, AB 20, AB 30",
consonant-candidate,AB 38,AB 39,AB 12,,7,42,,"AB 01, AB 02, AB 03, AB 04, AB 05",
consonant-candidate,AB 59,AB 67,AB 12,,7,30,,"AB 01, AB 02, AB 03, AB 04, AB 05",
consonant-candidate,AB 59,AB 48,AB 12,,7,6,,"AB 12, AB 27, AB 36, AB 37, AB 41",
consonant-candidate,AB 59,AB 44,AB 12,,7,45,,"AB 01, AB 02, AB 03, AB 04, AB 05",
consonant-candidate,AB 59,AB 49,AB 12,,7,1,,AB 12,
consonant-candidate,AB 59,AB 17,AB 12,,7,17,,"AB 02, AB 05, AB 06, AB 08, AB 12",
consonant-candidate,AB 59,AB 07,AB 12,,7,28,,"AB 01, AB 02, AB 03, AB 10, AB 12",
consonant-candidate,AB 59,AB 09,AB 12,,7,23,,"AB 01, AB 02, AB 04, AB 05, AB 10",
consonant-candidate,AB 59,AB 63,AB 12,,7,3,,"AB 04, AB 10, AB 12",
consonant-candidate,AB 59,AB 16,AB 12,,7,30,,"AB 01, AB 02, AB 04, AB 05, AB 06",
consonant-candidate,AB 12,AB 80,AB 12,,7,30,,"AB 01, AB 02, AB 04, AB 05, AB 06",
consonant-candidate,AB 08,AB 73,AB 12,,7,20,,"AB 03, AB 04, AB 05, AB 08, AB 12",
consonant-candidate,AB 08,AB 81,AB 12,,7,31,,"AB 01, AB 02, AB 03, AB 04, AB 06",
consonant-candidate,AB 08,AB 74,AB 12,,7,8,,"AB 02, AB 05, AB 10, AB 12, AB 29",
consonant-candidate,AB 73,AB 43,AB 12,,7,8,,"AB 04, AB 12, AB 20, AB 30, AB 37",
consonant-candidate,AB 73,AB 39,AB 12,,7,20,,"AB 03, AB 04, AB 05, AB 08, AB 12",
consonant-candidate,AB 67,AB 80,AB 12,,7,23,,"AB 01, AB 02, AB 04, AB 05, AB 10",
consonant-candidate,AB 48,AB 80,AB 12,,7,6,,"AB 12, AB 27, AB 36, AB 37, AB 41",
consonant-candidate,AB 44,AB 80,AB 12,,7,32,,"AB 01, AB 02, AB 04, AB 05, AB 06",
consonant-candidate,AB 49,AB 80,AB 12,,7,1,,AB 12,
consonant-candidate,AB 80,AB 36,AB 12,,7,36,,"AB 01, AB 02, AB 04, AB 05, AB 06",
consonant-candidate,AB 80,AB 17,AB 12,,7,14,,"AB 02, AB 05, AB 06, AB 12, AB 27",
consonant-candidate,AB 80,AB 07,AB 12,,7,20,,"AB 01, AB 02, AB 10, AB 12, AB 14",
consonant-candidate,AB 80,AB 15,AB 12,,7,31,,"AB 01, AB 02, AB 04, AB 05, AB 06",
consonant-candidate,AB 80,AB 09,AB 12,,7,17,,"AB 01, AB 02, AB 04, AB 05, AB 10",
consonant-candidate,AB 80,AB 63,AB 12,,7,3,,"AB 04, AB 10, AB 12",
consonant-candidate,AB 80,AB 16,AB 12,,7,25,,"AB 01, AB 02, AB 04, AB 05, AB 06",
consonant-candidate,AB 75,AB 43,AB 12,,7,12,,"AB 04, AB 12, AB 13, AB 31, AB 37",
consonant-candidate,AB 75,AB 39,AB 12,,7,44,,"AB 01, AB 02, AB 03, AB 04, AB 05",
consonant-candidate,AB 43,AB 81,AB 12,,7,9,,"AB 04, AB 12, AB 30, AB 42, AB 44",
consonant-candidate,AB 43,AB 74,AB 12,,7,2,,"AB 12, AB 37",
consonant-candidate,AB 81,AB 39,AB 12,,7,31,,"AB 01, AB 02, AB 03, AB 04, AB 06",
consonant-candidate,AB 74,AB 39,AB 12,,7,6,,"AB 02, AB 05, AB 12, AB 37, AB 75",
consonant-candidate,AB 90,AB 40,AB 38,,7,2,,"AB 36, AB 38",
consonant-candidate,AB 90,AB 31,AB 38,,7,2,,"AB 36, AB 38",
consonant-candidate,AB 90,AB 72,AB 38,,7,1,,AB 38,
consonant-candidate,AB 37,AB 03,AB 38,,7,32,,"AB 01, AB 02, AB 03, AB 04, AB 05",
consonant-candidate,AB 37,AB 73,AB 38,,7,17,,"AB 03, AB 04, AB 05, AB 08, AB 27",
consonant-candidate,AB 03,AB 13,AB 38,,7,30,,"AB 02, AB 04, AB 05, AB 06, AB 08",
consonant-candidate,AB 03,AB 62,AB 38,,7,6,,"AB 27, AB 37, AB 38, AB 52, AB 53",
consonant-candidate,AB 07,AB 31,AB 38,,7,20,,"AB 01, AB 02, AB 03, AB 14, AB 20",
consonant-candidate,AB 07,AB 72,AB 38,,7,20,,"AB 01, AB 02, AB 10, AB 14, AB 17",
consonant-candidate,AB 30,AB 31,AB 38,,7,15,,"AB 03, AB 05, AB 08, AB 31, AB 36",
consonant-candidate,AB 30,AB 72,AB 38,,7,16,,"AB 05, AB 07, AB 08, AB 15, AB 31",
consonant-candidate,AB 81,AB 31,AB 38,,7,25,,"AB 01, AB 02, AB 03, AB 04, AB 06",
consonant-candidate,AB 81,AB 72,AB 38,,7,21,,"AB 01, AB 02, AB 04, AB 07, AB 14",
consonant-candidate,AB 73,AB 13,AB 38,,7,18,,"AB 04, AB 05, AB 08, AB 17, AB 20",
consonant-candidate,AB 73,AB 62,AB 38,,7,6,,"AB 27, AB 37, AB 38, AB 52, AB 53",
consonant-candidate,AB 16,AB 31,AB 38,,7,23,,"AB 01, AB 02, AB 04, AB 05, AB 06",
consonant-candidate,AB 16,AB 72,AB 38,,7,23,,"AB 01, AB 02, AB 04, AB 05, AB 09",
consonant-candidate,AB 40,AB 23,AB 70,,7,5,,"AB 02, AB 05, AB 37, AB 59, AB 70",
consonant-candidate,AB 40,AB 33,AB 70,,7,1,,AB 70,
consonant-candidate,AB 40,AB 46,AB 70,,7,11,,"AB 01, AB 02, AB 04, AB 05, AB 14",
consonant-candidate,AB 43,AB 24,AB 70,,7,10,,"AB 04, AB 13, AB 37, AB 42, AB 44",
consonant-candidate,AB 43,AB 82,AB 70,,7,1,,AB 70,
consonant-candidate,AB 43,AB 79,AB 70,,7,2,,"AB 04, AB 70",
consonant-candidate,AB 16,AB 23,AB 70,,7,5,,"AB 02, AB 05, AB 37, AB 59, AB 70",
consonant-candidate,AB 16,AB 33,AB 70,,7,2,,"AB 42, AB 70",
consonant-candidate,AB 16,AB 46,AB 70,,7,14,,"AB 01, AB 02, AB 04, AB 05, AB 14",
consonant-candidate,AB 07,AB 82,AB 70,,7,2,,"AB 45, AB 70",
consonant-candidate,AB 07,AB 79,AB 70,,7,1,,AB 70,
consonant-candidate,AB 23,AB 17,AB 70,,7,3,,"AB 02, AB 05, AB 70",
consonant-candidate,AB 73,AB 82,AB 70,,7,3,,"AB 45, AB 61, AB 70",
consonant-candidate,AB 73,AB 79,AB 70,,7,2,,"AB 04, AB 70",
consonant-candidate,AB 33,AB 17,AB 70,,7,2,,"AB 42, AB 70",
consonant-candidate,AB 32,AB 82,AB 70,,7,2,,"AB 61, AB 70",
consonant-candidate,AB 32,AB 79,AB 70,,7,2,,"AB 04, AB 70",
consonant-candidate,AB 17,AB 46,AB 70,,7,7,,"AB 02, AB 05, AB 27, AB 42, AB 61",
consonant-candidate,AB 41,AB 74,AB 02,,7,4,,"AB 02, AB 05, AB 75, AB 78",
consonant-candidate,AB 29,AB 69,AB 02,,7,10,,"AB 02, AB 04, AB 26, AB 27, AB 37",
consonant-candidate,AB 29,AB 17,AB 02,,7,4,,"AB 02, AB 27, AB 60, AB 75",
consonant-candidate,AB 29,AB 58,AB 02,,7,4,,"AB 02, AB 37, AB 53, AB 60",
consonant-candidate,AB 31,AB 21,AB 37,,7,10,,"AB 20, AB 36, AB 37, AB 42, AB 45",
consonant-candidate,AB 21,AB 16,AB 37,,7,9,,"AB 36, AB 37, AB 41, AB 42, AB 45",
consonant-candidate,AB 21,AB 76,AB 37,,7,4,,"AB 37, AB 42, AB 45, AB 53",
consonant-candidate,AB 21,AB 37,AB 37,,7,8,,"AB 36, AB 37, AB 42, AB 52, AB 53",
consonant-candidate,AB 21,AB 47,AB 37,,7,1,,AB 37,
consonant-candidate,AB 21,AB 72,AB 37,,7,8,,"AB 20, AB 37, AB 42, AB 45, AB 53",
consonant-candidate,AB 21,AB 07,AB 37,,7,9,,"AB 20, AB 36, AB 37, AB 42, AB 45",
consonant-candidate,AB 21,AB 45,AB 37,,7,7,,"AB 36, AB 37, AB 42, AB 45, AB 57",
consonant-candidate,AB 21,AB 48,AB 37,,7,4,,"AB 36, AB 37, AB 41, AB 59",
consonant-candidate,AB 21,AB 29,AB 37,,7,3,,"AB 37, AB 53, AB 60",
consonant-candidate,AB 21,AB 40,AB 37,,7,8,,"AB 36, AB 37, AB 45, AB 52, AB 53",
consonant-candidate,AB 21,AB 62,AB 37,,7,4,,"AB 37, AB 52, AB 53, AB 60",
consonant-candidate,AB 21,AB 30,AB 37,,7,5,,"AB 36, AB 37, AB 41, AB 57, AB 59",
consonant-candidate,AB 20,AB 64,AB 36,,7,1,,AB 36,
consonant-candidate,AB 68,AB 64,AB 36,,7,1,,AB 36,
consonant-candidate,AB 81,AB 64,AB 36,,7,2,,"AB 36, AB 57",
consonant-candidate,AB 48,AB 64,AB 36,,7,1,,AB 36,
consonant-candidate,AB 83,AB 64,AB 36,,7,2,,"AB 36, AB 57",
consonant-candidate,AB 64,AB 90,AB 36,,7,1,,AB 36,
consonant-candidate,AB 64,AB 78,AB 36,,7,2,,"AB 36, AB 57",
consonant-candidate,AB 48,AB 46,AB 41,,7,3,,"AB 27, AB 41, AB 59",
consonant-candidate,AB 05,AB 85,AB 59,,7,6,,"AB 04, AB 05, AB 44, AB 45, AB 53",
consonant-candidate,AB 05,AB 19,AB 59,,7,1,,AB 59,
consonant-candidate,AB 48,AB 34,AB 59,,7,1,,AB 59,
consonant-candidate,AB 40,AB 85,AB 59,,7,5,,"AB 04, AB 05, AB 45, AB 53, AB 59",
consonant-candidate,AB 40,AB 19,AB 59,,7,1,,AB 59,
consonant-candidate,AB 21,AB 34,AB 59,,7,1,,AB 59,
consonant-candidate,AB 52,AB 85,AB 59,,7,6,,"AB 04, AB 05, AB 44, AB 45, AB 53",
consonant-candidate,AB 52,AB 19,AB 59,,7,1,,AB 59,
consonant-candidate,AB 85,AB 34,AB 59,,7,2,,"AB 44, AB 59",
consonant-candidate,AB 01,AB 34,AB 59,,7,3,,"AB 44, AB 59, AB 77",
consonant-candidate,AB 50,AB 34,AB 59,,7,3,,"AB 44, AB 59, AB 77",
consonant-candidate,AB 20,AB 34,AB 59,,7,1,,AB 59,
consonant-candidate,AB 69,AB 34,AB 59,,7,2,,"AB 59, AB 77",
consonant-candidate,AB 45,AB 34,AB 59,,7,3,,"AB 44, AB 59, AB 77",
consonant-candidate,AB 55,AB 34,AB 59,,7,3,,"AB 44, AB 59, AB 77",
consonant-candidate,AB 34,AB 19,AB 59,,7,1,,AB 59,
consonant-candidate,AB 50,AB 35,AB 05,,7,2,,"AB 05, AB 67",
consonant-candidate,AB 45,AB 35,AB 05,,7,2,,"AB 05, AB 67",
consonant-candidate,AB 17,AB 65,AB 05,,7,3,,"AB 05, AB 78, AB 80",
consonant-candidate,AB 23,AB 65,AB 05,,7,1,,AB 05,
consonant-candidate,AB 13,AB 91,AB 75,,7,1,,AB 75,
consonant-candidate,AB 85,AB 56,AB 53,,7,1,,AB 53,
consonant-candidate,AB 85,AB 29,AB 53,,7,3,,"AB 04, AB 44, AB 53",
consonant-candidate,AB 51,AB 62,AB 53,,7,1,,AB 53,
consonant-candidate,AB 67,AB 82,AB 80,,7,2,,"AB 45, AB 80",
consonant-candidate,AB 67,AB 79,AB 04,,7,1,,AB 04,
vowel-candidate,AB 56,AB 15,,AB 77,7,,11,,"AB 02, AB 04, AB 05, AB 08, AB 10"
vowel-candidate,AB 56,AB 30,,AB 77,7,,10,,"AB 02, AB 05, AB 08, AB 12, AB 15"
vowel-candidate,AB 56,AB 11,,AB 77,7,,14,,"AB 02, AB 04, AB 05, AB 08, AB 10"
vowel-candidate,AB 56,AB 72,,AB 77,7,,14,,"AB 02, AB 04, AB 05, AB 08, AB 10"
vowel-candidate,AB 55,AB 36,,AB 77,7,,16,,"AB 01, AB 02, AB 03, AB 09, AB 31"
vowel-candidate,AB 55,AB 14,,AB 77,7,,14,,"AB 01, AB 02, AB 03, AB 31, AB 41"
vowel-candidate,AB 15,AB 09,,AB 77,7,,21,,"AB 02, AB 04, AB 05, AB 06, AB 08"
vowel-candidate,AB 15,AB 57,,AB 77,7,,28,,"AB 01, AB 02, AB 03, AB 04, AB 06"
vowel-candidate,AB 15,AB 33,,AB 77,7,,4,,"AB 04, AB 39, AB 72, AB 77"
vowel-candidate,AB 15,AB 39,,AB 77,7,,25,,"AB 02, AB 04, AB 05, AB 06, AB 08"
vowel-candidate,AB 36,AB 73,,AB 77,7,,28,,"AB 01, AB 02, AB 04, AB 05, AB 07"
vowel-candidate,AB 36,AB 50,,AB 77,7,,23,,"AB 01, AB 02, AB 03, AB 04, AB 05"
vowel-candidate,AB 36,AB 67,,AB 77,7,,28,,"AB 02, AB 03, AB 04, AB 05, AB 06"
vowel-candidate,AB 36,AB 23,,AB 77,7,,8,,"AB 02, AB 05, AB 31, AB 37, AB 41"
vowel-candidate,AB 36,AB 69,,AB 77,7,,25,,"AB 02, AB 03, AB 04, AB 05, AB 10"
vowel-candidate,AB 36,AB 25,,AB 77,7,,21,,"AB 01, AB 04, AB 05, AB 20, AB 24"
vowel-candidate,AB 36,AB 20,,AB 77,7,,21,,"AB 01, AB 02, AB 03, AB 06, AB 07"
vowel-candidate,AB 14,AB 73,,AB 77,7,,27,,"AB 01, AB 02, AB 04, AB 05, AB 07"
vowel-candidate,AB 14,AB 50,,AB 77,7,,21,,"AB 01, AB 02, AB 03, AB 04, AB 05"
vowel-candidate,AB 14,AB 67,,AB 77,7,,29,,"AB 02, AB 03, AB 04, AB 05, AB 06"
vowel-candidate,AB 14,AB 23,,AB 77,7,,7,,"AB 02, AB 05, AB 31, AB 41, AB 57"
vowel-candidate,AB 14,AB 69,,AB 77,7,,23,,"AB 02, AB 03, AB 04, AB 05, AB 10"
vowel-candidate,AB 14,AB 25,,AB 77,7,,21,,"AB 01, AB 04, AB 05, AB 24, AB 27"
vowel-candidate,AB 14,AB 20,,AB 77,7,,20,,"AB 01, AB 02, AB 03, AB 06, AB 07"
vowel-candidate,AB 30,AB 09,,AB 77,7,,20,,"AB 02, AB 05, AB 06, AB 08, AB 11"
vowel-candidate,AB 30,AB 57,,AB 77,7,,29,,"AB 02, AB 03, AB 06, AB 08, AB 12"
vowel-candidate,AB 30,AB 33,,AB 77,7,,3,,"AB 38, AB 39, AB 77"
vowel-candidate,AB 30,AB 39,,AB 77,7,,27,,"AB 02, AB 05, AB 06, AB 08, AB 11"
vowel-candidate,AB 11,AB 09,,AB 77,7,,21,,"AB 02, AB 04, AB 05, AB 06, AB 08"
vowel-candidate,AB 11,AB 57,,AB 77,7,,36,,"AB 01, AB 02, AB 03, AB 04, AB 06"
vowel-candidate,AB 11,AB 33,,AB 77,7,,5,,"AB 04, AB 38, AB 39, AB 72, AB 77"
vowel-candidate,AB 11,AB 39,,AB 77,7,,34,,"AB 02, AB 04, AB 05, AB 06, AB 08"
vowel-candidate,AB 09,AB 72,,AB 77,7,,19,,"AB 02, AB 04, AB 05, AB 06, AB 08"
vowel-candidate,AB 72,AB 57,,AB 77,7,,30,,"AB 01, AB 02, AB 03, AB 04, AB 06"
vowel-candidate,AB 72,AB 33,,AB 77,7,,4,,"AB 04, AB 38, AB 39, AB 77"
vowel-candidate,AB 72,AB 39,,AB 77,7,,30,,"AB 02, AB 04, AB 05, AB 06, AB 08"
vowel-candidate,AB 12,AB 51,,AB 56,7,,12,,"AB 04, AB 07, AB 08, AB 10, AB 36"
vowel-candidate,AB 13,AB 12,,AB 12,7,,30,,"AB 03, AB 04, AB 05, AB 06, AB 08"
vowel-candidate,AB 13,AB 21,,AB 12,7,,14,,"AB 04, AB 05, AB 08, AB 12, AB 28"
vowel-candidate,AB 13,AB 56,,AB 12,7,,13,,"AB 02, AB 04, AB 05, AB 08, AB 10"
vowel-candidate,AB 13,AB 50,,AB 12,7,,23,,"AB 02, AB 03, AB 04, AB 05, AB 06"
vowel-candidate,AB 13,AB 11,,AB 12,7,,35,,"AB 02, AB 03, AB 04, AB 05, AB 06"
vowel-candidate,AB 13,AB 06,,AB 12,7,,30,,"AB 02, AB 03, AB 04, AB 05, AB 08"
vowel-candidate,AB 10,AB 21,,AB 12,7,,11,,"AB 04, AB 05, AB 08, AB 12, AB 44"
vowel-candidate,AB 21,AB 53,,AB 12,7,,13,,"AB 04, AB 05, AB 08, AB 12, AB 28"
vowel-candidate,AB 21,AB 69,,AB 12,7,,11,,"AB 04, AB 05, AB 08, AB 12, AB 37"
vowel-candidate,AB 21,AB 44,,AB 12,7,,14,,"AB 04, AB 05, AB 08, AB 12, AB 28"
vowel-candidate,AB 21,AB 39,,AB 12,7,,13,,"AB 04, AB 05, AB 08, AB 12, AB 28"
vowel-candidate,AB 21,AB 27,,AB 12,7,,13,,"AB 04, AB 05, AB 08, AB 12, AB 28"
vowel-candidate,AB 26,AB 58,,AB 12,7,,9,,"AB 02, AB 05, AB 12, AB 36, AB 39"
vowel-candidate,AB 07,AB 81,,AB 38,7,,22,,"AB 02, AB 05, AB 08, AB 10, AB 11"
vowel-candidate,AB 07,AB 32,,AB 38,7,,18,,"AB 02, AB 05, AB 08, AB 10, AB 11"
vowel-candidate,AB 12,AB 68,,AB 38,7,,4,,"AB 03, AB 08, AB 38, AB 81"
vowel-candidate,AB 12,AB 65,,AB 38,7,,4,,"AB 08, AB 28, AB 38, AB 53"
vowel-candidate,AB 28,AB 32,,AB 38,7,,22,,"AB 02, AB 03, AB 05, AB 06, AB 08"
vowel-candidate,AB 54,AB 32,,AB 38,7,,23,,"AB 02, AB 03, AB 05, AB 06, AB 08"
vowel-candidate,AB 16,AB 20,,AB 38,7,,15,,"AB 02, AB 11, AB 31, AB 36, AB 38"
vowel-candidate,AB 16,AB 32,,AB 38,7,,20,,"AB 02, AB 05, AB 08, AB 10, AB 11"
vowel-candidate,AB 81,AB 68,,AB 38,7,,4,,"AB 03, AB 08, AB 38, AB 78"
vowel-candidate,AB 81,AB 65,,AB 38,7,,5,,"AB 08, AB 28, AB 38, AB 42, AB 53"
vowel-candidate,AB 20,AB 68,,AB 38,7,,3,,"AB 03, AB 38, AB 69"
vowel-candidate,AB 20,AB 65,,AB 38,7,,4,,"AB 38, AB 42, AB 53, AB 72"
vowel-candidate,AB 32,AB 68,,AB 38,7,,4,,"AB 03, AB 08, AB 38, AB 69"
vowel-candidate,AB 32,AB 65,,AB 38,7,,6,,"AB 08, AB 28, AB 38, AB 42, AB 53"
vowel-candidate,AB 31,AB 51,,AB 10,7,,11,,"AB 02, AB 04, AB 08, AB 10, AB 40"
vowel-candidate,AB 80,AB 51,,AB 10,7,,12,,"AB 02, AB 04, AB 08, AB 10, AB 36"
vowel-candidate,AB 15,AB 51,,AB 10,7,,11,,"AB 02, AB 04, AB 08, AB 10, AB 36"
vowel-candidate,AB 56,AB 51,,AB 10,7,,5,,"AB 02, AB 04, AB 08, AB 10, AB 36"
vowel-candidate,AB 51,AB 73,,AB 10,7,,12,,"AB 02, AB 04, AB 07, AB 08, AB 10"
vowel-candidate,AB 21,AB 40,,AB 70,7,,12,,"AB 04, AB 05, AB 08, AB 37, AB 39"
vowel-candidate,AB 21,AB 37,,AB 70,7,,12,,"AB 04, AB 05, AB 08, AB 28, AB 37"
vowel-candidate,AB 21,AB 25,,AB 70,7,,8,,"AB 04, AB 05, AB 39, AB 44, AB 53"
vowel-candidate,AB 39,AB 43,,AB 70,7,,12,,"AB 02, AB 05, AB 06, AB 15, AB 28"
vowel-candidate,AB 40,AB 58,,AB 70,7,,10,,"AB 02, AB 05, AB 06, AB 36, AB 39"
vowel-candidate,AB 43,AB 15,,AB 70,7,,10,,"AB 02, AB 05, AB 06, AB 28, AB 36"
vowel-candidate,AB 43,AB 31,,AB 70,7,,9,,"AB 02, AB 05, AB 06, AB 28, AB 45"
vowel-candidate,AB 43,AB 07,,AB 70,7,,9,,"AB 02, AB 05, AB 15, AB 36, AB 45"
vowel-candidate,AB 37,AB 58,,AB 70,7,,11,,"AB 02, AB 05, AB 06, AB 36, AB 39"
vowel-candidate,AB 58,AB 25,,AB 70,7,,7,,"AB 05, AB 36, AB 39, AB 42, AB 59"
vowel-candidate,AB 16,AB 25,,AB 70,7,,13,,"AB 04, AB 05, AB 24, AB 27, AB 36"
vowel-candidate,AB 56,AB 74,,AB 02,7,,3,,"AB 02, AB 08, AB 36"
vowel-candidate,AB 17,AB 74,,AB 02,7,,3,,"AB 02, AB 28, AB 36"
vowel-candidate,AB 74,AB 51,,AB 02,7,,5,,"AB 02, AB 08, AB 36, AB 42, AB 61"
vowel-candidate,AB 46,AB 03,,AB 54,7,,11,,"AB 07, AB 28, AB 37, AB 39, AB 40"
vowel-candidate,AB 46,AB 25,,AB 54,7,,8,,"AB 01, AB 39, AB 41, AB 53, AB 54"
vowel-candidate,AB 03,AB 63,,AB 54,7,,3,,"AB 28, AB 54, AB 81"
vowel-candidate,AB 25,AB 63,,AB 54,7,,1,,AB 54
vowel-candidate,AB 06,AB 29,,AB 36,7,,8,,"AB 01, AB 05, AB 08, AB 36, AB 44"
vowel-candidate,AB 55,AB 65,,AB 42,7,,3,,"AB 08, AB 42, AB 53"
vowel-candidate,AB 25,AB 62,,AB 59,7,,2,,"AB 59, AB 60"
vowel-candidate,AB 40,AB 62,,AB 59,7,,5,,"AB 07, AB 26, AB 59, AB 60, AB 78"
vowel-candidate,AB 85,AB 62,,AB 59,7,,2,,"AB 59, AB 78"
vowel-candidate,AB 43,AB 62,,AB 59,7,,2,,"AB 59, AB 78"
vowel-candidate,AB 56,AB 46,,AB 59,7,,3,,"AB 59, AB 60, AB 75"
vowel-candidate,AB 55,AB 62,,AB 59,7,,2,,"AB 59, AB 60"
vowel-candidate,AB 20,AB 62,,AB 59,7,,3,,"AB 07, AB 59, AB 60"
vowel-candidate,AB 50,AB 46,,AB 59,7,,4,,"AB 01, AB 39, AB 59, AB 60"
vowel-candidate,AB 70,AB 22,,AB 07,7,,2,,"AB 01, AB 07"
vowel-candidate,AB 79,AB 42,,AB 08,7,,2,,"AB 08, AB 80"
vowel-candidate,AB 79,AB 08,,AB 08,7,,2,,"AB 08, AB 58"
vowel-candidate,AB 56,AB 65,,AB 08,7,,1,,AB 08
vowel-candidate,AB 65,AB 23,,AB 08,7,,1,,AB 08
vowel-candidate,AB 82,AB 78,,AB 27,7,,2,,"AB 27, AB 39"
vowel-candidate,AB 82,AB 02,,AB 27,7,,2,,"AB 27, AB 39"
vowel-candidate,AB 82,AB 16,,AB 27,7,,1,,AB 27
vowel-candidate,AB 90,AB 14,,AB 27,7,,1,,AB 27
vowel-candidate,AB 90,AB 52,,AB 27,7,,1,,AB 27
vowel-candidate,AB 90,AB 31,,AB 27,7,,1,,AB 27
vowel-candidate,AB 29,AB 76,,AB 44,7,,1,,AB 44
vowel-candidate,AB 51,AB 76,,AB 44,7,,1,,AB 44
vowel-candidate,AB 76,AB 74,,AB 03,7,,1,,AB 03
vowel-candidate,AB 76,AB 68,,AB 03,7,,1,,AB 03
vowel-candidate,AB 46,AB 19,,AB 39,7,,1,,AB 39
vowel-candidate,AB 21,AB 19,,AB 39,7,,1,,AB 39
vowel-candidate,AB 40,AB 19,,AB 39,7,,1,,AB 39
vowel-candidate,AB 09,AB 19,,AB 39,7,,1,,AB 39
vowel-candidate,AB 12,AB 19,,AB 39,7,,1,,AB 39
vowel-candidate,AB 19,AB 30,,AB 39,7,,1,,AB 39
vowel-candidate,AB 31,AB 63,,AB 28,7,,1,,AB 28
vowel-candidate,AB 73,AB 91,,AB 61,7,,1,,AB 61
vowel-candidate,AB 80,AB 91,,AB 61,7,,1,,AB 61
vowel-candidate,AB 57,AB 91,,AB 61,7,,1,,AB 61
vowel-candidate,AB 41,AB 91,,AB 61,7,,1,,AB 61
vowel-candidate,AB 91,AB 50,,AB 61,7,,1,,AB 61
vowel-candidate,AB 91,AB 20,,AB 61,7,,1,,AB 61
vowel-candidate,AB 34,AB 85,,AB 61,7,,1,,AB 61
vowel-candidate,AB 69,AB 22,,AB 51,7,,1,,AB 51
vowel-candidate,AB 05,AB 22,,AB 51,7,,2,,"AB 01, AB 51"
vowel-candidate,AB 55,AB 22,,AB 51,7,,2,,"AB 01, AB 51"
vowel-candidate,AB 15,AB 22,,AB 51,7,,2,,"AB 01, AB 51"
vowel-candidate,AB 54,AB 22,,AB 51,7,,2,,"AB 01, AB 51"
consonant-candidate,AB 77,AB 52,AB 56,,6,44,,"AB 01, AB 02, AB 03, AB 04, AB 05",
consonant-candidate,AB 77,AB 60,AB 56,,6,49,,"AB 01, AB 02, AB 03, AB 04, AB 05",
consonant-candidate,AB 08,AB 58,AB 56,,6,12,,"AB 02, AB 03, AB 05, AB 08, AB 32",
consonant-candidate,AB 08,AB 04,AB 56,,6,46,,"AB 01, AB 02, AB 03, AB 04, AB 05",
consonant-candidate,AB 08,AB 26,AB 56,,6,31,,"AB 01, AB 02, AB 04, AB 05, AB 06",
consonant-candidate,AB 08,AB 75,AB 56,,6,43,,"AB 01, AB 02, AB 03, AB 04, AB 05",
consonant-candidate,AB 08,AB 12,AB 56,,6,42,,"AB 01, AB 02, AB 03, AB 04, AB 05",
consonant-candidate,AB 08,AB 10,AB 56,,6,46,,"AB 01, AB 02, AB 03, AB 04, AB 05",
consonant-candidate,AB 08,AB 15,AB 56,,6,44,,"AB 01, AB 02, AB 03, AB 04, AB 05",
consonant-candidate,AB 58,AB 02,AB 56,,6,13,,"AB 02, AB 03, AB 05, AB 08, AB 17",
consonant-candidate,AB 58,AB 05,AB 56,,6,11,,"AB 02, AB 03, AB 05, AB 08, AB 32",
consonant-candidate,AB 58,AB 59,AB 56,,6,13,,"AB 02, AB 03, AB 05, AB 08, AB 17",
consonant-candidate,AB 02,AB 04,AB 56,,6,46,,"AB 01, AB 02, AB 03, AB 04, AB 05",
consonant-candidate,AB 02,AB 26,AB 56,,6,31,,"AB 01, AB 02, AB 04, AB 05, AB 06",
consonant-candidate,AB 02,AB 75,AB 56,,6,44,,"AB 01, AB 02, AB 03, AB 04, AB 05",
consonant-candidate,AB 02,AB 12,AB 56,,6,43,,"AB 01, AB 02, AB 03, AB 04, AB 05",
consonant-candidate,AB 02,AB 10,AB 56,,6,47,,"AB 01, AB 02, AB 03, AB 04, AB 05",
consonant-candidate,AB 02,AB 15,AB 56,,6,45,,"AB 01, AB 02, AB 03, AB 04, AB 05",
consonant-candidate,AB 04,AB 05,AB 56,,6,47,,"AB 01, AB 02, AB 03, AB 04, AB 05",
consonant-candidate,AB 04,AB 59,AB 56,,6,47,,"AB 01, AB 02, AB 03, AB 04, AB 05",
consonant-candidate,AB 05,AB 26,AB 56,,6,31,,"AB 01, AB 02, AB 04, AB 05, AB 06",
consonant-candidate,AB 05,AB 75,AB 56,,6,45,,"AB 01, AB 02, AB 03, AB 04, AB 05",
consonant-candidate,AB 05,AB 12,AB 56,,6,44,,"AB 01, AB 02, AB 03, AB 04, AB 05",
consonant-candidate,AB 05,AB 10,AB 56,,6,46,,"AB 01, AB 02, AB 03, AB 04, AB 05",
consonant-candidate,AB 05,AB 15,AB 56,,6,46,,"AB 01, AB 02, AB 03, AB 04, AB 05",
consonant-candidate,AB 26,AB 59,AB 56,,6,33,,"AB 01, AB 02, AB 04, AB 05, AB 06",
consonant-candidate,AB 75,AB 59,AB 56,,6,48,,"AB 01, AB 02, AB 03, AB 04, AB 05",
consonant-candidate,AB 12,AB 59,AB 56,,6,44,,"AB 01, AB 02, AB 03, AB 04, AB 05",
consonant-candidate,AB 59,AB 10,AB 56,,6,47,,"AB 01, AB 02, AB 03, AB 04, AB 05",
consonant-candidate,AB 59,AB 15,AB 56,,6,46,,"AB 01, AB 02, AB 03, AB 04, AB 05",
consonant-candidate,AB 52,AB 60,AB 56,,6,50,,"AB 01, AB 02, AB 03, AB 04, AB 05",
consonant-candidate,AB 03,AB 38,AB 12,,6,40,,"AB 01, AB 02, AB 03, AB 04, AB 05",
consonant-candidate,AB 03,AB 73,AB 12,,6,21,,"AB 03, AB 04, AB 05, AB 08, AB 12",
consonant-candidate,AB 03,AB 75,AB 12,,6,39,,"AB 01, AB 02, AB 03, AB 04, AB 05",
consonant-candidate,AB 03,AB 81,AB 12,,6,27,,"AB 01, AB 02, AB 03, AB 04, AB 06",
consonant-candidate,AB 03,AB 74,AB 12,,6,7,,"AB 02, AB 05, AB 10, AB 12, AB 37",
consonant-candidate,AB 38,AB 73,AB 12,,6,20,,"AB 03, AB 04, AB 05, AB 08, AB 12",
consonant-candidate,AB 38,AB 75,AB 12,,6,42,,"AB 01, AB 02, AB 03, AB 04, AB 05",
consonant-candidate,AB 38,AB 81,AB 12,,6,30,,"AB 01, AB 02, AB 03, AB 04, AB 06",
consonant-candidate,AB 38,AB 74,AB 12,,6,7,,"AB 02, AB 05, AB 10, AB 12, AB 37",
consonant-candidate,AB 12,AB 43,AB 12,,6,11,,"AB 04, AB 12, AB 13, AB 30, AB 42",
consonant-candidate,AB 12,AB 39,AB 12,,6,40,,"AB 01, AB 02, AB 03, AB 04, AB 05",
consonant-candidate,AB 08,AB 67,AB 12,,6,27,,"AB 01, AB 02, AB 03, AB 04, AB 05",
consonant-candidate,AB 08,AB 48,AB 12,,6,5,,"AB 12, AB 27, AB 37, AB 41, AB 59",
consonant-candidate,AB 08,AB 44,AB 12,,6,45,,"AB 01, AB 02, AB 03, AB 04, AB 05",
consonant-candidate,AB 08,AB 49,AB 12,,6,1,,AB 12,
consonant-candidate,AB 08,AB 17,AB 12,,6,16,,"AB 02, AB 05, AB 06, AB 08, AB 12",
consonant-candidate,AB 08,AB 07,AB 12,,6,23,,"AB 01, AB 02, AB 03, AB 10, AB 12",
consonant-candidate,AB 08,AB 09,AB 12,,6,22,,"AB 01, AB 02, AB 04, AB 05, AB 10",
consonant-candidate,AB 08,AB 63,AB 12,,6,3,,"AB 04, AB 10, AB 12",
consonant-candidate,AB 08,AB 16,AB 12,,6,27,,"AB 01, AB 02, AB 04, AB 05, AB 06",
consonant-candidate,AB 73,AB 75,AB 12,,6,18,,"AB 03, AB 04, AB 05, AB 08, AB 12",
consonant-candidate,AB 73,AB 81,AB 12,,6,14,,"AB 03, AB 04, AB 12, AB 26, AB 27",
consonant-candidate,AB 73,AB 74,AB 12,,6,3,,"AB 05, AB 12, AB 37",
consonant-candidate,AB 67,AB 43,AB 12,,6,9,,"AB 04, AB 12, AB 20, AB 30, AB 31",
consonant-candidate,AB 67,AB 39,AB 12,,6,26,,"AB 01, AB 02, AB 03, AB 04, AB 05",
consonant-candidate,AB 48,AB 43,AB 12,,6,3,,"AB 12, AB 37, AB 59",
consonant-candidate,AB 48,AB 39,AB 12,,6,6,,"AB 12, AB 27, AB 36, AB 37, AB 41",
consonant-candidate,AB 44,AB 43,AB 12,,6,13,,"AB 04, AB 12, AB 13, AB 30, AB 31",
consonant-candidate,AB 44,AB 39,AB 12,,6,42,,"AB 01, AB 02, AB 03, AB 04, AB 05",
consonant-candidate,AB 49,AB 43,AB 12,,6,1,,AB 12,
consonant-candidate,AB 49,AB 39,AB 12,,6,1,,AB 12,
consonant-candidate,AB 36,AB 43,AB 12,,6,14,,"AB 04, AB 12, AB 13, AB 20, AB 30",
consonant-candidate,AB 36,AB 39,AB 12,,6,47,,"AB 01, AB 02, AB 03, AB 04, AB 05",
consonant-candidate,AB 17,AB 43,AB 12,,6,4,,"AB 12, AB 42, AB 70, AB 73",
consonant-candidate,AB 17,AB 39,AB 12,,6,16,,"AB 02, AB 05, AB 06, AB 08, AB 12",
consonant-candidate,AB 07,AB 43,AB 12,,6,9,,"AB 12, AB 20, AB 37, AB 42, AB 59",
consonant-candidate,AB 07,AB 39,AB 12,,6,23,,"AB 01, AB 02, AB 03, AB 12, AB 14",
consonant-candidate,AB 75,AB 81,AB 12,,6,28,,"AB 01, AB 02, AB 03, AB 04, AB 06",
consonant-candidate,AB 75,AB 74,AB 12,,6,7,,"AB 02, AB 05, AB 10, AB 12, AB 37",
consonant-candidate,AB 15,AB 43,AB 12,,6,12,,"AB 04, AB 12, AB 13, AB 30, AB 42",
consonant-candidate,AB 15,AB 39,AB 12,,6,40,,"AB 01, AB 02, AB 03, AB 04, AB 05",
consonant-candidate,AB 09,AB 43,AB 12,,6,5,,"AB 04, AB 12, AB 13, AB 42, AB 54",
consonant-candidate,AB 09,AB 39,AB 12,,6,20,,"AB 01, AB 02, AB 04, AB 05, AB 12",
consonant-candidate,AB 43,AB 63,AB 12,,6,2,,"AB 04, AB 12",
consonant-candidate,AB 43,AB 16,AB 12,,6,11,,"AB 04, AB 12, AB 13, AB 30, AB 31",
consonant-candidate,AB 81,AB 74,AB 12,,6,3,,"AB 02, AB 12, AB 75",
consonant-candidate,AB 63,AB 39,AB 12,,6,2,,"AB 04, AB 12",
consonant-candidate,AB 39,AB 16,AB 12,,6,27,,"AB 01, AB 02, AB 04, AB 05, AB 06",
consonant-candidate,AB 90,AB 03,AB 38,,6,2,,"AB 36, AB 38",
consonant-candidate,AB 90,AB 73,AB 38,,6,2,,"AB 36, AB 38",
consonant-candidate,AB 37,AB 11,AB 38,,6,29,,"AB 01, AB 02, AB 03, AB 04, AB 05",
consonant-candidate,AB 37,AB 09,AB 38,,6,18,,"AB 01, AB 02, AB 04, AB 05, AB 13",
consonant-candidate,AB 37,AB 17,AB 38,,6,13,,"AB 02, AB 05, AB 06, AB 08, AB 27",
consonant-candidate,AB 37,AB 13,AB 38,,6,24,,"AB 02, AB 04, AB 05, AB 06, AB 08",
consonant-candidate,AB 37,AB 62,AB 38,,6,6,,"AB 27, AB 37, AB 38, AB 52, AB 53",
consonant-candidate,AB 11,AB 13,AB 38,,6,23,,"AB 02, AB 04, AB 05, AB 08, AB 11",
consonant-candidate,AB 11,AB 62,AB 38,,6,6,,"AB 27, AB 37, AB 38, AB 52, AB 53",
consonant-candidate,AB 09,AB 13,AB 38,,6,17,,"AB 02, AB 04, AB 05, AB 10, AB 24",
consonant-candidate,AB 09,AB 62,AB 38,,6,5,,"AB 27, AB 38, AB 52, AB 53, AB 60",
consonant-candidate,AB 17,AB 13,AB 38,,6,11,,"AB 02, AB 05, AB 06, AB 08, AB 27",
consonant-candidate,AB 17,AB 62,AB 38,,6,3,,"AB 27, AB 38, AB 60",
consonant-candidate,AB 13,AB 62,AB 38,,6,6,,"AB 27, AB 37, AB 38, AB 52, AB 53",
consonant-candidate,AB 23,AB 24,AB 70,,6,4,,"AB 05, AB 37, AB 59, AB 70",
consonant-candidate,AB 23,AB 14,AB 70,,6,5,,"AB 02, AB 05, AB 37, AB 59, AB 70",
consonant-candidate,AB 23,AB 82,AB 70,,6,1,,AB 70,
consonant-candidate,AB 23,AB 79,AB 70,,6,1,,AB 70,
consonant-candidate,AB 33,AB 24,AB 70,,6,3,,"AB 42, AB 54, AB 70",
consonant-candidate,AB 33,AB 14,AB 70,,6,3,,"AB 42, AB 54, AB 70",
consonant-candidate,AB 33,AB 82,AB 70,,6,1,,AB 70,
consonant-candidate,AB 33,AB 79,AB 70,,6,1,,AB 70,
consonant-candidate,AB 14,AB 46,AB 70,,6,12,,"AB 02, AB 05, AB 15, AB 27, AB 41",
consonant-candidate,AB 82,AB 46,AB 70,,6,2,,"AB 61, AB 70",
consonant-candidate,AB 79,AB 46,AB 70,,6,2,,"AB 04, AB 70",
consonant-candidate,AB 41,AB 29,AB 02,,6,9,,"AB 02, AB 04, AB 27, AB 40, AB 44",
consonant-candidate,AB 16,AB 29,AB 02,,6,7,,"AB 02, AB 04, AB 27, AB 37, AB 60",
consonant-candidate,AB 29,AB 40,AB 02,,6,7,,"AB 02, AB 04, AB 27, AB 37, AB 53",
consonant-candidate,AB 29,AB 28,AB 02,,6,10,,"AB 02, AB 04, AB 26, AB 27, AB 37",
consonant-candidate,AB 29,AB 07,AB 02,,6,7,,"AB 02, AB 37, AB 40, AB 53, AB 60",
consonant-candidate,AB 29,AB 27,AB 02,,6,9,,"AB 02, AB 04, AB 26, AB 37, AB 40",
consonant-candidate,AB 43,AB 51,AB 54,,6,4,,"AB 30, AB 42, AB 54, AB 77",
consonant-candidate,AB 50,AB 62,AB 37,,6,4,,"AB 27, AB 37, AB 53, AB 60",
consonant-candidate,AB 47,AB 23,AB 37,,6,1,,AB 37,
consonant-candidate,AB 47,AB 24,AB 37,,6,2,,"AB 01, AB 37",
consonant-candidate,AB 23,AB 48,AB 37,,6,2,,"AB 37, AB 59",
consonant-candidate,AB 23,AB 62,AB 37,,6,1,,AB 37,
consonant-candidate,AB 48,AB 24,AB 37,,6,5,,"AB 27, AB 36, AB 37, AB 41, AB 59",
consonant-candidate,AB 29,AB 24,AB 37,,6,9,,"AB 04, AB 27, AB 37, AB 40, AB 44",
consonant-candidate,AB 48,AB 85,AB 59,,6,1,,AB 59,
consonant-candidate,AB 48,AB 19,AB 59,,6,1,,AB 59,
consonant-candidate,AB 21,AB 85,AB 59,,6,3,,"AB 45, AB 53, AB 59",
consonant-candidate,AB 21,AB 19,AB 59,,6,1,,AB 59,
consonant-candidate,AB 85,AB 01,AB 59,,6,4,,"AB 04, AB 05, AB 44, AB 59",
consonant-candidate,AB 85,AB 50,AB 59,,6,5,,"AB 04, AB 05, AB 44, AB 53, AB 59",
consonant-candidate,AB 85,AB 20,AB 59,,6,3,,"AB 04, AB 05, AB 59",
consonant-candidate,AB 85,AB 69,AB 59,,6,4,,"AB 04, AB 05, AB 53, AB 59",
consonant-candidate,AB 85,AB 45,AB 59,,6,5,,"AB 04, AB 05, AB 44, AB 45, AB 59",
consonant-candidate,AB 85,AB 55,AB 59,,6,4,,"AB 05, AB 44, AB 53, AB 59",
consonant-candidate,AB 85,AB 19,AB 59,,6,1,,AB 59,
consonant-candidate,AB 01,AB 19,AB 59,,6,1,,AB 59,
consonant-candidate,AB 07,AB 34,AB 59,,6,2,,"AB 59, AB 77",
consonant-candidate,AB 46,AB 34,AB 59,,6,3,,"AB 44, AB 59, AB 77",
consonant-candidate,AB 50,AB 19,AB 59,,6,1,,AB 59,
consonant-candidate,AB 20,AB 19,AB 59,,6,1,,AB 59,
consonant-candidate,AB 69,AB 19,AB 59,,6,1,,AB 59,
consonant-candidate,AB 45,AB 19,AB 59,,6,1,,AB 59,
consonant-candidate,AB 55,AB 19,AB 59,,6,1,,AB 59,
consonant-candidate,AB 11,AB 34,AB 59,,6,3,,"AB 44, AB 59, AB 77",
consonant-candidate,AB 51,AB 65,AB 05,,6,3,,"AB 05, AB 77, AB 80",
consonant-candidate,AB 69,AB 65,AB 05,,6,3,,"AB 05, AB 77, AB 80",
consonant-candidate,AB 14,AB 35,AB 05,,6,1,,AB 05,
consonant-candidate,AB 46,AB 35,AB 05,,6,1,,AB 05,
consonant-candidate,AB 35,AB 65,AB 05,,6,1,,AB 05,
consonant-candidate,AB 35,AB 37,AB 05,,6,2,,"AB 05, AB 67",
consonant-candidate,AB 20,AB 65,AB 05,,6,1,,AB 05,
consonant-candidate,AB 65,AB 25,AB 05,,6,3,,"AB 05, AB 77, AB 80",
consonant-candidate,AB 06,AB 91,AB 75,,6,1,,AB 75,
consonant-candidate,AB 61,AB 91,AB 75,,6,1,,AB 75,
consonant-candidate,AB 50,AB 91,AB 75,,6,1,,AB 75,
consonant-candidate,AB 91,AB 74,AB 75,,6,1,,AB 75,
consonant-candidate,AB 91,AB 53,AB 75,,6,1,,AB 75,
consonant-candidate,AB 29,AB 68,AB 60,,6,1,,AB 60,
consonant-candidate,AB 83,AB 50,AB 27,,6,1,,AB 27,
consonant-candidate,AB 83,AB 69,AB 27,,6,2,,"AB 27, AB 61",
consonant-candidate,AB 29,AB 65,AB 77,,6,1,,AB 77,
consonant-candidate,AB 07,AB 35,AB 67,,6,1,,AB 67,
consonant-candidate,AB 47,AB 25,AB 01,,6,1,,AB 01,
vowel-candidate,AB 56,AB 09,,AB 77,6,,10,,"AB 02, AB 04, AB 05, AB 08, AB 36"
vowel-candidate,AB 56,AB 57,,AB 77,6,,12,,"AB 02, AB 04, AB 08, AB 10, AB 12"
vowel-candidate,AB 56,AB 33,,AB 77,6,,2,,"AB 04, AB 77"
vowel-candidate,AB 56,AB 39,,AB 77,6,,14,,"AB 02, AB 04, AB 05, AB 08, AB 10"
vowel-candidate,AB 55,AB 15,,AB 77,6,,13,,"AB 01, AB 02, AB 03, AB 08, AB 42"
vowel-candidate,AB 55,AB 30,,AB 77,6,,18,,"AB 02, AB 03, AB 08, AB 13, AB 31"
vowel-candidate,AB 55,AB 11,,AB 77,6,,16,,"AB 01, AB 02, AB 03, AB 08, AB 13"
vowel-candidate,AB 55,AB 72,,AB 77,6,,14,,"AB 01, AB 02, AB 03, AB 08, AB 09"
vowel-candidate,AB 15,AB 73,,AB 77,6,,19,,"AB 01, AB 02, AB 04, AB 05, AB 08"
vowel-candidate,AB 15,AB 50,,AB 77,6,,21,,"AB 01, AB 02, AB 03, AB 04, AB 05"
vowel-candidate,AB 15,AB 67,,AB 77,6,,21,,"AB 02, AB 03, AB 04, AB 05, AB 06"
vowel-candidate,AB 15,AB 23,,AB 77,6,,5,,"AB 02, AB 05, AB 08, AB 57, AB 77"
vowel-candidate,AB 15,AB 69,,AB 77,6,,20,,"AB 02, AB 03, AB 04, AB 05, AB 08"
vowel-candidate,AB 15,AB 25,,AB 77,6,,17,,"AB 01, AB 04, AB 05, AB 24, AB 27"
vowel-candidate,AB 15,AB 20,,AB 77,6,,16,,"AB 01, AB 02, AB 03, AB 06, AB 36"
vowel-candidate,AB 30,AB 73,,AB 77,6,,25,,"AB 02, AB 05, AB 08, AB 11, AB 12"
vowel-candidate,AB 30,AB 50,,AB 77,6,,20,,"AB 02, AB 03, AB 05, AB 06, AB 08"
vowel-candidate,AB 30,AB 67,,AB 77,6,,24,,"AB 02, AB 03, AB 05, AB 06, AB 08"
vowel-candidate,AB 30,AB 23,,AB 77,6,,9,,"AB 02, AB 05, AB 08, AB 31, AB 37"
vowel-candidate,AB 30,AB 69,,AB 77,6,,23,,"AB 02, AB 03, AB 05, AB 08, AB 12"
vowel-candidate,AB 30,AB 25,,AB 77,6,,15,,"AB 05, AB 36, AB 39, AB 41, AB 42"
vowel-candidate,AB 30,AB 20,,AB 77,6,,21,,"AB 02, AB 03, AB 06, AB 11, AB 13"
vowel-candidate,AB 73,AB 11,,AB 77,6,,25,,"AB 01, AB 02, AB 04, AB 05, AB 08"
vowel-candidate,AB 73,AB 72,,AB 77,6,,24,,"AB 01, AB 02, AB 04, AB 05, AB 08"
vowel-candidate,AB 11,AB 50,,AB 77,6,,24,,"AB 01, AB 02, AB 03, AB 04, AB 05"
vowel-candidate,AB 11,AB 67,,AB 77,6,,30,,"AB 02, AB 03, AB 04, AB 05, AB 06"
vowel-candidate,AB 11,AB 23,,AB 77,6,,8,,"AB 02, AB 05, AB 08, AB 31, AB 41"
vowel-candidate,AB 11,AB 69,,AB 77,6,,24,,"AB 02, AB 03, AB 04, AB 05, AB 08"
vowel-candidate,AB 11,AB 25,,AB 77,6,,20,,"AB 01, AB 04, AB 05, AB 24, AB 27"
vowel-candidate,AB 11,AB 20,,AB 77,6,,20,,"AB 01, AB 02, AB 03, AB 06, AB 11"
vowel-candidate,AB 50,AB 72,,AB 77,6,,25,,"AB 01, AB 02, AB 03, AB 04, AB 05"
vowel-candidate,AB 67,AB 72,,AB 77,6,,27,,"AB 02, AB 03, AB 04, AB 05, AB 06"
vowel-candidate,AB 09,AB 57,,AB 77,6,,22,,"AB 02, AB 04, AB 06, AB 08, AB 16"
vowel-candidate,AB 09,AB 33,,AB 77,6,,6,,"AB 04, AB 38, AB 39, AB 72, AB 77"
vowel-candidate,AB 09,AB 39,,AB 77,6,,22,,"AB 02, AB 04, AB 05, AB 06, AB 08"
vowel-candidate,AB 23,AB 72,,AB 77,6,,7,,"AB 02, AB 05, AB 08, AB 31, AB 41"
vowel-candidate,AB 69,AB 72,,AB 77,6,,22,,"AB 02, AB 03, AB 04, AB 05, AB 08"
vowel-candidate,AB 72,AB 25,,AB 77,6,,17,,"AB 01, AB 04, AB 05, AB 20, AB 27"
vowel-candidate,AB 72,AB 20,,AB 77,6,,16,,"AB 01, AB 02, AB 03, AB 06, AB 11"
vowel-candidate,AB 57,AB 33,,AB 77,6,,6,,"AB 04, AB 38, AB 39, AB 72, AB 77"
vowel-candidate,AB 57,AB 39,,AB 77,6,,34,,"AB 02, AB 04, AB 06, AB 07, AB 08"
vowel-candidate,AB 33,AB 39,,AB 77,6,,6,,"AB 04, AB 38, AB 39, AB 72, AB 77"
vowel-candidate,AB 52,AB 51,,AB 56,6,,12,,"AB 02, AB 08, AB 10, AB 36, AB 40"
vowel-candidate,AB 57,AB 58,,AB 12,6,,11,,"AB 02, AB 06, AB 12, AB 36, AB 39"
vowel-candidate,AB 21,AB 26,,AB 12,6,,9,,"AB 04, AB 05, AB 08, AB 12, AB 28"
vowel-candidate,AB 58,AB 52,,AB 12,6,,13,,"AB 02, AB 05, AB 06, AB 12, AB 36"
vowel-candidate,AB 58,AB 54,,AB 12,6,,12,,"AB 02, AB 05, AB 06, AB 12, AB 36"
vowel-candidate,AB 58,AB 73,,AB 12,6,,9,,"AB 02, AB 05, AB 12, AB 17, AB 36"
vowel-candidate,AB 12,AB 32,,AB 38,6,,21,,"AB 03, AB 05, AB 06, AB 07, AB 08"
vowel-candidate,AB 81,AB 20,,AB 38,6,,16,,"AB 01, AB 02, AB 03, AB 06, AB 07"
vowel-candidate,AB 81,AB 32,,AB 38,6,,24,,"AB 02, AB 03, AB 05, AB 06, AB 07"
vowel-candidate,AB 20,AB 32,,AB 38,6,,16,,"AB 02, AB 03, AB 06, AB 07, AB 11"
vowel-candidate,AB 45,AB 68,,AB 38,6,,3,,"AB 03, AB 08, AB 38"
vowel-candidate,AB 45,AB 65,,AB 38,6,,5,,"AB 08, AB 38, AB 42, AB 53, AB 72"
vowel-candidate,AB 69,AB 32,,AB 10,6,,16,,"AB 02, AB 03, AB 05, AB 08, AB 10"
vowel-candidate,AB 21,AB 43,,AB 70,6,,6,,"AB 05, AB 28, AB 45, AB 57, AB 70"
vowel-candidate,AB 21,AB 20,,AB 70,6,,4,,"AB 53, AB 57, AB 60, AB 70"
vowel-candidate,AB 43,AB 58,,AB 70,6,,7,,"AB 02, AB 05, AB 06, AB 36, AB 52"
vowel-candidate,AB 43,AB 24,,AB 70,6,,11,,"AB 02, AB 05, AB 06, AB 15, AB 28"
vowel-candidate,AB 43,AB 50,,AB 70,6,,10,,"AB 02, AB 05, AB 06, AB 15, AB 36"
vowel-candidate,AB 43,AB 16,,AB 70,6,,8,,"AB 02, AB 05, AB 15, AB 36, AB 52"
vowel-candidate,AB 58,AB 20,,AB 70,6,,8,,"AB 02, AB 06, AB 36, AB 42, AB 52"
vowel-candidate,AB 17,AB 30,,AB 02,6,,8,,"AB 02, AB 13, AB 28, AB 36, AB 53"
vowel-candidate,AB 17,AB 23,,AB 02,6,,2,,"AB 02, AB 57"
vowel-candidate,AB 23,AB 51,,AB 02,6,,4,,"AB 02, AB 08, AB 41, AB 57"
vowel-candidate,AB 10,AB 46,,AB 54,6,,7,,"AB 01, AB 07, AB 53, AB 54, AB 59"
vowel-candidate,AB 10,AB 63,,AB 54,6,,1,,AB 54
vowel-candidate,AB 46,AB 45,,AB 54,6,,7,,"AB 07, AB 39, AB 40, AB 53, AB 54"
vowel-candidate,AB 46,AB 24,,AB 54,6,,8,,"AB 01, AB 28, AB 37, AB 41, AB 53"
vowel-candidate,AB 45,AB 63,,AB 54,6,,1,,AB 54
vowel-candidate,AB 24,AB 63,,AB 54,6,,3,,"AB 28, AB 54, AB 81"
vowel-candidate,AB 21,AB 46,,AB 37,6,,5,,"AB 28, AB 37, AB 39, AB 53, AB 60"
vowel-candidate,AB 80,AB 46,,AB 37,6,,9,,"AB 01, AB 28, AB 37, AB 39, AB 41"
vowel-candidate,AB 55,AB 46,,AB 37,6,,6,,"AB 01, AB 37, AB 41, AB 53, AB 59"
vowel-candidate,AB 46,AB 23,,AB 37,6,,2,,"AB 37, AB 41"
vowel-candidate,AB 46,AB 67,,AB 37,6,,7,,"AB 07, AB 37, AB 39, AB 41, AB 59"
vowel-candidate,AB 46,AB 31,,AB 37,6,,7,,"AB 28, AB 37, AB 40, AB 53, AB 59"
vowel-candidate,AB 46,AB 09,,AB 37,6,,7,,"AB 28, AB 37, AB 39, AB 53, AB 59"
vowel-candidate,AB 46,AB 32,,AB 37,6,,8,,"AB 07, AB 28, AB 37, AB 39, AB 53"
vowel-candidate,AB 57,AB 29,,AB 36,6,,7,,"AB 01, AB 08, AB 36, AB 44, AB 45"
vowel-candidate,AB 51,AB 48,,AB 41,6,,1,,AB 41
vowel-candidate,AB 48,AB 41,,AB 41,6,,2,,"AB 01, AB 41"
vowel-candidate,AB 48,AB 25,,AB 41,6,,2,,"AB 01, AB 41"
vowel-candidate,AB 75,AB 22,,AB 07,6,,3,,"AB 01, AB 07, AB 51"
vowel-candidate,AB 20,AB 22,,AB 07,6,,2,,"AB 01, AB 07"
vowel-candidate,AB 32,AB 22,,AB 07,6,,1,,AB 07
vowel-candidate,AB 02,AB 22,,AB 07,6,,3,,"AB 01, AB 07, AB 51"
vowel-candidate,AB 22,AB 60,,AB 07,6,,2,,"AB 01, AB 07"
vowel-candidate,AB 22,AB 67,,AB 07,6,,1,,AB 07
vowel-candidate,AB 79,AB 56,,AB 08,6,,2,,"AB 08, AB 58"
vowel-candidate,AB 79,AB 12,,AB 08,6,,2,,"AB 08, AB 80"
vowel-candidate,AB 79,AB 51,,AB 08,6,,1,,AB 08
vowel-candidate,AB 79,AB 23,,AB 08,6,,1,,AB 08
vowel-candidate,AB 79,AB 28,,AB 08,6,,2,,"AB 08, AB 80"
vowel-candidate,AB 56,AB 34,,AB 08,6,,2,,"AB 08, AB 15"
vowel-candidate,AB 12,AB 34,,AB 08,6,,2,,"AB 08, AB 15"
vowel-candidate,AB 51,AB 34,,AB 08,6,,2,,"AB 08, AB 61"
vowel-candidate,AB 34,AB 23,,AB 08,6,,1,,AB 08
vowel-candidate,AB 76,AB 33,,AB 72,6,,2,,"AB 39, AB 72"
vowel-candidate,AB 82,AB 50,,AB 27,6,,2,,"AB 27, AB 39"
vowel-candidate,AB 82,AB 45,,AB 27,6,,2,,"AB 27, AB 39"
vowel-candidate,AB 90,AB 78,,AB 27,6,,1,,AB 27
vowel-candidate,AB 90,AB 02,,AB 27,6,,1,,AB 27
vowel-candidate,AB 90,AB 16,,AB 27,6,,1,,AB 27
vowel-candidate,AB 17,AB 79,,AB 58,6,,1,,AB 58
vowel-candidate,AB 46,AB 33,,AB 39,6,,1,,AB 39
vowel-candidate,AB 21,AB 33,,AB 39,6,,2,,"AB 04, AB 39"
vowel-candidate,AB 54,AB 19,,AB 39,6,,1,,AB 39
vowel-candidate,AB 06,AB 19,,AB 39,6,,1,,AB 39
vowel-candidate,AB 74,AB 63,,AB 28,6,,1,,AB 28
vowel-candidate,AB 43,AB 63,,AB 28,6,,1,,AB 28
vowel-candidate,AB 31,AB 91,,AB 61,6,,1,,AB 61
vowel-candidate,AB 75,AB 91,,AB 61,6,,1,,AB 61
vowel-candidate,AB 09,AB 91,,AB 61,6,,1,,AB 61
vowel-candidate,AB 91,AB 85,,AB 61,6,,1,,AB 61
vowel-candidate,AB 91,AB 16,,AB 61,6,,1,,AB 61
vowel-candidate,AB 91,AB 74,,AB 61,6,,1,,AB 61
vowel-candidate,AB 91,AB 45,,AB 61,6,,1,,AB 61
vowel-candidate,AB 91,AB 07,,AB 61,6,,1,,AB 61
vowel-candidate,AB 20,AB 48,,AB 01,6,,1,,AB 01
vowel-candidate,AB 48,AB 29,,AB 01,6,,1,,AB 01
vowel-candidate,AB 48,AB 50,,AB 01,6,,1,,AB 01
consonant-candidate,AB 77,AB 58,AB 56,,5,11,,"AB 02, AB 03, AB 05, AB 08, AB 20",
consonant-candidate,AB 77,AB 04,AB 56,,5,44,,"AB 01, AB 02, AB 03, AB 04, AB 05",
consonant-candidate,AB 77,AB 26,AB 56,,5,29,,"AB 01, AB 02, AB 04, AB 05, AB 06",
consonant-candidate,AB 77,AB 75,AB 56,,5,41,,"AB 01, AB 02, AB 03, AB 04, AB 05",
consonant-candidate,AB 77,AB 12,AB 56,,5,39,,"AB 01, AB 02, AB 03, AB 04, AB 05",
consonant-candidate,AB 77,AB 10,AB 56,,5,42,,"AB 01, AB 02, AB 03, AB 04, AB 05",
consonant-candidate,AB 77,AB 15,AB 56,,5,40,,"AB 01, AB 02, AB 03, AB 04, AB 05",
consonant-candidate,AB 58,AB 52,AB 56,,5,11,,"AB 02, AB 03, AB 05, AB 08, AB 20",
consonant-candidate,AB 58,AB 60,AB 56,,5,12,,"AB 02, AB 03, AB 05, AB 08, AB 20",
consonant-candidate,AB 04,AB 52,AB 56,,5,43,,"AB 01, AB 02, AB 03, AB 04, AB 05",
consonant-candidate,AB 04,AB 60,AB 56,,5,48,,"AB 01, AB 02, AB 03, AB 04, AB 05",
consonant-candidate,AB 26,AB 52,AB 56,,5,30,,"AB 01, AB 02, AB 04, AB 05, AB 06",
consonant-candidate,AB 26,AB 60,AB 56,,5,33,,"AB 01, AB 02, AB 04, AB 05, AB 06",
consonant-candidate,AB 75,AB 52,AB 56,,5,43,,"AB 01, AB 02, AB 03, AB 04, AB 05",
consonant-candidate,AB 75,AB 60,AB 56,,5,47,,"AB 01, AB 02, AB 03, AB 04, AB 05",
consonant-candidate,AB 12,AB 52,AB 56,,5,42,,"AB 01, AB 02, AB 03, AB 04, AB 05",
consonant-candidate,AB 12,AB 60,AB 56,,5,45,,"AB 01, AB 02, AB 03, AB 04, AB 05",
consonant-candidate,AB 10,AB 52,AB 56,,5,44,,"AB 01, AB 02, AB 03, AB 04, AB 05",
consonant-candidate,AB 10,AB 60,AB 56,,5,47,,"AB 01, AB 02, AB 03, AB 04, AB 05",
consonant-candidate,AB 52,AB 15,AB 56,,5,44,,"AB 01, AB 02, AB 03, AB 04, AB 05",
consonant-candidate,AB 15,AB 60,AB 56,,5,45,,"AB 01, AB 02, AB 03, AB 04, AB 05",
consonant-candidate,AB 03,AB 12,AB 12,,5,37,,"AB 01, AB 02, AB 03, AB 04, AB 05",
consonant-candidate,AB 03,AB 67,AB 12,,5,27,,"AB 01, AB 02, AB 03, AB 04, AB 05",
consonant-candidate,AB 03,AB 48,AB 12,,5,6,,"AB 12, AB 27, AB 36, AB 37, AB 41",
consonant-candidate,AB 03,AB 44,AB 12,,5,40,,"AB 01, AB 02, AB 03, AB 04, AB 05",
consonant-candidate,AB 03,AB 49,AB 12,,5,1,,AB 12,
consonant-candidate,AB 03,AB 36,AB 12,,5,43,,"AB 01, AB 02, AB 03, AB 04, AB 05",
consonant-candidate,AB 03,AB 17,AB 12,,5,14,,"AB 02, AB 05, AB 06, AB 08, AB 12",
consonant-candidate,AB 03,AB 07,AB 12,,5,23,,"AB 01, AB 02, AB 03, AB 10, AB 12",
consonant-candidate,AB 03,AB 15,AB 12,,5,38,,"AB 01, AB 02, AB 03, AB 04, AB 05",
consonant-candidate,AB 03,AB 09,AB 12,,5,22,,"AB 01, AB 02, AB 04, AB 05, AB 10",
consonant-candidate,AB 03,AB 63,AB 12,,5,3,,"AB 04, AB 10, AB 12",
consonant-candidate,AB 03,AB 16,AB 12,,5,27,,"AB 01, AB 02, AB 04, AB 05, AB 06",
consonant-candidate,AB 38,AB 12,AB 12,,5,38,,"AB 01, AB 02, AB 03, AB 04, AB 05",
consonant-candidate,AB 38,AB 67,AB 12,,5,27,,"AB 01, AB 02, AB 03, AB 04, AB 05",
consonant-candidate,AB 38,AB 48,AB 12,,5,6,,"AB 12, AB 27, AB 36, AB 37, AB 41",
consonant-candidate,AB 38,AB 44,AB 12,,5,40,,"AB 01, AB 02, AB 03, AB 04, AB 05",
consonant-candidate,AB 38,AB 49,AB 12,,5,1,,AB 12,
consonant-candidate,AB 38,AB 36,AB 12,,5,46,,"AB 01, AB 02, AB 03, AB 04, AB 05",
consonant-candidate,AB 38,AB 17,AB 12,,5,16,,"AB 02, AB 05, AB 06, AB 08, AB 12",
consonant-candidate,AB 38,AB 07,AB 12,,5,25,,"AB 01, AB 02, AB 03, AB 10, AB 12",
consonant-candidate,AB 38,AB 15,AB 12,,5,41,,"AB 01, AB 02, AB 03, AB 04, AB 05",
consonant-candidate,AB 38,AB 09,AB 12,,5,20,,"AB 01, AB 02, AB 04, AB 05, AB 10",
consonant-candidate,AB 38,AB 63,AB 12,,5,3,,"AB 04, AB 10, AB 12",
consonant-candidate,AB 38,AB 16,AB 12,,5,27,,"AB 01, AB 02, AB 04, AB 05, AB 06",
consonant-candidate,AB 12,AB 73,AB 12,,5,19,,"AB 03, AB 04, AB 05, AB 08, AB 12",
consonant-candidate,AB 12,AB 81,AB 12,,5,31,,"AB 01, AB 02, AB 03, AB 04, AB 06",
consonant-candidate,AB 12,AB 74,AB 12,,5,6,,"AB 02, AB 05, AB 10, AB 12, AB 75",
consonant-candidate,AB 73,AB 67,AB 12,,5,18,,"AB 03, AB 04, AB 05, AB 08, AB 12",
consonant-candidate,AB 73,AB 48,AB 12,,5,5,,"AB 12, AB 27, AB 36, AB 37, AB 59",
consonant-candidate,AB 73,AB 44,AB 12,,5,18,,"AB 03, AB 04, AB 05, AB 08, AB 12",
consonant-candidate,AB 73,AB 49,AB 12,,5,1,,AB 12,
consonant-candidate,AB 73,AB 36,AB 12,,5,22,,"AB 03, AB 04, AB 05, AB 08, AB 12",
consonant-candidate,AB 73,AB 17,AB 12,,5,8,,"AB 05, AB 08, AB 12, AB 27, AB 38",
consonant-candidate,AB 73,AB 07,AB 12,,5,14,,"AB 03, AB 12, AB 17, AB 20, AB 36",
consonant-candidate,AB 73,AB 15,AB 12,,5,17,,"AB 03, AB 04, AB 05, AB 08, AB 12",
consonant-candidate,AB 73,AB 09,AB 12,,5,12,,"AB 04, AB 05, AB 12, AB 27, AB 36",
consonant-candidate,AB 73,AB 63,AB 12,,5,2,,"AB 04, AB 12",
consonant-candidate,AB 73,AB 16,AB 12,,5,16,,"AB 04, AB 05, AB 12, AB 27, AB 30",
consonant-candidate,AB 67,AB 75,AB 12,,5,26,,"AB 01, AB 02, AB 03, AB 04, AB 05",
consonant-candidate,AB 67,AB 81,AB 12,,5,20,,"AB 01, AB 02, AB 03, AB 04, AB 12",
consonant-candidate,AB 67,AB 74,AB 12,,5,5,,"AB 02, AB 05, AB 10, AB 12, AB 37",
consonant-candidate,AB 48,AB 75,AB 12,,5,6,,"AB 12, AB 27, AB 36, AB 37, AB 41",
consonant-candidate,AB 48,AB 81,AB 12,,5,5,,"AB 12, AB 27, AB 36, AB 41, AB 59",
consonant-candidate,AB 48,AB 74,AB 12,,5,2,,"AB 12, AB 37",
consonant-candidate,AB 44,AB 75,AB 12,,5,39,,"AB 01, AB 02, AB 03, AB 04, AB 05",
consonant-candidate,AB 44,AB 81,AB 12,,5,26,,"AB 01, AB 02, AB 03, AB 04, AB 06",
consonant-candidate,AB 44,AB 74,AB 12,,5,8,,"AB 02, AB 05, AB 10, AB 12, AB 29",
consonant-candidate,AB 49,AB 75,AB 12,,5,1,,AB 12,
consonant-candidate,AB 49,AB 81,AB 12,,5,1,,AB 12,
consonant-candidate,AB 49,AB 74,AB 12,,5,1,,AB 12,
consonant-candidate,AB 36,AB 81,AB 12,,5,33,,"AB 01, AB 02, AB 03, AB 04, AB 06",
consonant-candidate,AB 36,AB 74,AB 12,,5,8,,"AB 02, AB 05, AB 10, AB 12, AB 29",
consonant-candidate,AB 17,AB 75,AB 12,,5,15,,"AB 02, AB 05, AB 06, AB 08, AB 12",
consonant-candidate,AB 17,AB 81,AB 12,,5,11,,"AB 02, AB 06, AB 12, AB 27, AB 38",
consonant-candidate,AB 17,AB 74,AB 12,,5,5,,"AB 02, AB 05, AB 12, AB 75, AB 78",
consonant-candidate,AB 07,AB 75,AB 12,,5,23,,"AB 01, AB 02, AB 03, AB 10, AB 12",
consonant-candidate,AB 07,AB 81,AB 12,,5,16,,"AB 01, AB 02, AB 03, AB 12, AB 14",
consonant-candidate,AB 07,AB 74,AB 12,,5,5,,"AB 02, AB 10, AB 12, AB 37, AB 75",
consonant-candidate,AB 75,AB 09,AB 12,,5,19,,"AB 01, AB 02, AB 04, AB 05, AB 10",
consonant-candidate,AB 75,AB 63,AB 12,,5,3,,"AB 04, AB 10, AB 12",
consonant-candidate,AB 75,AB 16,AB 12,,5,25,,"AB 01, AB 02, AB 04, AB 05, AB 06",
consonant-candidate,AB 15,AB 81,AB 12,,5,29,,"AB 01, AB 02, AB 03, AB 04, AB 06",
consonant-candidate,AB 15,AB 74,AB 12,,5,6,,"AB 02, AB 05, AB 10, AB 12, AB 75",
consonant-candidate,AB 09,AB 81,AB 12,,5,16,,"AB 01, AB 02, AB 04, AB 12, AB 24",
consonant-candidate,AB 09,AB 74,AB 12,,5,5,,"AB 02, AB 05, AB 10, AB 12, AB 75",
consonant-candidate,AB 81,AB 63,AB 12,,5,2,,"AB 04, AB 12",
consonant-candidate,AB 81,AB 16,AB 12,,5,21,,"AB 01, AB 02, AB 04, AB 06, AB 12",
consonant-candidate,AB 63,AB 74,AB 12,,5,2,,"AB 10, AB 12",
consonant-candidate,AB 74,AB 16,AB 12,,5,4,,"AB 02, AB 05, AB 12, AB 37",
consonant-candidate,AB 90,AB 37,AB 38,,5,2,,"AB 36, AB 38",
consonant-candidate,AB 90,AB 11,AB 38,,5,2,,"AB 36, AB 38",
consonant-candidate,AB 90,AB 09,AB 38,,5,2,,"AB 36, AB 38",
consonant-candidate,AB 90,AB 17,AB 38,,5,1,,AB 38,
consonant-candidate,AB 90,AB 13,AB 38,,5,1,,AB 38,
consonant-candidate,AB 90,AB 62,AB 38,,5,1,,AB 38,
consonant-candidate,AB 37,AB 07,AB 38,,5,20,,"AB 01, AB 02, AB 03, AB 32, AB 36",
consonant-candidate,AB 37,AB 30,AB 38,,5,14,,"AB 03, AB 05, AB 07, AB 08, AB 31",
consonant-candidate,AB 37,AB 81,AB 38,,5,24,,"AB 01, AB 02, AB 03, AB 04, AB 06",
consonant-candidate,AB 37,AB 16,AB 38,,5,23,,"AB 01, AB 02, AB 04, AB 05, AB 06",
consonant-candidate,AB 07,AB 13,AB 38,,5,16,,"AB 02, AB 10, AB 17, AB 20, AB 37",
consonant-candidate,AB 07,AB 62,AB 38,,5,4,,"AB 37, AB 38, AB 53, AB 60",
consonant-candidate,AB 30,AB 13,AB 38,,5,11,,"AB 05, AB 08, AB 31, AB 37, AB 38",
consonant-candidate,AB 30,AB 62,AB 38,,5,2,,"AB 37, AB 38",
consonant-candidate,AB 81,AB 13,AB 38,,5,18,,"AB 02, AB 04, AB 06, AB 24, AB 27",
consonant-candidate,AB 81,AB 62,AB 38,,5,5,,"AB 27, AB 38, AB 52, AB 53, AB 60",
consonant-candidate,AB 16,AB 13,AB 38,,5,20,,"AB 02, AB 04, AB 05, AB 06, AB 24",
consonant-candidate,AB 16,AB 62,AB 38,,5,5,,"AB 27, AB 37, AB 38, AB 52, AB 60",
consonant-candidate,AB 40,AB 82,AB 70,,5,3,,"AB 45, AB 61, AB 70",
consonant-candidate,AB 40,AB 79,AB 70,,5,2,,"AB 04, AB 70",
consonant-candidate,AB 16,AB 82,AB 70,,5,3,,"AB 45, AB 61, AB 70",
consonant-candidate,AB 16,AB 79,AB 70,,5,2,,"AB 04, AB 70",
consonant-candidate,AB 17,AB 82,AB 70,,5,3,,"AB 61, AB 70, AB 80",
consonant-candidate,AB 17,AB 79,AB 70,,5,1,,AB 70,
consonant-candidate,AB 29,AB 74,AB 02,,5,3,,"AB 02, AB 37, AB 75",
consonant-candidate,AB 74,AB 20,AB 02,,5,2,,"AB 02, AB 05",
consonant-candidate,AB 74,AB 23,AB 02,,5,3,,"AB 02, AB 05, AB 37",
consonant-candidate,AB 56,AB 29,AB 37,,5,4,,"AB 26, AB 37, AB 53, AB 60",
consonant-candidate,AB 56,AB 62,AB 37,,5,4,,"AB 37, AB 52, AB 53, AB 60",
consonant-candidate,AB 26,AB 62,AB 37,,5,3,,"AB 37, AB 52, AB 60",
consonant-candidate,AB 69,AB 47,AB 37,,5,1,,AB 37,
consonant-candidate,AB 69,AB 48,AB 37,,5,3,,"AB 27, AB 37, AB 59",
consonant-candidate,AB 69,AB 62,AB 37,,5,5,,"AB 27, AB 37, AB 52, AB 53, AB 60",
consonant-candidate,AB 21,AB 46,AB 41,,5,5,,"AB 20, AB 41, AB 42, AB 57, AB 59",
consonant-candidate,AB 85,AB 07,AB 59,,5,3,,"AB 45, AB 53, AB 59",
consonant-candidate,AB 85,AB 46,AB 59,,5,4,,"AB 04, AB 05, AB 44, AB 59",
consonant-candidate,AB 85,AB 11,AB 59,,5,6,,"AB 04, AB 05, AB 44, AB 45, AB 53",
consonant-candidate,AB 07,AB 19,AB 59,,5,1,,AB 59,
consonant-candidate,AB 46,AB 19,AB 59,,5,1,,AB 59,
consonant-candidate,AB 11,AB 19,AB 59,,5,1,,AB 59,
consonant-candidate,AB 17,AB 35,AB 05,,5,1,,AB 05,
consonant-candidate,AB 23,AB 35,AB 05,,5,1,,AB 05,
consonant-candidate,AB 68,AB 55,AB 60,,5,4,,"AB 08, AB 60, AB 61, AB 81",
consonant-candidate,AB 55,AB 62,AB 60,,5,2,,"AB 53, AB 60",
consonant-candidate,AB 83,AB 29,AB 27,,5,1,,AB 27,
consonant-candidate,AB 51,AB 56,AB 53,,5,2,,"AB 26, AB 53",
consonant-candidate,AB 51,AB 34,AB 77,,5,1,,AB 77,
consonant-candidate,AB 43,AB 65,AB 77,,5,1,,AB 77,
consonant-candidate,AB 34,AB 65,AB 77,,5,1,,AB 77,
consonant-candidate,AB 71,AB 29,AB 04,,5,1,,AB 04,
consonant-candidate,AB 71,AB 76,AB 04,,5,1,,AB 04,
consonant-candidate,AB 29,AB 79,AB 04,,5,1,,AB 04,
consonant-candidate,AB 09,AB 82,AB 45,,5,1,,AB 45,
consonant-candidate,AB 20,AB 47,AB 01,,5,1,,AB 01,
vowel-candidate,AB 56,AB 55,,AB 77,5,,5,,"AB 02, AB 08, AB 59, AB 60, AB 77"
vowel-candidate,AB 56,AB 73,,AB 77,5,,12,,"AB 02, AB 04, AB 05, AB 08, AB 10"
vowel-candidate,AB 56,AB 50,,AB 77,5,,11,,"AB 02, AB 04, AB 05, AB 08, AB 12"
vowel-candidate,AB 56,AB 67,,AB 77,5,,13,,"AB 02, AB 04, AB 05, AB 08, AB 10"
vowel-candidate,AB 56,AB 23,,AB 77,5,,4,,"AB 02, AB 05, AB 08, AB 77"
vowel-candidate,AB 56,AB 69,,AB 77,5,,13,,"AB 02, AB 04, AB 05, AB 08, AB 10"
vowel-candidate,AB 56,AB 25,,AB 77,5,,7,,"AB 04, AB 05, AB 36, AB 59, AB 60"
vowel-candidate,AB 56,AB 20,,AB 77,5,,7,,"AB 02, AB 36, AB 52, AB 58, AB 59"
vowel-candidate,AB 55,AB 09,,AB 77,5,,9,,"AB 02, AB 08, AB 37, AB 44, AB 53"
vowel-candidate,AB 55,AB 57,,AB 77,5,,18,,"AB 01, AB 02, AB 03, AB 08, AB 09"
vowel-candidate,AB 55,AB 33,,AB 77,5,,1,,AB 77
vowel-candidate,AB 55,AB 39,,AB 77,5,,12,,"AB 02, AB 08, AB 31, AB 42, AB 44"
vowel-candidate,AB 73,AB 09,,AB 77,5,,18,,"AB 02, AB 04, AB 05, AB 08, AB 11"
vowel-candidate,AB 73,AB 57,,AB 77,5,,27,,"AB 01, AB 02, AB 04, AB 07, AB 08"
vowel-candidate,AB 73,AB 33,,AB 77,5,,4,,"AB 04, AB 38, AB 77, AB 80"
vowel-candidate,AB 73,AB 39,,AB 77,5,,26,,"AB 02, AB 04, AB 05, AB 07, AB 08"
vowel-candidate,AB 50,AB 09,,AB 77,5,,16,,"AB 02, AB 04, AB 05, AB 06, AB 08"
vowel-candidate,AB 50,AB 57,,AB 77,5,,21,,"AB 01, AB 02, AB 03, AB 04, AB 06"
vowel-candidate,AB 50,AB 33,,AB 77,5,,3,,"AB 04, AB 39, AB 77"
vowel-candidate,AB 50,AB 39,,AB 77,5,,22,,"AB 02, AB 04, AB 05, AB 06, AB 08"
vowel-candidate,AB 67,AB 09,,AB 77,5,,20,,"AB 02, AB 04, AB 05, AB 06, AB 08"
vowel-candidate,AB 67,AB 57,,AB 77,5,,30,,"AB 02, AB 03, AB 04, AB 06, AB 07"
vowel-candidate,AB 67,AB 33,,AB 77,5,,6,,"AB 04, AB 38, AB 39, AB 72, AB 77"
vowel-candidate,AB 67,AB 39,,AB 77,5,,28,,"AB 02, AB 04, AB 05, AB 06, AB 07"
vowel-candidate,AB 09,AB 23,,AB 77,5,,6,,"AB 02, AB 05, AB 08, AB 37, AB 57"
vowel-candidate,AB 09,AB 69,,AB 77,5,,15,,"AB 02, AB 04, AB 05, AB 08, AB 36"
vowel-candidate,AB 09,AB 25,,AB 77,5,,15,,"AB 04, AB 05, AB 27, AB 36, AB 39"
vowel-candidate,AB 09,AB 20,,AB 77,5,,13,,"AB 02, AB 06, AB 11, AB 36, AB 38"
vowel-candidate,AB 23,AB 57,,AB 77,5,,8,,"AB 02, AB 08, AB 31, AB 37, AB 41"
vowel-candidate,AB 23,AB 33,,AB 77,5,,1,,AB 77
vowel-candidate,AB 23,AB 39,,AB 77,5,,7,,"AB 02, AB 05, AB 08, AB 31, AB 57"
vowel-candidate,AB 69,AB 57,,AB 77,5,,23,,"AB 02, AB 03, AB 04, AB 08, AB 10"
vowel-candidate,AB 69,AB 33,,AB 77,5,,3,,"AB 04, AB 39, AB 77"
vowel-candidate,AB 69,AB 39,,AB 77,5,,24,,"AB 02, AB 04, AB 05, AB 08, AB 10"
vowel-candidate,AB 57,AB 25,,AB 77,5,,19,,"AB 01, AB 04, AB 24, AB 27, AB 36"
vowel-candidate,AB 57,AB 20,,AB 77,5,,22,,"AB 01, AB 02, AB 03, AB 06, AB 07"
vowel-candidate,AB 33,AB 25,,AB 77,5,,4,,"AB 04, AB 39, AB 77, AB 80"
vowel-candidate,AB 33,AB 20,,AB 77,5,,3,,"AB 38, AB 72, AB 77"
vowel-candidate,AB 25,AB 39,,AB 77,5,,19,,"AB 04, AB 05, AB 20, AB 27, AB 36"
vowel-candidate,AB 20,AB 39,,AB 77,5,,18,,"AB 02, AB 06, AB 07, AB 11, AB 31"
vowel-candidate,AB 37,AB 51,,AB 56,5,,15,,"AB 02, AB 04, AB 07, AB 08, AB 10"
vowel-candidate,AB 57,AB 21,,AB 12,5,,12,,"AB 04, AB 08, AB 12, AB 28, AB 37"
vowel-candidate,AB 12,AB 58,,AB 12,5,,12,,"AB 05, AB 06, AB 12, AB 17, AB 36"
vowel-candidate,AB 21,AB 58,,AB 12,5,,5,,"AB 05, AB 12, AB 39, AB 60, AB 70"
vowel-candidate,AB 21,AB 52,,AB 12,5,,10,,"AB 05, AB 08, AB 12, AB 28, AB 37"
vowel-candidate,AB 21,AB 54,,AB 12,5,,14,,"AB 04, AB 05, AB 08, AB 12, AB 28"
vowel-candidate,AB 21,AB 73,,AB 12,5,,10,,"AB 04, AB 05, AB 08, AB 12, AB 28"
vowel-candidate,AB 56,AB 58,,AB 12,5,,7,,"AB 02, AB 05, AB 12, AB 36, AB 52"
vowel-candidate,AB 58,AB 50,,AB 12,5,,11,,"AB 02, AB 05, AB 06, AB 12, AB 36"
vowel-candidate,AB 58,AB 11,,AB 12,5,,12,,"AB 02, AB 05, AB 06, AB 12, AB 36"
vowel-candidate,AB 58,AB 06,,AB 12,5,,13,,"AB 02, AB 05, AB 12, AB 17, AB 36"
vowel-candidate,AB 32,AB 45,,AB 38,5,,21,,"AB 02, AB 03, AB 05, AB 06, AB 07"
vowel-candidate,AB 52,AB 32,,AB 10,5,,24,,"AB 02, AB 03, AB 05, AB 06, AB 08"
vowel-candidate,AB 15,AB 32,,AB 10,5,,18,,"AB 02, AB 03, AB 05, AB 06, AB 08"
vowel-candidate,AB 56,AB 32,,AB 10,5,,12,,"AB 02, AB 05, AB 08, AB 10, AB 15"
vowel-candidate,AB 21,AB 31,,AB 70,5,,11,,"AB 04, AB 05, AB 08, AB 28, AB 37"
vowel-candidate,AB 21,AB 07,,AB 70,5,,9,,"AB 05, AB 08, AB 37, AB 39, AB 45"
vowel-candidate,AB 58,AB 31,,AB 70,5,,9,,"AB 02, AB 05, AB 06, AB 40, AB 42"
vowel-candidate,AB 58,AB 07,,AB 70,5,,10,,"AB 02, AB 05, AB 36, AB 39, AB 42"
vowel-candidate,AB 74,AB 30,,AB 02,5,,7,,"AB 02, AB 03, AB 08, AB 28, AB 36"
vowel-candidate,AB 74,AB 23,,AB 02,5,,2,,"AB 02, AB 08"
vowel-candidate,AB 01,AB 46,,AB 54,5,,12,,"AB 01, AB 07, AB 28, AB 37, AB 39"
vowel-candidate,AB 01,AB 63,,AB 54,5,,3,,"AB 28, AB 54, AB 81"
vowel-candidate,AB 07,AB 46,,AB 54,5,,7,,"AB 37, AB 39, AB 53, AB 54, AB 59"
vowel-candidate,AB 07,AB 63,,AB 54,5,,2,,"AB 54, AB 81"
vowel-candidate,AB 46,AB 53,,AB 54,5,,11,,"AB 07, AB 28, AB 37, AB 39, AB 40"
vowel-candidate,AB 46,AB 27,,AB 54,5,,10,,"AB 01, AB 28, AB 37, AB 39, AB 40"
vowel-candidate,AB 46,AB 26,,AB 54,5,,6,,"AB 28, AB 39, AB 54, AB 59, AB 60"
vowel-candidate,AB 53,AB 63,,AB 54,5,,3,,"AB 28, AB 54, AB 81"
vowel-candidate,AB 27,AB 63,,AB 54,5,,3,,"AB 28, AB 54, AB 81"
vowel-candidate,AB 26,AB 63,,AB 54,5,,3,,"AB 28, AB 54, AB 81"
vowel-candidate,AB 17,AB 12,,AB 36,5,,7,,"AB 07, AB 28, AB 36, AB 53, AB 57"
vowel-candidate,AB 17,AB 29,,AB 36,5,,2,,"AB 36, AB 57"
vowel-candidate,AB 15,AB 29,,AB 36,5,,8,,"AB 01, AB 05, AB 08, AB 36, AB 44"
vowel-candidate,AB 09,AB 29,,AB 36,5,,6,,"AB 05, AB 08, AB 36, AB 44, AB 57"
vowel-candidate,AB 85,AB 46,,AB 59,5,,1,,AB 59
vowel-candidate,AB 43,AB 46,,AB 59,5,,2,,"AB 28, AB 59"
vowel-candidate,AB 20,AB 46,,AB 59,5,,5,,"AB 01, AB 07, AB 53, AB 59, AB 60"
vowel-candidate,AB 22,AB 17,,AB 07,5,,1,,AB 07
vowel-candidate,AB 22,AB 73,,AB 07,5,,2,,"AB 01, AB 07"
vowel-candidate,AB 22,AB 10,,AB 07,5,,2,,"AB 01, AB 07"
vowel-candidate,AB 22,AB 62,,AB 07,5,,1,,AB 07
vowel-candidate,AB 51,AB 62,,AB 07,5,,1,,AB 07
vowel-candidate,AB 79,AB 26,,AB 08,5,,2,,"AB 08, AB 80"
vowel-candidate,AB 79,AB 65,,AB 08,5,,1,,AB 08
vowel-candidate,AB 79,AB 09,,AB 08,5,,2,,"AB 08, AB 80"
vowel-candidate,AB 26,AB 34,,AB 08,5,,2,,"AB 08, AB 61"
vowel-candidate,AB 65,AB 34,,AB 08,5,,1,,AB 08
vowel-candidate,AB 34,AB 09,,AB 08,5,,2,,"AB 08, AB 61"
vowel-candidate,AB 46,AB 29,,AB 60,5,,2,,"AB 01, AB 60"
vowel-candidate,AB 76,AB 65,,AB 72,5,,1,,AB 72
vowel-candidate,AB 82,AB 90,,AB 27,5,,1,,AB 27
vowel-candidate,AB 82,AB 26,,AB 27,5,,2,,"AB 27, AB 39"
vowel-candidate,AB 82,AB 39,,AB 27,5,,2,,"AB 27, AB 39"
vowel-candidate,AB 90,AB 50,,AB 27,5,,1,,AB 27
vowel-candidate,AB 90,AB 45,,AB 27,5,,1,,AB 27
vowel-candidate,AB 17,AB 21,,AB 53,5,,3,,"AB 28, AB 53, AB 57"
vowel-candidate,AB 14,AB 79,,AB 80,5,,1,,AB 80
vowel-candidate,AB 69,AB 19,,AB 39,5,,1,,AB 39
vowel-candidate,AB 07,AB 19,,AB 39,5,,1,,AB 39
vowel-candidate,AB 15,AB 19,,AB 39,5,,1,,AB 39
vowel-candidate,AB 76,AB 19,,AB 39,5,,1,,AB 39
vowel-candidate,AB 26,AB 19,,AB 39,5,,1,,AB 39
vowel-candidate,AB 39,AB 19,,AB 39,5,,1,,AB 39
vowel-candidate,AB 72,AB 19,,AB 39,5,,1,,AB 39
vowel-candidate,AB 50,AB 19,,AB 39,5,,1,,AB 39
vowel-candidate,AB 42,AB 19,,AB 39,5,,1,,AB 39
vowel-candidate,AB 58,AB 19,,AB 39,5,,1,,AB 39
vowel-candidate,AB 19,AB 33,,AB 39,5,,1,,AB 39
vowel-candidate,AB 17,AB 63,,AB 28,5,,1,,AB 28
vowel-candidate,AB 15,AB 63,,AB 28,5,,2,,"AB 28, AB 81"
consonant-candidate,AB 58,AB 04,AB 56,,4,10,,"AB 02, AB 03, AB 05, AB 08, AB 37",
consonant-candidate,AB 58,AB 26,AB 56,,4,8,,"AB 02, AB 05, AB 32, AB 37, AB 56",
consonant-candidate,AB 58,AB 75,AB 56,,4,11,,"AB 02, AB 03, AB 05, AB 08, AB 32",
consonant-candidate,AB 58,AB 12,AB 56,,4,8,,"AB 02, AB 03, AB 05, AB 08, AB 53",
consonant-candidate,AB 58,AB 10,AB 56,,4,11,,"AB 02, AB 03, AB 05, AB 08, AB 32",
consonant-candidate,AB 58,AB 15,AB 56,,4,10,,"AB 02, AB 03, AB 05, AB 08, AB 32",
consonant-candidate,AB 04,AB 26,AB 56,,4,30,,"AB 01, AB 02, AB 04, AB 05, AB 06",
consonant-candidate,AB 04,AB 75,AB 56,,4,43,,"AB 01, AB 02, AB 03, AB 04, AB 05",
consonant-candidate,AB 04,AB 12,AB 56,,4,41,,"AB 01, AB 02, AB 03, AB 04, AB 05",
consonant-candidate,AB 04,AB 10,AB 56,,4,44,,"AB 01, AB 02, AB 03, AB 04, AB 05",
consonant-candidate,AB 04,AB 15,AB 56,,4,40,,"AB 01, AB 02, AB 03, AB 04, AB 05",
consonant-candidate,AB 26,AB 75,AB 56,,4,31,,"AB 01, AB 02, AB 04, AB 05, AB 06",
consonant-candidate,AB 26,AB 12,AB 56,,4,26,,"AB 01, AB 02, AB 04, AB 05, AB 06",
consonant-candidate,AB 26,AB 10,AB 56,,4,32,,"AB 01, AB 02, AB 04, AB 05, AB 06",
consonant-candidate,AB 26,AB 15,AB 56,,4,29,,"AB 01, AB 02, AB 04, AB 05, AB 06",
consonant-candidate,AB 75,AB 12,AB 56,,4,37,,"AB 01, AB 02, AB 03, AB 04, AB 05",
consonant-candidate,AB 75,AB 10,AB 56,,4,43,,"AB 01, AB 02, AB 03, AB 04, AB 05",
consonant-candidate,AB 75,AB 15,AB 56,,4,40,,"AB 01, AB 02, AB 03, AB 04, AB 05",
consonant-candidate,AB 12,AB 10,AB 56,,4,40,,"AB 01, AB 02, AB 03, AB 04, AB 05",
consonant-candidate,AB 12,AB 15,AB 56,,4,40,,"AB 01, AB 02, AB 03, AB 04, AB 05",
consonant-candidate,AB 10,AB 15,AB 56,,4,42,,"AB 01, AB 02, AB 03, AB 04, AB 05",
consonant-candidate,AB 12,AB 67,AB 12,,4,24,,"AB 01, AB 02, AB 03, AB 04, AB 05",
consonant-candidate,AB 12,AB 48,AB 12,,4,5,,"AB 12, AB 27, AB 36, AB 41, AB 59",
consonant-candidate,AB 12,AB 44,AB 12,,4,37,,"AB 01, AB 02, AB 03, AB 04, AB 05",
consonant-candidate,AB 12,AB 49,AB 12,,4,1,,AB 12,
consonant-candidate,AB 12,AB 17,AB 12,,4,16,,"AB 02, AB 05, AB 06, AB 08, AB 12",
consonant-candidate,AB 12,AB 07,AB 12,,4,20,,"AB 01, AB 02, AB 03, AB 10, AB 12",
consonant-candidate,AB 12,AB 09,AB 12,,4,21,,"AB 01, AB 02, AB 04, AB 05, AB 10",
consonant-candidate,AB 12,AB 63,AB 12,,4,3,,"AB 04, AB 10, AB 12",
consonant-candidate,AB 12,AB 16,AB 12,,4,26,,"AB 01, AB 02, AB 04, AB 05, AB 06",
consonant-candidate,AB 67,AB 48,AB 12,,4,6,,"AB 12, AB 27, AB 36, AB 37, AB 41",
consonant-candidate,AB 67,AB 44,AB 12,,4,27,,"AB 01, AB 02, AB 03, AB 04, AB 05",
consonant-candidate,AB 67,AB 49,AB 12,,4,1,,AB 12,
consonant-candidate,AB 67,AB 36,AB 12,,4,28,,"AB 01, AB 02, AB 03, AB 04, AB 05",
consonant-candidate,AB 67,AB 17,AB 12,,4,9,,"AB 02, AB 05, AB 08, AB 12, AB 27",
consonant-candidate,AB 67,AB 07,AB 12,,4,17,,"AB 01, AB 02, AB 03, AB 10, AB 12",
consonant-candidate,AB 67,AB 15,AB 12,,4,24,,"AB 01, AB 02, AB 03, AB 04, AB 05",
consonant-candidate,AB 67,AB 09,AB 12,,4,17,,"AB 01, AB 02, AB 04, AB 05, AB 10",
consonant-candidate,AB 67,AB 63,AB 12,,4,3,,"AB 04, AB 10, AB 12",
consonant-candidate,AB 67,AB 16,AB 12,,4,19,,"AB 01, AB 02, AB 04, AB 05, AB 12",
consonant-candidate,AB 48,AB 44,AB 12,,4,5,,"AB 12, AB 27, AB 37, AB 41, AB 59",
consonant-candidate,AB 48,AB 49,AB 12,,4,1,,AB 12,
consonant-candidate,AB 48,AB 36,AB 12,,4,6,,"AB 12, AB 27, AB 36, AB 37, AB 41",
consonant-candidate,AB 48,AB 17,AB 12,,4,2,,"AB 12, AB 27",
consonant-candidate,AB 48,AB 07,AB 12,,4,4,,"AB 12, AB 36, AB 37, AB 59",
consonant-candidate,AB 48,AB 15,AB 12,,4,5,,"AB 12, AB 27, AB 36, AB 41, AB 59",
consonant-candidate,AB 48,AB 09,AB 12,,4,3,,"AB 12, AB 27, AB 36",
consonant-candidate,AB 48,AB 63,AB 12,,4,1,,AB 12,
consonant-candidate,AB 48,AB 16,AB 12,,4,6,,"AB 12, AB 27, AB 36, AB 37, AB 41",
consonant-candidate,AB 44,AB 49,AB 12,,4,1,,AB 12,
consonant-candidate,AB 44,AB 36,AB 12,,4,44,,"AB 01, AB 02, AB 03, AB 04, AB 05",
consonant-candidate,AB 44,AB 17,AB 12,,4,15,,"AB 02, AB 05, AB 06, AB 08, AB 12",
consonant-candidate,AB 44,AB 07,AB 12,,4,22,,"AB 01, AB 02, AB 03, AB 10, AB 12",
consonant-candidate,AB 44,AB 15,AB 12,,4,37,,"AB 01, AB 02, AB 03, AB 04, AB 05",
consonant-candidate,AB 44,AB 09,AB 12,,4,21,,"AB 01, AB 02, AB 04, AB 05, AB 10",
consonant-candidate,AB 44,AB 63,AB 12,,4,3,,"AB 04, AB 10, AB 12",
consonant-candidate,AB 44,AB 16,AB 12,,4,27,,"AB 01, AB 02, AB 04, AB 05, AB 06",
consonant-candidate,AB 49,AB 36,AB 12,,4,1,,AB 12,
consonant-candidate,AB 49,AB 17,AB 12,,4,1,,AB 12,
consonant-candidate,AB 49,AB 07,AB 12,,4,1,,AB 12,
consonant-candidate,AB 49,AB 15,AB 12,,4,1,,AB 12,
consonant-candidate,AB 49,AB 09,AB 12,,4,1,,AB 12,
consonant-candidate,AB 49,AB 63,AB 12,,4,1,,AB 12,
consonant-candidate,AB 49,AB 16,AB 12,,4,1,,AB 12,
consonant-candidate,AB 36,AB 17,AB 12,,4,17,,"AB 02, AB 05, AB 06, AB 08, AB 12",
consonant-candidate,AB 36,AB 07,AB 12,,4,27,,"AB 01, AB 02, AB 03, AB 10, AB 12",
consonant-candidate,AB 36,AB 09,AB 12,,4,22,,"AB 01, AB 02, AB 04, AB 05, AB 10",
consonant-candidate,AB 36,AB 63,AB 12,,4,3,,"AB 04, AB 10, AB 12",
consonant-candidate,AB 36,AB 16,AB 12,,4,28,,"AB 01, AB 02, AB 04, AB 05, AB 06",
consonant-candidate,AB 17,AB 07,AB 12,,4,9,,"AB 02, AB 12, AB 38, AB 42, AB 60",
consonant-candidate,AB 17,AB 15,AB 12,,4,16,,"AB 02, AB 05, AB 06, AB 08, AB 12",
consonant-candidate,AB 17,AB 09,AB 12,,4,8,,"AB 02, AB 05, AB 12, AB 27, AB 38",
consonant-candidate,AB 17,AB 63,AB 12,,4,1,,AB 12,
consonant-candidate,AB 17,AB 16,AB 12,,4,11,,"AB 02, AB 05, AB 06, AB 12, AB 27",
consonant-candidate,AB 07,AB 15,AB 12,,4,22,,"AB 01, AB 02, AB 03, AB 10, AB 12",
consonant-candidate,AB 07,AB 09,AB 12,,4,13,,"AB 01, AB 02, AB 10, AB 12, AB 36",
consonant-candidate,AB 07,AB 63,AB 12,,4,2,,"AB 10, AB 12",
consonant-candidate,AB 07,AB 16,AB 12,,4,15,,"AB 01, AB 02, AB 12, AB 14, AB 36",
consonant-candidate,AB 15,AB 09,AB 12,,4,21,,"AB 01, AB 02, AB 04, AB 05, AB 10",
consonant-candidate,AB 15,AB 63,AB 12,,4,3,,"AB 04, AB 10, AB 12",
consonant-candidate,AB 15,AB 16,AB 12,,4,24,,"AB 01, AB 02, AB 04, AB 05, AB 06",
consonant-candidate,AB 09,AB 63,AB 12,,4,3,,"AB 04, AB 10, AB 12",
consonant-candidate,AB 09,AB 16,AB 12,,4,15,,"AB 01, AB 02, AB 04, AB 05, AB 12",
consonant-candidate,AB 63,AB 16,AB 12,,4,2,,"AB 04, AB 12",
consonant-candidate,AB 90,AB 07,AB 38,,4,2,,"AB 36, AB 38",
consonant-candidate,AB 90,AB 30,AB 38,,4,2,,"AB 36, AB 38",
consonant-candidate,AB 90,AB 81,AB 38,,4,2,,"AB 36, AB 38",
consonant-candidate,AB 90,AB 16,AB 38,,4,2,,"AB 36, AB 38",
consonant-candidate,AB 24,AB 82,AB 70,,4,3,,"AB 61, AB 70, AB 80",
consonant-candidate,AB 24,AB 79,AB 70,,4,2,,"AB 04, AB 70",
consonant-candidate,AB 14,AB 82,AB 70,,4,3,,"AB 45, AB 70, AB 80",
consonant-candidate,AB 14,AB 79,AB 70,,4,1,,AB 70,
consonant-candidate,AB 82,AB 79,AB 70,,4,1,,AB 70,
consonant-candidate,AB 29,AB 20,AB 02,,4,3,,"AB 02, AB 04, AB 40",
consonant-candidate,AB 29,AB 23,AB 02,,4,2,,"AB 02, AB 37",
consonant-candidate,AB 33,AB 51,AB 54,,4,2,,"AB 42, AB 54",
consonant-candidate,AB 31,AB 47,AB 37,,4,2,,"AB 01, AB 37",
consonant-candidate,AB 31,AB 48,AB 37,,4,4,,"AB 27, AB 36, AB 37, AB 59",
consonant-candidate,AB 76,AB 47,AB 37,,4,1,,AB 37,
consonant-candidate,AB 76,AB 48,AB 37,,4,1,,AB 37,
consonant-candidate,AB 76,AB 29,AB 37,,4,3,,"AB 04, AB 37, AB 53",
consonant-candidate,AB 76,AB 62,AB 37,,4,2,,"AB 37, AB 53",
consonant-candidate,AB 37,AB 47,AB 37,,4,2,,"AB 01, AB 37",
consonant-candidate,AB 37,AB 48,AB 37,,4,4,,"AB 27, AB 36, AB 37, AB 59",
consonant-candidate,AB 47,AB 72,AB 37,,4,2,,"AB 01, AB 37",
consonant-candidate,AB 47,AB 29,AB 37,,4,1,,AB 37,
consonant-candidate,AB 47,AB 62,AB 37,,4,1,,AB 37,
consonant-candidate,AB 72,AB 48,AB 37,,4,3,,"AB 27, AB 37, AB 59",
consonant-candidate,AB 48,AB 29,AB 37,,4,2,,"AB 27, AB 37",
consonant-candidate,AB 48,AB 62,AB 37,,4,2,,"AB 27, AB 37",
consonant-candidate,AB 29,AB 62,AB 37,,4,4,,"AB 27, AB 37, AB 53, AB 60",
consonant-candidate,AB 29,AB 30,AB 37,,4,3,,"AB 37, AB 44, AB 77",
consonant-candidate,AB 20,AB 48,AB 36,,4,2,,"AB 36, AB 59",
consonant-candidate,AB 68,AB 48,AB 36,,4,1,,AB 36,
consonant-candidate,AB 48,AB 83,AB 36,,4,2,,"AB 27, AB 36",
consonant-candidate,AB 48,AB 90,AB 36,,4,1,,AB 36,
consonant-candidate,AB 48,AB 78,AB 36,,4,4,,"AB 27, AB 36, AB 41, AB 59",
consonant-candidate,AB 17,AB 21,AB 42,,4,2,,"AB 42, AB 60",
consonant-candidate,AB 51,AB 35,AB 05,,4,1,,AB 05,
consonant-candidate,AB 69,AB 35,AB 05,,4,1,,AB 05,
consonant-candidate,AB 35,AB 20,AB 05,,4,1,,AB 05,
consonant-candidate,AB 35,AB 25,AB 05,,4,2,,"AB 05, AB 67",
consonant-candidate,AB 56,AB 68,AB 60,,4,1,,AB 60,
consonant-candidate,AB 26,AB 68,AB 60,,4,3,,"AB 32, AB 60, AB 61",
consonant-candidate,AB 65,AB 81,AB 80,,4,2,,"AB 77, AB 80",
consonant-candidate,AB 65,AB 82,AB 80,,4,1,,AB 80,
consonant-candidate,AB 81,AB 82,AB 80,,4,1,,AB 80,
consonant-candidate,AB 46,AB 68,AB 61,,4,1,,AB 61,
consonant-candidate,AB 68,AB 82,AB 61,,4,1,,AB 61,
consonant-candidate,AB 55,AB 83,AB 61,,4,1,,AB 61,
consonant-candidate,AB 82,AB 83,AB 61,,4,1,,AB 61,
consonant-candidate,AB 71,AB 09,AB 04,,4,1,,AB 04,
consonant-candidate,AB 71,AB 79,AB 04,,4,1,,AB 04,
consonant-candidate,AB 09,AB 79,AB 04,,4,1,,AB 04,
consonant-candidate,AB 85,AB 79,AB 04,,4,1,,AB 04,
consonant-candidate,AB 47,AB 46,AB 01,,4,1,,AB 01,
vowel-candidate,AB 55,AB 73,,AB 77,4,,12,,"AB 01, AB 02, AB 08, AB 31, AB 37"
vowel-candidate,AB 55,AB 50,,AB 77,4,,13,,"AB 01, AB 02, AB 03, AB 08, AB 09"
vowel-candidate,AB 55,AB 67,,AB 77,4,,14,,"AB 02, AB 03, AB 08, AB 13, AB 31"
vowel-candidate,AB 55,AB 23,,AB 77,4,,7,,"AB 02, AB 08, AB 31, AB 37, AB 41"
vowel-candidate,AB 55,AB 69,,AB 77,4,,13,,"AB 02, AB 03, AB 08, AB 13, AB 37"
vowel-candidate,AB 55,AB 25,,AB 77,4,,11,,"AB 01, AB 41, AB 42, AB 44, AB 53"
vowel-candidate,AB 55,AB 20,,AB 77,4,,14,,"AB 01, AB 02, AB 03, AB 13, AB 31"
vowel-candidate,AB 73,AB 50,,AB 77,4,,17,,"AB 01, AB 02, AB 04, AB 05, AB 08"
vowel-candidate,AB 73,AB 67,,AB 77,4,,24,,"AB 02, AB 04, AB 05, AB 07, AB 08"
vowel-candidate,AB 73,AB 23,,AB 77,4,,8,,"AB 02, AB 05, AB 08, AB 31, AB 37"
vowel-candidate,AB 73,AB 69,,AB 77,4,,19,,"AB 02, AB 04, AB 05, AB 08, AB 10"
vowel-candidate,AB 73,AB 25,,AB 77,4,,15,,"AB 01, AB 04, AB 05, AB 27, AB 36"
vowel-candidate,AB 73,AB 20,,AB 77,4,,16,,"AB 01, AB 02, AB 07, AB 11, AB 31"
vowel-candidate,AB 50,AB 67,,AB 77,4,,20,,"AB 02, AB 03, AB 04, AB 05, AB 06"
vowel-candidate,AB 50,AB 23,,AB 77,4,,6,,"AB 02, AB 05, AB 08, AB 31, AB 57"
vowel-candidate,AB 50,AB 69,,AB 77,4,,17,,"AB 02, AB 03, AB 04, AB 05, AB 08"
vowel-candidate,AB 50,AB 25,,AB 77,4,,14,,"AB 01, AB 04, AB 05, AB 27, AB 36"
vowel-candidate,AB 50,AB 20,,AB 77,4,,15,,"AB 01, AB 02, AB 03, AB 06, AB 11"
vowel-candidate,AB 67,AB 23,,AB 77,4,,8,,"AB 02, AB 05, AB 08, AB 31, AB 37"
vowel-candidate,AB 67,AB 69,,AB 77,4,,20,,"AB 02, AB 03, AB 04, AB 05, AB 08"
vowel-candidate,AB 67,AB 25,,AB 77,4,,17,,"AB 04, AB 05, AB 24, AB 27, AB 36"
vowel-candidate,AB 67,AB 20,,AB 77,4,,19,,"AB 02, AB 03, AB 06, AB 07, AB 11"
vowel-candidate,AB 23,AB 69,,AB 77,4,,6,,"AB 02, AB 05, AB 08, AB 37, AB 57"
vowel-candidate,AB 23,AB 25,,AB 77,4,,5,,"AB 05, AB 41, AB 57, AB 67, AB 77"
vowel-candidate,AB 23,AB 20,,AB 77,4,,5,,"AB 02, AB 31, AB 57, AB 67, AB 77"
vowel-candidate,AB 69,AB 25,,AB 77,4,,15,,"AB 04, AB 05, AB 20, AB 36, AB 39"
vowel-candidate,AB 69,AB 20,,AB 77,4,,13,,"AB 02, AB 03, AB 13, AB 36, AB 42"
vowel-candidate,AB 25,AB 20,,AB 77,4,,11,,"AB 01, AB 36, AB 42, AB 53, AB 57"
vowel-candidate,AB 01,AB 51,,AB 56,4,,16,,"AB 02, AB 04, AB 07, AB 08, AB 10"
vowel-candidate,AB 51,AB 60,,AB 56,4,,16,,"AB 02, AB 04, AB 07, AB 08, AB 10"
vowel-candidate,AB 51,AB 53,,AB 56,4,,16,,"AB 02, AB 04, AB 07, AB 08, AB 10"
vowel-candidate,AB 51,AB 28,,AB 56,4,,14,,"AB 02, AB 04, AB 08, AB 10, AB 36"
vowel-candidate,AB 12,AB 21,,AB 12,4,,12,,"AB 04, AB 05, AB 08, AB 12, AB 28"
vowel-candidate,AB 21,AB 56,,AB 12,4,,5,,"AB 04, AB 05, AB 08, AB 12, AB 60"
vowel-candidate,AB 21,AB 50,,AB 12,4,,10,,"AB 04, AB 05, AB 08, AB 12, AB 39"
vowel-candidate,AB 21,AB 11,,AB 12,4,,13,,"AB 04, AB 05, AB 08, AB 12, AB 28"
vowel-candidate,AB 21,AB 06,,AB 12,4,,13,,"AB 04, AB 05, AB 08, AB 12, AB 28"
vowel-candidate,AB 54,AB 46,,AB 54,4,,10,,"AB 01, AB 28, AB 37, AB 39, AB 41"
vowel-candidate,AB 54,AB 63,,AB 54,4,,3,,"AB 28, AB 54, AB 81"
vowel-candidate,AB 46,AB 40,,AB 54,4,,10,,"AB 01, AB 07, AB 37, AB 39, AB 41"
vowel-candidate,AB 46,AB 81,,AB 54,4,,12,,"AB 01, AB 07, AB 28, AB 37, AB 39"
vowel-candidate,AB 46,AB 73,,AB 54,4,,9,,"AB 01, AB 07, AB 28, AB 37, AB 41"
vowel-candidate,AB 46,AB 63,,AB 54,4,,2,,"AB 28, AB 54"
vowel-candidate,AB 40,AB 63,,AB 54,4,,1,,AB 54
vowel-candidate,AB 81,AB 63,,AB 54,4,,2,,"AB 28, AB 54"
vowel-candidate,AB 73,AB 63,,AB 54,4,,3,,"AB 28, AB 54, AB 81"
vowel-candidate,AB 21,AB 23,,AB 37,4,,4,,"AB 05, AB 08, AB 37, AB 57"
vowel-candidate,AB 21,AB 09,,AB 37,4,,10,,"AB 04, AB 05, AB 08, AB 28, AB 37"
vowel-candidate,AB 21,AB 32,,AB 37,4,,8,,"AB 05, AB 08, AB 28, AB 37, AB 39"
vowel-candidate,AB 12,AB 74,,AB 36,4,,4,,"AB 03, AB 08, AB 28, AB 36"
vowel-candidate,AB 12,AB 29,,AB 36,4,,9,,"AB 01, AB 05, AB 08, AB 36, AB 44"
vowel-candidate,AB 74,AB 29,,AB 36,4,,2,,"AB 08, AB 36"
vowel-candidate,AB 20,AB 29,,AB 36,4,,4,,"AB 01, AB 36, AB 57, AB 60"
vowel-candidate,AB 51,AB 65,,AB 42,4,,3,,"AB 08, AB 42, AB 53"
vowel-candidate,AB 58,AB 65,,AB 42,4,,1,,AB 42
vowel-candidate,AB 65,AB 50,,AB 42,4,,2,,"AB 08, AB 42"
vowel-candidate,AB 65,AB 25,,AB 42,4,,2,,"AB 42, AB 53"
vowel-candidate,AB 65,AB 15,,AB 42,4,,5,,"AB 08, AB 28, AB 42, AB 53, AB 72"
vowel-candidate,AB 85,AB 55,,AB 59,4,,2,,"AB 59, AB 61"
vowel-candidate,AB 85,AB 23,,AB 05,4,,2,,"AB 05, AB 57"
vowel-candidate,AB 29,AB 23,,AB 05,4,,3,,"AB 05, AB 08, AB 57"
vowel-candidate,AB 81,AB 22,,AB 07,4,,2,,"AB 01, AB 07"
vowel-candidate,AB 45,AB 22,,AB 07,4,,1,,AB 07
vowel-candidate,AB 38,AB 22,,AB 07,4,,2,,"AB 01, AB 07"
vowel-candidate,AB 22,AB 59,,AB 07,4,,2,,"AB 01, AB 07"
vowel-candidate,AB 22,AB 51,,AB 07,4,,1,,AB 07
vowel-candidate,AB 22,AB 12,,AB 07,4,,2,,"AB 01, AB 07"
vowel-candidate,AB 22,AB 37,,AB 07,4,,1,,AB 07
vowel-candidate,AB 79,AB 78,,AB 08,4,,1,,AB 08
vowel-candidate,AB 79,AB 32,,AB 08,4,,2,,"AB 08, AB 58"
vowel-candidate,AB 79,AB 34,,AB 08,4,,1,,AB 08
vowel-candidate,AB 79,AB 16,,AB 08,4,,1,,AB 08
vowel-candidate,AB 79,AB 40,,AB 08,4,,1,,AB 08
vowel-candidate,AB 32,AB 34,,AB 08,4,,2,,"AB 08, AB 15"
vowel-candidate,AB 90,AB 26,,AB 27,4,,1,,AB 27
vowel-candidate,AB 90,AB 39,,AB 27,4,,1,,AB 27
vowel-candidate,AB 20,AB 79,,AB 58,4,,1,,AB 58
vowel-candidate,AB 33,AB 79,,AB 80,4,,1,,AB 80
vowel-candidate,AB 58,AB 33,,AB 39,4,,1,,AB 39
vowel-candidate,AB 33,AB 51,,AB 04,4,,1,,AB 04
