gorila_id,inscription_id,num_signs,strategy,num_boundaries,confidence,has_ground_truth,details
ANZb1,1656,1,bigram_transition,0,1.0000,False,"threshold=0.012821, p25"
ANZb1,1656,1,boundary_entropy,0,1.0000,False,"threshold=1.0000, median=1.0000"
ANZb1,1656,1,consensus,0,0.0000,False,"4 strategies, 0 accepted"
ANZb1,1656,1,ground_truth,0,0.0000,False,0 divider(s)
ANZb1,1656,1,positional_profile,0,1.0000,False,"start=27, end=11, thr_start=0.333, thr_end=0.333"
ANZb1,1656,1,viterbi_hmm,0,1.0000,False,too short
APZa1,1658,7,bigram_transition,1,1.0000,True,"threshold=0.012821, p25"
APZa1,1658,7,boundary_entropy,5,1.0000,True,"threshold=1.0000, median=1.0000"
APZa1,1658,7,consensus,1,1.0000,True,"4 strategies, 1 accepted"
APZa1,1658,7,ground_truth,1,1.0000,True,1 divider(s)
APZa1,1658,7,positional_profile,1,1.0000,True,"start=27, end=11, thr_start=0.333, thr_end=0.333"
APZa1,1658,7,viterbi_hmm,1,1.0000,True,"within_pairs=2768, cross_pairs=382"
APZa2,1659,35,bigram_transition,6,1.0000,True,"threshold=0.012821, p25"
APZa2,1659,35,boundary_entropy,28,1.0000,True,"threshold=1.0000, median=1.0000"
APZa2,1659,35,consensus,5,1.0000,True,"4 strategies, 5 accepted"
APZa2,1659,35,ground_truth,5,1.0000,True,5 divider(s)
APZa2,1659,35,positional_profile,5,1.0000,True,"start=27, end=11, thr_start=0.333, thr_end=0.333"
APZa2,1659,35,viterbi_hmm,5,1.0000,True,"within_pairs=2768, cross_pairs=382"
APZa<3>,1657,3,bigram_transition,0,1.0000,False,"threshold=0.012821, p25"
APZa<3>,1657,3,boundary_entropy,2,1.0000,False,"threshold=1.0000, median=1.0000"
APZa<3>,1657,3,consensus,0,0.0000,False,"4 strategies, 0 accepted"
APZa<3>,1657,3,ground_truth,0,0.0000,False,0 divider(s)
APZa<3>,1657,3,positional_profile,0,1.0000,False,"start=27, end=11, thr_start=0.333, thr_end=0.333"
APZa<3>,1657,3,viterbi_hmm,0,1.0000,False,"within_pairs=2768, cross_pairs=382"
ARGZg1,1662,4,bigram_transition,0,1.0000,False,"threshold=0.012821, p25"
ARGZg1,1662,4,boundary_entropy,3,1.0000,False,"threshold=1.0000, median=1.0000"
ARGZg1,1662,4,consensus,0,0.0000,False,"4 strategies, 0 accepted"
ARGZg1,1662,4,ground_truth,0,0.0000,False,0 divider(s)
ARGZg1,1662,4,positional_profile,0,1.0000,False,"start=27, end=11, thr_start=0.333, thr_end=0.333"
ARGZg1,1662,4,viterbi_hmm,3,1.0000,False,"within_pairs=2768, cross_pairs=382"
ARKH1a,1663,34,bigram_transition,4,1.0000,True,"threshold=0.012821, p25"
ARKH1a,1663,34,boundary_entropy,29,1.0000,True,"threshold=1.0000, median=1.0000"
ARKH1a,1663,34,consensus,2,1.0000,True,"4 strategies, 2 accepted"
ARKH1a,1663,34,ground_truth,2,1.0000,True,2 divider(s)
ARKH1a,1663,34,positional_profile,2,1.0000,True,"start=27, end=11, thr_start=0.333, thr_end=0.333"
ARKH1a,1663,34,viterbi_hmm,2,1.0000,True,"within_pairs=2768, cross_pairs=382"
ARKH1b,1664,15,bigram_transition,0,1.0000,False,"threshold=0.012821, p25"
ARKH1b,1664,15,boundary_entropy,11,1.0000,False,"threshold=1.0000, median=1.0000"
ARKH1b,1664,15,consensus,0,0.0000,False,"4 strategies, 0 accepted"
ARKH1b,1664,15,ground_truth,0,0.0000,False,0 divider(s)
ARKH1b,1664,15,positional_profile,0,1.0000,False,"start=27, end=11, thr_start=0.333, thr_end=0.333"
ARKH1b,1664,15,viterbi_hmm,7,1.0000,False,"within_pairs=2768, cross_pairs=382"
ARKH2,1665,30,bigram_transition,0,1.0000,False,"threshold=0.012821, p25"
ARKH2,1665,30,boundary_entropy,19,1.0000,False,"threshold=1.0000, median=1.0000"
ARKH2,1665,30,consensus,0,0.0000,False,"4 strategies, 0 accepted"
ARKH2,1665,30,ground_truth,0,0.0000,False,0 divider(s)
ARKH2,1665,30,positional_profile,0,1.0000,False,"start=27, end=11, thr_start=0.333, thr_end=0.333"
ARKH2,1665,30,viterbi_hmm,15,1.0000,False,"within_pairs=2768, cross_pairs=382"
ARKH3a,1666,36,bigram_transition,1,1.0000,False,"threshold=0.012821, p25"
ARKH3a,1666,36,boundary_entropy,17,1.0000,False,"threshold=1.0000, median=1.0000"
ARKH3a,1666,36,consensus,0,0.0000,False,"4 strategies, 0 accepted"
ARKH3a,1666,36,ground_truth,0,0.0000,False,0 divider(s)
ARKH3a,1666,36,positional_profile,0,1.0000,False,"start=27, end=11, thr_start=0.333, thr_end=0.333"
ARKH3a,1666,36,viterbi_hmm,19,1.0000,False,"within_pairs=2768, cross_pairs=382"
ARKH3b,1667,23,bigram_transition,0,1.0000,False,"threshold=0.012821, p25"
ARKH3b,1667,23,boundary_entropy,10,1.0000,False,"threshold=1.0000, median=1.0000"
ARKH3b,1667,23,consensus,0,0.0000,False,"4 strategies, 0 accepted"
ARKH3b,1667,23,ground_truth,0,0.0000,False,0 divider(s)
ARKH3b,1667,23,positional_profile,0,1.0000,False,"start=27, end=11, thr_start=0.333, thr_end=0.333"
ARKH3b,1667,23,viterbi_hmm,16,1.0000,False,"within_pairs=2768, cross_pairs=382"
ARKH4a,1668,30,bigram_transition,3,1.0000,True,"threshold=0.012821, p25"
ARKH4a,1668,30,boundary_entropy,20,1.0000,True,"threshold=1.0000, median=1.0000"
ARKH4a,1668,30,consensus,3,1.0000,True,"4 strategies, 3 accepted"
ARKH4a,1668,30,ground_truth,3,1.0000,True,3 divider(s)
ARKH4a,1668,30,positional_profile,3,1.0000,True,"start=27, end=11, thr_start=0.333, thr_end=0.333"
ARKH4a,1668,30,viterbi_hmm,6,1.0000,True,"within_pairs=2768, cross_pairs=382"
ARKH4b,1669,27,bigram_transition,0,1.0000,False,"threshold=0.012821, p25"
ARKH4b,1669,27,boundary_entropy,15,1.0000,False,"threshold=1.0000, median=1.0000"
ARKH4b,1669,27,consensus,0,0.0000,False,"4 strategies, 0 accepted"
ARKH4b,1669,27,ground_truth,0,0.0000,False,0 divider(s)
ARKH4b,1669,27,positional_profile,0,1.0000,False,"start=27, end=11, thr_start=0.333, thr_end=0.333"
ARKH4b,1669,27,viterbi_hmm,12,1.0000,False,"within_pairs=2768, cross_pairs=382"
ARKH5,1670,21,bigram_transition,0,1.0000,False,"threshold=0.012821, p25"
ARKH5,1670,21,boundary_entropy,10,1.0000,False,"threshold=1.0000, median=1.0000"
ARKH5,1670,21,consensus,0,0.0000,False,"4 strategies, 0 accepted"
ARKH5,1670,21,ground_truth,0,0.0000,False,0 divider(s)
ARKH5,1670,21,positional_profile,0,1.0000,False,"start=27, end=11, thr_start=0.333, thr_end=0.333"
ARKH5,1670,21,viterbi_hmm,10,1.0000,False,"within_pairs=2768, cross_pairs=382"
ARKH6,1671,11,bigram_transition,2,1.0000,True,"threshold=0.012821, p25"
ARKH6,1671,11,boundary_entropy,9,1.0000,True,"threshold=1.0000, median=1.0000"
ARKH6,1671,11,consensus,1,1.0000,True,"4 strategies, 1 accepted"
ARKH6,1671,11,ground_truth,1,1.0000,True,1 divider(s)
ARKH6,1671,11,positional_profile,1,1.0000,True,"start=27, end=11, thr_start=0.333, thr_end=0.333"
ARKH6,1671,11,viterbi_hmm,1,1.0000,True,"within_pairs=2768, cross_pairs=382"
ARKH7,1672,5,bigram_transition,0,1.0000,False,"threshold=0.012821, p25"
ARKH7,1672,5,boundary_entropy,4,1.0000,False,"threshold=1.0000, median=1.0000"
ARKH7,1672,5,consensus,0,0.0000,False,"4 strategies, 0 accepted"
ARKH7,1672,5,ground_truth,0,0.0000,False,0 divider(s)
ARKH7,1672,5,positional_profile,0,1.0000,False,"start=27, end=11, thr_start=0.333, thr_end=0.333"
ARKH7,1672,5,viterbi_hmm,2,1.0000,False,"within_pairs=2768, cross_pairs=382"
ARKHZc8,1673,3,bigram_transition,0,1.0000,False,"threshold=0.012821, p25"
ARKHZc8,1673,3,boundary_entropy,2,1.0000,False,"threshold=1.0000, median=1.0000"
ARKHZc8,1673,3,consensus,0,0.0000,False,"4 strategies, 0 accepted"
ARKHZc8,1673,3,ground_truth,0,0.0000,False,0 divider(s)
ARKHZc8,1673,3,positional_profile,0,1.0000,False,"start=27, end=11, thr_start=0.333, thr_end=0.333"
ARKHZc8,1673,3,viterbi_hmm,2,1.0000,False,"within_pairs=2768, cross_pairs=382"
ARKHZf9,1674,11,bigram_transition,2,1.0000,True,"threshold=0.012821, p25"
ARKHZf9,1674,11,boundary_entropy,9,1.0000,True,"threshold=1.0000, median=1.0000"
ARKHZf9,1674,11,consensus,2,1.0000,True,"4 strategies, 2 accepted"
ARKHZf9,1674,11,ground_truth,2,1.0000,True,2 divider(s)
ARKHZf9,1674,11,positional_profile,2,1.0000,True,"start=27, end=11, thr_start=0.333, thr_end=0.333"
ARKHZf9,1674,11,viterbi_hmm,3,1.0000,True,"within_pairs=2768, cross_pairs=382"
ARMZg1,1675,1,bigram_transition,0,1.0000,False,"threshold=0.012821, p25"
ARMZg1,1675,1,boundary_entropy,0,1.0000,False,"threshold=1.0000, median=1.0000"
ARMZg1,1675,1,consensus,0,0.0000,False,"4 strategies, 0 accepted"
ARMZg1,1675,1,ground_truth,0,0.0000,False,0 divider(s)
ARMZg1,1675,1,positional_profile,0,1.0000,False,"start=27, end=11, thr_start=0.333, thr_end=0.333"
ARMZg1,1675,1,viterbi_hmm,0,1.0000,False,too short
ARZf1,1660,4,bigram_transition,0,1.0000,False,"threshold=0.012821, p25"
ARZf1,1660,4,boundary_entropy,3,1.0000,False,"threshold=1.0000, median=1.0000"
ARZf1,1660,4,consensus,0,0.0000,False,"4 strategies, 0 accepted"
ARZf1,1660,4,ground_truth,0,0.0000,False,0 divider(s)
ARZf1,1660,4,positional_profile,0,1.0000,False,"start=27, end=11, thr_start=0.333, thr_end=0.333"
ARZf1,1660,4,viterbi_hmm,1,1.0000,False,"within_pairs=2768, cross_pairs=382"
ARZf2,1661,5,bigram_transition,0,1.0000,False,"threshold=0.012821, p25"
ARZf2,1661,5,boundary_entropy,4,1.0000,False,"threshold=1.0000, median=1.0000"
ARZf2,1661,5,consensus,0,0.0000,False,"4 strategies, 0 accepted"
ARZf2,1661,5,ground_truth,0,0.0000,False,0 divider(s)
ARZf2,1661,5,positional_profile,0,1.0000,False,"start=27, end=11, thr_start=0.333, thr_end=0.333"
ARZf2,1661,5,viterbi_hmm,1,1.0000,False,"within_pairs=2768, cross_pairs=382"
CR(?)Zf1,1676,22,bigram_transition,5,1.0000,True,"threshold=0.012821, p25"
CR(?)Zf1,1676,22,boundary_entropy,17,1.0000,True,"threshold=1.0000, median=1.0000"
CR(?)Zf1,1676,22,consensus,4,1.0000,True,"4 strategies, 4 accepted"
CR(?)Zf1,1676,22,ground_truth,4,1.0000,True,4 divider(s)
CR(?)Zf1,1676,22,positional_profile,4,1.0000,True,"start=27, end=11, thr_start=0.333, thr_end=0.333"
CR(?)Zf1,1676,22,viterbi_hmm,5,1.0000,True,"within_pairs=2768, cross_pairs=382"
CRZf5,1677,1,bigram_transition,0,1.0000,False,"threshold=0.012821, p25"
CRZf5,1677,1,boundary_entropy,0,1.0000,False,"threshold=1.0000, median=1.0000"
CRZf5,1677,1,consensus,0,0.0000,False,"4 strategies, 0 accepted"
CRZf5,1677,1,ground_truth,0,0.0000,False,0 divider(s)
CRZf5,1677,1,positional_profile,0,1.0000,False,"start=27, end=11, thr_start=0.333, thr_end=0.333"
CRZf5,1677,1,viterbi_hmm,0,1.0000,False,too short
CRZg3,1678,6,bigram_transition,0,1.0000,False,"threshold=0.012821, p25"
CRZg3,1678,6,boundary_entropy,3,1.0000,False,"threshold=1.0000, median=1.0000"
CRZg3,1678,6,consensus,0,0.0000,False,"4 strategies, 0 accepted"
CRZg3,1678,6,ground_truth,0,0.0000,False,0 divider(s)
CRZg3,1678,6,positional_profile,0,1.0000,False,"start=27, end=11, thr_start=0.333, thr_end=0.333"
CRZg3,1678,6,viterbi_hmm,4,1.0000,False,"within_pairs=2768, cross_pairs=382"
CRZg4,1679,6,bigram_transition,0,1.0000,False,"threshold=0.012821, p25"
CRZg4,1679,6,boundary_entropy,5,1.0000,False,"threshold=1.0000, median=1.0000"
CRZg4,1679,6,consensus,0,0.0000,False,"4 strategies, 0 accepted"
CRZg4,1679,6,ground_truth,0,0.0000,False,0 divider(s)
CRZg4,1679,6,positional_profile,0,1.0000,False,"start=27, end=11, thr_start=0.333, thr_end=0.333"
CRZg4,1679,6,viterbi_hmm,3,1.0000,False,"within_pairs=2768, cross_pairs=382"
DRAZg1,1702,4,bigram_transition,1,1.0000,False,"threshold=0.012821, p25"
DRAZg1,1702,4,boundary_entropy,2,1.0000,False,"threshold=1.0000, median=1.0000"
DRAZg1,1702,4,consensus,0,0.0000,False,"4 strategies, 0 accepted"
DRAZg1,1702,4,ground_truth,0,0.0000,False,0 divider(s)
DRAZg1,1702,4,positional_profile,0,1.0000,False,"start=27, end=11, thr_start=0.333, thr_end=0.333"
DRAZg1,1702,4,viterbi_hmm,1,1.0000,False,"within_pairs=2768, cross_pairs=382"
FOZc1,1680,3,bigram_transition,0,1.0000,False,"threshold=0.012821, p25"
FOZc1,1680,3,boundary_entropy,2,1.0000,False,"threshold=1.0000, median=1.0000"
FOZc1,1680,3,consensus,0,0.0000,False,"4 strategies, 0 accepted"
FOZc1,1680,3,ground_truth,0,0.0000,False,0 divider(s)
FOZc1,1680,3,positional_profile,0,1.0000,False,"start=27, end=11, thr_start=0.333, thr_end=0.333"
FOZc1,1680,3,viterbi_hmm,2,1.0000,False,"within_pairs=2768, cross_pairs=382"
GO2r,1681,18,bigram_transition,2,1.0000,False,"threshold=0.012821, p25"
GO2r,1681,18,boundary_entropy,14,1.0000,False,"threshold=1.0000, median=1.0000"
GO2r,1681,18,consensus,1,0.7500,False,"4 strategies, 1 accepted"
GO2r,1681,18,ground_truth,0,0.0000,False,0 divider(s)
GO2r,1681,18,positional_profile,0,1.0000,False,"start=27, end=11, thr_start=0.333, thr_end=0.333"
GO2r,1681,18,viterbi_hmm,11,1.0000,False,"within_pairs=2768, cross_pairs=382"
GO2v,1682,13,bigram_transition,0,1.0000,False,"threshold=0.012821, p25"
GO2v,1682,13,boundary_entropy,8,1.0000,False,"threshold=1.0000, median=1.0000"
GO2v,1682,13,consensus,0,0.0000,False,"4 strategies, 0 accepted"
GO2v,1682,13,ground_truth,0,0.0000,False,0 divider(s)
GO2v,1682,13,positional_profile,0,1.0000,False,"start=27, end=11, thr_start=0.333, thr_end=0.333"
GO2v,1682,13,viterbi_hmm,3,1.0000,False,"within_pairs=2768, cross_pairs=382"
GOWc1a,1683,6,bigram_transition,0,1.0000,False,"threshold=0.012821, p25"
GOWc1a,1683,6,boundary_entropy,5,1.0000,False,"threshold=1.0000, median=1.0000"
GOWc1a,1683,6,consensus,0,0.0000,False,"4 strategies, 0 accepted"
GOWc1a,1683,6,ground_truth,0,0.0000,False,0 divider(s)
GOWc1a,1683,6,positional_profile,0,1.0000,False,"start=27, end=11, thr_start=0.333, thr_end=0.333"
GOWc1a,1683,6,viterbi_hmm,3,1.0000,False,"within_pairs=2768, cross_pairs=382"
GOWc1b,1684,2,bigram_transition,0,1.0000,False,"threshold=0.012821, p25"
GOWc1b,1684,2,boundary_entropy,0,1.0000,False,"threshold=1.0000, median=1.0000"
GOWc1b,1684,2,consensus,0,0.0000,False,"4 strategies, 0 accepted"
GOWc1b,1684,2,ground_truth,0,0.0000,False,0 divider(s)
GOWc1b,1684,2,positional_profile,0,1.0000,False,"start=27, end=11, thr_start=0.333, thr_end=0.333"
GOWc1b,1684,2,viterbi_hmm,1,1.0000,False,"within_pairs=2768, cross_pairs=382"
GOWc3,1685,4,bigram_transition,0,1.0000,False,"threshold=0.012821, p25"
GOWc3,1685,4,boundary_entropy,0,1.0000,False,"threshold=1.0000, median=1.0000"
GOWc3,1685,4,consensus,0,0.0000,False,"4 strategies, 0 accepted"
GOWc3,1685,4,ground_truth,0,0.0000,False,0 divider(s)
GOWc3,1685,4,positional_profile,0,1.0000,False,"start=27, end=11, thr_start=0.333, thr_end=0.333"
GOWc3,1685,4,viterbi_hmm,3,1.0000,False,"within_pairs=2768, cross_pairs=382"
HSZg1,1686,2,bigram_transition,0,1.0000,False,"threshold=0.012821, p25"
HSZg1,1686,2,boundary_entropy,1,1.0000,False,"threshold=1.0000, median=1.0000"
HSZg1,1686,2,consensus,0,0.0000,False,"4 strategies, 0 accepted"
HSZg1,1686,2,ground_truth,0,0.0000,False,0 divider(s)
HSZg1,1686,2,positional_profile,0,1.0000,False,"start=27, end=11, thr_start=0.333, thr_end=0.333"
HSZg1,1686,2,viterbi_hmm,0,1.0000,False,"within_pairs=2768, cross_pairs=382"
HT1,1,29,bigram_transition,1,1.0000,True,"threshold=0.012821, p25"
HT1,1,29,boundary_entropy,7,1.0000,True,"threshold=1.0000, median=1.0000"
HT1,1,29,consensus,1,1.0000,True,"4 strategies, 1 accepted"
HT1,1,29,ground_truth,1,1.0000,True,1 divider(s)
HT1,1,29,positional_profile,1,1.0000,True,"start=27, end=11, thr_start=0.333, thr_end=0.333"
HT1,1,29,viterbi_hmm,1,1.0000,True,"within_pairs=2768, cross_pairs=382"
HT100,128,40,bigram_transition,0,1.0000,False,"threshold=0.012821, p25"
HT100,128,40,boundary_entropy,7,1.0000,False,"threshold=1.0000, median=1.0000"
HT100,128,40,consensus,0,0.0000,False,"4 strategies, 0 accepted"
HT100,128,40,ground_truth,0,0.0000,False,0 divider(s)
HT100,128,40,positional_profile,0,1.0000,False,"start=27, end=11, thr_start=0.333, thr_end=0.333"
HT100,128,40,viterbi_hmm,30,1.0000,False,"within_pairs=2768, cross_pairs=382"
HT101,129,41,bigram_transition,0,1.0000,False,"threshold=0.012821, p25"
HT101,129,41,boundary_entropy,9,1.0000,False,"threshold=1.0000, median=1.0000"
HT101,129,41,consensus,0,0.0000,False,"4 strategies, 0 accepted"
HT101,129,41,ground_truth,0,0.0000,False,0 divider(s)
HT101,129,41,positional_profile,0,1.0000,False,"start=27, end=11, thr_start=0.333, thr_end=0.333"
HT101,129,41,viterbi_hmm,20,1.0000,False,"within_pairs=2768, cross_pairs=382"
HT102,130,35,bigram_transition,0,1.0000,False,"threshold=0.012821, p25"
HT102,130,35,boundary_entropy,13,1.0000,False,"threshold=1.0000, median=1.0000"
HT102,130,35,consensus,0,0.0000,False,"4 strategies, 0 accepted"
HT102,130,35,ground_truth,0,0.0000,False,0 divider(s)
HT102,130,35,positional_profile,0,1.0000,False,"start=27, end=11, thr_start=0.333, thr_end=0.333"
HT102,130,35,viterbi_hmm,9,1.0000,False,"within_pairs=2768, cross_pairs=382"
HT103,131,30,bigram_transition,1,1.0000,True,"threshold=0.012821, p25"
HT103,131,30,boundary_entropy,14,1.0000,True,"threshold=1.0000, median=1.0000"
HT103,131,30,consensus,1,1.0000,True,"4 strategies, 1 accepted"
HT103,131,30,ground_truth,1,1.0000,True,1 divider(s)
HT103,131,30,positional_profile,1,1.0000,True,"start=27, end=11, thr_start=0.333, thr_end=0.333"
HT103,131,30,viterbi_hmm,3,1.0000,True,"within_pairs=2768, cross_pairs=382"
HT104,132,28,bigram_transition,2,1.0000,True,"threshold=0.012821, p25"
HT104,132,28,boundary_entropy,13,1.0000,True,"threshold=1.0000, median=1.0000"
HT104,132,28,consensus,2,1.0000,True,"4 strategies, 2 accepted"
HT104,132,28,ground_truth,2,1.0000,True,2 divider(s)
HT104,132,28,positional_profile,2,1.0000,True,"start=27, end=11, thr_start=0.333, thr_end=0.333"
HT104,132,28,viterbi_hmm,2,1.0000,True,"within_pairs=2768, cross_pairs=382"
HT105,133,16,bigram_transition,1,1.0000,True,"threshold=0.012821, p25"
HT105,133,16,boundary_entropy,4,1.0000,True,"threshold=1.0000, median=1.0000"
HT105,133,16,consensus,1,1.0000,True,"4 strategies, 1 accepted"
HT105,133,16,ground_truth,1,1.0000,True,1 divider(s)
HT105,133,16,positional_profile,1,1.0000,True,"start=27, end=11, thr_start=0.333, thr_end=0.333"
HT105,133,16,viterbi_hmm,4,1.0000,True,"within_pairs=2768, cross_pairs=382"
HT106,134,22,bigram_transition,1,1.0000,True,"threshold=0.012821, p25"
HT106,134,22,boundary_entropy,11,1.0000,True,"threshold=1.0000, median=1.0000"
HT106,134,22,consensus,1,1.0000,True,"4 strategies, 1 accepted"
HT106,134,22,ground_truth,1,1.0000,True,1 divider(s)
HT106,134,22,positional_profile,1,1.0000,True,"start=27, end=11, thr_start=0.333, thr_end=0.333"
HT106,134,22,viterbi_hmm,2,1.0000,True,"within_pairs=2768, cross_pairs=382"
HT107,135,10,bigram_transition,2,1.0000,False,"threshold=0.012821, p25"
HT107,135,10,boundary_entropy,3,1.0000,False,"threshold=1.0000, median=1.0000"
HT107,135,10,consensus,1,0.7500,False,"4 strategies, 1 accepted"
HT107,135,10,ground_truth,0,0.0000,False,0 divider(s)
HT107,135,10,positional_profile,0,1.0000,False,"start=27, end=11, thr_start=0.333, thr_end=0.333"
HT107,135,10,viterbi_hmm,6,1.0000,False,"within_pairs=2768, cross_pairs=382"
HT108,136,26,bigram_transition,2,1.0000,True,"threshold=0.012821, p25"
HT108,136,26,boundary_entropy,14,1.0000,True,"threshold=1.0000, median=1.0000"
HT108,136,26,consensus,1,1.0000,True,"4 strategies, 1 accepted"
HT108,136,26,ground_truth,1,1.0000,True,1 divider(s)
HT108,136,26,positional_profile,1,1.0000,True,"start=27, end=11, thr_start=0.333, thr_end=0.333"
HT108,136,26,viterbi_hmm,1,1.0000,True,"within_pairs=2768, cross_pairs=382"
HT109,137,20,bigram_transition,2,1.0000,False,"threshold=0.012821, p25"
HT109,137,20,boundary_entropy,8,1.0000,False,"threshold=1.0000, median=1.0000"
HT109,137,20,consensus,1,0.7500,False,"4 strategies, 1 accepted"
HT109,137,20,ground_truth,0,0.0000,False,0 divider(s)
HT109,137,20,positional_profile,0,1.0000,False,"start=27, end=11, thr_start=0.333, thr_end=0.333"
HT109,137,20,viterbi_hmm,14,1.0000,False,"within_pairs=2768, cross_pairs=382"
HT10a,14,38,bigram_transition,3,1.0000,True,"threshold=0.012821, p25"
HT10a,14,38,boundary_entropy,15,1.0000,True,"threshold=1.0000, median=1.0000"
HT10a,14,38,consensus,3,1.0000,True,"4 strategies, 3 accepted"
HT10a,14,38,ground_truth,3,1.0000,True,3 divider(s)
HT10a,14,38,positional_profile,3,1.0000,True,"start=27, end=11, thr_start=0.333, thr_end=0.333"
HT10a,14,38,viterbi_hmm,4,1.0000,True,"within_pairs=2768, cross_pairs=382"
HT10b,15,24,bigram_transition,0,1.0000,False,"threshold=0.012821, p25"
HT10b,15,24,boundary_entropy,9,1.0000,False,"threshold=1.0000, median=1.0000"
HT10b,15,24,consensus,0,0.0000,False,"4 strategies, 0 accepted"
HT10b,15,24,ground_truth,0,0.0000,False,0 divider(s)
HT10b,15,24,positional_profile,0,1.0000,False,"start=27, end=11, thr_start=0.333, thr_end=0.333"
HT10b,15,24,viterbi_hmm,8,1.0000,False,"within_pairs=2768, cross_pairs=382"
HT110a,138,21,bigram_transition,0,1.0000,False,"threshold=0.012821, p25"
HT110a,138,21,boundary_entropy,9,1.0000,False,"threshold=1.0000, median=1.0000"
HT110a,138,21,consensus,0,0.0000,False,"4 strategies, 0 accepted"
HT110a,138,21,ground_truth,0,0.0000,False,0 divider(s)
HT110a,138,21,positional_profile,0,1.0000,False,"start=27, end=11, thr_start=0.333, thr_end=0.333"
HT110a,138,21,viterbi_hmm,7,1.0000,False,"within_pairs=2768, cross_pairs=382"
HT110b,139,25,bigram_transition,1,1.0000,False,"threshold=0.012821, p25"
HT110b,139,25,boundary_entropy,8,1.0000,False,"threshold=1.0000, median=1.0000"
HT110b,139,25,consensus,1,0.7500,False,"4 strategies, 1 accepted"
HT110b,139,25,ground_truth,0,0.0000,False,0 divider(s)
HT110b,139,25,positional_profile,0,1.0000,False,"start=27, end=11, thr_start=0.333, thr_end=0.333"
HT110b,139,25,viterbi_hmm,12,1.0000,False,"within_pairs=2768, cross_pairs=382"
HT111a,140,21,bigram_transition,0,1.0000,False,"threshold=0.012821, p25"
HT111a,140,21,boundary_entropy,13,1.0000,False,"threshold=1.0000, median=1.0000"
HT111a,140,21,consensus,0,0.0000,False,"4 strategies, 0 accepted"
HT111a,140,21,ground_truth,0,0.0000,False,0 divider(s)
HT111a,140,21,positional_profile,0,1.0000,False,"start=27, end=11, thr_start=0.333, thr_end=0.333"
HT111a,140,21,viterbi_hmm,7,1.0000,False,"within_pairs=2768, cross_pairs=382"
HT111b,141,19,bigram_transition,0,1.0000,False,"threshold=0.012821, p25"
HT111b,141,19,boundary_entropy,9,1.0000,False,"threshold=1.0000, median=1.0000"
HT111b,141,19,consensus,0,0.0000,False,"4 strategies, 0 accepted"
HT111b,141,19,ground_truth,0,0.0000,False,0 divider(s)
HT111b,141,19,positional_profile,0,1.0000,False,"start=27, end=11, thr_start=0.333, thr_end=0.333"
HT111b,141,19,viterbi_hmm,10,1.0000,False,"within_pairs=2768, cross_pairs=382"
HT112a,142,8,bigram_transition,0,1.0000,False,"threshold=0.012821, p25"
HT112a,142,8,boundary_entropy,7,1.0000,False,"threshold=1.0000, median=1.0000"
HT112a,142,8,consensus,0,0.0000,False,"4 strategies, 0 accepted"
HT112a,142,8,ground_truth,0,0.0000,False,0 divider(s)
HT112a,142,8,positional_profile,0,1.0000,False,"start=27, end=11, thr_start=0.333, thr_end=0.333"
HT112a,142,8,viterbi_hmm,3,1.0000,False,"within_pairs=2768, cross_pairs=382"
HT112b,143,7,bigram_transition,0,1.0000,False,"threshold=0.012821, p25"
HT112b,143,7,boundary_entropy,4,1.0000,False,"threshold=1.0000, median=1.0000"
HT112b,143,7,consensus,0,0.0000,False,"4 strategies, 0 accepted"
HT112b,143,7,ground_truth,0,0.0000,False,0 divider(s)
HT112b,143,7,positional_profile,0,1.0000,False,"start=27, end=11, thr_start=0.333, thr_end=0.333"
HT112b,143,7,viterbi_hmm,3,1.0000,False,"within_pairs=2768, cross_pairs=382"
HT113,144,16,bigram_transition,2,1.0000,True,"threshold=0.012821, p25"
HT113,144,16,boundary_entropy,8,1.0000,True,"threshold=1.0000, median=1.0000"
HT113,144,16,consensus,1,1.0000,True,"4 strategies, 1 accepted"
HT113,144,16,ground_truth,1,1.0000,True,1 divider(s)
HT113,144,16,positional_profile,1,1.0000,True,"start=27, end=11, thr_start=0.333, thr_end=0.333"
HT113,144,16,viterbi_hmm,7,1.0000,True,"within_pairs=2768, cross_pairs=382"
HT113ter,145,7,bigram_transition,0,1.0000,False,"threshold=0.012821, p25"
HT113ter,145,7,boundary_entropy,4,1.0000,False,"threshold=1.0000, median=1.0000"
HT113ter,145,7,consensus,0,0.0000,False,"4 strategies, 0 accepted"
HT113ter,145,7,ground_truth,0,0.0000,False,0 divider(s)
HT113ter,145,7,positional_profile,0,1.0000,False,"start=27, end=11, thr_start=0.333, thr_end=0.333"
HT113ter,145,7,viterbi_hmm,1,1.0000,False,"within_pairs=2768, cross_pairs=382"
HT114a,146,15,bigram_transition,0,1.0000,False,"threshold=0.012821, p25"
HT114a,146,15,boundary_entropy,5,1.0000,False,"threshold=1.0000, median=1.0000"
HT114a,146,15,consensus,0,0.0000,False,"4 strategies, 0 accepted"
HT114a,146,15,ground_truth,0,0.0000,False,0 divider(s)
HT114a,146,15,positional_profile,0,1.0000,False,"start=27, end=11, thr_start=0.333, thr_end=0.333"
HT114a,146,15,viterbi_hmm,3,1.0000,False,"within_pairs=2768, cross_pairs=382"
HT114b,147,3,bigram_transition,0,1.0000,False,"threshold=0.012821, p25"
HT114b,147,3,boundary_entropy,1,1.0000,False,"threshold=1.0000, median=1.0000"
HT114b,147,3,consensus,0,0.0000,False,"4 strategies, 0 accepted"
HT114b,147,3,ground_truth,0,0.0000,False,0 divider(s)
HT114b,147,3,positional_profile,0,1.0000,False,"start=27, end=11, thr_start=0.333, thr_end=0.333"
HT114b,147,3,viterbi_hmm,2,1.0000,False,"within_pairs=2768, cross_pairs=382"
HT115a,148,51,bigram_transition,2,1.0000,True,"threshold=0.012821, p25"
HT115a,148,51,boundary_entropy,32,1.0000,True,"threshold=1.0000, median=1.0000"
HT115a,148,51,consensus,2,1.0000,True,"4 strategies, 2 accepted"
HT115a,148,51,ground_truth,2,1.0000,True,2 divider(s)
HT115a,148,51,positional_profile,2,1.0000,True,"start=27, end=11, thr_start=0.333, thr_end=0.333"
HT115a,148,51,viterbi_hmm,3,1.0000,True,"within_pairs=2768, cross_pairs=382"
HT115b,149,39,bigram_transition,4,1.0000,True,"threshold=0.012821, p25"
HT115b,149,39,boundary_entropy,25,1.0000,True,"threshold=1.0000, median=1.0000"
HT115b,149,39,consensus,4,1.0000,True,"4 strategies, 4 accepted"
HT115b,149,39,ground_truth,4,1.0000,True,4 divider(s)
HT115b,149,39,positional_profile,4,1.0000,True,"start=27, end=11, thr_start=0.333, thr_end=0.333"
HT115b,149,39,viterbi_hmm,5,1.0000,True,"within_pairs=2768, cross_pairs=382"
HT116a,150,57,bigram_transition,4,1.0000,True,"threshold=0.012821, p25"
HT116a,150,57,boundary_entropy,20,1.0000,True,"threshold=1.0000, median=1.0000"
HT116a,150,57,consensus,4,0.9375,True,"4 strategies, 4 accepted"
HT116a,150,57,ground_truth,3,1.0000,True,3 divider(s)
HT116a,150,57,positional_profile,4,1.0000,True,"start=27, end=11, thr_start=0.333, thr_end=0.333"
HT116a,150,57,viterbi_hmm,8,1.0000,True,"within_pairs=2768, cross_pairs=382"
HT116b,151,11,bigram_transition,0,1.0000,False,"threshold=0.012821, p25"
HT116b,151,11,boundary_entropy,3,1.0000,False,"threshold=1.0000, median=1.0000"
HT116b,151,11,consensus,0,0.0000,False,"4 strategies, 0 accepted"
HT116b,151,11,ground_truth,0,0.0000,False,0 divider(s)
HT116b,151,11,positional_profile,0,1.0000,False,"start=27, end=11, thr_start=0.333, thr_end=0.333"
HT116b,151,11,viterbi_hmm,9,1.0000,False,"within_pairs=2768, cross_pairs=382"
HT117a,152,82,bigram_transition,7,1.0000,True,"threshold=0.012821, p25"
HT117a,152,82,boundary_entropy,46,1.0000,True,"threshold=1.0000, median=1.0000"
HT117a,152,82,consensus,4,1.0000,True,"4 strategies, 4 accepted"
HT117a,152,82,ground_truth,4,1.0000,True,4 divider(s)
HT117a,152,82,positional_profile,4,1.0000,True,"start=27, end=11, thr_start=0.333, thr_end=0.333"
HT117a,152,82,viterbi_hmm,7,1.0000,True,"within_pairs=2768, cross_pairs=382"
HT117b,153,12,bigram_transition,1,1.0000,True,"threshold=0.012821, p25"
HT117b,153,12,boundary_entropy,7,1.0000,True,"threshold=1.0000, median=1.0000"
HT117b,153,12,consensus,1,1.0000,True,"4 strategies, 1 accepted"
HT117b,153,12,ground_truth,1,1.0000,True,1 divider(s)
HT117b,153,12,positional_profile,1,1.0000,True,"start=27, end=11, thr_start=0.333, thr_end=0.333"
HT117b,153,12,viterbi_hmm,1,1.0000,True,"within_pairs=2768, cross_pairs=382"
HT118,154,33,bigram_transition,2,1.0000,True,"threshold=0.012821, p25"
HT118,154,33,boundary_entropy,10,1.0000,True,"threshold=1.0000, median=1.0000"
HT118,154,33,consensus,2,1.0000,True,"4 strategies, 2 accepted"
HT118,154,33,ground_truth,2,1.0000,True,2 divider(s)
HT118,154,33,positional_profile,2,1.0000,True,"start=27, end=11, thr_start=0.333, thr_end=0.333"
HT118,154,33,viterbi_hmm,2,1.0000,True,"within_pairs=2768, cross_pairs=382"
HT119,155,34,bigram_transition,0,1.0000,False,"threshold=0.012821, p25"
HT119,155,34,boundary_entropy,8,1.0000,False,"threshold=1.0000, median=1.0000"
HT119,155,34,consensus,0,0.0000,False,"4 strategies, 0 accepted"
HT119,155,34,ground_truth,0,0.0000,False,0 divider(s)
HT119,155,34,positional_profile,0,1.0000,False,"start=27, end=11, thr_start=0.333, thr_end=0.333"
HT119,155,34,viterbi_hmm,27,1.0000,False,"within_pairs=2768, cross_pairs=382"
HT11a,16,27,bigram_transition,1,1.0000,True,"threshold=0.012821, p25"
HT11a,16,27,boundary_entropy,11,1.0000,True,"threshold=1.0000, median=1.0000"
HT11a,16,27,consensus,1,1.0000,True,"4 strategies, 1 accepted"
HT11a,16,27,ground_truth,1,1.0000,True,1 divider(s)
HT11a,16,27,positional_profile,1,1.0000,True,"start=27, end=11, thr_start=0.333, thr_end=0.333"
HT11a,16,27,viterbi_hmm,3,1.0000,True,"within_pairs=2768, cross_pairs=382"
HT11b,17,27,bigram_transition,1,1.0000,True,"threshold=0.012821, p25"
HT11b,17,27,boundary_entropy,13,1.0000,True,"threshold=1.0000, median=1.0000"
HT11b,17,27,consensus,1,1.0000,True,"4 strategies, 1 accepted"
HT11b,17,27,ground_truth,1,1.0000,True,1 divider(s)
HT11b,17,27,positional_profile,1,1.0000,True,"start=27, end=11, thr_start=0.333, thr_end=0.333"
HT11b,17,27,viterbi_hmm,3,1.0000,True,"within_pairs=2768, cross_pairs=382"
HT12,18,30,bigram_transition,3,1.0000,True,"threshold=0.012821, p25"
HT12,18,30,boundary_entropy,10,1.0000,True,"threshold=1.0000, median=1.0000"
HT12,18,30,consensus,3,1.0000,True,"4 strategies, 3 accepted"
HT12,18,30,ground_truth,3,1.0000,True,3 divider(s)
HT12,18,30,positional_profile,3,1.0000,True,"start=27, end=11, thr_start=0.333, thr_end=0.333"
HT12,18,30,viterbi_hmm,17,1.0000,True,"within_pairs=2768, cross_pairs=382"
HT120,156,35,bigram_transition,2,1.0000,True,"threshold=0.012821, p25"
HT120,156,35,boundary_entropy,13,1.0000,True,"threshold=1.0000, median=1.0000"
HT120,156,35,consensus,2,1.0000,True,"4 strategies, 2 accepted"
HT120,156,35,ground_truth,2,1.0000,True,2 divider(s)
HT120,156,35,positional_profile,2,1.0000,True,"start=27, end=11, thr_start=0.333, thr_end=0.333"
HT120,156,35,viterbi_hmm,3,1.0000,True,"within_pairs=2768, cross_pairs=382"
HT121,157,17,bigram_transition,0,1.0000,False,"threshold=0.012821, p25"
HT121,157,17,boundary_entropy,4,1.0000,False,"threshold=1.0000, median=1.0000"
HT121,157,17,consensus,0,0.0000,False,"4 strategies, 0 accepted"
HT121,157,17,ground_truth,0,0.0000,False,0 divider(s)
HT121,157,17,positional_profile,0,1.0000,False,"start=27, end=11, thr_start=0.333, thr_end=0.333"
HT121,157,17,viterbi_hmm,5,1.0000,False,"within_pairs=2768, cross_pairs=382"
HT122a,158,73,bigram_transition,2,1.0000,True,"threshold=0.012821, p25"
HT122a,158,73,boundary_entropy,33,1.0000,True,"threshold=1.0000, median=1.0000"
HT122a,158,73,consensus,2,1.0000,True,"4 strategies, 2 accepted"
HT122a,158,73,ground_truth,2,1.0000,True,2 divider(s)
HT122a,158,73,positional_profile,2,1.0000,True,"start=27, end=11, thr_start=0.333, thr_end=0.333"
HT122a,158,73,viterbi_hmm,2,1.0000,True,"within_pairs=2768, cross_pairs=382"
HT122b,159,40,bigram_transition,3,1.0000,True,"threshold=0.012821, p25"
HT122b,159,40,boundary_entropy,21,1.0000,True,"threshold=1.0000, median=1.0000"
HT122b,159,40,consensus,2,1.0000,True,"4 strategies, 2 accepted"
HT122b,159,40,ground_truth,2,1.0000,True,2 divider(s)
HT122b,159,40,positional_profile,2,1.0000,True,"start=27, end=11, thr_start=0.333, thr_end=0.333"
HT122b,159,40,viterbi_hmm,3,1.0000,True,"within_pairs=2768, cross_pairs=382"
HT123+124a,160,68,bigram_transition,4,1.0000,True,"threshold=0.012821, p25"
HT123+124a,160,68,boundary_entropy,32,1.0000,True,"threshold=1.0000, median=1.0000"
HT123+124a,160,68,consensus,2,1.0000,True,"4 strategies, 2 accepted"
HT123+124a,160,68,ground_truth,2,1.0000,True,2 divider(s)
HT123+124a,160,68,positional_profile,2,1.0000,True,"start=27, end=11, thr_start=0.333, thr_end=0.333"
HT123+124a,160,68,viterbi_hmm,8,1.0000,True,"within_pairs=2768, cross_pairs=382"
HT123+124b,161,46,bigram_transition,2,1.0000,True,"threshold=0.012821, p25"
HT123+124b,161,46,boundary_entropy,29,1.0000,True,"threshold=1.0000, median=1.0000"
HT123+124b,161,46,consensus,2,1.0000,True,"4 strategies, 2 accepted"
HT123+124b,161,46,ground_truth,2,1.0000,True,2 divider(s)
HT123+124b,161,46,positional_profile,2,1.0000,True,"start=27, end=11, thr_start=0.333, thr_end=0.333"
HT123+124b,161,46,viterbi_hmm,4,1.0000,True,"within_pairs=2768, cross_pairs=382"
HT125a,162,23,bigram_transition,0,1.0000,False,"threshold=0.012821, p25"
HT125a,162,23,boundary_entropy,11,1.0000,False,"threshold=1.0000, median=1.0000"
HT125a,162,23,consensus,0,0.0000,False,"4 strategies, 0 accepted"
HT125a,162,23,ground_truth,0,0.0000,False,0 divider(s)
HT125a,162,23,positional_profile,0,1.0000,False,"start=27, end=11, thr_start=0.333, thr_end=0.333"
HT125a,162,23,viterbi_hmm,16,1.0000,False,"within_pairs=2768, cross_pairs=382"
HT125b,163,17,bigram_transition,0,1.0000,False,"threshold=0.012821, p25"
HT125b,163,17,boundary_entropy,6,1.0000,False,"threshold=1.0000, median=1.0000"
HT125b,163,17,consensus,0,0.0000,False,"4 strategies, 0 accepted"
HT125b,163,17,ground_truth,0,0.0000,False,0 divider(s)
HT125b,163,17,positional_profile,0,1.0000,False,"start=27, end=11, thr_start=0.333, thr_end=0.333"
HT125b,163,17,viterbi_hmm,14,1.0000,False,"within_pairs=2768, cross_pairs=382"
HT126a,164,35,bigram_transition,4,1.0000,True,"threshold=0.012821, p25"
HT126a,164,35,boundary_entropy,18,1.0000,True,"threshold=1.0000, median=1.0000"
HT126a,164,35,consensus,3,1.0000,True,"4 strategies, 3 accepted"
HT126a,164,35,ground_truth,3,1.0000,True,3 divider(s)
HT126a,164,35,positional_profile,3,1.0000,True,"start=27, end=11, thr_start=0.333, thr_end=0.333"
HT126a,164,35,viterbi_hmm,5,1.0000,True,"within_pairs=2768, cross_pairs=382"
HT126b,165,18,bigram_transition,1,1.0000,True,"threshold=0.012821, p25"
HT126b,165,18,boundary_entropy,8,1.0000,True,"threshold=1.0000, median=1.0000"
HT126b,165,18,consensus,1,1.0000,True,"4 strategies, 1 accepted"
HT126b,165,18,ground_truth,1,1.0000,True,1 divider(s)
HT126b,165,18,positional_profile,1,1.0000,True,"start=27, end=11, thr_start=0.333, thr_end=0.333"
HT126b,165,18,viterbi_hmm,1,1.0000,True,"within_pairs=2768, cross_pairs=382"
HT127a,166,13,bigram_transition,1,1.0000,False,"threshold=0.012821, p25"
HT127a,166,13,boundary_entropy,8,1.0000,False,"threshold=1.0000, median=1.0000"
HT127a,166,13,consensus,1,0.7500,False,"4 strategies, 1 accepted"
HT127a,166,13,ground_truth,0,0.0000,False,0 divider(s)
HT127a,166,13,positional_profile,0,1.0000,False,"start=27, end=11, thr_start=0.333, thr_end=0.333"
HT127a,166,13,viterbi_hmm,8,1.0000,False,"within_pairs=2768, cross_pairs=382"
HT127b,167,33,bigram_transition,1,1.0000,False,"threshold=0.012821, p25"
HT127b,167,33,boundary_entropy,5,1.0000,False,"threshold=1.0000, median=1.0000"
HT127b,167,33,consensus,0,0.0000,False,"4 strategies, 0 accepted"
HT127b,167,33,ground_truth,0,0.0000,False,0 divider(s)
HT127b,167,33,positional_profile,0,1.0000,False,"start=27, end=11, thr_start=0.333, thr_end=0.333"
HT127b,167,33,viterbi_hmm,25,1.0000,False,"within_pairs=2768, cross_pairs=382"
HT128a,168,36,bigram_transition,1,1.0000,True,"threshold=0.012821, p25"
HT128a,168,36,boundary_entropy,22,1.0000,True,"threshold=1.0000, median=1.0000"
HT128a,168,36,consensus,1,1.0000,True,"4 strategies, 1 accepted"
HT128a,168,36,ground_truth,1,1.0000,True,1 divider(s)
HT128a,168,36,positional_profile,1,1.0000,True,"start=27, end=11, thr_start=0.333, thr_end=0.333"
HT128a,168,36,viterbi_hmm,1,1.0000,True,"within_pairs=2768, cross_pairs=382"
HT128b,169,13,bigram_transition,1,1.0000,True,"threshold=0.012821, p25"
HT128b,169,13,boundary_entropy,3,1.0000,True,"threshold=1.0000, median=1.0000"
HT128b,169,13,consensus,1,1.0000,True,"4 strategies, 1 accepted"
HT128b,169,13,ground_truth,1,1.0000,True,1 divider(s)
HT128b,169,13,positional_profile,1,1.0000,True,"start=27, end=11, thr_start=0.333, thr_end=0.333"
HT128b,169,13,viterbi_hmm,6,1.0000,True,"within_pairs=2768, cross_pairs=382"
HT129,170,30,bigram_transition,0,1.0000,False,"threshold=0.012821, p25"
HT129,170,30,boundary_entropy,13,1.0000,False,"threshold=1.0000, median=1.0000"
HT129,170,30,consensus,0,0.0000,False,"4 strategies, 0 accepted"
HT129,170,30,ground_truth,0,0.0000,False,0 divider(s)
HT129,170,30,positional_profile,0,1.0000,False,"start=27, end=11, thr_start=0.333, thr_end=0.333"
HT129,170,30,viterbi_hmm,21,1.0000,False,"within_pairs=2768, cross_pairs=382"
HT13,19,43,bigram_transition,2,1.0000,True,"threshold=0.012821, p25"
HT13,19,43,boundary_entropy,19,1.0000,True,"threshold=1.0000, median=1.0000"
HT13,19,43,consensus,2,1.0000,True,"4 strategies, 2 accepted"
HT13,19,43,ground_truth,2,1.0000,True,2 divider(s)
HT13,19,43,positional_profile,2,1.0000,True,"start=27, end=11, thr_start=0.333, thr_end=0.333"
HT13,19,43,viterbi_hmm,3,1.0000,True,"within_pairs=2768, cross_pairs=382"
HT130,171,24,bigram_transition,2,1.0000,False,"threshold=0.012821, p25"
HT130,171,24,boundary_entropy,16,1.0000,False,"threshold=1.0000, median=1.0000"
HT130,171,24,consensus,0,0.0000,False,"4 strategies, 0 accepted"
HT130,171,24,ground_truth,0,0.0000,False,0 divider(s)
HT130,171,24,positional_profile,0,1.0000,False,"start=27, end=11, thr_start=0.333, thr_end=0.333"
HT130,171,24,viterbi_hmm,12,1.0000,False,"within_pairs=2768, cross_pairs=382"
HT131a,172,27,bigram_transition,0,1.0000,False,"threshold=0.012821, p25"
HT131a,172,27,boundary_entropy,9,1.0000,False,"threshold=1.0000, median=1.0000"
HT131a,172,27,consensus,0,0.0000,False,"4 strategies, 0 accepted"
HT131a,172,27,ground_truth,0,0.0000,False,0 divider(s)
HT131a,172,27,positional_profile,0,1.0000,False,"start=27, end=11, thr_start=0.333, thr_end=0.333"
HT131a,172,27,viterbi_hmm,19,1.0000,False,"within_pairs=2768, cross_pairs=382"
HT131b,173,21,bigram_transition,0,1.0000,False,"threshold=0.012821, p25"
HT131b,173,21,boundary_entropy,8,1.0000,False,"threshold=1.0000, median=1.0000"
HT131b,173,21,consensus,0,0.0000,False,"4 strategies, 0 accepted"
HT131b,173,21,ground_truth,0,0.0000,False,0 divider(s)
HT131b,173,21,positional_profile,0,1.0000,False,"start=27, end=11, thr_start=0.333, thr_end=0.333"
HT131b,173,21,viterbi_hmm,10,1.0000,False,"within_pairs=2768, cross_pairs=382"
HT132,174,19,bigram_transition,3,1.0000,True,"threshold=0.012821, p25"
HT132,174,19,boundary_entropy,8,1.0000,True,"threshold=1.0000, median=1.0000"
HT132,174,19,consensus,3,1.0000,True,"4 strategies, 3 accepted"
HT132,174,19,ground_truth,3,1.0000,True,3 divider(s)
HT132,174,19,positional_profile,3,1.0000,True,"start=27, end=11, thr_start=0.333, thr_end=0.333"
HT132,174,19,viterbi_hmm,10,1.0000,True,"within_pairs=2768, cross_pairs=382"
HT133,175,7,bigram_transition,1,1.0000,True,"threshold=0.012821, p25"
HT133,175,7,boundary_entropy,2,1.0000,True,"threshold=1.0000, median=1.0000"
HT133,175,7,consensus,1,1.0000,True,"4 strategies, 1 accepted"
HT133,175,7,ground_truth,1,1.0000,True,1 divider(s)
HT133,175,7,positional_profile,1,1.0000,True,"start=27, end=11, thr_start=0.333, thr_end=0.333"
HT133,175,7,viterbi_hmm,1,1.0000,True,"within_pairs=2768, cross_pairs=382"
HT135a,176,23,bigram_transition,2,1.0000,True,"threshold=0.012821, p25"
HT135a,176,23,boundary_entropy,16,1.0000,True,"threshold=1.0000, median=1.0000"
HT135a,176,23,consensus,1,1.0000,True,"4 strategies, 1 accepted"
HT135a,176,23,ground_truth,1,1.0000,True,1 divider(s)
HT135a,176,23,positional_profile,1,1.0000,True,"start=27, end=11, thr_start=0.333, thr_end=0.333"
HT135a,176,23,viterbi_hmm,1,1.0000,True,"within_pairs=2768, cross_pairs=382"
HT135b,177,7,bigram_transition,1,1.0000,True,"threshold=0.012821, p25"
HT135b,177,7,boundary_entropy,4,1.0000,True,"threshold=1.0000, median=1.0000"
HT135b,177,7,consensus,1,1.0000,True,"4 strategies, 1 accepted"
HT135b,177,7,ground_truth,1,1.0000,True,1 divider(s)
HT135b,177,7,positional_profile,1,1.0000,True,"start=27, end=11, thr_start=0.333, thr_end=0.333"
HT135b,177,7,viterbi_hmm,1,1.0000,True,"within_pairs=2768, cross_pairs=382"
HT136a,178,9,bigram_transition,0,1.0000,False,"threshold=0.012821, p25"
HT136a,178,9,boundary_entropy,3,1.0000,False,"threshold=1.0000, median=1.0000"
HT136a,178,9,consensus,0,0.0000,False,"4 strategies, 0 accepted"
HT136a,178,9,ground_truth,0,0.0000,False,0 divider(s)
HT136a,178,9,positional_profile,0,1.0000,False,"start=27, end=11, thr_start=0.333, thr_end=0.333"
HT136a,178,9,viterbi_hmm,3,1.0000,False,"within_pairs=2768, cross_pairs=382"
HT136b,179,6,bigram_transition,0,1.0000,False,"threshold=0.012821, p25"
HT136b,179,6,boundary_entropy,2,1.0000,False,"threshold=1.0000, median=1.0000"
HT136b,179,6,consensus,0,0.0000,False,"4 strategies, 0 accepted"
HT136b,179,6,ground_truth,0,0.0000,False,0 divider(s)
HT136b,179,6,positional_profile,0,1.0000,False,"start=27, end=11, thr_start=0.333, thr_end=0.333"
HT136b,179,6,viterbi_hmm,4,1.0000,False,"within_pairs=2768, cross_pairs=382"
HT137,180,14,bigram_transition,0,1.0000,False,"threshold=0.012821, p25"
HT137,180,14,boundary_entropy,6,1.0000,False,"threshold=1.0000, median=1.0000"
HT137,180,14,consensus,0,0.0000,False,"4 strategies, 0 accepted"
HT137,180,14,ground_truth,0,0.0000,False,0 divider(s)
HT137,180,14,positional_profile,0,1.0000,False,"start=27, end=11, thr_start=0.333, thr_end=0.333"
HT137,180,14,viterbi_hmm,12,1.0000,False,"within_pairs=2768, cross_pairs=382"
HT139,181,16,bigram_transition,1,1.0000,False,"threshold=0.012821, p25"
HT139,181,16,boundary_entropy,13,1.0000,False,"threshold=1.0000, median=1.0000"
HT139,181,16,consensus,1,0.7500,False,"4 strategies, 1 accepted"
HT139,181,16,ground_truth,0,0.0000,False,0 divider(s)
HT139,181,16,positional_profile,0,1.0000,False,"start=27, end=11, thr_start=0.333, thr_end=0.333"
HT139,181,16,viterbi_hmm,10,1.0000,False,"within_pairs=2768, cross_pairs=382"
HT14,20,32,bigram_transition,2,1.0000,True,"threshold=0.012821, p25"
HT14,20,32,boundary_entropy,6,1.0000,True,"threshold=1.0000, median=1.0000"
HT14,20,32,consensus,2,1.0000,True,"4 strategies, 2 accepted"
HT14,20,32,ground_truth,2,1.0000,True,2 divider(s)
HT14,20,32,positional_profile,2,1.0000,True,"start=27, end=11, thr_start=0.333, thr_end=0.333"
HT14,20,32,viterbi_hmm,14,1.0000,True,"within_pairs=2768, cross_pairs=382"
HT140,182,55,bigram_transition,7,1.0000,True,"threshold=0.012821, p25"
HT140,182,55,boundary_entropy,29,1.0000,True,"threshold=1.0000, median=1.0000"
HT140,182,55,consensus,5,1.0000,True,"4 strategies, 5 accepted"
HT140,182,55,ground_truth,5,1.0000,True,5 divider(s)
HT140,182,55,positional_profile,5,1.0000,True,"start=27, end=11, thr_start=0.333, thr_end=0.333"
HT140,182,55,viterbi_hmm,8,1.0000,True,"within_pairs=2768, cross_pairs=382"
HT141,183,11,bigram_transition,0,1.0000,False,"threshold=0.012821, p25"
HT141,183,11,boundary_entropy,7,1.0000,False,"threshold=1.0000, median=1.0000"
HT141,183,11,consensus,0,0.0000,False,"4 strategies, 0 accepted"
HT141,183,11,ground_truth,0,0.0000,False,0 divider(s)
HT141,183,11,positional_profile,0,1.0000,False,"start=27, end=11, thr_start=0.333, thr_end=0.333"
HT141,183,11,viterbi_hmm,5,1.0000,False,"within_pairs=2768, cross_pairs=382"
HT142,184,5,bigram_transition,0,1.0000,False,"threshold=0.012821, p25"
HT142,184,5,boundary_entropy,4,1.0000,False,"threshold=1.0000, median=1.0000"
HT142,184,5,consensus,0,0.0000,False,"4 strategies, 0 accepted"
HT142,184,5,ground_truth,0,0.0000,False,0 divider(s)
HT142,184,5,positional_profile,0,1.0000,False,"start=27, end=11, thr_start=0.333, thr_end=0.333"
HT142,184,5,viterbi_hmm,0,1.0000,False,"within_pairs=2768, cross_pairs=382"
HT144,185,5,bigram_transition,1,1.0000,True,"threshold=0.012821, p25"
HT144,185,5,boundary_entropy,4,1.0000,True,"threshold=1.0000, median=1.0000"
HT144,185,5,consensus,1,1.0000,True,"4 strategies, 1 accepted"
HT144,185,5,ground_truth,1,1.0000,True,1 divider(s)
HT144,185,5,positional_profile,1,1.0000,True,"start=27, end=11, thr_start=0.333, thr_end=0.333"
HT144,185,5,viterbi_hmm,1,1.0000,True,"within_pairs=2768, cross_pairs=382"
HT146,186,15,bigram_transition,1,1.0000,False,"threshold=0.012821, p25"
HT146,186,15,boundary_entropy,7,1.0000,False,"threshold=1.0000, median=1.0000"
HT146,186,15,consensus,0,0.0000,False,"4 strategies, 0 accepted"
HT146,186,15,ground_truth,0,0.0000,False,0 divider(s)
HT146,186,15,positional_profile,0,1.0000,False,"start=27, end=11, thr_start=0.333, thr_end=0.333"
HT146,186,15,viterbi_hmm,8,1.0000,False,"within_pairs=2768, cross_pairs=382"
HT147,187,10,bigram_transition,1,1.0000,False,"threshold=0.012821, p25"
HT147,187,10,boundary_entropy,9,1.0000,False,"threshold=1.0000, median=1.0000"
HT147,187,10,consensus,0,0.0000,False,"4 strategies, 0 accepted"
HT147,187,10,ground_truth,0,0.0000,False,0 divider(s)
HT147,187,10,positional_profile,0,1.0000,False,"start=27, end=11, thr_start=0.333, thr_end=0.333"
HT147,187,10,viterbi_hmm,3,1.0000,False,"within_pairs=2768, cross_pairs=382"
HT15,21,19,bigram_transition,1,1.0000,True,"threshold=0.012821, p25"
HT15,21,19,boundary_entropy,8,1.0000,True,"threshold=1.0000, median=1.0000"
HT15,21,19,consensus,1,1.0000,True,"4 strategies, 1 accepted"
HT15,21,19,ground_truth,1,1.0000,True,1 divider(s)
HT15,21,19,positional_profile,1,1.0000,True,"start=27, end=11, thr_start=0.333, thr_end=0.333"
HT15,21,19,viterbi_hmm,1,1.0000,True,"within_pairs=2768, cross_pairs=382"
HT154.,188,15,bigram_transition,1,1.0000,True,"threshold=0.012821, p25"
HT154.,188,15,boundary_entropy,7,1.0000,True,"threshold=1.0000, median=1.0000"
HT154.,188,15,consensus,1,1.0000,True,"4 strategies, 1 accepted"
HT154.,188,15,ground_truth,1,1.0000,True,1 divider(s)
HT154.,188,15,positional_profile,1,1.0000,True,"start=27, end=11, thr_start=0.333, thr_end=0.333"
HT154.,188,15,viterbi_hmm,1,1.0000,True,"within_pairs=2768, cross_pairs=382"
HT154a,189,20,bigram_transition,1,1.0000,False,"threshold=0.012821, p25"
HT154a,189,20,boundary_entropy,16,1.0000,False,"threshold=1.0000, median=1.0000"
HT154a,189,20,consensus,0,0.0000,False,"4 strategies, 0 accepted"
HT154a,189,20,ground_truth,0,0.0000,False,0 divider(s)
HT154a,189,20,positional_profile,0,1.0000,False,"start=27, end=11, thr_start=0.333, thr_end=0.333"
HT154a,189,20,viterbi_hmm,9,1.0000,False,"within_pairs=2768, cross_pairs=382"
HT154b,190,2,bigram_transition,1,1.0000,True,"threshold=0.012821, p25"
HT154b,190,2,boundary_entropy,1,1.0000,True,"threshold=1.0000, median=1.0000"
HT154b,190,2,consensus,1,1.0000,True,"4 strategies, 1 accepted"
HT154b,190,2,ground_truth,1,1.0000,True,1 divider(s)
HT154b,190,2,positional_profile,1,1.0000,True,"start=27, end=11, thr_start=0.333, thr_end=0.333"
HT154b,190,2,viterbi_hmm,1,1.0000,True,"within_pairs=2768, cross_pairs=382"
HT154c,191,8,bigram_transition,1,1.0000,False,"threshold=0.012821, p25"
HT154c,191,8,boundary_entropy,5,1.0000,False,"threshold=1.0000, median=1.0000"
HT154c,191,8,consensus,1,0.7500,False,"4 strategies, 1 accepted"
HT154c,191,8,ground_truth,0,0.0000,False,0 divider(s)
HT154c,191,8,positional_profile,0,1.0000,False,"start=27, end=11, thr_start=0.333, thr_end=0.333"
HT154c,191,8,viterbi_hmm,2,1.0000,False,"within_pairs=2768, cross_pairs=382"
HT154e,192,9,bigram_transition,0,1.0000,False,"threshold=0.012821, p25"
HT154e,192,9,boundary_entropy,3,1.0000,False,"threshold=1.0000, median=1.0000"
HT154e,192,9,consensus,0,0.0000,False,"4 strategies, 0 accepted"
HT154e,192,9,ground_truth,0,0.0000,False,0 divider(s)
HT154e,192,9,positional_profile,0,1.0000,False,"start=27, end=11, thr_start=0.333, thr_end=0.333"
HT154e,192,9,viterbi_hmm,4,1.0000,False,"within_pairs=2768, cross_pairs=382"
HT154g,193,5,bigram_transition,0,1.0000,False,"threshold=0.012821, p25"
HT154g,193,5,boundary_entropy,2,1.0000,False,"threshold=1.0000, median=1.0000"
HT154g,193,5,consensus,0,0.0000,False,"4 strategies, 0 accepted"
HT154g,193,5,ground_truth,0,0.0000,False,0 divider(s)
HT154g,193,5,positional_profile,0,1.0000,False,"start=27, end=11, thr_start=0.333, thr_end=0.333"
HT154g,193,5,viterbi_hmm,0,1.0000,False,"within_pairs=2768, cross_pairs=382"
HT154ja,194,7,bigram_transition,1,1.0000,False,"threshold=0.012821, p25"
HT154ja,194,7,boundary_entropy,6,1.0000,False,"threshold=1.0000, median=1.0000"
HT154ja,194,7,consensus,1,0.7500,False,"4 strategies, 1 accepted"
HT154ja,194,7,ground_truth,0,0.0000,False,0 divider(s)
HT154ja,194,7,positional_profile,0,1.0000,False,"start=27, end=11, thr_start=0.333, thr_end=0.333"
HT154ja,194,7,viterbi_hmm,2,1.0000,False,"within_pairs=2768, cross_pairs=382"
HT154jb,195,3,bigram_transition,0,1.0000,False,"threshold=0.012821, p25"
HT154jb,195,3,boundary_entropy,2,1.0000,False,"threshold=1.0000, median=1.0000"
HT154jb,195,3,consensus,0,0.0000,False,"4 strategies, 0 accepted"
HT154jb,195,3,ground_truth,0,0.0000,False,0 divider(s)
HT154jb,195,3,positional_profile,0,1.0000,False,"start=27, end=11, thr_start=0.333, thr_end=0.333"
HT154jb,195,3,viterbi_hmm,0,1.0000,False,"within_pairs=2768, cross_pairs=382"
HT154k,196,5,bigram_transition,0,1.0000,False,"threshold=0.012821, p25"
HT154k,196,5,boundary_entropy,2,1.0000,False,"threshold=1.0000, median=1.0000"
HT154k,196,5,consensus,0,0.0000,False,"4 strategies, 0 accepted"
HT154k,196,5,ground_truth,0,0.0000,False,0 divider(s)
HT154k,196,5,positional_profile,0,1.0000,False,"start=27, end=11, thr_start=0.333, thr_end=0.333"
HT154k,196,5,viterbi_hmm,3,1.0000,False,"within_pairs=2768, cross_pairs=382"
HT154l,197,4,bigram_transition,0,1.0000,False,"threshold=0.012821, p25"
HT154l,197,4,boundary_entropy,1,1.0000,False,"threshold=1.0000, median=1.0000"
HT154l,197,4,consensus,0,0.0000,False,"4 strategies, 0 accepted"
HT154l,197,4,ground_truth,0,0.0000,False,0 divider(s)
HT154l,197,4,positional_profile,0,1.0000,False,"start=27, end=11, thr_start=0.333, thr_end=0.333"
HT154l,197,4,viterbi_hmm,3,1.0000,False,"within_pairs=2768, cross_pairs=382"
HT154m,198,2,bigram_transition,0,1.0000,False,"threshold=0.012821, p25"
HT154m,198,2,boundary_entropy,1,1.0000,False,"threshold=1.0000, median=1.0000"
HT154m,198,2,consensus,0,0.0000,False,"4 strategies, 0 accepted"
HT154m,198,2,ground_truth,0,0.0000,False,0 divider(s)
HT154m,198,2,positional_profile,0,1.0000,False,"start=27, end=11, thr_start=0.333, thr_end=0.333"
HT154m,198,2,viterbi_hmm,0,1.0000,False,"within_pairs=2768, cross_pairs=382"
HT154n,199,10,bigram_transition,1,1.0000,False,"threshold=0.012821, p25"
HT154n,199,10,boundary_entropy,7,1.0000,False,"threshold=1.0000, median=1.0000"
HT154n,199,10,consensus,0,0.0000,False,"4 strategies, 0 accepted"
HT154n,199,10,ground_truth,0,0.0000,False,0 divider(s)
HT154n,199,10,positional_profile,0,1.0000,False,"start=27, end=11, thr_start=0.333, thr_end=0.333"
HT154n,199,10,viterbi_hmm,1,1.0000,False,"within_pairs=2768, cross_pairs=382"
HT16,22,18,bigram_transition,2,1.0000,True,"threshold=0.012821, p25"
HT16,22,18,boundary_entropy,11,1.0000,True,"threshold=1.0000, median=1.0000"
HT16,22,18,consensus,2,1.0000,True,"4 strategies, 2 accepted"
HT16,22,18,ground_truth,2,1.0000,True,2 divider(s)
HT16,22,18,positional_profile,2,1.0000,True,"start=27, end=11, thr_start=0.333, thr_end=0.333"
HT16,22,18,viterbi_hmm,2,1.0000,True,"within_pairs=2768, cross_pairs=382"
HT17,23,16,bigram_transition,2,1.0000,True,"threshold=0.012821, p25"
HT17,23,16,boundary_entropy,5,1.0000,True,"threshold=1.0000, median=1.0000"
HT17,23,16,consensus,2,1.0000,True,"4 strategies, 2 accepted"
HT17,23,16,ground_truth,2,1.0000,True,2 divider(s)
HT17,23,16,positional_profile,2,1.0000,True,"start=27, end=11, thr_start=0.333, thr_end=0.333"
HT17,23,16,viterbi_hmm,5,1.0000,True,"within_pairs=2768, cross_pairs=382"
HT18,24,14,bigram_transition,0,1.0000,False,"threshold=0.012821, p25"
HT18,24,14,boundary_entropy,3,1.0000,False,"threshold=1.0000, median=1.0000"
HT18,24,14,consensus,0,0.0000,False,"4 strategies, 0 accepted"
HT18,24,14,ground_truth,0,0.0000,False,0 divider(s)
HT18,24,14,positional_profile,0,1.0000,False,"start=27, end=11, thr_start=0.333, thr_end=0.333"
HT18,24,14,viterbi_hmm,0,1.0000,False,"within_pairs=2768, cross_pairs=382"
HT19,25,18,bigram_transition,2,1.0000,True,"threshold=0.012821, p25"
HT19,25,18,boundary_entropy,6,1.0000,True,"threshold=1.0000, median=1.0000"
HT19,25,18,consensus,2,1.0000,True,"4 strategies, 2 accepted"
HT19,25,18,ground_truth,2,1.0000,True,2 divider(s)
HT19,25,18,positional_profile,2,1.0000,True,"start=27, end=11, thr_start=0.333, thr_end=0.333"
HT19,25,18,viterbi_hmm,4,1.0000,True,"within_pairs=2768, cross_pairs=382"
HT2,2,28,bigram_transition,1,1.0000,True,"threshold=0.012821, p25"
HT2,2,28,boundary_entropy,6,1.0000,True,"threshold=1.0000, median=1.0000"
HT2,2,28,consensus,1,1.0000,True,"4 strategies, 1 accepted"
HT2,2,28,ground_truth,1,1.0000,True,1 divider(s)
HT2,2,28,positional_profile,1,1.0000,True,"start=27, end=11, thr_start=0.333, thr_end=0.333"
HT2,2,28,viterbi_hmm,3,1.0000,True,"within_pairs=2768, cross_pairs=382"
HT20,26,24,bigram_transition,2,1.0000,True,"threshold=0.012821, p25"
HT20,26,24,boundary_entropy,19,1.0000,True,"threshold=1.0000, median=1.0000"
HT20,26,24,consensus,2,1.0000,True,"4 strategies, 2 accepted"
HT20,26,24,ground_truth,2,1.0000,True,2 divider(s)
HT20,26,24,positional_profile,2,1.0000,True,"start=27, end=11, thr_start=0.333, thr_end=0.333"
HT20,26,24,viterbi_hmm,3,1.0000,True,"within_pairs=2768, cross_pairs=382"
HT21,27,23,bigram_transition,3,1.0000,True,"threshold=0.012821, p25"
HT21,27,23,boundary_entropy,7,1.0000,True,"threshold=1.0000, median=1.0000"
HT21,27,23,consensus,2,1.0000,True,"4 strategies, 2 accepted"
HT21,27,23,ground_truth,2,1.0000,True,2 divider(s)
HT21,27,23,positional_profile,2,1.0000,True,"start=27, end=11, thr_start=0.333, thr_end=0.333"
HT21,27,23,viterbi_hmm,11,1.0000,True,"within_pairs=2768, cross_pairs=382"
HT22,28,9,bigram_transition,0,1.0000,False,"threshold=0.012821, p25"
HT22,28,9,boundary_entropy,0,1.0000,False,"threshold=1.0000, median=1.0000"
HT22,28,9,consensus,0,0.0000,False,"4 strategies, 0 accepted"
HT22,28,9,ground_truth,0,0.0000,False,0 divider(s)
HT22,28,9,positional_profile,0,1.0000,False,"start=27, end=11, thr_start=0.333, thr_end=0.333"
HT22,28,9,viterbi_hmm,8,1.0000,False,"within_pairs=2768, cross_pairs=382"
HT23a,29,38,bigram_transition,1,1.0000,True,"threshold=0.012821, p25"
HT23a,29,38,boundary_entropy,16,1.0000,True,"threshold=1.0000, median=1.0000"
HT23a,29,38,consensus,1,1.0000,True,"4 strategies, 1 accepted"
HT23a,29,38,ground_truth,1,1.0000,True,1 divider(s)
HT23a,29,38,positional_profile,1,1.0000,True,"start=27, end=11, thr_start=0.333, thr_end=0.333"
HT23a,29,38,viterbi_hmm,1,1.0000,True,"within_pairs=2768, cross_pairs=382"
HT23b,30,20,bigram_transition,0,1.0000,False,"threshold=0.012821, p25"
HT23b,30,20,boundary_entropy,15,1.0000,False,"threshold=1.0000, median=1.0000"
HT23b,30,20,consensus,0,0.0000,False,"4 strategies, 0 accepted"
HT23b,30,20,ground_truth,0,0.0000,False,0 divider(s)
HT23b,30,20,positional_profile,0,1.0000,False,"start=27, end=11, thr_start=0.333, thr_end=0.333"
HT23b,30,20,viterbi_hmm,14,1.0000,False,"within_pairs=2768, cross_pairs=382"
HT24a,31,34,bigram_transition,0,1.0000,False,"threshold=0.012821, p25"
HT24a,31,34,boundary_entropy,25,1.0000,False,"threshold=1.0000, median=1.0000"
HT24a,31,34,consensus,0,0.0000,False,"4 strategies, 0 accepted"
HT24a,31,34,ground_truth,0,0.0000,False,0 divider(s)
HT24a,31,34,positional_profile,0,1.0000,False,"start=27, end=11, thr_start=0.333, thr_end=0.333"
HT24a,31,34,viterbi_hmm,22,1.0000,False,"within_pairs=2768, cross_pairs=382"
HT24b,32,11,bigram_transition,0,1.0000,False,"threshold=0.012821, p25"
HT24b,32,11,boundary_entropy,3,1.0000,False,"threshold=1.0000, median=1.0000"
HT24b,32,11,consensus,0,0.0000,False,"4 strategies, 0 accepted"
HT24b,32,11,ground_truth,0,0.0000,False,0 divider(s)
HT24b,32,11,positional_profile,0,1.0000,False,"start=27, end=11, thr_start=0.333, thr_end=0.333"
HT24b,32,11,viterbi_hmm,10,1.0000,False,"within_pairs=2768, cross_pairs=382"
HT25a,33,44,bigram_transition,0,1.0000,False,"threshold=0.012821, p25"
HT25a,33,44,boundary_entropy,28,1.0000,False,"threshold=1.0000, median=1.0000"
HT25a,33,44,consensus,0,0.0000,False,"4 strategies, 0 accepted"
HT25a,33,44,ground_truth,0,0.0000,False,0 divider(s)
HT25a,33,44,positional_profile,0,1.0000,False,"start=27, end=11, thr_start=0.333, thr_end=0.333"
HT25a,33,44,viterbi_hmm,32,1.0000,False,"within_pairs=2768, cross_pairs=382"
HT25b,34,22,bigram_transition,3,1.0000,True,"threshold=0.012821, p25"
HT25b,34,22,boundary_entropy,8,1.0000,True,"threshold=1.0000, median=1.0000"
HT25b,34,22,consensus,1,1.0000,True,"4 strategies, 1 accepted"
HT25b,34,22,ground_truth,1,1.0000,True,1 divider(s)
HT25b,34,22,positional_profile,1,1.0000,True,"start=27, end=11, thr_start=0.333, thr_end=0.333"
HT25b,34,22,viterbi_hmm,2,1.0000,True,"within_pairs=2768, cross_pairs=382"
HT26a,35,22,bigram_transition,2,1.0000,True,"threshold=0.012821, p25"
HT26a,35,22,boundary_entropy,11,1.0000,True,"threshold=1.0000, median=1.0000"
HT26a,35,22,consensus,2,1.0000,True,"4 strategies, 2 accepted"
HT26a,35,22,ground_truth,2,1.0000,True,2 divider(s)
HT26a,35,22,positional_profile,2,1.0000,True,"start=27, end=11, thr_start=0.333, thr_end=0.333"
HT26a,35,22,viterbi_hmm,2,1.0000,True,"within_pairs=2768, cross_pairs=382"
HT26b,36,26,bigram_transition,2,1.0000,True,"threshold=0.012821, p25"
HT26b,36,26,boundary_entropy,10,1.0000,True,"threshold=1.0000, median=1.0000"
HT26b,36,26,consensus,2,1.0000,True,"4 strategies, 2 accepted"
HT26b,36,26,ground_truth,2,1.0000,True,2 divider(s)
HT26b,36,26,positional_profile,2,1.0000,True,"start=27, end=11, thr_start=0.333, thr_end=0.333"
HT26b,36,26,viterbi_hmm,4,1.0000,True,"within_pairs=2768, cross_pairs=382"
HT27a,37,58,bigram_transition,5,1.0000,True,"threshold=0.012821, p25"
HT27a,37,58,boundary_entropy,21,1.0000,True,"threshold=1.0000, median=1.0000"
HT27a,37,58,consensus,3,1.0000,True,"4 strategies, 3 accepted"
HT27a,37,58,ground_truth,3,1.0000,True,3 divider(s)
HT27a,37,58,positional_profile,3,1.0000,True,"start=27, end=11, thr_start=0.333, thr_end=0.333"
HT27a,37,58,viterbi_hmm,12,1.0000,True,"within_pairs=2768, cross_pairs=382"
HT27b,38,43,bigram_transition,10,1.0000,True,"threshold=0.012821, p25"
HT27b,38,43,boundary_entropy,16,1.0000,True,"threshold=1.0000, median=1.0000"
HT27b,38,43,consensus,10,1.0000,True,"4 strategies, 10 accepted"
HT27b,38,43,ground_truth,10,1.0000,True,10 divider(s)
HT27b,38,43,positional_profile,11,1.0000,True,"start=27, end=11, thr_start=0.333, thr_end=0.333"
HT27b,38,43,viterbi_hmm,25,1.0000,True,"within_pairs=2768, cross_pairs=382"
HT28a,39,44,bigram_transition,2,1.0000,True,"threshold=0.012821, p25"
HT28a,39,44,boundary_entropy,15,1.0000,True,"threshold=1.0000, median=1.0000"
HT28a,39,44,consensus,2,1.0000,True,"4 strategies, 2 accepted"
HT28a,39,44,ground_truth,2,1.0000,True,2 divider(s)
HT28a,39,44,positional_profile,2,1.0000,True,"start=27, end=11, thr_start=0.333, thr_end=0.333"
HT28a,39,44,viterbi_hmm,11,1.0000,True,"within_pairs=2768, cross_pairs=382"
HT28b,40,36,bigram_transition,2,1.0000,True,"threshold=0.012821, p25"
HT28b,40,36,boundary_entropy,16,1.0000,True,"threshold=1.0000, median=1.0000"
HT28b,40,36,consensus,2,1.0000,True,"4 strategies, 2 accepted"
HT28b,40,36,ground_truth,2,1.0000,True,2 divider(s)
HT28b,40,36,positional_profile,2,1.0000,True,"start=27, end=11, thr_start=0.333, thr_end=0.333"
HT28b,40,36,viterbi_hmm,2,1.0000,True,"within_pairs=2768, cross_pairs=382"
HT29,41,36,bigram_transition,3,1.0000,True,"threshold=0.012821, p25"
HT29,41,36,boundary_entropy,20,1.0000,True,"threshold=1.0000, median=1.0000"
HT29,41,36,consensus,3,0.9167,True,"4 strategies, 3 accepted"
HT29,41,36,ground_truth,2,1.0000,True,2 divider(s)
HT29,41,36,positional_profile,2,1.0000,True,"start=27, end=11, thr_start=0.333, thr_end=0.333"
HT29,41,36,viterbi_hmm,4,1.0000,True,"within_pairs=2768, cross_pairs=382"
HT3,3,46,bigram_transition,2,1.0000,False,"threshold=0.012821, p25"
HT3,3,46,boundary_entropy,28,1.0000,False,"threshold=1.0000, median=1.0000"
HT3,3,46,consensus,2,0.7500,False,"4 strategies, 2 accepted"
HT3,3,46,ground_truth,0,0.0000,False,0 divider(s)
HT3,3,46,positional_profile,0,1.0000,False,"start=27, end=11, thr_start=0.333, thr_end=0.333"
HT3,3,46,viterbi_hmm,27,1.0000,False,"within_pairs=2768, cross_pairs=382"
HT30,42,43,bigram_transition,2,1.0000,True,"threshold=0.012821, p25"
HT30,42,43,boundary_entropy,19,1.0000,True,"threshold=1.0000, median=1.0000"
HT30,42,43,consensus,1,1.0000,True,"4 strategies, 1 accepted"
HT30,42,43,ground_truth,1,1.0000,True,1 divider(s)
HT30,42,43,positional_profile,1,1.0000,True,"start=27, end=11, thr_start=0.333, thr_end=0.333"
HT30,42,43,viterbi_hmm,8,1.0000,True,"within_pairs=2768, cross_pairs=382"
HT31,43,50,bigram_transition,4,1.0000,True,"threshold=0.012821, p25"
HT31,43,50,boundary_entropy,23,1.0000,True,"threshold=1.0000, median=1.0000"
HT31,43,50,consensus,3,1.0000,True,"4 strategies, 3 accepted"
HT31,43,50,ground_truth,3,1.0000,True,3 divider(s)
HT31,43,50,positional_profile,3,1.0000,True,"start=27, end=11, thr_start=0.333, thr_end=0.333"
HT31,43,50,viterbi_hmm,3,1.0000,True,"within_pairs=2768, cross_pairs=382"
HT32,44,33,bigram_transition,2,1.0000,True,"threshold=0.012821, p25"
HT32,44,33,boundary_entropy,8,1.0000,True,"threshold=1.0000, median=1.0000"
HT32,44,33,consensus,2,1.0000,True,"4 strategies, 2 accepted"
HT32,44,33,ground_truth,2,1.0000,True,2 divider(s)
HT32,44,33,positional_profile,2,1.0000,True,"start=27, end=11, thr_start=0.333, thr_end=0.333"
HT32,44,33,viterbi_hmm,8,1.0000,True,"within_pairs=2768, cross_pairs=382"
HT33,45,24,bigram_transition,1,1.0000,True,"threshold=0.012821, p25"
HT33,45,24,boundary_entropy,8,1.0000,True,"threshold=1.0000, median=1.0000"
HT33,45,24,consensus,1,1.0000,True,"4 strategies, 1 accepted"
HT33,45,24,ground_truth,1,1.0000,True,1 divider(s)
HT33,45,24,positional_profile,1,1.0000,True,"start=27, end=11, thr_start=0.333, thr_end=0.333"
HT33,45,24,viterbi_hmm,1,1.0000,True,"within_pairs=2768, cross_pairs=382"
HT34,46,45,bigram_transition,5,1.0000,True,"threshold=0.012821, p25"
HT34,46,45,boundary_entropy,18,1.0000,True,"threshold=1.0000, median=1.0000"
HT34,46,45,consensus,4,1.0000,True,"4 strategies, 4 accepted"
HT34,46,45,ground_truth,4,1.0000,True,4 divider(s)
HT34,46,45,positional_profile,4,1.0000,True,"start=27, end=11, thr_start=0.333, thr_end=0.333"
HT34,46,45,viterbi_hmm,6,1.0000,True,"within_pairs=2768, cross_pairs=382"
HT35,47,25,bigram_transition,3,1.0000,True,"threshold=0.012821, p25"
HT35,47,25,boundary_entropy,14,1.0000,True,"threshold=1.0000, median=1.0000"
HT35,47,25,consensus,2,1.0000,True,"4 strategies, 2 accepted"
HT35,47,25,ground_truth,2,1.0000,True,2 divider(s)
HT35,47,25,positional_profile,2,1.0000,True,"start=27, end=11, thr_start=0.333, thr_end=0.333"
HT35,47,25,viterbi_hmm,2,1.0000,True,"within_pairs=2768, cross_pairs=382"
HT36,48,15,bigram_transition,0,1.0000,False,"threshold=0.012821, p25"
HT36,48,15,boundary_entropy,6,1.0000,False,"threshold=1.0000, median=1.0000"
HT36,48,15,consensus,0,0.0000,False,"4 strategies, 0 accepted"
HT36,48,15,ground_truth,0,0.0000,False,0 divider(s)
HT36,48,15,positional_profile,0,1.0000,False,"start=27, end=11, thr_start=0.333, thr_end=0.333"
HT36,48,15,viterbi_hmm,11,1.0000,False,"within_pairs=2768, cross_pairs=382"
HT37,49,35,bigram_transition,5,1.0000,True,"threshold=0.012821, p25"
HT37,49,35,boundary_entropy,19,1.0000,True,"threshold=1.0000, median=1.0000"
HT37,49,35,consensus,5,1.0000,True,"4 strategies, 5 accepted"
HT37,49,35,ground_truth,5,1.0000,True,5 divider(s)
HT37,49,35,positional_profile,5,1.0000,True,"start=27, end=11, thr_start=0.333, thr_end=0.333"
HT37,49,35,viterbi_hmm,6,1.0000,True,"within_pairs=2768, cross_pairs=382"
HT38,50,18,bigram_transition,1,1.0000,False,"threshold=0.012821, p25"
HT38,50,18,boundary_entropy,4,1.0000,False,"threshold=1.0000, median=1.0000"
HT38,50,18,consensus,0,0.0000,False,"4 strategies, 0 accepted"
HT38,50,18,ground_truth,0,0.0000,False,0 divider(s)
HT38,50,18,positional_profile,0,1.0000,False,"start=27, end=11, thr_start=0.333, thr_end=0.333"
HT38,50,18,viterbi_hmm,14,1.0000,False,"within_pairs=2768, cross_pairs=382"
HT39,51,32,bigram_transition,0,1.0000,False,"threshold=0.012821, p25"
HT39,51,32,boundary_entropy,16,1.0000,False,"threshold=1.0000, median=1.0000"
HT39,51,32,consensus,0,0.0000,False,"4 strategies, 0 accepted"
HT39,51,32,ground_truth,0,0.0000,False,0 divider(s)
HT39,51,32,positional_profile,0,1.0000,False,"start=27, end=11, thr_start=0.333, thr_end=0.333"
HT39,51,32,viterbi_hmm,11,1.0000,False,"within_pairs=2768, cross_pairs=382"
HT4,4,22,bigram_transition,0,1.0000,False,"threshold=0.012821, p25"
HT4,4,22,boundary_entropy,17,1.0000,False,"threshold=1.0000, median=1.0000"
HT4,4,22,consensus,0,0.0000,False,"4 strategies, 0 accepted"
HT4,4,22,ground_truth,0,0.0000,False,0 divider(s)
HT4,4,22,positional_profile,0,1.0000,False,"start=27, end=11, thr_start=0.333, thr_end=0.333"
HT4,4,22,viterbi_hmm,17,1.0000,False,"within_pairs=2768, cross_pairs=382"
HT40,52,24,bigram_transition,3,1.0000,True,"threshold=0.012821, p25"
HT40,52,24,boundary_entropy,12,1.0000,True,"threshold=1.0000, median=1.0000"
HT40,52,24,consensus,3,1.0000,True,"4 strategies, 3 accepted"
HT40,52,24,ground_truth,3,1.0000,True,3 divider(s)
HT40,52,24,positional_profile,3,1.0000,True,"start=27, end=11, thr_start=0.333, thr_end=0.333"
HT40,52,24,viterbi_hmm,6,1.0000,True,"within_pairs=2768, cross_pairs=382"
HT41a,53,23,bigram_transition,3,1.0000,True,"threshold=0.012821, p25"
HT41a,53,23,boundary_entropy,11,1.0000,True,"threshold=1.0000, median=1.0000"
HT41a,53,23,consensus,3,1.0000,True,"4 strategies, 3 accepted"
HT41a,53,23,ground_truth,3,1.0000,True,3 divider(s)
HT41a,53,23,positional_profile,3,1.0000,True,"start=27, end=11, thr_start=0.333, thr_end=0.333"
HT41a,53,23,viterbi_hmm,7,1.0000,True,"within_pairs=2768, cross_pairs=382"
HT41b,54,3,bigram_transition,0,1.0000,False,"threshold=0.012821, p25"
HT41b,54,3,boundary_entropy,2,1.0000,False,"threshold=1.0000, median=1.0000"
HT41b,54,3,consensus,0,0.0000,False,"4 strategies, 0 accepted"
HT41b,54,3,ground_truth,0,0.0000,False,0 divider(s)
HT41b,54,3,positional_profile,0,1.0000,False,"start=27, end=11, thr_start=0.333, thr_end=0.333"
HT41b,54,3,viterbi_hmm,0,1.0000,False,"within_pairs=2768, cross_pairs=382"
HT42+59,55,40,bigram_transition,3,1.0000,True,"threshold=0.012821, p25"
HT42+59,55,40,boundary_entropy,17,1.0000,True,"threshold=1.0000, median=1.0000"
HT42+59,55,40,consensus,3,1.0000,True,"4 strategies, 3 accepted"
HT42+59,55,40,ground_truth,3,1.0000,True,3 divider(s)
HT42+59,55,40,positional_profile,3,1.0000,True,"start=27, end=11, thr_start=0.333, thr_end=0.333"
HT42+59,55,40,viterbi_hmm,11,1.0000,True,"within_pairs=2768, cross_pairs=382"
HT43,56,13,bigram_transition,3,1.0000,True,"threshold=0.012821, p25"
HT43,56,13,boundary_entropy,5,1.0000,True,"threshold=1.0000, median=1.0000"
HT43,56,13,consensus,3,1.0000,True,"4 strategies, 3 accepted"
HT43,56,13,ground_truth,3,1.0000,True,3 divider(s)
HT43,56,13,positional_profile,3,1.0000,True,"start=27, end=11, thr_start=0.333, thr_end=0.333"
HT43,56,13,viterbi_hmm,6,1.0000,True,"within_pairs=2768, cross_pairs=382"
HT44a,57,22,bigram_transition,1,1.0000,True,"threshold=0.012821, p25"
HT44a,57,22,boundary_entropy,7,1.0000,True,"threshold=1.0000, median=1.0000"
HT44a,57,22,consensus,1,1.0000,True,"4 strategies, 1 accepted"
HT44a,57,22,ground_truth,1,1.0000,True,1 divider(s)
HT44a,57,22,positional_profile,1,1.0000,True,"start=27, end=11, thr_start=0.333, thr_end=0.333"
HT44a,57,22,viterbi_hmm,1,1.0000,True,"within_pairs=2768, cross_pairs=382"
HT44b,58,20,bigram_transition,2,1.0000,True,"threshold=0.012821, p25"
HT44b,58,20,boundary_entropy,5,1.0000,True,"threshold=1.0000, median=1.0000"
HT44b,58,20,consensus,1,1.0000,True,"4 strategies, 1 accepted"
HT44b,58,20,ground_truth,1,1.0000,True,1 divider(s)
HT44b,58,20,positional_profile,1,1.0000,True,"start=27, end=11, thr_start=0.333, thr_end=0.333"
HT44b,58,20,viterbi_hmm,3,1.0000,True,"within_pairs=2768, cross_pairs=382"
HT45a,59,16,bigram_transition,2,1.0000,True,"threshold=0.012821, p25"
HT45a,59,16,boundary_entropy,8,1.0000,True,"threshold=1.0000, median=1.0000"
HT45a,59,16,consensus,2,1.0000,True,"4 strategies, 2 accepted"
HT45a,59,16,ground_truth,2,1.0000,True,2 divider(s)
HT45a,59,16,positional_profile,2,1.0000,True,"start=27, end=11, thr_start=0.333, thr_end=0.333"
HT45a,59,16,viterbi_hmm,5,1.0000,True,"within_pairs=2768, cross_pairs=382"
HT45b,60,30,bigram_transition,4,1.0000,True,"threshold=0.012821, p25"
HT45b,60,30,boundary_entropy,19,1.0000,True,"threshold=1.0000, median=1.0000"
HT45b,60,30,consensus,3,1.0000,True,"4 strategies, 3 accepted"
HT45b,60,30,ground_truth,3,1.0000,True,3 divider(s)
HT45b,60,30,positional_profile,3,1.0000,True,"start=27, end=11, thr_start=0.333, thr_end=0.333"
HT45b,60,30,viterbi_hmm,5,1.0000,True,"within_pairs=2768, cross_pairs=382"
HT46a,61,12,bigram_transition,0,1.0000,False,"threshold=0.012821, p25"
HT46a,61,12,boundary_entropy,6,1.0000,False,"threshold=1.0000, median=1.0000"
HT46a,61,12,consensus,0,0.0000,False,"4 strategies, 0 accepted"
HT46a,61,12,ground_truth,0,0.0000,False,0 divider(s)
HT46a,61,12,positional_profile,0,1.0000,False,"start=27, end=11, thr_start=0.333, thr_end=0.333"
HT46a,61,12,viterbi_hmm,8,1.0000,False,"within_pairs=2768, cross_pairs=382"
HT46b,62,9,bigram_transition,0,1.0000,False,"threshold=0.012821, p25"
HT46b,62,9,boundary_entropy,3,1.0000,False,"threshold=1.0000, median=1.0000"
HT46b,62,9,consensus,0,0.0000,False,"4 strategies, 0 accepted"
HT46b,62,9,ground_truth,0,0.0000,False,0 divider(s)
HT46b,62,9,positional_profile,0,1.0000,False,"start=27, end=11, thr_start=0.333, thr_end=0.333"
HT46b,62,9,viterbi_hmm,7,1.0000,False,"within_pairs=2768, cross_pairs=382"
HT47a,63,30,bigram_transition,1,1.0000,True,"threshold=0.012821, p25"
HT47a,63,30,boundary_entropy,17,1.0000,True,"threshold=1.0000, median=1.0000"
HT47a,63,30,consensus,1,1.0000,True,"4 strategies, 1 accepted"
HT47a,63,30,ground_truth,1,1.0000,True,1 divider(s)
HT47a,63,30,positional_profile,1,1.0000,True,"start=27, end=11, thr_start=0.333, thr_end=0.333"
HT47a,63,30,viterbi_hmm,2,1.0000,True,"within_pairs=2768, cross_pairs=382"
HT47b,64,6,bigram_transition,0,1.0000,False,"threshold=0.012821, p25"
HT47b,64,6,boundary_entropy,5,1.0000,False,"threshold=1.0000, median=1.0000"
HT47b,64,6,consensus,0,0.0000,False,"4 strategies, 0 accepted"
HT47b,64,6,ground_truth,0,0.0000,False,0 divider(s)
HT47b,64,6,positional_profile,0,1.0000,False,"start=27, end=11, thr_start=0.333, thr_end=0.333"
HT47b,64,6,viterbi_hmm,2,1.0000,False,"within_pairs=2768, cross_pairs=382"
HT49a,65,58,bigram_transition,5,1.0000,True,"threshold=0.012821, p25"
HT49a,65,58,boundary_entropy,25,1.0000,True,"threshold=1.0000, median=1.0000"
HT49a,65,58,consensus,2,1.0000,True,"4 strategies, 2 accepted"
HT49a,65,58,ground_truth,2,1.0000,True,2 divider(s)
HT49a,65,58,positional_profile,2,1.0000,True,"start=27, end=11, thr_start=0.333, thr_end=0.333"
HT49a,65,58,viterbi_hmm,4,1.0000,True,"within_pairs=2768, cross_pairs=382"
HT49b,66,16,bigram_transition,1,1.0000,False,"threshold=0.012821, p25"
HT49b,66,16,boundary_entropy,15,1.0000,False,"threshold=1.0000, median=1.0000"
HT49b,66,16,consensus,0,0.0000,False,"4 strategies, 0 accepted"
HT49b,66,16,ground_truth,0,0.0000,False,0 divider(s)
HT49b,66,16,positional_profile,0,1.0000,False,"start=27, end=11, thr_start=0.333, thr_end=0.333"
HT49b,66,16,viterbi_hmm,7,1.0000,False,"within_pairs=2768, cross_pairs=382"
HT5,5,16,bigram_transition,0,1.0000,False,"threshold=0.012821, p25"
HT5,5,16,boundary_entropy,9,1.0000,False,"threshold=1.0000, median=1.0000"
HT5,5,16,consensus,0,0.0000,False,"4 strategies, 0 accepted"
HT5,5,16,ground_truth,0,0.0000,False,0 divider(s)
HT5,5,16,positional_profile,0,1.0000,False,"start=27, end=11, thr_start=0.333, thr_end=0.333"
HT5,5,16,viterbi_hmm,7,1.0000,False,"within_pairs=2768, cross_pairs=382"
HT50a,67,23,bigram_transition,0,1.0000,False,"threshold=0.012821, p25"
HT50a,67,23,boundary_entropy,11,1.0000,False,"threshold=1.0000, median=1.0000"
HT50a,67,23,consensus,0,0.0000,False,"4 strategies, 0 accepted"
HT50a,67,23,ground_truth,0,0.0000,False,0 divider(s)
HT50a,67,23,positional_profile,0,1.0000,False,"start=27, end=11, thr_start=0.333, thr_end=0.333"
HT50a,67,23,viterbi_hmm,19,1.0000,False,"within_pairs=2768, cross_pairs=382"
HT50b,68,8,bigram_transition,0,1.0000,False,"threshold=0.012821, p25"
HT50b,68,8,boundary_entropy,1,1.0000,False,"threshold=1.0000, median=1.0000"
HT50b,68,8,consensus,0,0.0000,False,"4 strategies, 0 accepted"
HT50b,68,8,ground_truth,0,0.0000,False,0 divider(s)
HT50b,68,8,positional_profile,0,1.0000,False,"start=27, end=11, thr_start=0.333, thr_end=0.333"
HT50b,68,8,viterbi_hmm,4,1.0000,False,"within_pairs=2768, cross_pairs=382"
HT51a,69,19,bigram_transition,3,1.0000,True,"threshold=0.012821, p25"
HT51a,69,19,boundary_entropy,11,1.0000,True,"threshold=1.0000, median=1.0000"
HT51a,69,19,consensus,3,0.9167,True,"4 strategies, 3 accepted"
HT51a,69,19,ground_truth,2,1.0000,True,2 divider(s)
HT51a,69,19,positional_profile,2,1.0000,True,"start=27, end=11, thr_start=0.333, thr_end=0.333"
HT51a,69,19,viterbi_hmm,8,1.0000,True,"within_pairs=2768, cross_pairs=382"
HT51b,70,16,bigram_transition,1,1.0000,False,"threshold=0.012821, p25"
HT51b,70,16,boundary_entropy,12,1.0000,False,"threshold=1.0000, median=1.0000"
HT51b,70,16,consensus,0,0.0000,False,"4 strategies, 0 accepted"
HT51b,70,16,ground_truth,0,0.0000,False,0 divider(s)
HT51b,70,16,positional_profile,0,1.0000,False,"start=27, end=11, thr_start=0.333, thr_end=0.333"
HT51b,70,16,viterbi_hmm,9,1.0000,False,"within_pairs=2768, cross_pairs=382"
HT52a,71,13,bigram_transition,2,1.0000,True,"threshold=0.012821, p25"
HT52a,71,13,boundary_entropy,8,1.0000,True,"threshold=1.0000, median=1.0000"
HT52a,71,13,consensus,2,1.0000,True,"4 strategies, 2 accepted"
HT52a,71,13,ground_truth,2,1.0000,True,2 divider(s)
HT52a,71,13,positional_profile,2,1.0000,True,"start=27, end=11, thr_start=0.333, thr_end=0.333"
HT52a,71,13,viterbi_hmm,4,1.0000,True,"within_pairs=2768, cross_pairs=382"
HT52b,72,9,bigram_transition,1,1.0000,True,"threshold=0.012821, p25"
HT52b,72,9,boundary_entropy,4,1.0000,True,"threshold=1.0000, median=1.0000"
HT52b,72,9,consensus,1,1.0000,True,"4 strategies, 1 accepted"
HT52b,72,9,ground_truth,1,1.0000,True,1 divider(s)
HT52b,72,9,positional_profile,1,1.0000,True,"start=27, end=11, thr_start=0.333, thr_end=0.333"
HT52b,72,9,viterbi_hmm,4,1.0000,True,"within_pairs=2768, cross_pairs=382"
HT53a,73,16,bigram_transition,2,1.0000,False,"threshold=0.012821, p25"
HT53a,73,16,boundary_entropy,11,1.0000,False,"threshold=1.0000, median=1.0000"
HT53a,73,16,consensus,0,0.0000,False,"4 strategies, 0 accepted"
HT53a,73,16,ground_truth,0,0.0000,False,0 divider(s)
HT53a,73,16,positional_profile,0,1.0000,False,"start=27, end=11, thr_start=0.333, thr_end=0.333"
HT53a,73,16,viterbi_hmm,2,1.0000,False,"within_pairs=2768, cross_pairs=382"
HT53b,74,12,bigram_transition,0,1.0000,False,"threshold=0.012821, p25"
HT53b,74,12,boundary_entropy,8,1.0000,False,"threshold=1.0000, median=1.0000"
HT53b,74,12,consensus,0,0.0000,False,"4 strategies, 0 accepted"
HT53b,74,12,ground_truth,0,0.0000,False,0 divider(s)
HT53b,74,12,positional_profile,0,1.0000,False,"start=27, end=11, thr_start=0.333, thr_end=0.333"
HT53b,74,12,viterbi_hmm,6,1.0000,False,"within_pairs=2768, cross_pairs=382"
HT54a,75,14,bigram_transition,1,1.0000,False,"threshold=0.012821, p25"
HT54a,75,14,boundary_entropy,13,1.0000,False,"threshold=1.0000, median=1.0000"
HT54a,75,14,consensus,0,0.0000,False,"4 strategies, 0 accepted"
HT54a,75,14,ground_truth,0,0.0000,False,0 divider(s)
HT54a,75,14,positional_profile,0,1.0000,False,"start=27, end=11, thr_start=0.333, thr_end=0.333"
HT54a,75,14,viterbi_hmm,5,1.0000,False,"within_pairs=2768, cross_pairs=382"
HT54b,76,7,bigram_transition,0,1.0000,False,"threshold=0.012821, p25"
HT54b,76,7,boundary_entropy,4,1.0000,False,"threshold=1.0000, median=1.0000"
HT54b,76,7,consensus,0,0.0000,False,"4 strategies, 0 accepted"
HT54b,76,7,ground_truth,0,0.0000,False,0 divider(s)
HT54b,76,7,positional_profile,0,1.0000,False,"start=27, end=11, thr_start=0.333, thr_end=0.333"
HT54b,76,7,viterbi_hmm,0,1.0000,False,"within_pairs=2768, cross_pairs=382"
HT55a,77,22,bigram_transition,3,1.0000,True,"threshold=0.012821, p25"
HT55a,77,22,boundary_entropy,11,1.0000,True,"threshold=1.0000, median=1.0000"
HT55a,77,22,consensus,1,1.0000,True,"4 strategies, 1 accepted"
HT55a,77,22,ground_truth,1,1.0000,True,1 divider(s)
HT55a,77,22,positional_profile,1,1.0000,True,"start=27, end=11, thr_start=0.333, thr_end=0.333"
HT55a,77,22,viterbi_hmm,1,1.0000,True,"within_pairs=2768, cross_pairs=382"
HT55b,78,13,bigram_transition,0,1.0000,False,"threshold=0.012821, p25"
HT55b,78,13,boundary_entropy,8,1.0000,False,"threshold=1.0000, median=1.0000"
HT55b,78,13,consensus,0,0.0000,False,"4 strategies, 0 accepted"
HT55b,78,13,ground_truth,0,0.0000,False,0 divider(s)
HT55b,78,13,positional_profile,0,1.0000,False,"start=27, end=11, thr_start=0.333, thr_end=0.333"
HT55b,78,13,viterbi_hmm,6,1.0000,False,"within_pairs=2768, cross_pairs=382"
HT56a,79,11,bigram_transition,2,1.0000,True,"threshold=0.012821, p25"
HT56a,79,11,boundary_entropy,6,1.0000,True,"threshold=1.0000, median=1.0000"
HT56a,79,11,consensus,1,1.0000,True,"4 strategies, 1 accepted"
HT56a,79,11,ground_truth,1,1.0000,True,1 divider(s)
HT56a,79,11,positional_profile,1,1.0000,True,"start=27, end=11, thr_start=0.333, thr_end=0.333"
HT56a,79,11,viterbi_hmm,2,1.0000,True,"within_pairs=2768, cross_pairs=382"
HT56b,80,6,bigram_transition,0,1.0000,False,"threshold=0.012821, p25"
HT56b,80,6,boundary_entropy,3,1.0000,False,"threshold=1.0000, median=1.0000"
HT56b,80,6,consensus,0,0.0000,False,"4 strategies, 0 accepted"
HT56b,80,6,ground_truth,0,0.0000,False,0 divider(s)
HT56b,80,6,positional_profile,0,1.0000,False,"start=27, end=11, thr_start=0.333, thr_end=0.333"
HT56b,80,6,viterbi_hmm,3,1.0000,False,"within_pairs=2768, cross_pairs=382"
HT57a,81,12,bigram_transition,0,1.0000,False,"threshold=0.012821, p25"
HT57a,81,12,boundary_entropy,9,1.0000,False,"threshold=1.0000, median=1.0000"
HT57a,81,12,consensus,0,0.0000,False,"4 strategies, 0 accepted"
HT57a,81,12,ground_truth,0,0.0000,False,0 divider(s)
HT57a,81,12,positional_profile,0,1.0000,False,"start=27, end=11, thr_start=0.333, thr_end=0.333"
HT57a,81,12,viterbi_hmm,2,1.0000,False,"within_pairs=2768, cross_pairs=382"
HT57b,82,5,bigram_transition,0,1.0000,False,"threshold=0.012821, p25"
HT57b,82,5,boundary_entropy,2,1.0000,False,"threshold=1.0000, median=1.0000"
HT57b,82,5,consensus,0,0.0000,False,"4 strategies, 0 accepted"
HT57b,82,5,ground_truth,0,0.0000,False,0 divider(s)
HT57b,82,5,positional_profile,0,1.0000,False,"start=27, end=11, thr_start=0.333, thr_end=0.333"
HT57b,82,5,viterbi_hmm,3,1.0000,False,"within_pairs=2768, cross_pairs=382"
HT58,83,23,bigram_transition,1,1.0000,True,"threshold=0.012821, p25"
HT58,83,23,boundary_entropy,10,1.0000,True,"threshold=1.0000, median=1.0000"
HT58,83,23,consensus,1,1.0000,True,"4 strategies, 1 accepted"
HT58,83,23,ground_truth,1,1.0000,True,1 divider(s)
HT58,83,23,positional_profile,1,1.0000,True,"start=27, end=11, thr_start=0.333, thr_end=0.333"
HT58,83,23,viterbi_hmm,1,1.0000,True,"within_pairs=2768, cross_pairs=382"
HT60,84,17,bigram_transition,0,1.0000,False,"threshold=0.012821, p25"
HT60,84,17,boundary_entropy,11,1.0000,False,"threshold=1.0000, median=1.0000"
HT60,84,17,consensus,0,0.0000,False,"4 strategies, 0 accepted"
HT60,84,17,ground_truth,0,0.0000,False,0 divider(s)
HT60,84,17,positional_profile,0,1.0000,False,"start=27, end=11, thr_start=0.333, thr_end=0.333"
HT60,84,17,viterbi_hmm,10,1.0000,False,"within_pairs=2768, cross_pairs=382"
HT61,85,8,bigram_transition,2,1.0000,True,"threshold=0.012821, p25"
HT61,85,8,boundary_entropy,4,1.0000,True,"threshold=1.0000, median=1.0000"
HT61,85,8,consensus,1,1.0000,True,"4 strategies, 1 accepted"
HT61,85,8,ground_truth,1,1.0000,True,1 divider(s)
HT61,85,8,positional_profile,1,1.0000,True,"start=27, end=11, thr_start=0.333, thr_end=0.333"
HT61,85,8,viterbi_hmm,3,1.0000,True,"within_pairs=2768, cross_pairs=382"
HT62+73,86,73,bigram_transition,7,1.0000,True,"threshold=0.012821, p25"
HT62+73,86,73,boundary_entropy,41,1.0000,True,"threshold=1.0000, median=1.0000"
HT62+73,86,73,consensus,5,1.0000,True,"4 strategies, 5 accepted"
HT62+73,86,73,ground_truth,5,1.0000,True,5 divider(s)
HT62+73,86,73,positional_profile,5,1.0000,True,"start=27, end=11, thr_start=0.333, thr_end=0.333"
HT62+73,86,73,viterbi_hmm,8,1.0000,True,"within_pairs=2768, cross_pairs=382"
HT63,87,15,bigram_transition,2,1.0000,True,"threshold=0.012821, p25"
HT63,87,15,boundary_entropy,7,1.0000,True,"threshold=1.0000, median=1.0000"
HT63,87,15,consensus,1,1.0000,True,"4 strategies, 1 accepted"
HT63,87,15,ground_truth,1,1.0000,True,1 divider(s)
HT63,87,15,positional_profile,1,1.0000,True,"start=27, end=11, thr_start=0.333, thr_end=0.333"
HT63,87,15,viterbi_hmm,4,1.0000,True,"within_pairs=2768, cross_pairs=382"
HT64,88,18,bigram_transition,2,1.0000,False,"threshold=0.012821, p25"
HT64,88,18,boundary_entropy,11,1.0000,False,"threshold=1.0000, median=1.0000"
HT64,88,18,consensus,0,0.0000,False,"4 strategies, 0 accepted"
HT64,88,18,ground_truth,0,0.0000,False,0 divider(s)
HT64,88,18,positional_profile,0,1.0000,False,"start=27, end=11, thr_start=0.333, thr_end=0.333"
HT64,88,18,viterbi_hmm,9,1.0000,False,"within_pairs=2768, cross_pairs=382"
HT65,89,4,bigram_transition,0,1.0000,False,"threshold=0.012821, p25"
HT65,89,4,boundary_entropy,1,1.0000,False,"threshold=1.0000, median=1.0000"
HT65,89,4,consensus,0,0.0000,False,"4 strategies, 0 accepted"
HT65,89,4,ground_truth,0,0.0000,False,0 divider(s)
HT65,89,4,positional_profile,0,1.0000,False,"start=27, end=11, thr_start=0.333, thr_end=0.333"
HT65,89,4,viterbi_hmm,1,1.0000,False,"within_pairs=2768, cross_pairs=382"
HT66,90,17,bigram_transition,2,1.0000,True,"threshold=0.012821, p25"
HT66,90,17,boundary_entropy,10,1.0000,True,"threshold=1.0000, median=1.0000"
HT66,90,17,consensus,2,1.0000,True,"4 strategies, 2 accepted"
HT66,90,17,ground_truth,2,1.0000,True,2 divider(s)
HT66,90,17,positional_profile,2,1.0000,True,"start=27, end=11, thr_start=0.333, thr_end=0.333"
HT66,90,17,viterbi_hmm,2,1.0000,True,"within_pairs=2768, cross_pairs=382"
HT67,91,14,bigram_transition,2,1.0000,True,"threshold=0.012821, p25"
HT67,91,14,boundary_entropy,4,1.0000,True,"threshold=1.0000, median=1.0000"
HT67,91,14,consensus,1,1.0000,True,"4 strategies, 1 accepted"
HT67,91,14,ground_truth,1,1.0000,True,1 divider(s)
HT67,91,14,positional_profile,1,1.0000,True,"start=27, end=11, thr_start=0.333, thr_end=0.333"
HT67,91,14,viterbi_hmm,3,1.0000,True,"within_pairs=2768, cross_pairs=382"
HT68,92,10,bigram_transition,2,1.0000,True,"threshold=0.012821, p25"
HT68,92,10,boundary_entropy,6,1.0000,True,"threshold=1.0000, median=1.0000"
HT68,92,10,consensus,2,1.0000,True,"4 strategies, 2 accepted"
HT68,92,10,ground_truth,2,1.0000,True,2 divider(s)
HT68,92,10,positional_profile,2,1.0000,True,"start=27, end=11, thr_start=0.333, thr_end=0.333"
HT68,92,10,viterbi_hmm,2,1.0000,True,"within_pairs=2768, cross_pairs=382"
HT69,93,17,bigram_transition,0,1.0000,False,"threshold=0.012821, p25"
HT69,93,17,boundary_entropy,7,1.0000,False,"threshold=1.0000, median=1.0000"
HT69,93,17,consensus,0,0.0000,False,"4 strategies, 0 accepted"
HT69,93,17,ground_truth,0,0.0000,False,0 divider(s)
HT69,93,17,positional_profile,0,1.0000,False,"start=27, end=11, thr_start=0.333, thr_end=0.333"
HT69,93,17,viterbi_hmm,5,1.0000,False,"within_pairs=2768, cross_pairs=382"
HT6a,6,46,bigram_transition,4,1.0000,True,"threshold=0.012821, p25"
HT6a,6,46,boundary_entropy,21,1.0000,True,"threshold=1.0000, median=1.0000"
HT6a,6,46,consensus,4,1.0000,True,"4 strategies, 4 accepted"
HT6a,6,46,ground_truth,4,1.0000,True,4 divider(s)
HT6a,6,46,positional_profile,4,1.0000,True,"start=27, end=11, thr_start=0.333, thr_end=0.333"
HT6a,6,46,viterbi_hmm,7,1.0000,True,"within_pairs=2768, cross_pairs=382"
HT6b,7,34,bigram_transition,0,1.0000,False,"threshold=0.012821, p25"
HT6b,7,34,boundary_entropy,16,1.0000,False,"threshold=1.0000, median=1.0000"
HT6b,7,34,consensus,0,0.0000,False,"4 strategies, 0 accepted"
HT6b,7,34,ground_truth,0,0.0000,False,0 divider(s)
HT6b,7,34,positional_profile,0,1.0000,False,"start=27, end=11, thr_start=0.333, thr_end=0.333"
HT6b,7,34,viterbi_hmm,20,1.0000,False,"within_pairs=2768, cross_pairs=382"
HT70,94,19,bigram_transition,1,1.0000,True,"threshold=0.012821, p25"
HT70,94,19,boundary_entropy,11,1.0000,True,"threshold=1.0000, median=1.0000"
HT70,94,19,consensus,1,1.0000,True,"4 strategies, 1 accepted"
HT70,94,19,ground_truth,1,1.0000,True,1 divider(s)
HT70,94,19,positional_profile,1,1.0000,True,"start=27, end=11, thr_start=0.333, thr_end=0.333"
HT70,94,19,viterbi_hmm,4,1.0000,True,"within_pairs=2768, cross_pairs=382"
HT72,95,6,bigram_transition,1,1.0000,True,"threshold=0.012821, p25"
HT72,95,6,boundary_entropy,4,1.0000,True,"threshold=1.0000, median=1.0000"
HT72,95,6,consensus,1,1.0000,True,"4 strategies, 1 accepted"
HT72,95,6,ground_truth,1,1.0000,True,1 divider(s)
HT72,95,6,positional_profile,1,1.0000,True,"start=27, end=11, thr_start=0.333, thr_end=0.333"
HT72,95,6,viterbi_hmm,1,1.0000,True,"within_pairs=2768, cross_pairs=382"
HT74,96,8,bigram_transition,1,1.0000,False,"threshold=0.012821, p25"
HT74,96,8,boundary_entropy,5,1.0000,False,"threshold=1.0000, median=1.0000"
HT74,96,8,consensus,0,0.0000,False,"4 strategies, 0 accepted"
HT74,96,8,ground_truth,0,0.0000,False,0 divider(s)
HT74,96,8,positional_profile,0,1.0000,False,"start=27, end=11, thr_start=0.333, thr_end=0.333"
HT74,96,8,viterbi_hmm,0,1.0000,False,"within_pairs=2768, cross_pairs=382"
HT75,97,5,bigram_transition,0,1.0000,False,"threshold=0.012821, p25"
HT75,97,5,boundary_entropy,4,1.0000,False,"threshold=1.0000, median=1.0000"
HT75,97,5,consensus,0,0.0000,False,"4 strategies, 0 accepted"
HT75,97,5,ground_truth,0,0.0000,False,0 divider(s)
HT75,97,5,positional_profile,0,1.0000,False,"start=27, end=11, thr_start=0.333, thr_end=0.333"
HT75,97,5,viterbi_hmm,1,1.0000,False,"within_pairs=2768, cross_pairs=382"
HT78,98,8,bigram_transition,0,1.0000,False,"threshold=0.012821, p25"
HT78,98,8,boundary_entropy,7,1.0000,False,"threshold=1.0000, median=1.0000"
HT78,98,8,consensus,0,0.0000,False,"4 strategies, 0 accepted"
HT78,98,8,ground_truth,0,0.0000,False,0 divider(s)
HT78,98,8,positional_profile,0,1.0000,False,"start=27, end=11, thr_start=0.333, thr_end=0.333"
HT78,98,8,viterbi_hmm,4,1.0000,False,"within_pairs=2768, cross_pairs=382"
HT79+83,99,31,bigram_transition,5,1.0000,True,"threshold=0.012821, p25"
HT79+83,99,31,boundary_entropy,21,1.0000,True,"threshold=1.0000, median=1.0000"
HT79+83,99,31,consensus,3,1.0000,True,"4 strategies, 3 accepted"
HT79+83,99,31,ground_truth,3,1.0000,True,3 divider(s)
HT79+83,99,31,positional_profile,3,1.0000,True,"start=27, end=11, thr_start=0.333, thr_end=0.333"
HT79+83,99,31,viterbi_hmm,5,1.0000,True,"within_pairs=2768, cross_pairs=382"
HT7a,8,21,bigram_transition,1,1.0000,True,"threshold=0.012821, p25"
HT7a,8,21,boundary_entropy,10,1.0000,True,"threshold=1.0000, median=1.0000"
HT7a,8,21,consensus,1,1.0000,True,"4 strategies, 1 accepted"
HT7a,8,21,ground_truth,1,1.0000,True,1 divider(s)
HT7a,8,21,positional_profile,1,1.0000,True,"start=27, end=11, thr_start=0.333, thr_end=0.333"
HT7a,8,21,viterbi_hmm,1,1.0000,True,"within_pairs=2768, cross_pairs=382"
HT7b,9,8,bigram_transition,0,1.0000,False,"threshold=0.012821, p25"
HT7b,9,8,boundary_entropy,4,1.0000,False,"threshold=1.0000, median=1.0000"
HT7b,9,8,consensus,0,0.0000,False,"4 strategies, 0 accepted"
HT7b,9,8,ground_truth,0,0.0000,False,0 divider(s)
HT7b,9,8,positional_profile,0,1.0000,False,"start=27, end=11, thr_start=0.333, thr_end=0.333"
HT7b,9,8,viterbi_hmm,3,1.0000,False,"within_pairs=2768, cross_pairs=382"
HT80,100,7,bigram_transition,1,1.0000,False,"threshold=0.012821, p25"
HT80,100,7,boundary_entropy,6,1.0000,False,"threshold=1.0000, median=1.0000"
HT80,100,7,consensus,1,0.7500,False,"4 strategies, 1 accepted"
HT80,100,7,ground_truth,0,0.0000,False,0 divider(s)
HT80,100,7,positional_profile,0,1.0000,False,"start=27, end=11, thr_start=0.333, thr_end=0.333"
HT80,100,7,viterbi_hmm,2,1.0000,False,"within_pairs=2768, cross_pairs=382"
HT81,101,15,bigram_transition,2,1.0000,True,"threshold=0.012821, p25"
HT81,101,15,boundary_entropy,12,1.0000,True,"threshold=1.0000, median=1.0000"
HT81,101,15,consensus,2,1.0000,True,"4 strategies, 2 accepted"
HT81,101,15,ground_truth,2,1.0000,True,2 divider(s)
HT81,101,15,positional_profile,2,1.0000,True,"start=27, end=11, thr_start=0.333, thr_end=0.333"
HT81,101,15,viterbi_hmm,2,1.0000,True,"within_pairs=2768, cross_pairs=382"
HT82,102,9,bigram_transition,0,1.0000,False,"threshold=0.012821, p25"
HT82,102,9,boundary_entropy,3,1.0000,False,"threshold=1.0000, median=1.0000"
HT82,102,9,consensus,0,0.0000,False,"4 strategies, 0 accepted"
HT82,102,9,ground_truth,0,0.0000,False,0 divider(s)
HT82,102,9,positional_profile,0,1.0000,False,"start=27, end=11, thr_start=0.333, thr_end=0.333"
HT82,102,9,viterbi_hmm,5,1.0000,False,"within_pairs=2768, cross_pairs=382"
HT84,103,12,bigram_transition,2,1.0000,True,"threshold=0.012821, p25"
HT84,103,12,boundary_entropy,10,1.0000,True,"threshold=1.0000, median=1.0000"
HT84,103,12,consensus,2,0.8750,True,"4 strategies, 2 accepted"
HT84,103,12,ground_truth,1,1.0000,True,1 divider(s)
HT84,103,12,positional_profile,2,1.0000,True,"start=27, end=11, thr_start=0.333, thr_end=0.333"
HT84,103,12,viterbi_hmm,2,1.0000,True,"within_pairs=2768, cross_pairs=382"
HT85a,104,41,bigram_transition,3,1.0000,True,"threshold=0.012821, p25"
HT85a,104,41,boundary_entropy,18,1.0000,True,"threshold=1.0000, median=1.0000"
HT85a,104,41,consensus,3,1.0000,True,"4 strategies, 3 accepted"
HT85a,104,41,ground_truth,3,1.0000,True,3 divider(s)
HT85a,104,41,positional_profile,3,1.0000,True,"start=27, end=11, thr_start=0.333, thr_end=0.333"
HT85a,104,41,viterbi_hmm,3,1.0000,True,"within_pairs=2768, cross_pairs=382"
HT85b,105,41,bigram_transition,1,1.0000,True,"threshold=0.012821, p25"
HT85b,105,41,boundary_entropy,18,1.0000,True,"threshold=1.0000, median=1.0000"
HT85b,105,41,consensus,1,1.0000,True,"4 strategies, 1 accepted"
HT85b,105,41,ground_truth,1,1.0000,True,1 divider(s)
HT85b,105,41,positional_profile,1,1.0000,True,"start=27, end=11, thr_start=0.333, thr_end=0.333"
HT85b,105,41,viterbi_hmm,5,1.0000,True,"within_pairs=2768, cross_pairs=382"
HT86a,106,32,bigram_transition,2,1.0000,True,"threshold=0.012821, p25"
HT86a,106,32,boundary_entropy,16,1.0000,True,"threshold=1.0000, median=1.0000"
HT86a,106,32,consensus,2,1.0000,True,"4 strategies, 2 accepted"
HT86a,106,32,ground_truth,2,1.0000,True,2 divider(s)
HT86a,106,32,positional_profile,2,1.0000,True,"start=27, end=11, thr_start=0.333, thr_end=0.333"
HT86a,106,32,viterbi_hmm,3,1.0000,True,"within_pairs=2768, cross_pairs=382"
HT86b,107,14,bigram_transition,1,1.0000,True,"threshold=0.012821, p25"
HT86b,107,14,boundary_entropy,7,1.0000,True,"threshold=1.0000, median=1.0000"
HT86b,107,14,consensus,1,1.0000,True,"4 strategies, 1 accepted"
HT86b,107,14,ground_truth,1,1.0000,True,1 divider(s)
HT86b,107,14,positional_profile,1,1.0000,True,"start=27, end=11, thr_start=0.333, thr_end=0.333"
HT86b,107,14,viterbi_hmm,2,1.0000,True,"within_pairs=2768, cross_pairs=382"
HT87,108,38,bigram_transition,3,1.0000,True,"threshold=0.012821, p25"
HT87,108,38,boundary_entropy,23,1.0000,True,"threshold=1.0000, median=1.0000"
HT87,108,38,consensus,3,1.0000,True,"4 strategies, 3 accepted"
HT87,108,38,ground_truth,3,1.0000,True,3 divider(s)
HT87,108,38,positional_profile,3,1.0000,True,"start=27, end=11, thr_start=0.333, thr_end=0.333"
HT87,108,38,viterbi_hmm,7,1.0000,True,"within_pairs=2768, cross_pairs=382"
HT88,109,42,bigram_transition,2,1.0000,True,"threshold=0.012821, p25"
HT88,109,42,boundary_entropy,20,1.0000,True,"threshold=1.0000, median=1.0000"
HT88,109,42,consensus,2,1.0000,True,"4 strategies, 2 accepted"
HT88,109,42,ground_truth,2,1.0000,True,2 divider(s)
HT88,109,42,positional_profile,2,1.0000,True,"start=27, end=11, thr_start=0.333, thr_end=0.333"
HT88,109,42,viterbi_hmm,2,1.0000,True,"within_pairs=2768, cross_pairs=382"
HT89,110,36,bigram_transition,2,1.0000,True,"threshold=0.012821, p25"
HT89,110,36,boundary_entropy,10,1.0000,True,"threshold=1.0000, median=1.0000"
HT89,110,36,consensus,2,1.0000,True,"4 strategies, 2 accepted"
HT89,110,36,ground_truth,2,1.0000,True,2 divider(s)
HT89,110,36,positional_profile,2,1.0000,True,"start=27, end=11, thr_start=0.333, thr_end=0.333"
HT89,110,36,viterbi_hmm,9,1.0000,True,"within_pairs=2768, cross_pairs=382"
HT8a,10,29,bigram_transition,0,1.0000,False,"threshold=0.012821, p25"
HT8a,10,29,boundary_entropy,19,1.0000,False,"threshold=1.0000, median=1.0000"
HT8a,10,29,consensus,0,0.0000,False,"4 strategies, 0 accepted"
HT8a,10,29,ground_truth,0,0.0000,False,0 divider(s)
HT8a,10,29,positional_profile,0,1.0000,False,"start=27, end=11, thr_start=0.333, thr_end=0.333"
HT8a,10,29,viterbi_hmm,15,1.0000,False,"within_pairs=2768, cross_pairs=382"
HT8b,11,26,bigram_transition,0,1.0000,False,"threshold=0.012821, p25"
HT8b,11,26,boundary_entropy,15,1.0000,False,"threshold=1.0000, median=1.0000"
HT8b,11,26,consensus,0,0.0000,False,"4 strategies, 0 accepted"
HT8b,11,26,ground_truth,0,0.0000,False,0 divider(s)
HT8b,11,26,positional_profile,0,1.0000,False,"start=27, end=11, thr_start=0.333, thr_end=0.333"
HT8b,11,26,viterbi_hmm,13,1.0000,False,"within_pairs=2768, cross_pairs=382"
HT90,111,25,bigram_transition,0,1.0000,False,"threshold=0.012821, p25"
HT90,111,25,boundary_entropy,11,1.0000,False,"threshold=1.0000, median=1.0000"
HT90,111,25,consensus,0,0.0000,False,"4 strategies, 0 accepted"
HT90,111,25,ground_truth,0,0.0000,False,0 divider(s)
HT90,111,25,positional_profile,0,1.0000,False,"start=27, end=11, thr_start=0.333, thr_end=0.333"
HT90,111,25,viterbi_hmm,11,1.0000,False,"within_pairs=2768, cross_pairs=382"
HT91,112,33,bigram_transition,4,1.0000,True,"threshold=0.012821, p25"
HT91,112,33,boundary_entropy,18,1.0000,True,"threshold=1.0000, median=1.0000"
HT91,112,33,consensus,4,1.0000,True,"4 strategies, 4 accepted"
HT91,112,33,ground_truth,4,1.0000,True,4 divider(s)
HT91,112,33,positional_profile,4,1.0000,True,"start=27, end=11, thr_start=0.333, thr_end=0.333"
HT91,112,33,viterbi_hmm,10,1.0000,True,"within_pairs=2768, cross_pairs=382"
HT92,113,11,bigram_transition,2,1.0000,True,"threshold=0.012821, p25"
HT92,113,11,boundary_entropy,3,1.0000,True,"threshold=1.0000, median=1.0000"
HT92,113,11,consensus,2,1.0000,True,"4 strategies, 2 accepted"
HT92,113,11,ground_truth,2,1.0000,True,2 divider(s)
HT92,113,11,positional_profile,2,1.0000,True,"start=27, end=11, thr_start=0.333, thr_end=0.333"
HT92,113,11,viterbi_hmm,7,1.0000,True,"within_pairs=2768, cross_pairs=382"
HT93a,114,78,bigram_transition,6,1.0000,True,"threshold=0.012821, p25"
HT93a,114,78,boundary_entropy,37,1.0000,True,"threshold=1.0000, median=1.0000"
HT93a,114,78,consensus,6,1.0000,True,"4 strategies, 6 accepted"
HT93a,114,78,ground_truth,6,1.0000,True,6 divider(s)
HT93a,114,78,positional_profile,6,1.0000,True,"start=27, end=11, thr_start=0.333, thr_end=0.333"
HT93a,114,78,viterbi_hmm,15,1.0000,True,"within_pairs=2768, cross_pairs=382"
HT93b,115,8,bigram_transition,0,1.0000,False,"threshold=0.012821, p25"
HT93b,115,8,boundary_entropy,3,1.0000,False,"threshold=1.0000, median=1.0000"
HT93b,115,8,consensus,0,0.0000,False,"4 strategies, 0 accepted"
HT93b,115,8,ground_truth,0,0.0000,False,0 divider(s)
HT93b,115,8,positional_profile,0,1.0000,False,"start=27, end=11, thr_start=0.333, thr_end=0.333"
HT93b,115,8,viterbi_hmm,4,1.0000,False,"within_pairs=2768, cross_pairs=382"
HT94a,116,43,bigram_transition,0,1.0000,False,"threshold=0.012821, p25"
HT94a,116,43,boundary_entropy,14,1.0000,False,"threshold=1.0000, median=1.0000"
HT94a,116,43,consensus,0,0.0000,False,"4 strategies, 0 accepted"
HT94a,116,43,ground_truth,0,0.0000,False,0 divider(s)
HT94a,116,43,positional_profile,0,1.0000,False,"start=27, end=11, thr_start=0.333, thr_end=0.333"
HT94a,116,43,viterbi_hmm,24,1.0000,False,"within_pairs=2768, cross_pairs=382"
HT94b,117,38,bigram_transition,4,1.0000,True,"threshold=0.012821, p25"
HT94b,117,38,boundary_entropy,19,1.0000,True,"threshold=1.0000, median=1.0000"
HT94b,117,38,consensus,4,1.0000,True,"4 strategies, 4 accepted"
HT94b,117,38,ground_truth,4,1.0000,True,4 divider(s)
HT94b,117,38,positional_profile,4,1.0000,True,"start=27, end=11, thr_start=0.333, thr_end=0.333"
HT94b,117,38,viterbi_hmm,4,1.0000,True,"within_pairs=2768, cross_pairs=382"
HT95a,118,28,bigram_transition,1,1.0000,True,"threshold=0.012821, p25"
HT95a,118,28,boundary_entropy,15,1.0000,True,"threshold=1.0000, median=1.0000"
HT95a,118,28,consensus,1,1.0000,True,"4 strategies, 1 accepted"
HT95a,118,28,ground_truth,1,1.0000,True,1 divider(s)
HT95a,118,28,positional_profile,1,1.0000,True,"start=27, end=11, thr_start=0.333, thr_end=0.333"
HT95a,118,28,viterbi_hmm,2,1.0000,True,"within_pairs=2768, cross_pairs=382"
HT95b,119,28,bigram_transition,3,1.0000,True,"threshold=0.012821, p25"
HT95b,119,28,boundary_entropy,14,1.0000,True,"threshold=1.0000, median=1.0000"
HT95b,119,28,consensus,2,1.0000,True,"4 strategies, 2 accepted"
HT95b,119,28,ground_truth,2,1.0000,True,2 divider(s)
HT95b,119,28,positional_profile,2,1.0000,True,"start=27, end=11, thr_start=0.333, thr_end=0.333"
HT95b,119,28,viterbi_hmm,3,1.0000,True,"within_pairs=2768, cross_pairs=382"
HT96a,120,49,bigram_transition,6,1.0000,True,"threshold=0.012821, p25"
HT96a,120,49,boundary_entropy,29,1.0000,True,"threshold=1.0000, median=1.0000"
HT96a,120,49,consensus,6,1.0000,True,"4 strategies, 6 accepted"
HT96a,120,49,ground_truth,6,1.0000,True,6 divider(s)
HT96a,120,49,positional_profile,6,1.0000,True,"start=27, end=11, thr_start=0.333, thr_end=0.333"
HT96a,120,49,viterbi_hmm,11,1.0000,True,"within_pairs=2768, cross_pairs=382"
HT96b,121,22,bigram_transition,4,1.0000,True,"threshold=0.012821, p25"
HT96b,121,22,boundary_entropy,11,1.0000,True,"threshold=1.0000, median=1.0000"
HT96b,121,22,consensus,4,1.0000,True,"4 strategies, 4 accepted"
HT96b,121,22,ground_truth,4,1.0000,True,4 divider(s)
HT96b,121,22,positional_profile,4,1.0000,True,"start=27, end=11, thr_start=0.333, thr_end=0.333"
HT96b,121,22,viterbi_hmm,10,1.0000,True,"within_pairs=2768, cross_pairs=382"
HT97a,122,48,bigram_transition,3,1.0000,True,"threshold=0.012821, p25"
HT97a,122,48,boundary_entropy,15,1.0000,True,"threshold=1.0000, median=1.0000"
HT97a,122,48,consensus,3,1.0000,True,"4 strategies, 3 accepted"
HT97a,122,48,ground_truth,3,1.0000,True,3 divider(s)
HT97a,122,48,positional_profile,3,1.0000,True,"start=27, end=11, thr_start=0.333, thr_end=0.333"
HT97a,122,48,viterbi_hmm,10,1.0000,True,"within_pairs=2768, cross_pairs=382"
HT97b,123,2,bigram_transition,0,1.0000,False,"threshold=0.012821, p25"
HT97b,123,2,boundary_entropy,1,1.0000,False,"threshold=1.0000, median=1.0000"
HT97b,123,2,consensus,0,0.0000,False,"4 strategies, 0 accepted"
HT97b,123,2,ground_truth,0,0.0000,False,0 divider(s)
HT97b,123,2,positional_profile,0,1.0000,False,"start=27, end=11, thr_start=0.333, thr_end=0.333"
HT97b,123,2,viterbi_hmm,0,1.0000,False,"within_pairs=2768, cross_pairs=382"
HT98a,124,28,bigram_transition,2,1.0000,False,"threshold=0.012821, p25"
HT98a,124,28,boundary_entropy,22,1.0000,False,"threshold=1.0000, median=1.0000"
HT98a,124,28,consensus,2,0.7500,False,"4 strategies, 2 accepted"
HT98a,124,28,ground_truth,0,0.0000,False,0 divider(s)
HT98a,124,28,positional_profile,0,1.0000,False,"start=27, end=11, thr_start=0.333, thr_end=0.333"
HT98a,124,28,viterbi_hmm,21,1.0000,False,"within_pairs=2768, cross_pairs=382"
HT98b,125,12,bigram_transition,2,1.0000,False,"threshold=0.012821, p25"
HT98b,125,12,boundary_entropy,10,1.0000,False,"threshold=1.0000, median=1.0000"
HT98b,125,12,consensus,1,0.7500,False,"4 strategies, 1 accepted"
HT98b,125,12,ground_truth,0,0.0000,False,0 divider(s)
HT98b,125,12,positional_profile,0,1.0000,False,"start=27, end=11, thr_start=0.333, thr_end=0.333"
HT98b,125,12,viterbi_hmm,7,1.0000,False,"within_pairs=2768, cross_pairs=382"
HT99a,126,16,bigram_transition,1,1.0000,True,"threshold=0.012821, p25"
HT99a,126,16,boundary_entropy,6,1.0000,True,"threshold=1.0000, median=1.0000"
HT99a,126,16,consensus,1,1.0000,True,"4 strategies, 1 accepted"
HT99a,126,16,ground_truth,1,1.0000,True,1 divider(s)
HT99a,126,16,positional_profile,1,1.0000,True,"start=27, end=11, thr_start=0.333, thr_end=0.333"
HT99a,126,16,viterbi_hmm,1,1.0000,True,"within_pairs=2768, cross_pairs=382"
HT99b,127,14,bigram_transition,0,1.0000,False,"threshold=0.012821, p25"
HT99b,127,14,boundary_entropy,6,1.0000,False,"threshold=1.0000, median=1.0000"
HT99b,127,14,consensus,0,0.0000,False,"4 strategies, 0 accepted"
HT99b,127,14,ground_truth,0,0.0000,False,0 divider(s)
HT99b,127,14,positional_profile,0,1.0000,False,"start=27, end=11, thr_start=0.333, thr_end=0.333"
HT99b,127,14,viterbi_hmm,9,1.0000,False,"within_pairs=2768, cross_pairs=382"
HT9a,12,41,bigram_transition,4,1.0000,True,"threshold=0.012821, p25"
HT9a,12,41,boundary_entropy,19,1.0000,True,"threshold=1.0000, median=1.0000"
HT9a,12,41,consensus,4,1.0000,True,"4 strategies, 4 accepted"
HT9a,12,41,ground_truth,4,1.0000,True,4 divider(s)
HT9a,12,41,positional_profile,4,1.0000,True,"start=27, end=11, thr_start=0.333, thr_end=0.333"
HT9a,12,41,viterbi_hmm,5,1.0000,True,"within_pairs=2768, cross_pairs=382"
HT9b,13,38,bigram_transition,2,1.0000,True,"threshold=0.012821, p25"
HT9b,13,38,boundary_entropy,19,1.0000,True,"threshold=1.0000, median=1.0000"
HT9b,13,38,consensus,2,1.0000,True,"4 strategies, 2 accepted"
HT9b,13,38,ground_truth,2,1.0000,True,2 divider(s)
HT9b,13,38,positional_profile,2,1.0000,True,"start=27, end=11, thr_start=0.333, thr_end=0.333"
HT9b,13,38,viterbi_hmm,2,1.0000,True,"within_pairs=2768, cross_pairs=382"
HTW231a,200,1,bigram_transition,0,1.0000,False,"threshold=0.012821, p25"
HTW231a,200,1,boundary_entropy,0,1.0000,False,"threshold=1.0000, median=1.0000"
HTW231a,200,1,consensus,0,0.0000,False,"4 strategies, 0 accepted"
HTW231a,200,1,ground_truth,0,0.0000,False,0 divider(s)
HTW231a,200,1,positional_profile,0,1.0000,False,"start=27, end=11, thr_start=0.333, thr_end=0.333"
HTW231a,200,1,viterbi_hmm,0,1.0000,False,too short
HTW231b,201,1,bigram_transition,0,1.0000,False,"threshold=0.012821, p25"
HTW231b,201,1,boundary_entropy,0,1.0000,False,"threshold=1.0000, median=1.0000"
HTW231b,201,1,consensus,0,0.0000,False,"4 strategies, 0 accepted"
HTW231b,201,1,ground_truth,0,0.0000,False,0 divider(s)
HTW231b,201,1,positional_profile,0,1.0000,False,"start=27, end=11, thr_start=0.333, thr_end=0.333"
HTW231b,201,1,viterbi_hmm,0,1.0000,False,too short
HTW231c,202,3,bigram_transition,1,1.0000,True,"threshold=0.012821, p25"
HTW231c,202,3,boundary_entropy,1,1.0000,True,"threshold=1.0000, median=1.0000"
HTW231c,202,3,consensus,1,1.0000,True,"4 strategies, 1 accepted"
HTW231c,202,3,ground_truth,1,1.0000,True,1 divider(s)
HTW231c,202,3,positional_profile,1,1.0000,True,"start=27, end=11, thr_start=0.333, thr_end=0.333"
HTW231c,202,3,viterbi_hmm,1,1.0000,True,"within_pairs=2768, cross_pairs=382"
HTW231d-f,203,4,bigram_transition,0,1.0000,False,"threshold=0.012821, p25"
HTW231d-f,203,4,boundary_entropy,0,1.0000,False,"threshold=1.0000, median=1.0000"
HTW231d-f,203,4,consensus,0,0.0000,False,"4 strategies, 0 accepted"
HTW231d-f,203,4,ground_truth,0,0.0000,False,0 divider(s)
HTW231d-f,203,4,positional_profile,0,1.0000,False,"start=27, end=11, thr_start=0.333, thr_end=0.333"
HTW231d-f,203,4,viterbi_hmm,1,1.0000,False,"within_pairs=2768, cross_pairs=382"
HTWa1001,204,2,bigram_transition,0,1.0000,False,"threshold=0.012821, p25"
HTWa1001,204,2,boundary_entropy,1,1.0000,False,"threshold=1.0000, median=1.0000"
HTWa1001,204,2,consensus,0,0.0000,False,"4 strategies, 0 accepted"
HTWa1001,204,2,ground_truth,0,0.0000,False,0 divider(s)
HTWa1001,204,2,positional_profile,0,1.0000,False,"start=27, end=11, thr_start=0.333, thr_end=0.333"
HTWa1001,204,2,viterbi_hmm,1,1.0000,False,"within_pairs=2768, cross_pairs=382"
HTWa1002,205,2,bigram_transition,0,1.0000,False,"threshold=0.012821, p25"
HTWa1002,205,2,boundary_entropy,1,1.0000,False,"threshold=1.0000, median=1.0000"
HTWa1002,205,2,consensus,0,0.0000,False,"4 strategies, 0 accepted"
HTWa1002,205,2,ground_truth,0,0.0000,False,0 divider(s)
HTWa1002,205,2,positional_profile,0,1.0000,False,"start=27, end=11, thr_start=0.333, thr_end=0.333"
HTWa1002,205,2,viterbi_hmm,1,1.0000,False,"within_pairs=2768, cross_pairs=382"
HTWa1003,206,2,bigram_transition,0,1.0000,False,"threshold=0.012821, p25"
HTWa1003,206,2,boundary_entropy,1,1.0000,False,"threshold=1.0000, median=1.0000"
HTWa1003,206,2,consensus,0,0.0000,False,"4 strategies, 0 accepted"
HTWa1003,206,2,ground_truth,0,0.0000,False,0 divider(s)
HTWa1003,206,2,positional_profile,0,1.0000,False,"start=27, end=11, thr_start=0.333, thr_end=0.333"
HTWa1003,206,2,viterbi_hmm,1,1.0000,False,"within_pairs=2768, cross_pairs=382"
HTWa1004,207,2,bigram_transition,0,1.0000,False,"threshold=0.012821, p25"
HTWa1004,207,2,boundary_entropy,1,1.0000,False,"threshold=1.0000, median=1.0000"
HTWa1004,207,2,consensus,0,0.0000,False,"4 strategies, 0 accepted"
HTWa1004,207,2,ground_truth,0,0.0000,False,0 divider(s)
HTWa1004,207,2,positional_profile,0,1.0000,False,"start=27, end=11, thr_start=0.333, thr_end=0.333"
HTWa1004,207,2,viterbi_hmm,1,1.0000,False,"within_pairs=2768, cross_pairs=382"
HTWa1005,208,2,bigram_transition,0,1.0000,False,"threshold=0.012821, p25"
HTWa1005,208,2,boundary_entropy,1,1.0000,False,"threshold=1.0000, median=1.0000"
HTWa1005,208,2,consensus,0,0.0000,False,"4 strategies, 0 accepted"
HTWa1005,208,2,ground_truth,0,0.0000,False,0 divider(s)
HTWa1005,208,2,positional_profile,0,1.0000,False,"start=27, end=11, thr_start=0.333, thr_end=0.333"
HTWa1005,208,2,viterbi_hmm,1,1.0000,False,"within_pairs=2768, cross_pairs=382"
HTWa1006,209,2,bigram_transition,0,1.0000,False,"threshold=0.012821, p25"
HTWa1006,209,2,boundary_entropy,1,1.0000,False,"threshold=1.0000, median=1.0000"
HTWa1006,209,2,consensus,0,0.0000,False,"4 strategies, 0 accepted"
HTWa1006,209,2,ground_truth,0,0.0000,False,0 divider(s)
HTWa1006,209,2,positional_profile,0,1.0000,False,"start=27, end=11, thr_start=0.333, thr_end=0.333"
HTWa1006,209,2,viterbi_hmm,1,1.0000,False,"within_pairs=2768, cross_pairs=382"
HTWa1007,210,2,bigram_transition,0,1.0000,False,"threshold=0.012821, p25"
HTWa1007,210,2,boundary_entropy,1,1.0000,False,"threshold=1.0000, median=1.0000"
HTWa1007,210,2,consensus,0,0.0000,False,"4 strategies, 0 accepted"
HTWa1007,210,2,ground_truth,0,0.0000,False,0 divider(s)
HTWa1007,210,2,positional_profile,0,1.0000,False,"start=27, end=11, thr_start=0.333, thr_end=0.333"
HTWa1007,210,2,viterbi_hmm,1,1.0000,False,"within_pairs=2768, cross_pairs=382"
HTWa1008,211,2,bigram_transition,0,1.0000,False,"threshold=0.012821, p25"
HTWa1008,211,2,boundary_entropy,1,1.0000,False,"threshold=1.0000, median=1.0000"
HTWa1008,211,2,consensus,0,0.0000,False,"4 strategies, 0 accepted"
HTWa1008,211,2,ground_truth,0,0.0000,False,0 divider(s)
HTWa1008,211,2,positional_profile,0,1.0000,False,"start=27, end=11, thr_start=0.333, thr_end=0.333"
HTWa1008,211,2,viterbi_hmm,1,1.0000,False,"within_pairs=2768, cross_pairs=382"
HTWa1009,212,2,bigram_transition,0,1.0000,False,"threshold=0.012821, p25"
HTWa1009,212,2,boundary_entropy,1,1.0000,False,"threshold=1.0000, median=1.0000"
HTWa1009,212,2,consensus,0,0.0000,False,"4 strategies, 0 accepted"
HTWa1009,212,2,ground_truth,0,0.0000,False,0 divider(s)
HTWa1009,212,2,positional_profile,0,1.0000,False,"start=27, end=11, thr_start=0.333, thr_end=0.333"
HTWa1009,212,2,viterbi_hmm,1,1.0000,False,"within_pairs=2768, cross_pairs=382"
HTWa1010,213,2,bigram_transition,0,1.0000,False,"threshold=0.012821, p25"
HTWa1010,213,2,boundary_entropy,1,1.0000,False,"threshold=1.0000, median=1.0000"
HTWa1010,213,2,consensus,0,0.0000,False,"4 strategies, 0 accepted"
HTWa1010,213,2,ground_truth,0,0.0000,False,0 divider(s)
HTWa1010,213,2,positional_profile,0,1.0000,False,"start=27, end=11, thr_start=0.333, thr_end=0.333"
HTWa1010,213,2,viterbi_hmm,1,1.0000,False,"within_pairs=2768, cross_pairs=382"
HTWa1011,214,2,bigram_transition,0,1.0000,False,"threshold=0.012821, p25"
HTWa1011,214,2,boundary_entropy,1,1.0000,False,"threshold=1.0000, median=1.0000"
HTWa1011,214,2,consensus,0,0.0000,False,"4 strategies, 0 accepted"
HTWa1011,214,2,ground_truth,0,0.0000,False,0 divider(s)
HTWa1011,214,2,positional_profile,0,1.0000,False,"start=27, end=11, thr_start=0.333, thr_end=0.333"
HTWa1011,214,2,viterbi_hmm,1,1.0000,False,"within_pairs=2768, cross_pairs=382"
HTWa1012,215,2,bigram_transition,0,1.0000,False,"threshold=0.012821, p25"
HTWa1012,215,2,boundary_entropy,1,1.0000,False,"threshold=1.0000, median=1.0000"
HTWa1012,215,2,consensus,0,0.0000,False,"4 strategies, 0 accepted"
HTWa1012,215,2,ground_truth,0,0.0000,False,0 divider(s)
HTWa1012,215,2,positional_profile,0,1.0000,False,"start=27, end=11, thr_start=0.333, thr_end=0.333"
HTWa1012,215,2,viterbi_hmm,1,1.0000,False,"within_pairs=2768, cross_pairs=382"
HTWa1013,216,2,bigram_transition,0,1.0000,False,"threshold=0.012821, p25"
HTWa1013,216,2,boundary_entropy,1,1.0000,False,"threshold=1.0000, median=1.0000"
HTWa1013,216,2,consensus,0,0.0000,False,"4 strategies, 0 accepted"
HTWa1013,216,2,ground_truth,0,0.0000,False,0 divider(s)
HTWa1013,216,2,positional_profile,0,1.0000,False,"start=27, end=11, thr_start=0.333, thr_end=0.333"
HTWa1013,216,2,viterbi_hmm,1,1.0000,False,"within_pairs=2768, cross_pairs=382"
HTWa1014,217,2,bigram_transition,0,1.0000,False,"threshold=0.012821, p25"
HTWa1014,217,2,boundary_entropy,1,1.0000,False,"threshold=1.0000, median=1.0000"
HTWa1014,217,2,consensus,0,0.0000,False,"4 strategies, 0 accepted"
HTWa1014,217,2,ground_truth,0,0.0000,False,0 divider(s)
HTWa1014,217,2,positional_profile,0,1.0000,False,"start=27, end=11, thr_start=0.333, thr_end=0.333"
HTWa1014,217,2,viterbi_hmm,1,1.0000,False,"within_pairs=2768, cross_pairs=382"
HTWa1015,218,2,bigram_transition,0,1.0000,False,"threshold=0.012821, p25"
HTWa1015,218,2,boundary_entropy,1,1.0000,False,"threshold=1.0000, median=1.0000"
HTWa1015,218,2,consensus,0,0.0000,False,"4 strategies, 0 accepted"
HTWa1015,218,2,ground_truth,0,0.0000,False,0 divider(s)
HTWa1015,218,2,positional_profile,0,1.0000,False,"start=27, end=11, thr_start=0.333, thr_end=0.333"
HTWa1015,218,2,viterbi_hmm,1,1.0000,False,"within_pairs=2768, cross_pairs=382"
HTWa1016,219,2,bigram_transition,0,1.0000,False,"threshold=0.012821, p25"
HTWa1016,219,2,boundary_entropy,1,1.0000,False,"threshold=1.0000, median=1.0000"
HTWa1016,219,2,consensus,0,0.0000,False,"4 strategies, 0 accepted"
HTWa1016,219,2,ground_truth,0,0.0000,False,0 divider(s)
HTWa1016,219,2,positional_profile,0,1.0000,False,"start=27, end=11, thr_start=0.333, thr_end=0.333"
HTWa1016,219,2,viterbi_hmm,1,1.0000,False,"within_pairs=2768, cross_pairs=382"
HTWa1017,220,2,bigram_transition,0,1.0000,False,"threshold=0.012821, p25"
HTWa1017,220,2,boundary_entropy,1,1.0000,False,"threshold=1.0000, median=1.0000"
HTWa1017,220,2,consensus,0,0.0000,False,"4 strategies, 0 accepted"
HTWa1017,220,2,ground_truth,0,0.0000,False,0 divider(s)
HTWa1017,220,2,positional_profile,0,1.0000,False,"start=27, end=11, thr_start=0.333, thr_end=0.333"
HTWa1017,220,2,viterbi_hmm,1,1.0000,False,"within_pairs=2768, cross_pairs=382"
HTWa1018,221,2,bigram_transition,0,1.0000,False,"threshold=0.012821, p25"
HTWa1018,221,2,boundary_entropy,1,1.0000,False,"threshold=1.0000, median=1.0000"
HTWa1018,221,2,consensus,0,0.0000,False,"4 strategies, 0 accepted"
HTWa1018,221,2,ground_truth,0,0.0000,False,0 divider(s)
HTWa1018,221,2,positional_profile,0,1.0000,False,"start=27, end=11, thr_start=0.333, thr_end=0.333"
HTWa1018,221,2,viterbi_hmm,1,1.0000,False,"within_pairs=2768, cross_pairs=382"
HTWa1019,222,5,bigram_transition,0,1.0000,False,"threshold=0.012821, p25"
HTWa1019,222,5,boundary_entropy,4,1.0000,False,"threshold=1.0000, median=1.0000"
HTWa1019,222,5,consensus,0,0.0000,False,"4 strategies, 0 accepted"
HTWa1019,222,5,ground_truth,0,0.0000,False,0 divider(s)
HTWa1019,222,5,positional_profile,0,1.0000,False,"start=27, end=11, thr_start=0.333, thr_end=0.333"
HTWa1019,222,5,viterbi_hmm,1,1.0000,False,"within_pairs=2768, cross_pairs=382"
HTWa1020,223,7,bigram_transition,0,1.0000,False,"threshold=0.012821, p25"
HTWa1020,223,7,boundary_entropy,6,1.0000,False,"threshold=1.0000, median=1.0000"
HTWa1020,223,7,consensus,0,0.0000,False,"4 strategies, 0 accepted"
HTWa1020,223,7,ground_truth,0,0.0000,False,0 divider(s)
HTWa1020,223,7,positional_profile,0,1.0000,False,"start=27, end=11, thr_start=0.333, thr_end=0.333"
HTWa1020,223,7,viterbi_hmm,3,1.0000,False,"within_pairs=2768, cross_pairs=382"
HTWa1021,224,6,bigram_transition,1,1.0000,True,"threshold=0.012821, p25"
HTWa1021,224,6,boundary_entropy,2,1.0000,True,"threshold=1.0000, median=1.0000"
HTWa1021,224,6,consensus,1,1.0000,True,"4 strategies, 1 accepted"
HTWa1021,224,6,ground_truth,1,1.0000,True,1 divider(s)
HTWa1021,224,6,positional_profile,1,1.0000,True,"start=27, end=11, thr_start=0.333, thr_end=0.333"
HTWa1021,224,6,viterbi_hmm,1,1.0000,True,"within_pairs=2768, cross_pairs=382"
HTWa1021bis,225,3,bigram_transition,0,1.0000,False,"threshold=0.012821, p25"
HTWa1021bis,225,3,boundary_entropy,0,1.0000,False,"threshold=1.0000, median=1.0000"
HTWa1021bis,225,3,consensus,0,0.0000,False,"4 strategies, 0 accepted"
HTWa1021bis,225,3,ground_truth,0,0.0000,False,0 divider(s)
HTWa1021bis,225,3,positional_profile,0,1.0000,False,"start=27, end=11, thr_start=0.333, thr_end=0.333"
HTWa1021bis,225,3,viterbi_hmm,2,1.0000,False,"within_pairs=2768, cross_pairs=382"
HTWa1022,226,1,bigram_transition,0,1.0000,False,"threshold=0.012821, p25"
HTWa1022,226,1,boundary_entropy,0,1.0000,False,"threshold=1.0000, median=1.0000"
HTWa1022,226,1,consensus,0,0.0000,False,"4 strategies, 0 accepted"
HTWa1022,226,1,ground_truth,0,0.0000,False,0 divider(s)
HTWa1022,226,1,positional_profile,0,1.0000,False,"start=27, end=11, thr_start=0.333, thr_end=0.333"
HTWa1022,226,1,viterbi_hmm,0,1.0000,False,too short
HTWa1023,227,1,bigram_transition,0,1.0000,False,"threshold=0.012821, p25"
HTWa1023,227,1,boundary_entropy,0,1.0000,False,"threshold=1.0000, median=1.0000"
HTWa1023,227,1,consensus,0,0.0000,False,"4 strategies, 0 accepted"
HTWa1023,227,1,ground_truth,0,0.0000,False,0 divider(s)
HTWa1023,227,1,positional_profile,0,1.0000,False,"start=27, end=11, thr_start=0.333, thr_end=0.333"
HTWa1023,227,1,viterbi_hmm,0,1.0000,False,too short
HTWa1024,228,1,bigram_transition,0,1.0000,False,"threshold=0.012821, p25"
HTWa1024,228,1,boundary_entropy,0,1.0000,False,"threshold=1.0000, median=1.0000"
HTWa1024,228,1,consensus,0,0.0000,False,"4 strategies, 0 accepted"
HTWa1024,228,1,ground_truth,0,0.0000,False,0 divider(s)
HTWa1024,228,1,positional_profile,0,1.0000,False,"start=27, end=11, thr_start=0.333, thr_end=0.333"
HTWa1024,228,1,viterbi_hmm,0,1.0000,False,too short
HTWa1025,229,2,bigram_transition,0,1.0000,False,"threshold=0.012821, p25"
HTWa1025,229,2,boundary_entropy,0,1.0000,False,"threshold=1.0000, median=1.0000"
HTWa1025,229,2,consensus,0,0.0000,False,"4 strategies, 0 accepted"
HTWa1025,229,2,ground_truth,0,0.0000,False,0 divider(s)
HTWa1025,229,2,positional_profile,0,1.0000,False,"start=27, end=11, thr_start=0.333, thr_end=0.333"
HTWa1025,229,2,viterbi_hmm,1,1.0000,False,"within_pairs=2768, cross_pairs=382"
HTWa1026,230,2,bigram_transition,0,1.0000,False,"threshold=0.012821, p25"
HTWa1026,230,2,boundary_entropy,1,1.0000,False,"threshold=1.0000, median=1.0000"
HTWa1026,230,2,consensus,0,0.0000,False,"4 strategies, 0 accepted"
HTWa1026,230,2,ground_truth,0,0.0000,False,0 divider(s)
HTWa1026,230,2,positional_profile,0,1.0000,False,"start=27, end=11, thr_start=0.333, thr_end=0.333"
HTWa1026,230,2,viterbi_hmm,1,1.0000,False,"within_pairs=2768, cross_pairs=382"
HTWa1027,231,2,bigram_transition,1,1.0000,False,"threshold=0.012821, p25"
HTWa1027,231,2,boundary_entropy,1,1.0000,False,"threshold=1.0000, median=1.0000"
HTWa1027,231,2,consensus,1,0.7500,False,"4 strategies, 1 accepted"
HTWa1027,231,2,ground_truth,0,0.0000,False,0 divider(s)
HTWa1027,231,2,positional_profile,0,1.0000,False,"start=27, end=11, thr_start=0.333, thr_end=0.333"
HTWa1027,231,2,viterbi_hmm,1,1.0000,False,"within_pairs=2768, cross_pairs=382"
HTWa1028,232,2,bigram_transition,0,1.0000,False,"threshold=0.012821, p25"
HTWa1028,232,2,boundary_entropy,1,1.0000,False,"threshold=1.0000, median=1.0000"
HTWa1028,232,2,consensus,0,0.0000,False,"4 strategies, 0 accepted"
HTWa1028,232,2,ground_truth,0,0.0000,False,0 divider(s)
HTWa1028,232,2,positional_profile,0,1.0000,False,"start=27, end=11, thr_start=0.333, thr_end=0.333"
HTWa1028,232,2,viterbi_hmm,1,1.0000,False,"within_pairs=2768, cross_pairs=382"
HTWa1029,233,2,bigram_transition,1,1.0000,False,"threshold=0.012821, p25"
HTWa1029,233,2,boundary_entropy,0,1.0000,False,"threshold=1.0000, median=1.0000"
HTWa1029,233,2,consensus,0,0.0000,False,"4 strategies, 0 accepted"
HTWa1029,233,2,ground_truth,0,0.0000,False,0 divider(s)
HTWa1029,233,2,positional_profile,0,1.0000,False,"start=27, end=11, thr_start=0.333, thr_end=0.333"
HTWa1029,233,2,viterbi_hmm,1,1.0000,False,"within_pairs=2768, cross_pairs=382"
HTWa1030,234,2,bigram_transition,1,1.0000,False,"threshold=0.012821, p25"
HTWa1030,234,2,boundary_entropy,0,1.0000,False,"threshold=1.0000, median=1.0000"
HTWa1030,234,2,consensus,0,0.0000,False,"4 strategies, 0 accepted"
HTWa1030,234,2,ground_truth,0,0.0000,False,0 divider(s)
HTWa1030,234,2,positional_profile,0,1.0000,False,"start=27, end=11, thr_start=0.333, thr_end=0.333"
HTWa1030,234,2,viterbi_hmm,1,1.0000,False,"within_pairs=2768, cross_pairs=382"
HTWa1031,235,1,bigram_transition,0,1.0000,False,"threshold=0.012821, p25"
HTWa1031,235,1,boundary_entropy,0,1.0000,False,"threshold=1.0000, median=1.0000"
HTWa1031,235,1,consensus,0,0.0000,False,"4 strategies, 0 accepted"
HTWa1031,235,1,ground_truth,0,0.0000,False,0 divider(s)
HTWa1031,235,1,positional_profile,0,1.0000,False,"start=27, end=11, thr_start=0.333, thr_end=0.333"
HTWa1031,235,1,viterbi_hmm,0,1.0000,False,too short
HTWa1032,236,1,bigram_transition,0,1.0000,False,"threshold=0.012821, p25"
HTWa1032,236,1,boundary_entropy,0,1.0000,False,"threshold=1.0000, median=1.0000"
HTWa1032,236,1,consensus,0,0.0000,False,"4 strategies, 0 accepted"
HTWa1032,236,1,ground_truth,0,0.0000,False,0 divider(s)
HTWa1032,236,1,positional_profile,0,1.0000,False,"start=27, end=11, thr_start=0.333, thr_end=0.333"
HTWa1032,236,1,viterbi_hmm,0,1.0000,False,too short
HTWa1033,237,1,bigram_transition,0,1.0000,False,"threshold=0.012821, p25"
HTWa1033,237,1,boundary_entropy,0,1.0000,False,"threshold=1.0000, median=1.0000"
HTWa1033,237,1,consensus,0,0.0000,False,"4 strategies, 0 accepted"
HTWa1033,237,1,ground_truth,0,0.0000,False,0 divider(s)
HTWa1033,237,1,positional_profile,0,1.0000,False,"start=27, end=11, thr_start=0.333, thr_end=0.333"
HTWa1033,237,1,viterbi_hmm,0,1.0000,False,too short
HTWa1034,238,1,bigram_transition,0,1.0000,False,"threshold=0.012821, p25"
HTWa1034,238,1,boundary_entropy,0,1.0000,False,"threshold=1.0000, median=1.0000"
HTWa1034,238,1,consensus,0,0.0000,False,"4 strategies, 0 accepted"
HTWa1034,238,1,ground_truth,0,0.0000,False,0 divider(s)
HTWa1034,238,1,positional_profile,0,1.0000,False,"start=27, end=11, thr_start=0.333, thr_end=0.333"
HTWa1034,238,1,viterbi_hmm,0,1.0000,False,too short
HTWa1035,239,1,bigram_transition,0,1.0000,False,"threshold=0.012821, p25"
HTWa1035,239,1,boundary_entropy,0,1.0000,False,"threshold=1.0000, median=1.0000"
HTWa1035,239,1,consensus,0,0.0000,False,"4 strategies, 0 accepted"
HTWa1035,239,1,ground_truth,0,0.0000,False,0 divider(s)
HTWa1035,239,1,positional_profile,0,1.0000,False,"start=27, end=11, thr_start=0.333, thr_end=0.333"
HTWa1035,239,1,viterbi_hmm,0,1.0000,False,too short
HTWa1036,240,1,bigram_transition,0,1.0000,False,"threshold=0.012821, p25"
HTWa1036,240,1,boundary_entropy,0,1.0000,False,"threshold=1.0000, median=1.0000"
HTWa1036,240,1,consensus,0,0.0000,False,"4 strategies, 0 accepted"
HTWa1036,240,1,ground_truth,0,0.0000,False,0 divider(s)
HTWa1036,240,1,positional_profile,0,1.0000,False,"start=27, end=11, thr_start=0.333, thr_end=0.333"
HTWa1036,240,1,viterbi_hmm,0,1.0000,False,too short
HTWa1037,241,1,bigram_transition,0,1.0000,False,"threshold=0.012821, p25"
HTWa1037,241,1,boundary_entropy,0,1.0000,False,"threshold=1.0000, median=1.0000"
HTWa1037,241,1,consensus,0,0.0000,False,"4 strategies, 0 accepted"
HTWa1037,241,1,ground_truth,0,0.0000,False,0 divider(s)
HTWa1037,241,1,positional_profile,0,1.0000,False,"start=27, end=11, thr_start=0.333, thr_end=0.333"
HTWa1037,241,1,viterbi_hmm,0,1.0000,False,too short
HTWa1038,242,1,bigram_transition,0,1.0000,False,"threshold=0.012821, p25"
HTWa1038,242,1,boundary_entropy,0,1.0000,False,"threshold=1.0000, median=1.0000"
HTWa1038,242,1,consensus,0,0.0000,False,"4 strategies, 0 accepted"
HTWa1038,242,1,ground_truth,0,0.0000,False,0 divider(s)
HTWa1038,242,1,positional_profile,0,1.0000,False,"start=27, end=11, thr_start=0.333, thr_end=0.333"
HTWa1038,242,1,viterbi_hmm,0,1.0000,False,too short
HTWa1039,243,1,bigram_transition,0,1.0000,False,"threshold=0.012821, p25"
HTWa1039,243,1,boundary_entropy,0,1.0000,False,"threshold=1.0000, median=1.0000"
HTWa1039,243,1,consensus,0,0.0000,False,"4 strategies, 0 accepted"
HTWa1039,243,1,ground_truth,0,0.0000,False,0 divider(s)
HTWa1039,243,1,positional_profile,0,1.0000,False,"start=27, end=11, thr_start=0.333, thr_end=0.333"
HTWa1039,243,1,viterbi_hmm,0,1.0000,False,too short
HTWa1040,244,1,bigram_transition,0,1.0000,False,"threshold=0.012821, p25"
HTWa1040,244,1,boundary_entropy,0,1.0000,False,"threshold=1.0000, median=1.0000"
HTWa1040,244,1,consensus,0,0.0000,False,"4 strategies, 0 accepted"
HTWa1040,244,1,ground_truth,0,0.0000,False,0 divider(s)
HTWa1040,244,1,positional_profile,0,1.0000,False,"start=27, end=11, thr_start=0.333, thr_end=0.333"
HTWa1040,244,1,viterbi_hmm,0,1.0000,False,too short
HTWa1041,245,1,bigram_transition,0,1.0000,False,"threshold=0.012821, p25"
HTWa1041,245,1,boundary_entropy,0,1.0000,False,"threshold=1.0000, median=1.0000"
HTWa1041,245,1,consensus,0,0.0000,False,"4 strategies, 0 accepted"
HTWa1041,245,1,ground_truth,0,0.0000,False,0 divider(s)
HTWa1041,245,1,positional_profile,0,1.0000,False,"start=27, end=11, thr_start=0.333, thr_end=0.333"
HTWa1041,245,1,viterbi_hmm,0,1.0000,False,too short
HTWa1042,246,1,bigram_transition,0,1.0000,False,"threshold=0.012821, p25"
HTWa1042,246,1,boundary_entropy,0,1.0000,False,"threshold=1.0000, median=1.0000"
HTWa1042,246,1,consensus,0,0.0000,False,"4 strategies, 0 accepted"
HTWa1042,246,1,ground_truth,0,0.0000,False,0 divider(s)
HTWa1042,246,1,positional_profile,0,1.0000,False,"start=27, end=11, thr_start=0.333, thr_end=0.333"
HTWa1042,246,1,viterbi_hmm,0,1.0000,False,too short
HTWa1043,247,1,bigram_transition,0,1.0000,False,"threshold=0.012821, p25"
HTWa1043,247,1,boundary_entropy,0,1.0000,False,"threshold=1.0000, median=1.0000"
HTWa1043,247,1,consensus,0,0.0000,False,"4 strategies, 0 accepted"
HTWa1043,247,1,ground_truth,0,0.0000,False,0 divider(s)
HTWa1043,247,1,positional_profile,0,1.0000,False,"start=27, end=11, thr_start=0.333, thr_end=0.333"
HTWa1043,247,1,viterbi_hmm,0,1.0000,False,too short
HTWa1044,248,1,bigram_transition,0,1.0000,False,"threshold=0.012821, p25"
HTWa1044,248,1,boundary_entropy,0,1.0000,False,"threshold=1.0000, median=1.0000"
HTWa1044,248,1,consensus,0,0.0000,False,"4 strategies, 0 accepted"
HTWa1044,248,1,ground_truth,0,0.0000,False,0 divider(s)
HTWa1044,248,1,positional_profile,0,1.0000,False,"start=27, end=11, thr_start=0.333, thr_end=0.333"
HTWa1044,248,1,viterbi_hmm,0,1.0000,False,too short
HTWa1045,249,1,bigram_transition,0,1.0000,False,"threshold=0.012821, p25"
HTWa1045,249,1,boundary_entropy,0,1.0000,False,"threshold=1.0000, median=1.0000"
HTWa1045,249,1,consensus,0,0.0000,False,"4 strategies, 0 accepted"
HTWa1045,249,1,ground_truth,0,0.0000,False,0 divider(s)
HTWa1045,249,1,positional_profile,0,1.0000,False,"start=27, end=11, thr_start=0.333, thr_end=0.333"
HTWa1045,249,1,viterbi_hmm,0,1.0000,False,too short
HTWa1046,250,1,bigram_transition,0,1.0000,False,"threshold=0.012821, p25"
HTWa1046,250,1,boundary_entropy,0,1.0000,False,"threshold=1.0000, median=1.0000"
HTWa1046,250,1,consensus,0,0.0000,False,"4 strategies, 0 accepted"
HTWa1046,250,1,ground_truth,0,0.0000,False,0 divider(s)
HTWa1046,250,1,positional_profile,0,1.0000,False,"start=27, end=11, thr_start=0.333, thr_end=0.333"
HTWa1046,250,1,viterbi_hmm,0,1.0000,False,too short
HTWa1047,251,1,bigram_transition,0,1.0000,False,"threshold=0.012821, p25"
HTWa1047,251,1,boundary_entropy,0,1.0000,False,"threshold=1.0000, median=1.0000"
HTWa1047,251,1,consensus,0,0.0000,False,"4 strategies, 0 accepted"
HTWa1047,251,1,ground_truth,0,0.0000,False,0 divider(s)
HTWa1047,251,1,positional_profile,0,1.0000,False,"start=27, end=11, thr_start=0.333, thr_end=0.333"
HTWa1047,251,1,viterbi_hmm,0,1.0000,False,too short
HTWa1048,252,1,bigram_transition,0,1.0000,False,"threshold=0.012821, p25"
HTWa1048,252,1,boundary_entropy,0,1.0000,False,"threshold=1.0000, median=1.0000"
HTWa1048,252,1,consensus,0,0.0000,False,"4 strategies, 0 accepted"
HTWa1048,252,1,ground_truth,0,0.0000,False,0 divider(s)
HTWa1048,252,1,positional_profile,0,1.0000,False,"start=27, end=11, thr_start=0.333, thr_end=0.333"
HTWa1048,252,1,viterbi_hmm,0,1.0000,False,too short
HTWa1049,253,1,bigram_transition,0,1.0000,False,"threshold=0.012821, p25"
HTWa1049,253,1,boundary_entropy,0,1.0000,False,"threshold=1.0000, median=1.0000"
HTWa1049,253,1,consensus,0,0.0000,False,"4 strategies, 0 accepted"
HTWa1049,253,1,ground_truth,0,0.0000,False,0 divider(s)
HTWa1049,253,1,positional_profile,0,1.0000,False,"start=27, end=11, thr_start=0.333, thr_end=0.333"
HTWa1049,253,1,viterbi_hmm,0,1.0000,False,too short
HTWa1050,254,1,bigram_transition,0,1.0000,False,"threshold=0.012821, p25"
HTWa1050,254,1,boundary_entropy,0,1.0000,False,"threshold=1.0000, median=1.0000"
HTWa1050,254,1,consensus,0,0.0000,False,"4 strategies, 0 accepted"
HTWa1050,254,1,ground_truth,0,0.0000,False,0 divider(s)
HTWa1050,254,1,positional_profile,0,1.0000,False,"start=27, end=11, thr_start=0.333, thr_end=0.333"
HTWa1050,254,1,viterbi_hmm,0,1.0000,False,too short
HTWa1051,255,1,bigram_transition,0,1.0000,False,"threshold=0.012821, p25"
HTWa1051,255,1,boundary_entropy,0,1.0000,False,"threshold=1.0000, median=1.0000"
HTWa1051,255,1,consensus,0,0.0000,False,"4 strategies, 0 accepted"
HTWa1051,255,1,ground_truth,0,0.0000,False,0 divider(s)
HTWa1051,255,1,positional_profile,0,1.0000,False,"start=27, end=11, thr_start=0.333, thr_end=0.333"
HTWa1051,255,1,viterbi_hmm,0,1.0000,False,too short
HTWa1052,256,1,bigram_transition,0,1.0000,False,"threshold=0.012821, p25"
HTWa1052,256,1,boundary_entropy,0,1.0000,False,"threshold=1.0000, median=1.0000"
HTWa1052,256,1,consensus,0,0.0000,False,"4 strategies, 0 accepted"
HTWa1052,256,1,ground_truth,0,0.0000,False,0 divider(s)
HTWa1052,256,1,positional_profile,0,1.0000,False,"start=27, end=11, thr_start=0.333, thr_end=0.333"
HTWa1052,256,1,viterbi_hmm,0,1.0000,False,too short
HTWa1053,257,1,bigram_transition,0,1.0000,False,"threshold=0.012821, p25"
HTWa1053,257,1,boundary_entropy,0,1.0000,False,"threshold=1.0000, median=1.0000"
HTWa1053,257,1,consensus,0,0.0000,False,"4 strategies, 0 accepted"
HTWa1053,257,1,ground_truth,0,0.0000,False,0 divider(s)
HTWa1053,257,1,positional_profile,0,1.0000,False,"start=27, end=11, thr_start=0.333, thr_end=0.333"
HTWa1053,257,1,viterbi_hmm,0,1.0000,False,too short
HTWa1054,258,1,bigram_transition,0,1.0000,False,"threshold=0.012821, p25"
HTWa1054,258,1,boundary_entropy,0,1.0000,False,"threshold=1.0000, median=1.0000"
HTWa1054,258,1,consensus,0,0.0000,False,"4 strategies, 0 accepted"
HTWa1054,258,1,ground_truth,0,0.0000,False,0 divider(s)
HTWa1054,258,1,positional_profile,0,1.0000,False,"start=27, end=11, thr_start=0.333, thr_end=0.333"
HTWa1054,258,1,viterbi_hmm,0,1.0000,False,too short
HTWa1055,259,1,bigram_transition,0,1.0000,False,"threshold=0.012821, p25"
HTWa1055,259,1,boundary_entropy,0,1.0000,False,"threshold=1.0000, median=1.0000"
HTWa1055,259,1,consensus,0,0.0000,False,"4 strategies, 0 accepted"
HTWa1055,259,1,ground_truth,0,0.0000,False,0 divider(s)
HTWa1055,259,1,positional_profile,0,1.0000,False,"start=27, end=11, thr_start=0.333, thr_end=0.333"
HTWa1055,259,1,viterbi_hmm,0,1.0000,False,too short
HTWa1056,260,1,bigram_transition,0,1.0000,False,"threshold=0.012821, p25"
HTWa1056,260,1,boundary_entropy,0,1.0000,False,"threshold=1.0000, median=1.0000"
HTWa1056,260,1,consensus,0,0.0000,False,"4 strategies, 0 accepted"
HTWa1056,260,1,ground_truth,0,0.0000,False,0 divider(s)
HTWa1056,260,1,positional_profile,0,1.0000,False,"start=27, end=11, thr_start=0.333, thr_end=0.333"
HTWa1056,260,1,viterbi_hmm,0,1.0000,False,too short
HTWa1057,261,1,bigram_transition,0,1.0000,False,"threshold=0.012821, p25"
HTWa1057,261,1,boundary_entropy,0,1.0000,False,"threshold=1.0000, median=1.0000"
HTWa1057,261,1,consensus,0,0.0000,False,"4 strategies, 0 accepted"
HTWa1057,261,1,ground_truth,0,0.0000,False,0 divider(s)
HTWa1057,261,1,positional_profile,0,1.0000,False,"start=27, end=11, thr_start=0.333, thr_end=0.333"
HTWa1057,261,1,viterbi_hmm,0,1.0000,False,too short
HTWa1058,262,1,bigram_transition,0,1.0000,False,"threshold=0.012821, p25"
HTWa1058,262,1,boundary_entropy,0,1.0000,False,"threshold=1.0000, median=1.0000"
HTWa1058,262,1,consensus,0,0.0000,False,"4 strategies, 0 accepted"
HTWa1058,262,1,ground_truth,0,0.0000,False,0 divider(s)
HTWa1058,262,1,positional_profile,0,1.0000,False,"start=27, end=11, thr_start=0.333, thr_end=0.333"
HTWa1058,262,1,viterbi_hmm,0,1.0000,False,too short
HTWa1059,263,1,bigram_transition,0,1.0000,False,"threshold=0.012821, p25"
HTWa1059,263,1,boundary_entropy,0,1.0000,False,"threshold=1.0000, median=1.0000"
HTWa1059,263,1,consensus,0,0.0000,False,"4 strategies, 0 accepted"
HTWa1059,263,1,ground_truth,0,0.0000,False,0 divider(s)
HTWa1059,263,1,positional_profile,0,1.0000,False,"start=27, end=11, thr_start=0.333, thr_end=0.333"
HTWa1059,263,1,viterbi_hmm,0,1.0000,False,too short
HTWa1060,264,1,bigram_transition,0,1.0000,False,"threshold=0.012821, p25"
HTWa1060,264,1,boundary_entropy,0,1.0000,False,"threshold=1.0000, median=1.0000"
HTWa1060,264,1,consensus,0,0.0000,False,"4 strategies, 0 accepted"
HTWa1060,264,1,ground_truth,0,0.0000,False,0 divider(s)
HTWa1060,264,1,positional_profile,0,1.0000,False,"start=27, end=11, thr_start=0.333, thr_end=0.333"
HTWa1060,264,1,viterbi_hmm,0,1.0000,False,too short
HTWa1061,265,1,bigram_transition,0,1.0000,False,"threshold=0.012821, p25"
HTWa1061,265,1,boundary_entropy,0,1.0000,False,"threshold=1.0000, median=1.0000"
HTWa1061,265,1,consensus,0,0.0000,False,"4 strategies, 0 accepted"
HTWa1061,265,1,ground_truth,0,0.0000,False,0 divider(s)
HTWa1061,265,1,positional_profile,0,1.0000,False,"start=27, end=11, thr_start=0.333, thr_end=0.333"
HTWa1061,265,1,viterbi_hmm,0,1.0000,False,too short
HTWa1062,266,1,bigram_transition,0,1.0000,False,"threshold=0.012821, p25"
HTWa1062,266,1,boundary_entropy,0,1.0000,False,"threshold=1.0000, median=1.0000"
HTWa1062,266,1,consensus,0,0.0000,False,"4 strategies, 0 accepted"
HTWa1062,266,1,ground_truth,0,0.0000,False,0 divider(s)
HTWa1062,266,1,positional_profile,0,1.0000,False,"start=27, end=11, thr_start=0.333, thr_end=0.333"
HTWa1062,266,1,viterbi_hmm,0,1.0000,False,too short
HTWa1063,267,1,bigram_transition,0,1.0000,False,"threshold=0.012821, p25"
HTWa1063,267,1,boundary_entropy,0,1.0000,False,"threshold=1.0000, median=1.0000"
HTWa1063,267,1,consensus,0,0.0000,False,"4 strategies, 0 accepted"
HTWa1063,267,1,ground_truth,0,0.0000,False,0 divider(s)
HTWa1063,267,1,positional_profile,0,1.0000,False,"start=27, end=11, thr_start=0.333, thr_end=0.333"
HTWa1063,267,1,viterbi_hmm,0,1.0000,False,too short
HTWa1064,268,1,bigram_transition,0,1.0000,False,"threshold=0.012821, p25"
HTWa1064,268,1,boundary_entropy,0,1.0000,False,"threshold=1.0000, median=1.0000"
HTWa1064,268,1,consensus,0,0.0000,False,"4 strategies, 0 accepted"
HTWa1064,268,1,ground_truth,0,0.0000,False,0 divider(s)
HTWa1064,268,1,positional_profile,0,1.0000,False,"start=27, end=11, thr_start=0.333, thr_end=0.333"
HTWa1064,268,1,viterbi_hmm,0,1.0000,False,too short
HTWa1065,269,1,bigram_transition,0,1.0000,False,"threshold=0.012821, p25"
HTWa1065,269,1,boundary_entropy,0,1.0000,False,"threshold=1.0000, median=1.0000"
HTWa1065,269,1,consensus,0,0.0000,False,"4 strategies, 0 accepted"
HTWa1065,269,1,ground_truth,0,0.0000,False,0 divider(s)
HTWa1065,269,1,positional_profile,0,1.0000,False,"start=27, end=11, thr_start=0.333, thr_end=0.333"
HTWa1065,269,1,viterbi_hmm,0,1.0000,False,too short
HTWa1066,270,1,bigram_transition,0,1.0000,False,"threshold=0.012821, p25"
HTWa1066,270,1,boundary_entropy,0,1.0000,False,"threshold=1.0000, median=1.0000"
HTWa1066,270,1,consensus,0,0.0000,False,"4 strategies, 0 accepted"
HTWa1066,270,1,ground_truth,0,0.0000,False,0 divider(s)
HTWa1066,270,1,positional_profile,0,1.0000,False,"start=27, end=11, thr_start=0.333, thr_end=0.333"
HTWa1066,270,1,viterbi_hmm,0,1.0000,False,too short
HTWa1067,271,1,bigram_transition,0,1.0000,False,"threshold=0.012821, p25"
HTWa1067,271,1,boundary_entropy,0,1.0000,False,"threshold=1.0000, median=1.0000"
HTWa1067,271,1,consensus,0,0.0000,False,"4 strategies, 0 accepted"
HTWa1067,271,1,ground_truth,0,0.0000,False,0 divider(s)
HTWa1067,271,1,positional_profile,0,1.0000,False,"start=27, end=11, thr_start=0.333, thr_end=0.333"
HTWa1067,271,1,viterbi_hmm,0,1.0000,False,too short
HTWa1068,272,1,bigram_transition,0,1.0000,False,"threshold=0.012821, p25"
HTWa1068,272,1,boundary_entropy,0,1.0000,False,"threshold=1.0000, median=1.0000"
HTWa1068,272,1,consensus,0,0.0000,False,"4 strategies, 0 accepted"
HTWa1068,272,1,ground_truth,0,0.0000,False,0 divider(s)
HTWa1068,272,1,positional_profile,0,1.0000,False,"start=27, end=11, thr_start=0.333, thr_end=0.333"
HTWa1068,272,1,viterbi_hmm,0,1.0000,False,too short
HTWa1069,273,1,bigram_transition,0,1.0000,False,"threshold=0.012821, p25"
HTWa1069,273,1,boundary_entropy,0,1.0000,False,"threshold=1.0000, median=1.0000"
HTWa1069,273,1,consensus,0,0.0000,False,"4 strategies, 0 accepted"
HTWa1069,273,1,ground_truth,0,0.0000,False,0 divider(s)
HTWa1069,273,1,positional_profile,0,1.0000,False,"start=27, end=11, thr_start=0.333, thr_end=0.333"
HTWa1069,273,1,viterbi_hmm,0,1.0000,False,too short
HTWa1070,274,1,bigram_transition,0,1.0000,False,"threshold=0.012821, p25"
HTWa1070,274,1,boundary_entropy,0,1.0000,False,"threshold=1.0000, median=1.0000"
HTWa1070,274,1,consensus,0,0.0000,False,"4 strategies, 0 accepted"
HTWa1070,274,1,ground_truth,0,0.0000,False,0 divider(s)
HTWa1070,274,1,positional_profile,0,1.0000,False,"start=27, end=11, thr_start=0.333, thr_end=0.333"
HTWa1070,274,1,viterbi_hmm,0,1.0000,False,too short
HTWa1073,275,1,bigram_transition,0,1.0000,False,"threshold=0.012821, p25"
HTWa1073,275,1,boundary_entropy,0,1.0000,False,"threshold=1.0000, median=1.0000"
HTWa1073,275,1,consensus,0,0.0000,False,"4 strategies, 0 accepted"
HTWa1073,275,1,ground_truth,0,0.0000,False,0 divider(s)
HTWa1073,275,1,positional_profile,0,1.0000,False,"start=27, end=11, thr_start=0.333, thr_end=0.333"
HTWa1073,275,1,viterbi_hmm,0,1.0000,False,too short
HTWa1074,276,1,bigram_transition,0,1.0000,False,"threshold=0.012821, p25"
HTWa1074,276,1,boundary_entropy,0,1.0000,False,"threshold=1.0000, median=1.0000"
HTWa1074,276,1,consensus,0,0.0000,False,"4 strategies, 0 accepted"
HTWa1074,276,1,ground_truth,0,0.0000,False,0 divider(s)
HTWa1074,276,1,positional_profile,0,1.0000,False,"start=27, end=11, thr_start=0.333, thr_end=0.333"
HTWa1074,276,1,viterbi_hmm,0,1.0000,False,too short
HTWa1075,277,1,bigram_transition,0,1.0000,False,"threshold=0.012821, p25"
HTWa1075,277,1,boundary_entropy,0,1.0000,False,"threshold=1.0000, median=1.0000"
HTWa1075,277,1,consensus,0,0.0000,False,"4 strategies, 0 accepted"
HTWa1075,277,1,ground_truth,0,0.0000,False,0 divider(s)
HTWa1075,277,1,positional_profile,0,1.0000,False,"start=27, end=11, thr_start=0.333, thr_end=0.333"
HTWa1075,277,1,viterbi_hmm,0,1.0000,False,too short
HTWa1076,278,1,bigram_transition,0,1.0000,False,"threshold=0.012821, p25"
HTWa1076,278,1,boundary_entropy,0,1.0000,False,"threshold=1.0000, median=1.0000"
HTWa1076,278,1,consensus,0,0.0000,False,"4 strategies, 0 accepted"
HTWa1076,278,1,ground_truth,0,0.0000,False,0 divider(s)
HTWa1076,278,1,positional_profile,0,1.0000,False,"start=27, end=11, thr_start=0.333, thr_end=0.333"
HTWa1076,278,1,viterbi_hmm,0,1.0000,False,too short
HTWa1077,279,1,bigram_transition,0,1.0000,False,"threshold=0.012821, p25"
HTWa1077,279,1,boundary_entropy,0,1.0000,False,"threshold=1.0000, median=1.0000"
HTWa1077,279,1,consensus,0,0.0000,False,"4 strategies, 0 accepted"
HTWa1077,279,1,ground_truth,0,0.0000,False,0 divider(s)
HTWa1077,279,1,positional_profile,0,1.0000,False,"start=27, end=11, thr_start=0.333, thr_end=0.333"
HTWa1077,279,1,viterbi_hmm,0,1.0000,False,too short
HTWa1078,280,1,bigram_transition,0,1.0000,False,"threshold=0.012821, p25"
HTWa1078,280,1,boundary_entropy,0,1.0000,False,"threshold=1.0000, median=1.0000"
HTWa1078,280,1,consensus,0,0.0000,False,"4 strategies, 0 accepted"
HTWa1078,280,1,ground_truth,0,0.0000,False,0 divider(s)
HTWa1078,280,1,positional_profile,0,1.0000,False,"start=27, end=11, thr_start=0.333, thr_end=0.333"
HTWa1078,280,1,viterbi_hmm,0,1.0000,False,too short
HTWa1079,281,1,bigram_transition,0,1.0000,False,"threshold=0.012821, p25"
HTWa1079,281,1,boundary_entropy,0,1.0000,False,"threshold=1.0000, median=1.0000"
HTWa1079,281,1,consensus,0,0.0000,False,"4 strategies, 0 accepted"
HTWa1079,281,1,ground_truth,0,0.0000,False,0 divider(s)
HTWa1079,281,1,positional_profile,0,1.0000,False,"start=27, end=11, thr_start=0.333, thr_end=0.333"
HTWa1079,281,1,viterbi_hmm,0,1.0000,False,too short
HTWa1080,282,1,bigram_transition,0,1.0000,False,"threshold=0.012821, p25"
HTWa1080,282,1,boundary_entropy,0,1.0000,False,"threshold=1.0000, median=1.0000"
HTWa1080,282,1,consensus,0,0.0000,False,"4 strategies, 0 accepted"
HTWa1080,282,1,ground_truth,0,0.0000,False,0 divider(s)
HTWa1080,282,1,positional_profile,0,1.0000,False,"start=27, end=11, thr_start=0.333, thr_end=0.333"
HTWa1080,282,1,viterbi_hmm,0,1.0000,False,too short
HTWa1081,283,1,bigram_transition,0,1.0000,False,"threshold=0.012821, p25"
HTWa1081,283,1,boundary_entropy,0,1.0000,False,"threshold=1.0000, median=1.0000"
HTWa1081,283,1,consensus,0,0.0000,False,"4 strategies, 0 accepted"
HTWa1081,283,1,ground_truth,0,0.0000,False,0 divider(s)
HTWa1081,283,1,positional_profile,0,1.0000,False,"start=27, end=11, thr_start=0.333, thr_end=0.333"
HTWa1081,283,1,viterbi_hmm,0,1.0000,False,too short
HTWa1082,284,1,bigram_transition,0,1.0000,False,"threshold=0.012821, p25"
HTWa1082,284,1,boundary_entropy,0,1.0000,False,"threshold=1.0000, median=1.0000"
HTWa1082,284,1,consensus,0,0.0000,False,"4 strategies, 0 accepted"
HTWa1082,284,1,ground_truth,0,0.0000,False,0 divider(s)
HTWa1082,284,1,positional_profile,0,1.0000,False,"start=27, end=11, thr_start=0.333, thr_end=0.333"
HTWa1082,284,1,viterbi_hmm,0,1.0000,False,too short
HTWa1083,285,1,bigram_transition,0,1.0000,False,"threshold=0.012821, p25"
HTWa1083,285,1,boundary_entropy,0,1.0000,False,"threshold=1.0000, median=1.0000"
HTWa1083,285,1,consensus,0,0.0000,False,"4 strategies, 0 accepted"
HTWa1083,285,1,ground_truth,0,0.0000,False,0 divider(s)
HTWa1083,285,1,positional_profile,0,1.0000,False,"start=27, end=11, thr_start=0.333, thr_end=0.333"
HTWa1083,285,1,viterbi_hmm,0,1.0000,False,too short
HTWa1084,286,1,bigram_transition,0,1.0000,False,"threshold=0.012821, p25"
HTWa1084,286,1,boundary_entropy,0,1.0000,False,"threshold=1.0000, median=1.0000"
HTWa1084,286,1,consensus,0,0.0000,False,"4 strategies, 0 accepted"
HTWa1084,286,1,ground_truth,0,0.0000,False,0 divider(s)
HTWa1084,286,1,positional_profile,0,1.0000,False,"start=27, end=11, thr_start=0.333, thr_end=0.333"
HTWa1084,286,1,viterbi_hmm,0,1.0000,False,too short
HTWa1085,287,1,bigram_transition,0,1.0000,False,"threshold=0.012821, p25"
HTWa1085,287,1,boundary_entropy,0,1.0000,False,"threshold=1.0000, median=1.0000"
HTWa1085,287,1,consensus,0,0.0000,False,"4 strategies, 0 accepted"
HTWa1085,287,1,ground_truth,0,0.0000,False,0 divider(s)
HTWa1085,287,1,positional_profile,0,1.0000,False,"start=27, end=11, thr_start=0.333, thr_end=0.333"
HTWa1085,287,1,viterbi_hmm,0,1.0000,False,too short
HTWa1086,288,1,bigram_transition,0,1.0000,False,"threshold=0.012821, p25"
HTWa1086,288,1,boundary_entropy,0,1.0000,False,"threshold=1.0000, median=1.0000"
HTWa1086,288,1,consensus,0,0.0000,False,"4 strategies, 0 accepted"
HTWa1086,288,1,ground_truth,0,0.0000,False,0 divider(s)
HTWa1086,288,1,positional_profile,0,1.0000,False,"start=27, end=11, thr_start=0.333, thr_end=0.333"
HTWa1086,288,1,viterbi_hmm,0,1.0000,False,too short
HTWa1087,289,1,bigram_transition,0,1.0000,False,"threshold=0.012821, p25"
HTWa1087,289,1,boundary_entropy,0,1.0000,False,"threshold=1.0000, median=1.0000"
HTWa1087,289,1,consensus,0,0.0000,False,"4 strategies, 0 accepted"
HTWa1087,289,1,ground_truth,0,0.0000,False,0 divider(s)
HTWa1087,289,1,positional_profile,0,1.0000,False,"start=27, end=11, thr_start=0.333, thr_end=0.333"
HTWa1087,289,1,viterbi_hmm,0,1.0000,False,too short
HTWa1088,290,1,bigram_transition,0,1.0000,False,"threshold=0.012821, p25"
HTWa1088,290,1,boundary_entropy,0,1.0000,False,"threshold=1.0000, median=1.0000"
HTWa1088,290,1,consensus,0,0.0000,False,"4 strategies, 0 accepted"
HTWa1088,290,1,ground_truth,0,0.0000,False,0 divider(s)
HTWa1088,290,1,positional_profile,0,1.0000,False,"start=27, end=11, thr_start=0.333, thr_end=0.333"
HTWa1088,290,1,viterbi_hmm,0,1.0000,False,too short
HTWa1089,291,1,bigram_transition,0,1.0000,False,"threshold=0.012821, p25"
HTWa1089,291,1,boundary_entropy,0,1.0000,False,"threshold=1.0000, median=1.0000"
HTWa1089,291,1,consensus,0,0.0000,False,"4 strategies, 0 accepted"
HTWa1089,291,1,ground_truth,0,0.0000,False,0 divider(s)
HTWa1089,291,1,positional_profile,0,1.0000,False,"start=27, end=11, thr_start=0.333, thr_end=0.333"
HTWa1089,291,1,viterbi_hmm,0,1.0000,False,too short
HTWa1090,292,1,bigram_transition,0,1.0000,False,"threshold=0.012821, p25"
HTWa1090,292,1,boundary_entropy,0,1.0000,False,"threshold=1.0000, median=1.0000"
HTWa1090,292,1,consensus,0,0.0000,False,"4 strategies, 0 accepted"
HTWa1090,292,1,ground_truth,0,0.0000,False,0 divider(s)
HTWa1090,292,1,positional_profile,0,1.0000,False,"start=27, end=11, thr_start=0.333, thr_end=0.333"
HTWa1090,292,1,viterbi_hmm,0,1.0000,False,too short
HTWa1091,293,1,bigram_transition,0,1.0000,False,"threshold=0.012821, p25"
HTWa1091,293,1,boundary_entropy,0,1.0000,False,"threshold=1.0000, median=1.0000"
HTWa1091,293,1,consensus,0,0.0000,False,"4 strategies, 0 accepted"
HTWa1091,293,1,ground_truth,0,0.0000,False,0 divider(s)
HTWa1091,293,1,positional_profile,0,1.0000,False,"start=27, end=11, thr_start=0.333, thr_end=0.333"
HTWa1091,293,1,viterbi_hmm,0,1.0000,False,too short
HTWa1092,294,1,bigram_transition,0,1.0000,False,"threshold=0.012821, p25"
HTWa1092,294,1,boundary_entropy,0,1.0000,False,"threshold=1.0000, median=1.0000"
HTWa1092,294,1,consensus,0,0.0000,False,"4 strategies, 0 accepted"
HTWa1092,294,1,ground_truth,0,0.0000,False,0 divider(s)
HTWa1092,294,1,positional_profile,0,1.0000,False,"start=27, end=11, thr_start=0.333, thr_end=0.333"
HTWa1092,294,1,viterbi_hmm,0,1.0000,False,too short
HTWa1093,295,1,bigram_transition,0,1.0000,False,"threshold=0.012821, p25"
HTWa1093,295,1,boundary_entropy,0,1.0000,False,"threshold=1.0000, median=1.0000"
HTWa1093,295,1,consensus,0,0.0000,False,"4 strategies, 0 accepted"
HTWa1093,295,1,ground_truth,0,0.0000,False,0 divider(s)
HTWa1093,295,1,positional_profile,0,1.0000,False,"start=27, end=11, thr_start=0.333, thr_end=0.333"
HTWa1093,295,1,viterbi_hmm,0,1.0000,False,too short
HTWa1094,296,1,bigram_transition,0,1.0000,False,"threshold=0.012821, p25"
HTWa1094,296,1,boundary_entropy,0,1.0000,False,"threshold=1.0000, median=1.0000"
HTWa1094,296,1,consensus,0,0.0000,False,"4 strategies, 0 accepted"
HTWa1094,296,1,ground_truth,0,0.0000,False,0 divider(s)
HTWa1094,296,1,positional_profile,0,1.0000,False,"start=27, end=11, thr_start=0.333, thr_end=0.333"
HTWa1094,296,1,viterbi_hmm,0,1.0000,False,too short
HTWa1095,297,1,bigram_transition,0,1.0000,False,"threshold=0.012821, p25"
HTWa1095,297,1,boundary_entropy,0,1.0000,False,"threshold=1.0000, median=1.0000"
HTWa1095,297,1,consensus,0,0.0000,False,"4 strategies, 0 accepted"
HTWa1095,297,1,ground_truth,0,0.0000,False,0 divider(s)
HTWa1095,297,1,positional_profile,0,1.0000,False,"start=27, end=11, thr_start=0.333, thr_end=0.333"
HTWa1095,297,1,viterbi_hmm,0,1.0000,False,too short
HTWa1096,298,1,bigram_transition,0,1.0000,False,"threshold=0.012821, p25"
HTWa1096,298,1,boundary_entropy,0,1.0000,False,"threshold=1.0000, median=1.0000"
HTWa1096,298,1,consensus,0,0.0000,False,"4 strategies, 0 accepted"
HTWa1096,298,1,ground_truth,0,0.0000,False,0 divider(s)
HTWa1096,298,1,positional_profile,0,1.0000,False,"start=27, end=11, thr_start=0.333, thr_end=0.333"
HTWa1096,298,1,viterbi_hmm,0,1.0000,False,too short
HTWa1097,299,1,bigram_transition,0,1.0000,False,"threshold=0.012821, p25"
HTWa1097,299,1,boundary_entropy,0,1.0000,False,"threshold=1.0000, median=1.0000"
HTWa1097,299,1,consensus,0,0.0000,False,"4 strategies, 0 accepted"
HTWa1097,299,1,ground_truth,0,0.0000,False,0 divider(s)
HTWa1097,299,1,positional_profile,0,1.0000,False,"start=27, end=11, thr_start=0.333, thr_end=0.333"
HTWa1097,299,1,viterbi_hmm,0,1.0000,False,too short
HTWa1098,300,1,bigram_transition,0,1.0000,False,"threshold=0.012821, p25"
HTWa1098,300,1,boundary_entropy,0,1.0000,False,"threshold=1.0000, median=1.0000"
HTWa1098,300,1,consensus,0,0.0000,False,"4 strategies, 0 accepted"
HTWa1098,300,1,ground_truth,0,0.0000,False,0 divider(s)
HTWa1098,300,1,positional_profile,0,1.0000,False,"start=27, end=11, thr_start=0.333, thr_end=0.333"
HTWa1098,300,1,viterbi_hmm,0,1.0000,False,too short
HTWa1099,301,1,bigram_transition,0,1.0000,False,"threshold=0.012821, p25"
HTWa1099,301,1,boundary_entropy,0,1.0000,False,"threshold=1.0000, median=1.0000"
HTWa1099,301,1,consensus,0,0.0000,False,"4 strategies, 0 accepted"
HTWa1099,301,1,ground_truth,0,0.0000,False,0 divider(s)
HTWa1099,301,1,positional_profile,0,1.0000,False,"start=27, end=11, thr_start=0.333, thr_end=0.333"
HTWa1099,301,1,viterbi_hmm,0,1.0000,False,too short
HTWa1100,302,1,bigram_transition,0,1.0000,False,"threshold=0.012821, p25"
HTWa1100,302,1,boundary_entropy,0,1.0000,False,"threshold=1.0000, median=1.0000"
HTWa1100,302,1,consensus,0,0.0000,False,"4 strategies, 0 accepted"
HTWa1100,302,1,ground_truth,0,0.0000,False,0 divider(s)
HTWa1100,302,1,positional_profile,0,1.0000,False,"start=27, end=11, thr_start=0.333, thr_end=0.333"
HTWa1100,302,1,viterbi_hmm,0,1.0000,False,too short
HTWa1101,303,1,bigram_transition,0,1.0000,False,"threshold=0.012821, p25"
HTWa1101,303,1,boundary_entropy,0,1.0000,False,"threshold=1.0000, median=1.0000"
HTWa1101,303,1,consensus,0,0.0000,False,"4 strategies, 0 accepted"
HTWa1101,303,1,ground_truth,0,0.0000,False,0 divider(s)
HTWa1101,303,1,positional_profile,0,1.0000,False,"start=27, end=11, thr_start=0.333, thr_end=0.333"
HTWa1101,303,1,viterbi_hmm,0,1.0000,False,too short
HTWa1102,304,1,bigram_transition,0,1.0000,False,"threshold=0.012821, p25"
HTWa1102,304,1,boundary_entropy,0,1.0000,False,"threshold=1.0000, median=1.0000"
HTWa1102,304,1,consensus,0,0.0000,False,"4 strategies, 0 accepted"
HTWa1102,304,1,ground_truth,0,0.0000,False,0 divider(s)
HTWa1102,304,1,positional_profile,0,1.0000,False,"start=27, end=11, thr_start=0.333, thr_end=0.333"
HTWa1102,304,1,viterbi_hmm,0,1.0000,False,too short
HTWa1103,305,1,bigram_transition,0,1.0000,False,"threshold=0.012821, p25"
HTWa1103,305,1,boundary_entropy,0,1.0000,False,"threshold=1.0000, median=1.0000"
HTWa1103,305,1,consensus,0,0.0000,False,"4 strategies, 0 accepted"
HTWa1103,305,1,ground_truth,0,0.0000,False,0 divider(s)
HTWa1103,305,1,positional_profile,0,1.0000,False,"start=27, end=11, thr_start=0.333, thr_end=0.333"
HTWa1103,305,1,viterbi_hmm,0,1.0000,False,too short
HTWa1104,306,1,bigram_transition,0,1.0000,False,"threshold=0.012821, p25"
HTWa1104,306,1,boundary_entropy,0,1.0000,False,"threshold=1.0000, median=1.0000"
HTWa1104,306,1,consensus,0,0.0000,False,"4 strategies, 0 accepted"
HTWa1104,306,1,ground_truth,0,0.0000,False,0 divider(s)
HTWa1104,306,1,positional_profile,0,1.0000,False,"start=27, end=11, thr_start=0.333, thr_end=0.333"
HTWa1104,306,1,viterbi_hmm,0,1.0000,False,too short
HTWa1105,307,1,bigram_transition,0,1.0000,False,"threshold=0.012821, p25"
HTWa1105,307,1,boundary_entropy,0,1.0000,False,"threshold=1.0000, median=1.0000"
HTWa1105,307,1,consensus,0,0.0000,False,"4 strategies, 0 accepted"
HTWa1105,307,1,ground_truth,0,0.0000,False,0 divider(s)
HTWa1105,307,1,positional_profile,0,1.0000,False,"start=27, end=11, thr_start=0.333, thr_end=0.333"
HTWa1105,307,1,viterbi_hmm,0,1.0000,False,too short
HTWa1106,308,1,bigram_transition,0,1.0000,False,"threshold=0.012821, p25"
HTWa1106,308,1,boundary_entropy,0,1.0000,False,"threshold=1.0000, median=1.0000"
HTWa1106,308,1,consensus,0,0.0000,False,"4 strategies, 0 accepted"
HTWa1106,308,1,ground_truth,0,0.0000,False,0 divider(s)
HTWa1106,308,1,positional_profile,0,1.0000,False,"start=27, end=11, thr_start=0.333, thr_end=0.333"
HTWa1106,308,1,viterbi_hmm,0,1.0000,False,too short
HTWa1107,309,1,bigram_transition,0,1.0000,False,"threshold=0.012821, p25"
HTWa1107,309,1,boundary_entropy,0,1.0000,False,"threshold=1.0000, median=1.0000"
HTWa1107,309,1,consensus,0,0.0000,False,"4 strategies, 0 accepted"
HTWa1107,309,1,ground_truth,0,0.0000,False,0 divider(s)
HTWa1107,309,1,positional_profile,0,1.0000,False,"start=27, end=11, thr_start=0.333, thr_end=0.333"
HTWa1107,309,1,viterbi_hmm,0,1.0000,False,too short
HTWa1108,310,1,bigram_transition,0,1.0000,False,"threshold=0.012821, p25"
HTWa1108,310,1,boundary_entropy,0,1.0000,False,"threshold=1.0000, median=1.0000"
HTWa1108,310,1,consensus,0,0.0000,False,"4 strategies, 0 accepted"
HTWa1108,310,1,ground_truth,0,0.0000,False,0 divider(s)
HTWa1108,310,1,positional_profile,0,1.0000,False,"start=27, end=11, thr_start=0.333, thr_end=0.333"
HTWa1108,310,1,viterbi_hmm,0,1.0000,False,too short
HTWa1109,311,1,bigram_transition,0,1.0000,False,"threshold=0.012821, p25"
HTWa1109,311,1,boundary_entropy,0,1.0000,False,"threshold=1.0000, median=1.0000"
HTWa1109,311,1,consensus,0,0.0000,False,"4 strategies, 0 accepted"
HTWa1109,311,1,ground_truth,0,0.0000,False,0 divider(s)
HTWa1109,311,1,positional_profile,0,1.0000,False,"start=27, end=11, thr_start=0.333, thr_end=0.333"
HTWa1109,311,1,viterbi_hmm,0,1.0000,False,too short
HTWa1110,312,1,bigram_transition,0,1.0000,False,"threshold=0.012821, p25"
HTWa1110,312,1,boundary_entropy,0,1.0000,False,"threshold=1.0000, median=1.0000"
HTWa1110,312,1,consensus,0,0.0000,False,"4 strategies, 0 accepted"
HTWa1110,312,1,ground_truth,0,0.0000,False,0 divider(s)
HTWa1110,312,1,positional_profile,0,1.0000,False,"start=27, end=11, thr_start=0.333, thr_end=0.333"
HTWa1110,312,1,viterbi_hmm,0,1.0000,False,too short
HTWa1111,313,1,bigram_transition,0,1.0000,False,"threshold=0.012821, p25"
HTWa1111,313,1,boundary_entropy,0,1.0000,False,"threshold=1.0000, median=1.0000"
HTWa1111,313,1,consensus,0,0.0000,False,"4 strategies, 0 accepted"
HTWa1111,313,1,ground_truth,0,0.0000,False,0 divider(s)
HTWa1111,313,1,positional_profile,0,1.0000,False,"start=27, end=11, thr_start=0.333, thr_end=0.333"
HTWa1111,313,1,viterbi_hmm,0,1.0000,False,too short
HTWa1112,314,1,bigram_transition,0,1.0000,False,"threshold=0.012821, p25"
HTWa1112,314,1,boundary_entropy,0,1.0000,False,"threshold=1.0000, median=1.0000"
HTWa1112,314,1,consensus,0,0.0000,False,"4 strategies, 0 accepted"
HTWa1112,314,1,ground_truth,0,0.0000,False,0 divider(s)
HTWa1112,314,1,positional_profile,0,1.0000,False,"start=27, end=11, thr_start=0.333, thr_end=0.333"
HTWa1112,314,1,viterbi_hmm,0,1.0000,False,too short
HTWa1113,315,1,bigram_transition,0,1.0000,False,"threshold=0.012821, p25"
HTWa1113,315,1,boundary_entropy,0,1.0000,False,"threshold=1.0000, median=1.0000"
HTWa1113,315,1,consensus,0,0.0000,False,"4 strategies, 0 accepted"
HTWa1113,315,1,ground_truth,0,0.0000,False,0 divider(s)
HTWa1113,315,1,positional_profile,0,1.0000,False,"start=27, end=11, thr_start=0.333, thr_end=0.333"
HTWa1113,315,1,viterbi_hmm,0,1.0000,False,too short
HTWa1114,316,1,bigram_transition,0,1.0000,False,"threshold=0.012821, p25"
HTWa1114,316,1,boundary_entropy,0,1.0000,False,"threshold=1.0000, median=1.0000"
HTWa1114,316,1,consensus,0,0.0000,False,"4 strategies, 0 accepted"
HTWa1114,316,1,ground_truth,0,0.0000,False,0 divider(s)
HTWa1114,316,1,positional_profile,0,1.0000,False,"start=27, end=11, thr_start=0.333, thr_end=0.333"
HTWa1114,316,1,viterbi_hmm,0,1.0000,False,too short
HTWa1115,317,1,bigram_transition,0,1.0000,False,"threshold=0.012821, p25"
HTWa1115,317,1,boundary_entropy,0,1.0000,False,"threshold=1.0000, median=1.0000"
HTWa1115,317,1,consensus,0,0.0000,False,"4 strategies, 0 accepted"
HTWa1115,317,1,ground_truth,0,0.0000,False,0 divider(s)
HTWa1115,317,1,positional_profile,0,1.0000,False,"start=27, end=11, thr_start=0.333, thr_end=0.333"
HTWa1115,317,1,viterbi_hmm,0,1.0000,False,too short
HTWa1116,318,1,bigram_transition,0,1.0000,False,"threshold=0.012821, p25"
HTWa1116,318,1,boundary_entropy,0,1.0000,False,"threshold=1.0000, median=1.0000"
HTWa1116,318,1,consensus,0,0.0000,False,"4 strategies, 0 accepted"
HTWa1116,318,1,ground_truth,0,0.0000,False,0 divider(s)
HTWa1116,318,1,positional_profile,0,1.0000,False,"start=27, end=11, thr_start=0.333, thr_end=0.333"
HTWa1116,318,1,viterbi_hmm,0,1.0000,False,too short
HTWa1117,319,1,bigram_transition,0,1.0000,False,"threshold=0.012821, p25"
HTWa1117,319,1,boundary_entropy,0,1.0000,False,"threshold=1.0000, median=1.0000"
HTWa1117,319,1,consensus,0,0.0000,False,"4 strategies, 0 accepted"
HTWa1117,319,1,ground_truth,0,0.0000,False,0 divider(s)
HTWa1117,319,1,positional_profile,0,1.0000,False,"start=27, end=11, thr_start=0.333, thr_end=0.333"
HTWa1117,319,1,viterbi_hmm,0,1.0000,False,too short
HTWa1118,320,1,bigram_transition,0,1.0000,False,"threshold=0.012821, p25"
HTWa1118,320,1,boundary_entropy,0,1.0000,False,"threshold=1.0000, median=1.0000"
HTWa1118,320,1,consensus,0,0.0000,False,"4 strategies, 0 accepted"
HTWa1118,320,1,ground_truth,0,0.0000,False,0 divider(s)
HTWa1118,320,1,positional_profile,0,1.0000,False,"start=27, end=11, thr_start=0.333, thr_end=0.333"
HTWa1118,320,1,viterbi_hmm,0,1.0000,False,too short
HTWa1119,321,1,bigram_transition,0,1.0000,False,"threshold=0.012821, p25"
HTWa1119,321,1,boundary_entropy,0,1.0000,False,"threshold=1.0000, median=1.0000"
HTWa1119,321,1,consensus,0,0.0000,False,"4 strategies, 0 accepted"
HTWa1119,321,1,ground_truth,0,0.0000,False,0 divider(s)
HTWa1119,321,1,positional_profile,0,1.0000,False,"start=27, end=11, thr_start=0.333, thr_end=0.333"
HTWa1119,321,1,viterbi_hmm,0,1.0000,False,too short
HTWa1120,322,1,bigram_transition,0,1.0000,False,"threshold=0.012821, p25"
HTWa1120,322,1,boundary_entropy,0,1.0000,False,"threshold=1.0000, median=1.0000"
HTWa1120,322,1,consensus,0,0.0000,False,"4 strategies, 0 accepted"
HTWa1120,322,1,ground_truth,0,0.0000,False,0 divider(s)
HTWa1120,322,1,positional_profile,0,1.0000,False,"start=27, end=11, thr_start=0.333, thr_end=0.333"
HTWa1120,322,1,viterbi_hmm,0,1.0000,False,too short
HTWa1121,323,1,bigram_transition,0,1.0000,False,"threshold=0.012821, p25"
HTWa1121,323,1,boundary_entropy,0,1.0000,False,"threshold=1.0000, median=1.0000"
HTWa1121,323,1,consensus,0,0.0000,False,"4 strategies, 0 accepted"
HTWa1121,323,1,ground_truth,0,0.0000,False,0 divider(s)
HTWa1121,323,1,positional_profile,0,1.0000,False,"start=27, end=11, thr_start=0.333, thr_end=0.333"
HTWa1121,323,1,viterbi_hmm,0,1.0000,False,too short
HTWa1122,324,1,bigram_transition,0,1.0000,False,"threshold=0.012821, p25"
HTWa1122,324,1,boundary_entropy,0,1.0000,False,"threshold=1.0000, median=1.0000"
HTWa1122,324,1,consensus,0,0.0000,False,"4 strategies, 0 accepted"
HTWa1122,324,1,ground_truth,0,0.0000,False,0 divider(s)
HTWa1122,324,1,positional_profile,0,1.0000,False,"start=27, end=11, thr_start=0.333, thr_end=0.333"
HTWa1122,324,1,viterbi_hmm,0,1.0000,False,too short
HTWa1123,325,1,bigram_transition,0,1.0000,False,"threshold=0.012821, p25"
HTWa1123,325,1,boundary_entropy,0,1.0000,False,"threshold=1.0000, median=1.0000"
HTWa1123,325,1,consensus,0,0.0000,False,"4 strategies, 0 accepted"
HTWa1123,325,1,ground_truth,0,0.0000,False,0 divider(s)
HTWa1123,325,1,positional_profile,0,1.0000,False,"start=27, end=11, thr_start=0.333, thr_end=0.333"
HTWa1123,325,1,viterbi_hmm,0,1.0000,False,too short
HTWa1124,326,1,bigram_transition,0,1.0000,False,"threshold=0.012821, p25"
HTWa1124,326,1,boundary_entropy,0,1.0000,False,"threshold=1.0000, median=1.0000"
HTWa1124,326,1,consensus,0,0.0000,False,"4 strategies, 0 accepted"
HTWa1124,326,1,ground_truth,0,0.0000,False,0 divider(s)
HTWa1124,326,1,positional_profile,0,1.0000,False,"start=27, end=11, thr_start=0.333, thr_end=0.333"
HTWa1124,326,1,viterbi_hmm,0,1.0000,False,too short
HTWa1125,327,1,bigram_transition,0,1.0000,False,"threshold=0.012821, p25"
HTWa1125,327,1,boundary_entropy,0,1.0000,False,"threshold=1.0000, median=1.0000"
HTWa1125,327,1,consensus,0,0.0000,False,"4 strategies, 0 accepted"
HTWa1125,327,1,ground_truth,0,0.0000,False,0 divider(s)
HTWa1125,327,1,positional_profile,0,1.0000,False,"start=27, end=11, thr_start=0.333, thr_end=0.333"
HTWa1125,327,1,viterbi_hmm,0,1.0000,False,too short
HTWa1126,328,1,bigram_transition,0,1.0000,False,"threshold=0.012821, p25"
HTWa1126,328,1,boundary_entropy,0,1.0000,False,"threshold=1.0000, median=1.0000"
HTWa1126,328,1,consensus,0,0.0000,False,"4 strategies, 0 accepted"
HTWa1126,328,1,ground_truth,0,0.0000,False,0 divider(s)
HTWa1126,328,1,positional_profile,0,1.0000,False,"start=27, end=11, thr_start=0.333, thr_end=0.333"
HTWa1126,328,1,viterbi_hmm,0,1.0000,False,too short
HTWa1127,329,1,bigram_transition,0,1.0000,False,"threshold=0.012821, p25"
HTWa1127,329,1,boundary_entropy,0,1.0000,False,"threshold=1.0000, median=1.0000"
HTWa1127,329,1,consensus,0,0.0000,False,"4 strategies, 0 accepted"
HTWa1127,329,1,ground_truth,0,0.0000,False,0 divider(s)
HTWa1127,329,1,positional_profile,0,1.0000,False,"start=27, end=11, thr_start=0.333, thr_end=0.333"
HTWa1127,329,1,viterbi_hmm,0,1.0000,False,too short
HTWa1128,330,1,bigram_transition,0,1.0000,False,"threshold=0.012821, p25"
HTWa1128,330,1,boundary_entropy,0,1.0000,False,"threshold=1.0000, median=1.0000"
HTWa1128,330,1,consensus,0,0.0000,False,"4 strategies, 0 accepted"
HTWa1128,330,1,ground_truth,0,0.0000,False,0 divider(s)
HTWa1128,330,1,positional_profile,0,1.0000,False,"start=27, end=11, thr_start=0.333, thr_end=0.333"
HTWa1128,330,1,viterbi_hmm,0,1.0000,False,too short
HTWa1129,331,1,bigram_transition,0,1.0000,False,"threshold=0.012821, p25"
HTWa1129,331,1,boundary_entropy,0,1.0000,False,"threshold=1.0000, median=1.0000"
HTWa1129,331,1,consensus,0,0.0000,False,"4 strategies, 0 accepted"
HTWa1129,331,1,ground_truth,0,0.0000,False,0 divider(s)
HTWa1129,331,1,positional_profile,0,1.0000,False,"start=27, end=11, thr_start=0.333, thr_end=0.333"
HTWa1129,331,1,viterbi_hmm,0,1.0000,False,too short
HTWa1130,332,1,bigram_transition,0,1.0000,False,"threshold=0.012821, p25"
HTWa1130,332,1,boundary_entropy,0,1.0000,False,"threshold=1.0000, median=1.0000"
HTWa1130,332,1,consensus,0,0.0000,False,"4 strategies, 0 accepted"
HTWa1130,332,1,ground_truth,0,0.0000,False,0 divider(s)
HTWa1130,332,1,positional_profile,0,1.0000,False,"start=27, end=11, thr_start=0.333, thr_end=0.333"
HTWa1130,332,1,viterbi_hmm,0,1.0000,False,too short
HTWa1131,333,1,bigram_transition,0,1.0000,False,"threshold=0.012821, p25"
HTWa1131,333,1,boundary_entropy,0,1.0000,False,"threshold=1.0000, median=1.0000"
HTWa1131,333,1,consensus,0,0.0000,False,"4 strategies, 0 accepted"
HTWa1131,333,1,ground_truth,0,0.0000,False,0 divider(s)
HTWa1131,333,1,positional_profile,0,1.0000,False,"start=27, end=11, thr_start=0.333, thr_end=0.333"
HTWa1131,333,1,viterbi_hmm,0,1.0000,False,too short
HTWa1132,334,1,bigram_transition,0,1.0000,False,"threshold=0.012821, p25"
HTWa1132,334,1,boundary_entropy,0,1.0000,False,"threshold=1.0000, median=1.0000"
HTWa1132,334,1,consensus,0,0.0000,False,"4 strategies, 0 accepted"
HTWa1132,334,1,ground_truth,0,0.0000,False,0 divider(s)
HTWa1132,334,1,positional_profile,0,1.0000,False,"start=27, end=11, thr_start=0.333, thr_end=0.333"
HTWa1132,334,1,viterbi_hmm,0,1.0000,False,too short
HTWa1133,335,1,bigram_transition,0,1.0000,False,"threshold=0.012821, p25"
HTWa1133,335,1,boundary_entropy,0,1.0000,False,"threshold=1.0000, median=1.0000"
HTWa1133,335,1,consensus,0,0.0000,False,"4 strategies, 0 accepted"
HTWa1133,335,1,ground_truth,0,0.0000,False,0 divider(s)
HTWa1133,335,1,positional_profile,0,1.0000,False,"start=27, end=11, thr_start=0.333, thr_end=0.333"
HTWa1133,335,1,viterbi_hmm,0,1.0000,False,too short
HTWa1134,336,1,bigram_transition,0,1.0000,False,"threshold=0.012821, p25"
HTWa1134,336,1,boundary_entropy,0,1.0000,False,"threshold=1.0000, median=1.0000"
HTWa1134,336,1,consensus,0,0.0000,False,"4 strategies, 0 accepted"
HTWa1134,336,1,ground_truth,0,0.0000,False,0 divider(s)
HTWa1134,336,1,positional_profile,0,1.0000,False,"start=27, end=11, thr_start=0.333, thr_end=0.333"
HTWa1134,336,1,viterbi_hmm,0,1.0000,False,too short
HTWa1135,337,1,bigram_transition,0,1.0000,False,"threshold=0.012821, p25"
HTWa1135,337,1,boundary_entropy,0,1.0000,False,"threshold=1.0000, median=1.0000"
HTWa1135,337,1,consensus,0,0.0000,False,"4 strategies, 0 accepted"
HTWa1135,337,1,ground_truth,0,0.0000,False,0 divider(s)
HTWa1135,337,1,positional_profile,0,1.0000,False,"start=27, end=11, thr_start=0.333, thr_end=0.333"
HTWa1135,337,1,viterbi_hmm,0,1.0000,False,too short
HTWa1136,338,1,bigram_transition,0,1.0000,False,"threshold=0.012821, p25"
HTWa1136,338,1,boundary_entropy,0,1.0000,False,"threshold=1.0000, median=1.0000"
HTWa1136,338,1,consensus,0,0.0000,False,"4 strategies, 0 accepted"
HTWa1136,338,1,ground_truth,0,0.0000,False,0 divider(s)
HTWa1136,338,1,positional_profile,0,1.0000,False,"start=27, end=11, thr_start=0.333, thr_end=0.333"
HTWa1136,338,1,viterbi_hmm,0,1.0000,False,too short
HTWa1137,339,1,bigram_transition,0,1.0000,False,"threshold=0.012821, p25"
HTWa1137,339,1,boundary_entropy,0,1.0000,False,"threshold=1.0000, median=1.0000"
HTWa1137,339,1,consensus,0,0.0000,False,"4 strategies, 0 accepted"
HTWa1137,339,1,ground_truth,0,0.0000,False,0 divider(s)
HTWa1137,339,1,positional_profile,0,1.0000,False,"start=27, end=11, thr_start=0.333, thr_end=0.333"
HTWa1137,339,1,viterbi_hmm,0,1.0000,False,too short
HTWa1138,340,1,bigram_transition,0,1.0000,False,"threshold=0.012821, p25"
HTWa1138,340,1,boundary_entropy,0,1.0000,False,"threshold=1.0000, median=1.0000"
HTWa1138,340,1,consensus,0,0.0000,False,"4 strategies, 0 accepted"
HTWa1138,340,1,ground_truth,0,0.0000,False,0 divider(s)
HTWa1138,340,1,positional_profile,0,1.0000,False,"start=27, end=11, thr_start=0.333, thr_end=0.333"
HTWa1138,340,1,viterbi_hmm,0,1.0000,False,too short
HTWa1139,341,1,bigram_transition,0,1.0000,False,"threshold=0.012821, p25"
HTWa1139,341,1,boundary_entropy,0,1.0000,False,"threshold=1.0000, median=1.0000"
HTWa1139,341,1,consensus,0,0.0000,False,"4 strategies, 0 accepted"
HTWa1139,341,1,ground_truth,0,0.0000,False,0 divider(s)
HTWa1139,341,1,positional_profile,0,1.0000,False,"start=27, end=11, thr_start=0.333, thr_end=0.333"
HTWa1139,341,1,viterbi_hmm,0,1.0000,False,too short
HTWa1140,342,1,bigram_transition,0,1.0000,False,"threshold=0.012821, p25"
HTWa1140,342,1,boundary_entropy,0,1.0000,False,"threshold=1.0000, median=1.0000"
HTWa1140,342,1,consensus,0,0.0000,False,"4 strategies, 0 accepted"
HTWa1140,342,1,ground_truth,0,0.0000,False,0 divider(s)
HTWa1140,342,1,positional_profile,0,1.0000,False,"start=27, end=11, thr_start=0.333, thr_end=0.333"
HTWa1140,342,1,viterbi_hmm,0,1.0000,False,too short
HTWa1141,343,1,bigram_transition,0,1.0000,False,"threshold=0.012821, p25"
HTWa1141,343,1,boundary_entropy,0,1.0000,False,"threshold=1.0000, median=1.0000"
HTWa1141,343,1,consensus,0,0.0000,False,"4 strategies, 0 accepted"
HTWa1141,343,1,ground_truth,0,0.0000,False,0 divider(s)
HTWa1141,343,1,positional_profile,0,1.0000,False,"start=27, end=11, thr_start=0.333, thr_end=0.333"
HTWa1141,343,1,viterbi_hmm,0,1.0000,False,too short
HTWa1142,344,1,bigram_transition,0,1.0000,False,"threshold=0.012821, p25"
HTWa1142,344,1,boundary_entropy,0,1.0000,False,"threshold=1.0000, median=1.0000"
HTWa1142,344,1,consensus,0,0.0000,False,"4 strategies, 0 accepted"
HTWa1142,344,1,ground_truth,0,0.0000,False,0 divider(s)
HTWa1142,344,1,positional_profile,0,1.0000,False,"start=27, end=11, thr_start=0.333, thr_end=0.333"
HTWa1142,344,1,viterbi_hmm,0,1.0000,False,too short
HTWa1143,345,1,bigram_transition,0,1.0000,False,"threshold=0.012821, p25"
HTWa1143,345,1,boundary_entropy,0,1.0000,False,"threshold=1.0000, median=1.0000"
HTWa1143,345,1,consensus,0,0.0000,False,"4 strategies, 0 accepted"
HTWa1143,345,1,ground_truth,0,0.0000,False,0 divider(s)
HTWa1143,345,1,positional_profile,0,1.0000,False,"start=27, end=11, thr_start=0.333, thr_end=0.333"
HTWa1143,345,1,viterbi_hmm,0,1.0000,False,too short
HTWa1144,346,1,bigram_transition,0,1.0000,False,"threshold=0.012821, p25"
HTWa1144,346,1,boundary_entropy,0,1.0000,False,"threshold=1.0000, median=1.0000"
HTWa1144,346,1,consensus,0,0.0000,False,"4 strategies, 0 accepted"
HTWa1144,346,1,ground_truth,0,0.0000,False,0 divider(s)
HTWa1144,346,1,positional_profile,0,1.0000,False,"start=27, end=11, thr_start=0.333, thr_end=0.333"
HTWa1144,346,1,viterbi_hmm,0,1.0000,False,too short
HTWa1145,347,1,bigram_transition,0,1.0000,False,"threshold=0.012821, p25"
HTWa1145,347,1,boundary_entropy,0,1.0000,False,"threshold=1.0000, median=1.0000"
HTWa1145,347,1,consensus,0,0.0000,False,"4 strategies, 0 accepted"
HTWa1145,347,1,ground_truth,0,0.0000,False,0 divider(s)
HTWa1145,347,1,positional_profile,0,1.0000,False,"start=27, end=11, thr_start=0.333, thr_end=0.333"
HTWa1145,347,1,viterbi_hmm,0,1.0000,False,too short
HTWa1146,348,1,bigram_transition,0,1.0000,False,"threshold=0.012821, p25"
HTWa1146,348,1,boundary_entropy,0,1.0000,False,"threshold=1.0000, median=1.0000"
HTWa1146,348,1,consensus,0,0.0000,False,"4 strategies, 0 accepted"
HTWa1146,348,1,ground_truth,0,0.0000,False,0 divider(s)
HTWa1146,348,1,positional_profile,0,1.0000,False,"start=27, end=11, thr_start=0.333, thr_end=0.333"
HTWa1146,348,1,viterbi_hmm,0,1.0000,False,too short
HTWa1147,349,1,bigram_transition,0,1.0000,False,"threshold=0.012821, p25"
HTWa1147,349,1,boundary_entropy,0,1.0000,False,"threshold=1.0000, median=1.0000"
HTWa1147,349,1,consensus,0,0.0000,False,"4 strategies, 0 accepted"
HTWa1147,349,1,ground_truth,0,0.0000,False,0 divider(s)
HTWa1147,349,1,positional_profile,0,1.0000,False,"start=27, end=11, thr_start=0.333, thr_end=0.333"
HTWa1147,349,1,viterbi_hmm,0,1.0000,False,too short
HTWa1148,350,1,bigram_transition,0,1.0000,False,"threshold=0.012821, p25"
HTWa1148,350,1,boundary_entropy,0,1.0000,False,"threshold=1.0000, median=1.0000"
HTWa1148,350,1,consensus,0,0.0000,False,"4 strategies, 0 accepted"
HTWa1148,350,1,ground_truth,0,0.0000,False,0 divider(s)
HTWa1148,350,1,positional_profile,0,1.0000,False,"start=27, end=11, thr_start=0.333, thr_end=0.333"
HTWa1148,350,1,viterbi_hmm,0,1.0000,False,too short
HTWa1149,351,1,bigram_transition,0,1.0000,False,"threshold=0.012821, p25"
HTWa1149,351,1,boundary_entropy,0,1.0000,False,"threshold=1.0000, median=1.0000"
HTWa1149,351,1,consensus,0,0.0000,False,"4 strategies, 0 accepted"
HTWa1149,351,1,ground_truth,0,0.0000,False,0 divider(s)
HTWa1149,351,1,positional_profile,0,1.0000,False,"start=27, end=11, thr_start=0.333, thr_end=0.333"
HTWa1149,351,1,viterbi_hmm,0,1.0000,False,too short
HTWa1150,352,1,bigram_transition,0,1.0000,False,"threshold=0.012821, p25"
HTWa1150,352,1,boundary_entropy,0,1.0000,False,"threshold=1.0000, median=1.0000"
HTWa1150,352,1,consensus,0,0.0000,False,"4 strategies, 0 accepted"
HTWa1150,352,1,ground_truth,0,0.0000,False,0 divider(s)
HTWa1150,352,1,positional_profile,0,1.0000,False,"start=27, end=11, thr_start=0.333, thr_end=0.333"
HTWa1150,352,1,viterbi_hmm,0,1.0000,False,too short
HTWa1151,353,1,bigram_transition,0,1.0000,False,"threshold=0.012821, p25"
HTWa1151,353,1,boundary_entropy,0,1.0000,False,"threshold=1.0000, median=1.0000"
HTWa1151,353,1,consensus,0,0.0000,False,"4 strategies, 0 accepted"
HTWa1151,353,1,ground_truth,0,0.0000,False,0 divider(s)
HTWa1151,353,1,positional_profile,0,1.0000,False,"start=27, end=11, thr_start=0.333, thr_end=0.333"
HTWa1151,353,1,viterbi_hmm,0,1.0000,False,too short
HTWa1152,354,1,bigram_transition,0,1.0000,False,"threshold=0.012821, p25"
HTWa1152,354,1,boundary_entropy,0,1.0000,False,"threshold=1.0000, median=1.0000"
HTWa1152,354,1,consensus,0,0.0000,False,"4 strategies, 0 accepted"
HTWa1152,354,1,ground_truth,0,0.0000,False,0 divider(s)
HTWa1152,354,1,positional_profile,0,1.0000,False,"start=27, end=11, thr_start=0.333, thr_end=0.333"
HTWa1152,354,1,viterbi_hmm,0,1.0000,False,too short
HTWa1153,355,1,bigram_transition,0,1.0000,False,"threshold=0.012821, p25"
HTWa1153,355,1,boundary_entropy,0,1.0000,False,"threshold=1.0000, median=1.0000"
HTWa1153,355,1,consensus,0,0.0000,False,"4 strategies, 0 accepted"
HTWa1153,355,1,ground_truth,0,0.0000,False,0 divider(s)
HTWa1153,355,1,positional_profile,0,1.0000,False,"start=27, end=11, thr_start=0.333, thr_end=0.333"
HTWa1153,355,1,viterbi_hmm,0,1.0000,False,too short
HTWa1154,356,1,bigram_transition,0,1.0000,False,"threshold=0.012821, p25"
HTWa1154,356,1,boundary_entropy,0,1.0000,False,"threshold=1.0000, median=1.0000"
HTWa1154,356,1,consensus,0,0.0000,False,"4 strategies, 0 accepted"
HTWa1154,356,1,ground_truth,0,0.0000,False,0 divider(s)
HTWa1154,356,1,positional_profile,0,1.0000,False,"start=27, end=11, thr_start=0.333, thr_end=0.333"
HTWa1154,356,1,viterbi_hmm,0,1.0000,False,too short
HTWa1155,357,1,bigram_transition,0,1.0000,False,"threshold=0.012821, p25"
HTWa1155,357,1,boundary_entropy,0,1.0000,False,"threshold=1.0000, median=1.0000"
HTWa1155,357,1,consensus,0,0.0000,False,"4 strategies, 0 accepted"
HTWa1155,357,1,ground_truth,0,0.0000,False,0 divider(s)
HTWa1155,357,1,positional_profile,0,1.0000,False,"start=27, end=11, thr_start=0.333, thr_end=0.333"
HTWa1155,357,1,viterbi_hmm,0,1.0000,False,too short
HTWa1156,358,1,bigram_transition,0,1.0000,False,"threshold=0.012821, p25"
HTWa1156,358,1,boundary_entropy,0,1.0000,False,"threshold=1.0000, median=1.0000"
HTWa1156,358,1,consensus,0,0.0000,False,"4 strategies, 0 accepted"
HTWa1156,358,1,ground_truth,0,0.0000,False,0 divider(s)
HTWa1156,358,1,positional_profile,0,1.0000,False,"start=27, end=11, thr_start=0.333, thr_end=0.333"
HTWa1156,358,1,viterbi_hmm,0,1.0000,False,too short
HTWa1157,359,1,bigram_transition,0,1.0000,False,"threshold=0.012821, p25"
HTWa1157,359,1,boundary_entropy,0,1.0000,False,"threshold=1.0000, median=1.0000"
HTWa1157,359,1,consensus,0,0.0000,False,"4 strategies, 0 accepted"
HTWa1157,359,1,ground_truth,0,0.0000,False,0 divider(s)
HTWa1157,359,1,positional_profile,0,1.0000,False,"start=27, end=11, thr_start=0.333, thr_end=0.333"
HTWa1157,359,1,viterbi_hmm,0,1.0000,False,too short
HTWa1158,360,1,bigram_transition,0,1.0000,False,"threshold=0.012821, p25"
HTWa1158,360,1,boundary_entropy,0,1.0000,False,"threshold=1.0000, median=1.0000"
HTWa1158,360,1,consensus,0,0.0000,False,"4 strategies, 0 accepted"
HTWa1158,360,1,ground_truth,0,0.0000,False,0 divider(s)
HTWa1158,360,1,positional_profile,0,1.0000,False,"start=27, end=11, thr_start=0.333, thr_end=0.333"
HTWa1158,360,1,viterbi_hmm,0,1.0000,False,too short
HTWa1159,361,1,bigram_transition,0,1.0000,False,"threshold=0.012821, p25"
HTWa1159,361,1,boundary_entropy,0,1.0000,False,"threshold=1.0000, median=1.0000"
HTWa1159,361,1,consensus,0,0.0000,False,"4 strategies, 0 accepted"
HTWa1159,361,1,ground_truth,0,0.0000,False,0 divider(s)
HTWa1159,361,1,positional_profile,0,1.0000,False,"start=27, end=11, thr_start=0.333, thr_end=0.333"
HTWa1159,361,1,viterbi_hmm,0,1.0000,False,too short
HTWa1160,362,1,bigram_transition,0,1.0000,False,"threshold=0.012821, p25"
HTWa1160,362,1,boundary_entropy,0,1.0000,False,"threshold=1.0000, median=1.0000"
HTWa1160,362,1,consensus,0,0.0000,False,"4 strategies, 0 accepted"
HTWa1160,362,1,ground_truth,0,0.0000,False,0 divider(s)
HTWa1160,362,1,positional_profile,0,1.0000,False,"start=27, end=11, thr_start=0.333, thr_end=0.333"
HTWa1160,362,1,viterbi_hmm,0,1.0000,False,too short
HTWa1161,363,1,bigram_transition,0,1.0000,False,"threshold=0.012821, p25"
HTWa1161,363,1,boundary_entropy,0,1.0000,False,"threshold=1.0000, median=1.0000"
HTWa1161,363,1,consensus,0,0.0000,False,"4 strategies, 0 accepted"
HTWa1161,363,1,ground_truth,0,0.0000,False,0 divider(s)
HTWa1161,363,1,positional_profile,0,1.0000,False,"start=27, end=11, thr_start=0.333, thr_end=0.333"
HTWa1161,363,1,viterbi_hmm,0,1.0000,False,too short
HTWa1162,364,1,bigram_transition,0,1.0000,False,"threshold=0.012821, p25"
HTWa1162,364,1,boundary_entropy,0,1.0000,False,"threshold=1.0000, median=1.0000"
HTWa1162,364,1,consensus,0,0.0000,False,"4 strategies, 0 accepted"
HTWa1162,364,1,ground_truth,0,0.0000,False,0 divider(s)
HTWa1162,364,1,positional_profile,0,1.0000,False,"start=27, end=11, thr_start=0.333, thr_end=0.333"
HTWa1162,364,1,viterbi_hmm,0,1.0000,False,too short
HTWa1163,365,1,bigram_transition,0,1.0000,False,"threshold=0.012821, p25"
HTWa1163,365,1,boundary_entropy,0,1.0000,False,"threshold=1.0000, median=1.0000"
HTWa1163,365,1,consensus,0,0.0000,False,"4 strategies, 0 accepted"
HTWa1163,365,1,ground_truth,0,0.0000,False,0 divider(s)
HTWa1163,365,1,positional_profile,0,1.0000,False,"start=27, end=11, thr_start=0.333, thr_end=0.333"
HTWa1163,365,1,viterbi_hmm,0,1.0000,False,too short
HTWa1164,366,1,bigram_transition,0,1.0000,False,"threshold=0.012821, p25"
HTWa1164,366,1,boundary_entropy,0,1.0000,False,"threshold=1.0000, median=1.0000"
HTWa1164,366,1,consensus,0,0.0000,False,"4 strategies, 0 accepted"
HTWa1164,366,1,ground_truth,0,0.0000,False,0 divider(s)
HTWa1164,366,1,positional_profile,0,1.0000,False,"start=27, end=11, thr_start=0.333, thr_end=0.333"
HTWa1164,366,1,viterbi_hmm,0,1.0000,False,too short
HTWa1165,367,1,bigram_transition,0,1.0000,False,"threshold=0.012821, p25"
HTWa1165,367,1,boundary_entropy,0,1.0000,False,"threshold=1.0000, median=1.0000"
HTWa1165,367,1,consensus,0,0.0000,False,"4 strategies, 0 accepted"
HTWa1165,367,1,ground_truth,0,0.0000,False,0 divider(s)
HTWa1165,367,1,positional_profile,0,1.0000,False,"start=27, end=11, thr_start=0.333, thr_end=0.333"
HTWa1165,367,1,viterbi_hmm,0,1.0000,False,too short
HTWa1166,368,1,bigram_transition,0,1.0000,False,"threshold=0.012821, p25"
HTWa1166,368,1,boundary_entropy,0,1.0000,False,"threshold=1.0000, median=1.0000"
HTWa1166,368,1,consensus,0,0.0000,False,"4 strategies, 0 accepted"
HTWa1166,368,1,ground_truth,0,0.0000,False,0 divider(s)
HTWa1166,368,1,positional_profile,0,1.0000,False,"start=27, end=11, thr_start=0.333, thr_end=0.333"
HTWa1166,368,1,viterbi_hmm,0,1.0000,False,too short
HTWa1167,369,1,bigram_transition,0,1.0000,False,"threshold=0.012821, p25"
HTWa1167,369,1,boundary_entropy,0,1.0000,False,"threshold=1.0000, median=1.0000"
HTWa1167,369,1,consensus,0,0.0000,False,"4 strategies, 0 accepted"
HTWa1167,369,1,ground_truth,0,0.0000,False,0 divider(s)
HTWa1167,369,1,positional_profile,0,1.0000,False,"start=27, end=11, thr_start=0.333, thr_end=0.333"
HTWa1167,369,1,viterbi_hmm,0,1.0000,False,too short
HTWa1168,370,1,bigram_transition,0,1.0000,False,"threshold=0.012821, p25"
HTWa1168,370,1,boundary_entropy,0,1.0000,False,"threshold=1.0000, median=1.0000"
HTWa1168,370,1,consensus,0,0.0000,False,"4 strategies, 0 accepted"
HTWa1168,370,1,ground_truth,0,0.0000,False,0 divider(s)
HTWa1168,370,1,positional_profile,0,1.0000,False,"start=27, end=11, thr_start=0.333, thr_end=0.333"
HTWa1168,370,1,viterbi_hmm,0,1.0000,False,too short
HTWa1169,371,1,bigram_transition,0,1.0000,False,"threshold=0.012821, p25"
HTWa1169,371,1,boundary_entropy,0,1.0000,False,"threshold=1.0000, median=1.0000"
HTWa1169,371,1,consensus,0,0.0000,False,"4 strategies, 0 accepted"
HTWa1169,371,1,ground_truth,0,0.0000,False,0 divider(s)
HTWa1169,371,1,positional_profile,0,1.0000,False,"start=27, end=11, thr_start=0.333, thr_end=0.333"
HTWa1169,371,1,viterbi_hmm,0,1.0000,False,too short
HTWa1170,372,1,bigram_transition,0,1.0000,False,"threshold=0.012821, p25"
HTWa1170,372,1,boundary_entropy,0,1.0000,False,"threshold=1.0000, median=1.0000"
HTWa1170,372,1,consensus,0,0.0000,False,"4 strategies, 0 accepted"
HTWa1170,372,1,ground_truth,0,0.0000,False,0 divider(s)
HTWa1170,372,1,positional_profile,0,1.0000,False,"start=27, end=11, thr_start=0.333, thr_end=0.333"
HTWa1170,372,1,viterbi_hmm,0,1.0000,False,too short
HTWa1171,373,1,bigram_transition,0,1.0000,False,"threshold=0.012821, p25"
HTWa1171,373,1,boundary_entropy,0,1.0000,False,"threshold=1.0000, median=1.0000"
HTWa1171,373,1,consensus,0,0.0000,False,"4 strategies, 0 accepted"
HTWa1171,373,1,ground_truth,0,0.0000,False,0 divider(s)
HTWa1171,373,1,positional_profile,0,1.0000,False,"start=27, end=11, thr_start=0.333, thr_end=0.333"
HTWa1171,373,1,viterbi_hmm,0,1.0000,False,too short
HTWa1172,374,1,bigram_transition,0,1.0000,False,"threshold=0.012821, p25"
HTWa1172,374,1,boundary_entropy,0,1.0000,False,"threshold=1.0000, median=1.0000"
HTWa1172,374,1,consensus,0,0.0000,False,"4 strategies, 0 accepted"
HTWa1172,374,1,ground_truth,0,0.0000,False,0 divider(s)
HTWa1172,374,1,positional_profile,0,1.0000,False,"start=27, end=11, thr_start=0.333, thr_end=0.333"
HTWa1172,374,1,viterbi_hmm,0,1.0000,False,too short
HTWa1173,375,1,bigram_transition,0,1.0000,False,"threshold=0.012821, p25"
HTWa1173,375,1,boundary_entropy,0,1.0000,False,"threshold=1.0000, median=1.0000"
HTWa1173,375,1,consensus,0,0.0000,False,"4 strategies, 0 accepted"
HTWa1173,375,1,ground_truth,0,0.0000,False,0 divider(s)
HTWa1173,375,1,positional_profile,0,1.0000,False,"start=27, end=11, thr_start=0.333, thr_end=0.333"
HTWa1173,375,1,viterbi_hmm,0,1.0000,False,too short
HTWa1174,376,1,bigram_transition,0,1.0000,False,"threshold=0.012821, p25"
HTWa1174,376,1,boundary_entropy,0,1.0000,False,"threshold=1.0000, median=1.0000"
HTWa1174,376,1,consensus,0,0.0000,False,"4 strategies, 0 accepted"
HTWa1174,376,1,ground_truth,0,0.0000,False,0 divider(s)
HTWa1174,376,1,positional_profile,0,1.0000,False,"start=27, end=11, thr_start=0.333, thr_end=0.333"
HTWa1174,376,1,viterbi_hmm,0,1.0000,False,too short
HTWa1175,377,1,bigram_transition,0,1.0000,False,"threshold=0.012821, p25"
HTWa1175,377,1,boundary_entropy,0,1.0000,False,"threshold=1.0000, median=1.0000"
HTWa1175,377,1,consensus,0,0.0000,False,"4 strategies, 0 accepted"
HTWa1175,377,1,ground_truth,0,0.0000,False,0 divider(s)
HTWa1175,377,1,positional_profile,0,1.0000,False,"start=27, end=11, thr_start=0.333, thr_end=0.333"
HTWa1175,377,1,viterbi_hmm,0,1.0000,False,too short
HTWa1176,378,1,bigram_transition,0,1.0000,False,"threshold=0.012821, p25"
HTWa1176,378,1,boundary_entropy,0,1.0000,False,"threshold=1.0000, median=1.0000"
HTWa1176,378,1,consensus,0,0.0000,False,"4 strategies, 0 accepted"
HTWa1176,378,1,ground_truth,0,0.0000,False,0 divider(s)
HTWa1176,378,1,positional_profile,0,1.0000,False,"start=27, end=11, thr_start=0.333, thr_end=0.333"
HTWa1176,378,1,viterbi_hmm,0,1.0000,False,too short
HTWa1177,379,1,bigram_transition,0,1.0000,False,"threshold=0.012821, p25"
HTWa1177,379,1,boundary_entropy,0,1.0000,False,"threshold=1.0000, median=1.0000"
HTWa1177,379,1,consensus,0,0.0000,False,"4 strategies, 0 accepted"
HTWa1177,379,1,ground_truth,0,0.0000,False,0 divider(s)
HTWa1177,379,1,positional_profile,0,1.0000,False,"start=27, end=11, thr_start=0.333, thr_end=0.333"
HTWa1177,379,1,viterbi_hmm,0,1.0000,False,too short
HTWa1178,380,1,bigram_transition,0,1.0000,False,"threshold=0.012821, p25"
HTWa1178,380,1,boundary_entropy,0,1.0000,False,"threshold=1.0000, median=1.0000"
HTWa1178,380,1,consensus,0,0.0000,False,"4 strategies, 0 accepted"
HTWa1178,380,1,ground_truth,0,0.0000,False,0 divider(s)
HTWa1178,380,1,positional_profile,0,1.0000,False,"start=27, end=11, thr_start=0.333, thr_end=0.333"
HTWa1178,380,1,viterbi_hmm,0,1.0000,False,too short
HTWa1179,381,1,bigram_transition,0,1.0000,False,"threshold=0.012821, p25"
HTWa1179,381,1,boundary_entropy,0,1.0000,False,"threshold=1.0000, median=1.0000"
HTWa1179,381,1,consensus,0,0.0000,False,"4 strategies, 0 accepted"
HTWa1179,381,1,ground_truth,0,0.0000,False,0 divider(s)
HTWa1179,381,1,positional_profile,0,1.0000,False,"start=27, end=11, thr_start=0.333, thr_end=0.333"
HTWa1179,381,1,viterbi_hmm,0,1.0000,False,too short
HTWa1180,382,1,bigram_transition,0,1.0000,False,"threshold=0.012821, p25"
HTWa1180,382,1,boundary_entropy,0,1.0000,False,"threshold=1.0000, median=1.0000"
HTWa1180,382,1,consensus,0,0.0000,False,"4 strategies, 0 accepted"
HTWa1180,382,1,ground_truth,0,0.0000,False,0 divider(s)
HTWa1180,382,1,positional_profile,0,1.0000,False,"start=27, end=11, thr_start=0.333, thr_end=0.333"
HTWa1180,382,1,viterbi_hmm,0,1.0000,False,too short
HTWa1181,383,1,bigram_transition,0,1.0000,False,"threshold=0.012821, p25"
HTWa1181,383,1,boundary_entropy,0,1.0000,False,"threshold=1.0000, median=1.0000"
HTWa1181,383,1,consensus,0,0.0000,False,"4 strategies, 0 accepted"
HTWa1181,383,1,ground_truth,0,0.0000,False,0 divider(s)
HTWa1181,383,1,positional_profile,0,1.0000,False,"start=27, end=11, thr_start=0.333, thr_end=0.333"
HTWa1181,383,1,viterbi_hmm,0,1.0000,False,too short
HTWa1182,384,1,bigram_transition,0,1.0000,False,"threshold=0.012821, p25"
HTWa1182,384,1,boundary_entropy,0,1.0000,False,"threshold=1.0000, median=1.0000"
HTWa1182,384,1,consensus,0,0.0000,False,"4 strategies, 0 accepted"
HTWa1182,384,1,ground_truth,0,0.0000,False,0 divider(s)
HTWa1182,384,1,positional_profile,0,1.0000,False,"start=27, end=11, thr_start=0.333, thr_end=0.333"
HTWa1182,384,1,viterbi_hmm,0,1.0000,False,too short
HTWa1183,385,1,bigram_transition,0,1.0000,False,"threshold=0.012821, p25"
HTWa1183,385,1,boundary_entropy,0,1.0000,False,"threshold=1.0000, median=1.0000"
HTWa1183,385,1,consensus,0,0.0000,False,"4 strategies, 0 accepted"
HTWa1183,385,1,ground_truth,0,0.0000,False,0 divider(s)
HTWa1183,385,1,positional_profile,0,1.0000,False,"start=27, end=11, thr_start=0.333, thr_end=0.333"
HTWa1183,385,1,viterbi_hmm,0,1.0000,False,too short
HTWa1184,386,1,bigram_transition,0,1.0000,False,"threshold=0.012821, p25"
HTWa1184,386,1,boundary_entropy,0,1.0000,False,"threshold=1.0000, median=1.0000"
HTWa1184,386,1,consensus,0,0.0000,False,"4 strategies, 0 accepted"
HTWa1184,386,1,ground_truth,0,0.0000,False,0 divider(s)
HTWa1184,386,1,positional_profile,0,1.0000,False,"start=27, end=11, thr_start=0.333, thr_end=0.333"
HTWa1184,386,1,viterbi_hmm,0,1.0000,False,too short
HTWa1185,387,1,bigram_transition,0,1.0000,False,"threshold=0.012821, p25"
HTWa1185,387,1,boundary_entropy,0,1.0000,False,"threshold=1.0000, median=1.0000"
HTWa1185,387,1,consensus,0,0.0000,False,"4 strategies, 0 accepted"
HTWa1185,387,1,ground_truth,0,0.0000,False,0 divider(s)
HTWa1185,387,1,positional_profile,0,1.0000,False,"start=27, end=11, thr_start=0.333, thr_end=0.333"
HTWa1185,387,1,viterbi_hmm,0,1.0000,False,too short
HTWa1186,388,1,bigram_transition,0,1.0000,False,"threshold=0.012821, p25"
HTWa1186,388,1,boundary_entropy,0,1.0000,False,"threshold=1.0000, median=1.0000"
HTWa1186,388,1,consensus,0,0.0000,False,"4 strategies, 0 accepted"
HTWa1186,388,1,ground_truth,0,0.0000,False,0 divider(s)
HTWa1186,388,1,positional_profile,0,1.0000,False,"start=27, end=11, thr_start=0.333, thr_end=0.333"
HTWa1186,388,1,viterbi_hmm,0,1.0000,False,too short
HTWa1187,389,1,bigram_transition,0,1.0000,False,"threshold=0.012821, p25"
HTWa1187,389,1,boundary_entropy,0,1.0000,False,"threshold=1.0000, median=1.0000"
HTWa1187,389,1,consensus,0,0.0000,False,"4 strategies, 0 accepted"
HTWa1187,389,1,ground_truth,0,0.0000,False,0 divider(s)
HTWa1187,389,1,positional_profile,0,1.0000,False,"start=27, end=11, thr_start=0.333, thr_end=0.333"
HTWa1187,389,1,viterbi_hmm,0,1.0000,False,too short
HTWa1188,390,1,bigram_transition,0,1.0000,False,"threshold=0.012821, p25"
HTWa1188,390,1,boundary_entropy,0,1.0000,False,"threshold=1.0000, median=1.0000"
HTWa1188,390,1,consensus,0,0.0000,False,"4 strategies, 0 accepted"
HTWa1188,390,1,ground_truth,0,0.0000,False,0 divider(s)
HTWa1188,390,1,positional_profile,0,1.0000,False,"start=27, end=11, thr_start=0.333, thr_end=0.333"
HTWa1188,390,1,viterbi_hmm,0,1.0000,False,too short
HTWa1189,391,1,bigram_transition,0,1.0000,False,"threshold=0.012821, p25"
HTWa1189,391,1,boundary_entropy,0,1.0000,False,"threshold=1.0000, median=1.0000"
HTWa1189,391,1,consensus,0,0.0000,False,"4 strategies, 0 accepted"
HTWa1189,391,1,ground_truth,0,0.0000,False,0 divider(s)
HTWa1189,391,1,positional_profile,0,1.0000,False,"start=27, end=11, thr_start=0.333, thr_end=0.333"
HTWa1189,391,1,viterbi_hmm,0,1.0000,False,too short
HTWa1190,392,1,bigram_transition,0,1.0000,False,"threshold=0.012821, p25"
HTWa1190,392,1,boundary_entropy,0,1.0000,False,"threshold=1.0000, median=1.0000"
HTWa1190,392,1,consensus,0,0.0000,False,"4 strategies, 0 accepted"
HTWa1190,392,1,ground_truth,0,0.0000,False,0 divider(s)
HTWa1190,392,1,positional_profile,0,1.0000,False,"start=27, end=11, thr_start=0.333, thr_end=0.333"
HTWa1190,392,1,viterbi_hmm,0,1.0000,False,too short
HTWa1191,393,1,bigram_transition,0,1.0000,False,"threshold=0.012821, p25"
HTWa1191,393,1,boundary_entropy,0,1.0000,False,"threshold=1.0000, median=1.0000"
HTWa1191,393,1,consensus,0,0.0000,False,"4 strategies, 0 accepted"
HTWa1191,393,1,ground_truth,0,0.0000,False,0 divider(s)
HTWa1191,393,1,positional_profile,0,1.0000,False,"start=27, end=11, thr_start=0.333, thr_end=0.333"
HTWa1191,393,1,viterbi_hmm,0,1.0000,False,too short
HTWa1192,394,1,bigram_transition,0,1.0000,False,"threshold=0.012821, p25"
HTWa1192,394,1,boundary_entropy,0,1.0000,False,"threshold=1.0000, median=1.0000"
HTWa1192,394,1,consensus,0,0.0000,False,"4 strategies, 0 accepted"
HTWa1192,394,1,ground_truth,0,0.0000,False,0 divider(s)
HTWa1192,394,1,positional_profile,0,1.0000,False,"start=27, end=11, thr_start=0.333, thr_end=0.333"
HTWa1192,394,1,viterbi_hmm,0,1.0000,False,too short
HTWa1193,395,1,bigram_transition,0,1.0000,False,"threshold=0.012821, p25"
HTWa1193,395,1,boundary_entropy,0,1.0000,False,"threshold=1.0000, median=1.0000"
HTWa1193,395,1,consensus,0,0.0000,False,"4 strategies, 0 accepted"
HTWa1193,395,1,ground_truth,0,0.0000,False,0 divider(s)
HTWa1193,395,1,positional_profile,0,1.0000,False,"start=27, end=11, thr_start=0.333, thr_end=0.333"
HTWa1193,395,1,viterbi_hmm,0,1.0000,False,too short
HTWa1194,396,1,bigram_transition,0,1.0000,False,"threshold=0.012821, p25"
HTWa1194,396,1,boundary_entropy,0,1.0000,False,"threshold=1.0000, median=1.0000"
HTWa1194,396,1,consensus,0,0.0000,False,"4 strategies, 0 accepted"
HTWa1194,396,1,ground_truth,0,0.0000,False,0 divider(s)
HTWa1194,396,1,positional_profile,0,1.0000,False,"start=27, end=11, thr_start=0.333, thr_end=0.333"
HTWa1194,396,1,viterbi_hmm,0,1.0000,False,too short
HTWa1195,397,1,bigram_transition,0,1.0000,False,"threshold=0.012821, p25"
HTWa1195,397,1,boundary_entropy,0,1.0000,False,"threshold=1.0000, median=1.0000"
HTWa1195,397,1,consensus,0,0.0000,False,"4 strategies, 0 accepted"
HTWa1195,397,1,ground_truth,0,0.0000,False,0 divider(s)
HTWa1195,397,1,positional_profile,0,1.0000,False,"start=27, end=11, thr_start=0.333, thr_end=0.333"
HTWa1195,397,1,viterbi_hmm,0,1.0000,False,too short
HTWa1196,398,1,bigram_transition,0,1.0000,False,"threshold=0.012821, p25"
HTWa1196,398,1,boundary_entropy,0,1.0000,False,"threshold=1.0000, median=1.0000"
HTWa1196,398,1,consensus,0,0.0000,False,"4 strategies, 0 accepted"
HTWa1196,398,1,ground_truth,0,0.0000,False,0 divider(s)
HTWa1196,398,1,positional_profile,0,1.0000,False,"start=27, end=11, thr_start=0.333, thr_end=0.333"
HTWa1196,398,1,viterbi_hmm,0,1.0000,False,too short
HTWa1197,399,1,bigram_transition,0,1.0000,False,"threshold=0.012821, p25"
HTWa1197,399,1,boundary_entropy,0,1.0000,False,"threshold=1.0000, median=1.0000"
HTWa1197,399,1,consensus,0,0.0000,False,"4 strategies, 0 accepted"
HTWa1197,399,1,ground_truth,0,0.0000,False,0 divider(s)
HTWa1197,399,1,positional_profile,0,1.0000,False,"start=27, end=11, thr_start=0.333, thr_end=0.333"
HTWa1197,399,1,viterbi_hmm,0,1.0000,False,too short
HTWa1198,400,1,bigram_transition,0,1.0000,False,"threshold=0.012821, p25"
HTWa1198,400,1,boundary_entropy,0,1.0000,False,"threshold=1.0000, median=1.0000"
HTWa1198,400,1,consensus,0,0.0000,False,"4 strategies, 0 accepted"
HTWa1198,400,1,ground_truth,0,0.0000,False,0 divider(s)
HTWa1198,400,1,positional_profile,0,1.0000,False,"start=27, end=11, thr_start=0.333, thr_end=0.333"
HTWa1198,400,1,viterbi_hmm,0,1.0000,False,too short
HTWa1199,401,1,bigram_transition,0,1.0000,False,"threshold=0.012821, p25"
HTWa1199,401,1,boundary_entropy,0,1.0000,False,"threshold=1.0000, median=1.0000"
HTWa1199,401,1,consensus,0,0.0000,False,"4 strategies, 0 accepted"
HTWa1199,401,1,ground_truth,0,0.0000,False,0 divider(s)
HTWa1199,401,1,positional_profile,0,1.0000,False,"start=27, end=11, thr_start=0.333, thr_end=0.333"
HTWa1199,401,1,viterbi_hmm,0,1.0000,False,too short
HTWa1200,402,1,bigram_transition,0,1.0000,False,"threshold=0.012821, p25"
HTWa1200,402,1,boundary_entropy,0,1.0000,False,"threshold=1.0000, median=1.0000"
HTWa1200,402,1,consensus,0,0.0000,False,"4 strategies, 0 accepted"
HTWa1200,402,1,ground_truth,0,0.0000,False,0 divider(s)
HTWa1200,402,1,positional_profile,0,1.0000,False,"start=27, end=11, thr_start=0.333, thr_end=0.333"
HTWa1200,402,1,viterbi_hmm,0,1.0000,False,too short
HTWa1201,403,1,bigram_transition,0,1.0000,False,"threshold=0.012821, p25"
HTWa1201,403,1,boundary_entropy,0,1.0000,False,"threshold=1.0000, median=1.0000"
HTWa1201,403,1,consensus,0,0.0000,False,"4 strategies, 0 accepted"
HTWa1201,403,1,ground_truth,0,0.0000,False,0 divider(s)
HTWa1201,403,1,positional_profile,0,1.0000,False,"start=27, end=11, thr_start=0.333, thr_end=0.333"
HTWa1201,403,1,viterbi_hmm,0,1.0000,False,too short
HTWa1202,404,1,bigram_transition,0,1.0000,False,"threshold=0.012821, p25"
HTWa1202,404,1,boundary_entropy,0,1.0000,False,"threshold=1.0000, median=1.0000"
HTWa1202,404,1,consensus,0,0.0000,False,"4 strategies, 0 accepted"
HTWa1202,404,1,ground_truth,0,0.0000,False,0 divider(s)
HTWa1202,404,1,positional_profile,0,1.0000,False,"start=27, end=11, thr_start=0.333, thr_end=0.333"
HTWa1202,404,1,viterbi_hmm,0,1.0000,False,too short
HTWa1203,405,1,bigram_transition,0,1.0000,False,"threshold=0.012821, p25"
HTWa1203,405,1,boundary_entropy,0,1.0000,False,"threshold=1.0000, median=1.0000"
HTWa1203,405,1,consensus,0,0.0000,False,"4 strategies, 0 accepted"
HTWa1203,405,1,ground_truth,0,0.0000,False,0 divider(s)
HTWa1203,405,1,positional_profile,0,1.0000,False,"start=27, end=11, thr_start=0.333, thr_end=0.333"
HTWa1203,405,1,viterbi_hmm,0,1.0000,False,too short
HTWa1204,406,1,bigram_transition,0,1.0000,False,"threshold=0.012821, p25"
HTWa1204,406,1,boundary_entropy,0,1.0000,False,"threshold=1.0000, median=1.0000"
HTWa1204,406,1,consensus,0,0.0000,False,"4 strategies, 0 accepted"
HTWa1204,406,1,ground_truth,0,0.0000,False,0 divider(s)
HTWa1204,406,1,positional_profile,0,1.0000,False,"start=27, end=11, thr_start=0.333, thr_end=0.333"
HTWa1204,406,1,viterbi_hmm,0,1.0000,False,too short
HTWa1205,407,1,bigram_transition,0,1.0000,False,"threshold=0.012821, p25"
HTWa1205,407,1,boundary_entropy,0,1.0000,False,"threshold=1.0000, median=1.0000"
HTWa1205,407,1,consensus,0,0.0000,False,"4 strategies, 0 accepted"
HTWa1205,407,1,ground_truth,0,0.0000,False,0 divider(s)
HTWa1205,407,1,positional_profile,0,1.0000,False,"start=27, end=11, thr_start=0.333, thr_end=0.333"
HTWa1205,407,1,viterbi_hmm,0,1.0000,False,too short
HTWa1206,408,1,bigram_transition,0,1.0000,False,"threshold=0.012821, p25"
HTWa1206,408,1,boundary_entropy,0,1.0000,False,"threshold=1.0000, median=1.0000"
HTWa1206,408,1,consensus,0,0.0000,False,"4 strategies, 0 accepted"
HTWa1206,408,1,ground_truth,0,0.0000,False,0 divider(s)
HTWa1206,408,1,positional_profile,0,1.0000,False,"start=27, end=11, thr_start=0.333, thr_end=0.333"
HTWa1206,408,1,viterbi_hmm,0,1.0000,False,too short
HTWa1207,409,1,bigram_transition,0,1.0000,False,"threshold=0.012821, p25"
HTWa1207,409,1,boundary_entropy,0,1.0000,False,"threshold=1.0000, median=1.0000"
HTWa1207,409,1,consensus,0,0.0000,False,"4 strategies, 0 accepted"
HTWa1207,409,1,ground_truth,0,0.0000,False,0 divider(s)
HTWa1207,409,1,positional_profile,0,1.0000,False,"start=27, end=11, thr_start=0.333, thr_end=0.333"
HTWa1207,409,1,viterbi_hmm,0,1.0000,False,too short
HTWa1208,410,1,bigram_transition,0,1.0000,False,"threshold=0.012821, p25"
HTWa1208,410,1,boundary_entropy,0,1.0000,False,"threshold=1.0000, median=1.0000"
HTWa1208,410,1,consensus,0,0.0000,False,"4 strategies, 0 accepted"
HTWa1208,410,1,ground_truth,0,0.0000,False,0 divider(s)
HTWa1208,410,1,positional_profile,0,1.0000,False,"start=27, end=11, thr_start=0.333, thr_end=0.333"
HTWa1208,410,1,viterbi_hmm,0,1.0000,False,too short
HTWa1209,411,1,bigram_transition,0,1.0000,False,"threshold=0.012821, p25"
HTWa1209,411,1,boundary_entropy,0,1.0000,False,"threshold=1.0000, median=1.0000"
HTWa1209,411,1,consensus,0,0.0000,False,"4 strategies, 0 accepted"
HTWa1209,411,1,ground_truth,0,0.0000,False,0 divider(s)
HTWa1209,411,1,positional_profile,0,1.0000,False,"start=27, end=11, thr_start=0.333, thr_end=0.333"
HTWa1209,411,1,viterbi_hmm,0,1.0000,False,too short
HTWa1210,412,1,bigram_transition,0,1.0000,False,"threshold=0.012821, p25"
HTWa1210,412,1,boundary_entropy,0,1.0000,False,"threshold=1.0000, median=1.0000"
HTWa1210,412,1,consensus,0,0.0000,False,"4 strategies, 0 accepted"
HTWa1210,412,1,ground_truth,0,0.0000,False,0 divider(s)
HTWa1210,412,1,positional_profile,0,1.0000,False,"start=27, end=11, thr_start=0.333, thr_end=0.333"
HTWa1210,412,1,viterbi_hmm,0,1.0000,False,too short
HTWa1211,413,1,bigram_transition,0,1.0000,False,"threshold=0.012821, p25"
HTWa1211,413,1,boundary_entropy,0,1.0000,False,"threshold=1.0000, median=1.0000"
HTWa1211,413,1,consensus,0,0.0000,False,"4 strategies, 0 accepted"
HTWa1211,413,1,ground_truth,0,0.0000,False,0 divider(s)
HTWa1211,413,1,positional_profile,0,1.0000,False,"start=27, end=11, thr_start=0.333, thr_end=0.333"
HTWa1211,413,1,viterbi_hmm,0,1.0000,False,too short
HTWa1212,414,1,bigram_transition,0,1.0000,False,"threshold=0.012821, p25"
HTWa1212,414,1,boundary_entropy,0,1.0000,False,"threshold=1.0000, median=1.0000"
HTWa1212,414,1,consensus,0,0.0000,False,"4 strategies, 0 accepted"
HTWa1212,414,1,ground_truth,0,0.0000,False,0 divider(s)
HTWa1212,414,1,positional_profile,0,1.0000,False,"start=27, end=11, thr_start=0.333, thr_end=0.333"
HTWa1212,414,1,viterbi_hmm,0,1.0000,False,too short
HTWa1213,415,1,bigram_transition,0,1.0000,False,"threshold=0.012821, p25"
HTWa1213,415,1,boundary_entropy,0,1.0000,False,"threshold=1.0000, median=1.0000"
HTWa1213,415,1,consensus,0,0.0000,False,"4 strategies, 0 accepted"
HTWa1213,415,1,ground_truth,0,0.0000,False,0 divider(s)
HTWa1213,415,1,positional_profile,0,1.0000,False,"start=27, end=11, thr_start=0.333, thr_end=0.333"
HTWa1213,415,1,viterbi_hmm,0,1.0000,False,too short
HTWa1214,416,1,bigram_transition,0,1.0000,False,"threshold=0.012821, p25"
HTWa1214,416,1,boundary_entropy,0,1.0000,False,"threshold=1.0000, median=1.0000"
HTWa1214,416,1,consensus,0,0.0000,False,"4 strategies, 0 accepted"
HTWa1214,416,1,ground_truth,0,0.0000,False,0 divider(s)
HTWa1214,416,1,positional_profile,0,1.0000,False,"start=27, end=11, thr_start=0.333, thr_end=0.333"
HTWa1214,416,1,viterbi_hmm,0,1.0000,False,too short
HTWa1215,417,1,bigram_transition,0,1.0000,False,"threshold=0.012821, p25"
HTWa1215,417,1,boundary_entropy,0,1.0000,False,"threshold=1.0000, median=1.0000"
HTWa1215,417,1,consensus,0,0.0000,False,"4 strategies, 0 accepted"
HTWa1215,417,1,ground_truth,0,0.0000,False,0 divider(s)
HTWa1215,417,1,positional_profile,0,1.0000,False,"start=27, end=11, thr_start=0.333, thr_end=0.333"
HTWa1215,417,1,viterbi_hmm,0,1.0000,False,too short
HTWa1216,418,1,bigram_transition,0,1.0000,False,"threshold=0.012821, p25"
HTWa1216,418,1,boundary_entropy,0,1.0000,False,"threshold=1.0000, median=1.0000"
HTWa1216,418,1,consensus,0,0.0000,False,"4 strategies, 0 accepted"
HTWa1216,418,1,ground_truth,0,0.0000,False,0 divider(s)
HTWa1216,418,1,positional_profile,0,1.0000,False,"start=27, end=11, thr_start=0.333, thr_end=0.333"
HTWa1216,418,1,viterbi_hmm,0,1.0000,False,too short
HTWa1217,419,1,bigram_transition,0,1.0000,False,"threshold=0.012821, p25"
HTWa1217,419,1,boundary_entropy,0,1.0000,False,"threshold=1.0000, median=1.0000"
HTWa1217,419,1,consensus,0,0.0000,False,"4 strategies, 0 accepted"
HTWa1217,419,1,ground_truth,0,0.0000,False,0 divider(s)
HTWa1217,419,1,positional_profile,0,1.0000,False,"start=27, end=11, thr_start=0.333, thr_end=0.333"
HTWa1217,419,1,viterbi_hmm,0,1.0000,False,too short
HTWa1218,420,1,bigram_transition,0,1.0000,False,"threshold=0.012821, p25"
HTWa1218,420,1,boundary_entropy,0,1.0000,False,"threshold=1.0000, median=1.0000"
HTWa1218,420,1,consensus,0,0.0000,False,"4 strategies, 0 accepted"
HTWa1218,420,1,ground_truth,0,0.0000,False,0 divider(s)
HTWa1218,420,1,positional_profile,0,1.0000,False,"start=27, end=11, thr_start=0.333, thr_end=0.333"
HTWa1218,420,1,viterbi_hmm,0,1.0000,False,too short
HTWa1219,421,1,bigram_transition,0,1.0000,False,"threshold=0.012821, p25"
HTWa1219,421,1,boundary_entropy,0,1.0000,False,"threshold=1.0000, median=1.0000"
HTWa1219,421,1,consensus,0,0.0000,False,"4 strategies, 0 accepted"
HTWa1219,421,1,ground_truth,0,0.0000,False,0 divider(s)
HTWa1219,421,1,positional_profile,0,1.0000,False,"start=27, end=11, thr_start=0.333, thr_end=0.333"
HTWa1219,421,1,viterbi_hmm,0,1.0000,False,too short
HTWa1220,422,1,bigram_transition,0,1.0000,False,"threshold=0.012821, p25"
HTWa1220,422,1,boundary_entropy,0,1.0000,False,"threshold=1.0000, median=1.0000"
HTWa1220,422,1,consensus,0,0.0000,False,"4 strategies, 0 accepted"
HTWa1220,422,1,ground_truth,0,0.0000,False,0 divider(s)
HTWa1220,422,1,positional_profile,0,1.0000,False,"start=27, end=11, thr_start=0.333, thr_end=0.333"
HTWa1220,422,1,viterbi_hmm,0,1.0000,False,too short
HTWa1221,423,1,bigram_transition,0,1.0000,False,"threshold=0.012821, p25"
HTWa1221,423,1,boundary_entropy,0,1.0000,False,"threshold=1.0000, median=1.0000"
HTWa1221,423,1,consensus,0,0.0000,False,"4 strategies, 0 accepted"
HTWa1221,423,1,ground_truth,0,0.0000,False,0 divider(s)
HTWa1221,423,1,positional_profile,0,1.0000,False,"start=27, end=11, thr_start=0.333, thr_end=0.333"
HTWa1221,423,1,viterbi_hmm,0,1.0000,False,too short
HTWa1222,424,1,bigram_transition,0,1.0000,False,"threshold=0.012821, p25"
HTWa1222,424,1,boundary_entropy,0,1.0000,False,"threshold=1.0000, median=1.0000"
HTWa1222,424,1,consensus,0,0.0000,False,"4 strategies, 0 accepted"
HTWa1222,424,1,ground_truth,0,0.0000,False,0 divider(s)
HTWa1222,424,1,positional_profile,0,1.0000,False,"start=27, end=11, thr_start=0.333, thr_end=0.333"
HTWa1222,424,1,viterbi_hmm,0,1.0000,False,too short
HTWa1223,425,1,bigram_transition,0,1.0000,False,"threshold=0.012821, p25"
HTWa1223,425,1,boundary_entropy,0,1.0000,False,"threshold=1.0000, median=1.0000"
HTWa1223,425,1,consensus,0,0.0000,False,"4 strategies, 0 accepted"
HTWa1223,425,1,ground_truth,0,0.0000,False,0 divider(s)
HTWa1223,425,1,positional_profile,0,1.0000,False,"start=27, end=11, thr_start=0.333, thr_end=0.333"
HTWa1223,425,1,viterbi_hmm,0,1.0000,False,too short
HTWa1224,426,1,bigram_transition,0,1.0000,False,"threshold=0.012821, p25"
HTWa1224,426,1,boundary_entropy,0,1.0000,False,"threshold=1.0000, median=1.0000"
HTWa1224,426,1,consensus,0,0.0000,False,"4 strategies, 0 accepted"
HTWa1224,426,1,ground_truth,0,0.0000,False,0 divider(s)
HTWa1224,426,1,positional_profile,0,1.0000,False,"start=27, end=11, thr_start=0.333, thr_end=0.333"
HTWa1224,426,1,viterbi_hmm,0,1.0000,False,too short
HTWa1225,427,1,bigram_transition,0,1.0000,False,"threshold=0.012821, p25"
HTWa1225,427,1,boundary_entropy,0,1.0000,False,"threshold=1.0000, median=1.0000"
HTWa1225,427,1,consensus,0,0.0000,False,"4 strategies, 0 accepted"
HTWa1225,427,1,ground_truth,0,0.0000,False,0 divider(s)
HTWa1225,427,1,positional_profile,0,1.0000,False,"start=27, end=11, thr_start=0.333, thr_end=0.333"
HTWa1225,427,1,viterbi_hmm,0,1.0000,False,too short
HTWa1226,428,1,bigram_transition,0,1.0000,False,"threshold=0.012821, p25"
HTWa1226,428,1,boundary_entropy,0,1.0000,False,"threshold=1.0000, median=1.0000"
HTWa1226,428,1,consensus,0,0.0000,False,"4 strategies, 0 accepted"
HTWa1226,428,1,ground_truth,0,0.0000,False,0 divider(s)
HTWa1226,428,1,positional_profile,0,1.0000,False,"start=27, end=11, thr_start=0.333, thr_end=0.333"
HTWa1226,428,1,viterbi_hmm,0,1.0000,False,too short
HTWa1227,429,1,bigram_transition,0,1.0000,False,"threshold=0.012821, p25"
HTWa1227,429,1,boundary_entropy,0,1.0000,False,"threshold=1.0000, median=1.0000"
HTWa1227,429,1,consensus,0,0.0000,False,"4 strategies, 0 accepted"
HTWa1227,429,1,ground_truth,0,0.0000,False,0 divider(s)
HTWa1227,429,1,positional_profile,0,1.0000,False,"start=27, end=11, thr_start=0.333, thr_end=0.333"
HTWa1227,429,1,viterbi_hmm,0,1.0000,False,too short
HTWa1228,430,1,bigram_transition,0,1.0000,False,"threshold=0.012821, p25"
HTWa1228,430,1,boundary_entropy,0,1.0000,False,"threshold=1.0000, median=1.0000"
HTWa1228,430,1,consensus,0,0.0000,False,"4 strategies, 0 accepted"
HTWa1228,430,1,ground_truth,0,0.0000,False,0 divider(s)
HTWa1228,430,1,positional_profile,0,1.0000,False,"start=27, end=11, thr_start=0.333, thr_end=0.333"
HTWa1228,430,1,viterbi_hmm,0,1.0000,False,too short
HTWa1229,431,1,bigram_transition,0,1.0000,False,"threshold=0.012821, p25"
HTWa1229,431,1,boundary_entropy,0,1.0000,False,"threshold=1.0000, median=1.0000"
HTWa1229,431,1,consensus,0,0.0000,False,"4 strategies, 0 accepted"
HTWa1229,431,1,ground_truth,0,0.0000,False,0 divider(s)
HTWa1229,431,1,positional_profile,0,1.0000,False,"start=27, end=11, thr_start=0.333, thr_end=0.333"
HTWa1229,431,1,viterbi_hmm,0,1.0000,False,too short
HTWa1230,432,1,bigram_transition,0,1.0000,False,"threshold=0.012821, p25"
HTWa1230,432,1,boundary_entropy,0,1.0000,False,"threshold=1.0000, median=1.0000"
HTWa1230,432,1,consensus,0,0.0000,False,"4 strategies, 0 accepted"
HTWa1230,432,1,ground_truth,0,0.0000,False,0 divider(s)
HTWa1230,432,1,positional_profile,0,1.0000,False,"start=27, end=11, thr_start=0.333, thr_end=0.333"
HTWa1230,432,1,viterbi_hmm,0,1.0000,False,too short
HTWa1231,433,1,bigram_transition,0,1.0000,False,"threshold=0.012821, p25"
HTWa1231,433,1,boundary_entropy,0,1.0000,False,"threshold=1.0000, median=1.0000"
HTWa1231,433,1,consensus,0,0.0000,False,"4 strategies, 0 accepted"
HTWa1231,433,1,ground_truth,0,0.0000,False,0 divider(s)
HTWa1231,433,1,positional_profile,0,1.0000,False,"start=27, end=11, thr_start=0.333, thr_end=0.333"
HTWa1231,433,1,viterbi_hmm,0,1.0000,False,too short
HTWa1232,434,1,bigram_transition,0,1.0000,False,"threshold=0.012821, p25"
HTWa1232,434,1,boundary_entropy,0,1.0000,False,"threshold=1.0000, median=1.0000"
HTWa1232,434,1,consensus,0,0.0000,False,"4 strategies, 0 accepted"
HTWa1232,434,1,ground_truth,0,0.0000,False,0 divider(s)
HTWa1232,434,1,positional_profile,0,1.0000,False,"start=27, end=11, thr_start=0.333, thr_end=0.333"
HTWa1232,434,1,viterbi_hmm,0,1.0000,False,too short
HTWa1233,435,1,bigram_transition,0,1.0000,False,"threshold=0.012821, p25"
HTWa1233,435,1,boundary_entropy,0,1.0000,False,"threshold=1.0000, median=1.0000"
HTWa1233,435,1,consensus,0,0.0000,False,"4 strategies, 0 accepted"
HTWa1233,435,1,ground_truth,0,0.0000,False,0 divider(s)
HTWa1233,435,1,positional_profile,0,1.0000,False,"start=27, end=11, thr_start=0.333, thr_end=0.333"
HTWa1233,435,1,viterbi_hmm,0,1.0000,False,too short
HTWa1234,436,1,bigram_transition,0,1.0000,False,"threshold=0.012821, p25"
HTWa1234,436,1,boundary_entropy,0,1.0000,False,"threshold=1.0000, median=1.0000"
HTWa1234,436,1,consensus,0,0.0000,False,"4 strategies, 0 accepted"
HTWa1234,436,1,ground_truth,0,0.0000,False,0 divider(s)
HTWa1234,436,1,positional_profile,0,1.0000,False,"start=27, end=11, thr_start=0.333, thr_end=0.333"
HTWa1234,436,1,viterbi_hmm,0,1.0000,False,too short
HTWa1235,437,1,bigram_transition,0,1.0000,False,"threshold=0.012821, p25"
HTWa1235,437,1,boundary_entropy,0,1.0000,False,"threshold=1.0000, median=1.0000"
HTWa1235,437,1,consensus,0,0.0000,False,"4 strategies, 0 accepted"
HTWa1235,437,1,ground_truth,0,0.0000,False,0 divider(s)
HTWa1235,437,1,positional_profile,0,1.0000,False,"start=27, end=11, thr_start=0.333, thr_end=0.333"
HTWa1235,437,1,viterbi_hmm,0,1.0000,False,too short
HTWa1236,438,1,bigram_transition,0,1.0000,False,"threshold=0.012821, p25"
HTWa1236,438,1,boundary_entropy,0,1.0000,False,"threshold=1.0000, median=1.0000"
HTWa1236,438,1,consensus,0,0.0000,False,"4 strategies, 0 accepted"
HTWa1236,438,1,ground_truth,0,0.0000,False,0 divider(s)
HTWa1236,438,1,positional_profile,0,1.0000,False,"start=27, end=11, thr_start=0.333, thr_end=0.333"
HTWa1236,438,1,viterbi_hmm,0,1.0000,False,too short
HTWa1237,439,1,bigram_transition,0,1.0000,False,"threshold=0.012821, p25"
HTWa1237,439,1,boundary_entropy,0,1.0000,False,"threshold=1.0000, median=1.0000"
HTWa1237,439,1,consensus,0,0.0000,False,"4 strategies, 0 accepted"
HTWa1237,439,1,ground_truth,0,0.0000,False,0 divider(s)
HTWa1237,439,1,positional_profile,0,1.0000,False,"start=27, end=11, thr_start=0.333, thr_end=0.333"
HTWa1237,439,1,viterbi_hmm,0,1.0000,False,too short
HTWa1238,440,1,bigram_transition,0,1.0000,False,"threshold=0.012821, p25"
HTWa1238,440,1,boundary_entropy,0,1.0000,False,"threshold=1.0000, median=1.0000"
HTWa1238,440,1,consensus,0,0.0000,False,"4 strategies, 0 accepted"
HTWa1238,440,1,ground_truth,0,0.0000,False,0 divider(s)
HTWa1238,440,1,positional_profile,0,1.0000,False,"start=27, end=11, thr_start=0.333, thr_end=0.333"
HTWa1238,440,1,viterbi_hmm,0,1.0000,False,too short
HTWa1239,441,1,bigram_transition,0,1.0000,False,"threshold=0.012821, p25"
HTWa1239,441,1,boundary_entropy,0,1.0000,False,"threshold=1.0000, median=1.0000"
HTWa1239,441,1,consensus,0,0.0000,False,"4 strategies, 0 accepted"
HTWa1239,441,1,ground_truth,0,0.0000,False,0 divider(s)
HTWa1239,441,1,positional_profile,0,1.0000,False,"start=27, end=11, thr_start=0.333, thr_end=0.333"
HTWa1239,441,1,viterbi_hmm,0,1.0000,False,too short
HTWa1240,442,1,bigram_transition,0,1.0000,False,"threshold=0.012821, p25"
HTWa1240,442,1,boundary_entropy,0,1.0000,False,"threshold=1.0000, median=1.0000"
HTWa1240,442,1,consensus,0,0.0000,False,"4 strategies, 0 accepted"
HTWa1240,442,1,ground_truth,0,0.0000,False,0 divider(s)
HTWa1240,442,1,positional_profile,0,1.0000,False,"start=27, end=11, thr_start=0.333, thr_end=0.333"
HTWa1240,442,1,viterbi_hmm,0,1.0000,False,too short
HTWa1241,443,1,bigram_transition,0,1.0000,False,"threshold=0.012821, p25"
HTWa1241,443,1,boundary_entropy,0,1.0000,False,"threshold=1.0000, median=1.0000"
HTWa1241,443,1,consensus,0,0.0000,False,"4 strategies, 0 accepted"
HTWa1241,443,1,ground_truth,0,0.0000,False,0 divider(s)
HTWa1241,443,1,positional_profile,0,1.0000,False,"start=27, end=11, thr_start=0.333, thr_end=0.333"
HTWa1241,443,1,viterbi_hmm,0,1.0000,False,too short
HTWa1242,444,1,bigram_transition,0,1.0000,False,"threshold=0.012821, p25"
HTWa1242,444,1,boundary_entropy,0,1.0000,False,"threshold=1.0000, median=1.0000"
HTWa1242,444,1,consensus,0,0.0000,False,"4 strategies, 0 accepted"
HTWa1242,444,1,ground_truth,0,0.0000,False,0 divider(s)
HTWa1242,444,1,positional_profile,0,1.0000,False,"start=27, end=11, thr_start=0.333, thr_end=0.333"
HTWa1242,444,1,viterbi_hmm,0,1.0000,False,too short
HTWa1243,445,1,bigram_transition,0,1.0000,False,"threshold=0.012821, p25"
HTWa1243,445,1,boundary_entropy,0,1.0000,False,"threshold=1.0000, median=1.0000"
HTWa1243,445,1,consensus,0,0.0000,False,"4 strategies, 0 accepted"
HTWa1243,445,1,ground_truth,0,0.0000,False,0 divider(s)
HTWa1243,445,1,positional_profile,0,1.0000,False,"start=27, end=11, thr_start=0.333, thr_end=0.333"
HTWa1243,445,1,viterbi_hmm,0,1.0000,False,too short
HTWa1244,446,1,bigram_transition,0,1.0000,False,"threshold=0.012821, p25"
HTWa1244,446,1,boundary_entropy,0,1.0000,False,"threshold=1.0000, median=1.0000"
HTWa1244,446,1,consensus,0,0.0000,False,"4 strategies, 0 accepted"
HTWa1244,446,1,ground_truth,0,0.0000,False,0 divider(s)
HTWa1244,446,1,positional_profile,0,1.0000,False,"start=27, end=11, thr_start=0.333, thr_end=0.333"
HTWa1244,446,1,viterbi_hmm,0,1.0000,False,too short
HTWa1245,447,1,bigram_transition,0,1.0000,False,"threshold=0.012821, p25"
HTWa1245,447,1,boundary_entropy,0,1.0000,False,"threshold=1.0000, median=1.0000"
HTWa1245,447,1,consensus,0,0.0000,False,"4 strategies, 0 accepted"
HTWa1245,447,1,ground_truth,0,0.0000,False,0 divider(s)
HTWa1245,447,1,positional_profile,0,1.0000,False,"start=27, end=11, thr_start=0.333, thr_end=0.333"
HTWa1245,447,1,viterbi_hmm,0,1.0000,False,too short
HTWa1246,448,1,bigram_transition,0,1.0000,False,"threshold=0.012821, p25"
HTWa1246,448,1,boundary_entropy,0,1.0000,False,"threshold=1.0000, median=1.0000"
HTWa1246,448,1,consensus,0,0.0000,False,"4 strategies, 0 accepted"
HTWa1246,448,1,ground_truth,0,0.0000,False,0 divider(s)
HTWa1246,448,1,positional_profile,0,1.0000,False,"start=27, end=11, thr_start=0.333, thr_end=0.333"
HTWa1246,448,1,viterbi_hmm,0,1.0000,False,too short
HTWa1247,449,1,bigram_transition,0,1.0000,False,"threshold=0.012821, p25"
HTWa1247,449,1,boundary_entropy,0,1.0000,False,"threshold=1.0000, median=1.0000"
HTWa1247,449,1,consensus,0,0.0000,False,"4 strategies, 0 accepted"
HTWa1247,449,1,ground_truth,0,0.0000,False,0 divider(s)
HTWa1247,449,1,positional_profile,0,1.0000,False,"start=27, end=11, thr_start=0.333, thr_end=0.333"
HTWa1247,449,1,viterbi_hmm,0,1.0000,False,too short
HTWa1248,450,1,bigram_transition,0,1.0000,False,"threshold=0.012821, p25"
HTWa1248,450,1,boundary_entropy,0,1.0000,False,"threshold=1.0000, median=1.0000"
HTWa1248,450,1,consensus,0,0.0000,False,"4 strategies, 0 accepted"
HTWa1248,450,1,ground_truth,0,0.0000,False,0 divider(s)
HTWa1248,450,1,positional_profile,0,1.0000,False,"start=27, end=11, thr_start=0.333, thr_end=0.333"
HTWa1248,450,1,viterbi_hmm,0,1.0000,False,too short
HTWa1249,451,1,bigram_transition,0,1.0000,False,"threshold=0.012821, p25"
HTWa1249,451,1,boundary_entropy,0,1.0000,False,"threshold=1.0000, median=1.0000"
HTWa1249,451,1,consensus,0,0.0000,False,"4 strategies, 0 accepted"
HTWa1249,451,1,ground_truth,0,0.0000,False,0 divider(s)
HTWa1249,451,1,positional_profile,0,1.0000,False,"start=27, end=11, thr_start=0.333, thr_end=0.333"
HTWa1249,451,1,viterbi_hmm,0,1.0000,False,too short
HTWa1250,452,1,bigram_transition,0,1.0000,False,"threshold=0.012821, p25"
HTWa1250,452,1,boundary_entropy,0,1.0000,False,"threshold=1.0000, median=1.0000"
HTWa1250,452,1,consensus,0,0.0000,False,"4 strategies, 0 accepted"
HTWa1250,452,1,ground_truth,0,0.0000,False,0 divider(s)
HTWa1250,452,1,positional_profile,0,1.0000,False,"start=27, end=11, thr_start=0.333, thr_end=0.333"
HTWa1250,452,1,viterbi_hmm,0,1.0000,False,too short
HTWa1251,453,1,bigram_transition,0,1.0000,False,"threshold=0.012821, p25"
HTWa1251,453,1,boundary_entropy,0,1.0000,False,"threshold=1.0000, median=1.0000"
HTWa1251,453,1,consensus,0,0.0000,False,"4 strategies, 0 accepted"
HTWa1251,453,1,ground_truth,0,0.0000,False,0 divider(s)
HTWa1251,453,1,positional_profile,0,1.0000,False,"start=27, end=11, thr_start=0.333, thr_end=0.333"
HTWa1251,453,1,viterbi_hmm,0,1.0000,False,too short
HTWa1252,454,1,bigram_transition,0,1.0000,False,"threshold=0.012821, p25"
HTWa1252,454,1,boundary_entropy,0,1.0000,False,"threshold=1.0000, median=1.0000"
HTWa1252,454,1,consensus,0,0.0000,False,"4 strategies, 0 accepted"
HTWa1252,454,1,ground_truth,0,0.0000,False,0 divider(s)
HTWa1252,454,1,positional_profile,0,1.0000,False,"start=27, end=11, thr_start=0.333, thr_end=0.333"
HTWa1252,454,1,viterbi_hmm,0,1.0000,False,too short
HTWa1253,455,1,bigram_transition,0,1.0000,False,"threshold=0.012821, p25"
HTWa1253,455,1,boundary_entropy,0,1.0000,False,"threshold=1.0000, median=1.0000"
HTWa1253,455,1,consensus,0,0.0000,False,"4 strategies, 0 accepted"
HTWa1253,455,1,ground_truth,0,0.0000,False,0 divider(s)
HTWa1253,455,1,positional_profile,0,1.0000,False,"start=27, end=11, thr_start=0.333, thr_end=0.333"
HTWa1253,455,1,viterbi_hmm,0,1.0000,False,too short
HTWa1254,456,1,bigram_transition,0,1.0000,False,"threshold=0.012821, p25"
HTWa1254,456,1,boundary_entropy,0,1.0000,False,"threshold=1.0000, median=1.0000"
HTWa1254,456,1,consensus,0,0.0000,False,"4 strategies, 0 accepted"
HTWa1254,456,1,ground_truth,0,0.0000,False,0 divider(s)
HTWa1254,456,1,positional_profile,0,1.0000,False,"start=27, end=11, thr_start=0.333, thr_end=0.333"
HTWa1254,456,1,viterbi_hmm,0,1.0000,False,too short
HTWa1255,457,1,bigram_transition,0,1.0000,False,"threshold=0.012821, p25"
HTWa1255,457,1,boundary_entropy,0,1.0000,False,"threshold=1.0000, median=1.0000"
HTWa1255,457,1,consensus,0,0.0000,False,"4 strategies, 0 accepted"
HTWa1255,457,1,ground_truth,0,0.0000,False,0 divider(s)
HTWa1255,457,1,positional_profile,0,1.0000,False,"start=27, end=11, thr_start=0.333, thr_end=0.333"
HTWa1255,457,1,viterbi_hmm,0,1.0000,False,too short
HTWa1256,458,1,bigram_transition,0,1.0000,False,"threshold=0.012821, p25"
HTWa1256,458,1,boundary_entropy,0,1.0000,False,"threshold=1.0000, median=1.0000"
HTWa1256,458,1,consensus,0,0.0000,False,"4 strategies, 0 accepted"
HTWa1256,458,1,ground_truth,0,0.0000,False,0 divider(s)
HTWa1256,458,1,positional_profile,0,1.0000,False,"start=27, end=11, thr_start=0.333, thr_end=0.333"
HTWa1256,458,1,viterbi_hmm,0,1.0000,False,too short
HTWa1257,459,1,bigram_transition,0,1.0000,False,"threshold=0.012821, p25"
HTWa1257,459,1,boundary_entropy,0,1.0000,False,"threshold=1.0000, median=1.0000"
HTWa1257,459,1,consensus,0,0.0000,False,"4 strategies, 0 accepted"
HTWa1257,459,1,ground_truth,0,0.0000,False,0 divider(s)
HTWa1257,459,1,positional_profile,0,1.0000,False,"start=27, end=11, thr_start=0.333, thr_end=0.333"
HTWa1257,459,1,viterbi_hmm,0,1.0000,False,too short
HTWa1258,460,1,bigram_transition,0,1.0000,False,"threshold=0.012821, p25"
HTWa1258,460,1,boundary_entropy,0,1.0000,False,"threshold=1.0000, median=1.0000"
HTWa1258,460,1,consensus,0,0.0000,False,"4 strategies, 0 accepted"
HTWa1258,460,1,ground_truth,0,0.0000,False,0 divider(s)
HTWa1258,460,1,positional_profile,0,1.0000,False,"start=27, end=11, thr_start=0.333, thr_end=0.333"
HTWa1258,460,1,viterbi_hmm,0,1.0000,False,too short
HTWa1259,461,1,bigram_transition,0,1.0000,False,"threshold=0.012821, p25"
HTWa1259,461,1,boundary_entropy,0,1.0000,False,"threshold=1.0000, median=1.0000"
HTWa1259,461,1,consensus,0,0.0000,False,"4 strategies, 0 accepted"
HTWa1259,461,1,ground_truth,0,0.0000,False,0 divider(s)
HTWa1259,461,1,positional_profile,0,1.0000,False,"start=27, end=11, thr_start=0.333, thr_end=0.333"
HTWa1259,461,1,viterbi_hmm,0,1.0000,False,too short
HTWa1260,462,1,bigram_transition,0,1.0000,False,"threshold=0.012821, p25"
HTWa1260,462,1,boundary_entropy,0,1.0000,False,"threshold=1.0000, median=1.0000"
HTWa1260,462,1,consensus,0,0.0000,False,"4 strategies, 0 accepted"
HTWa1260,462,1,ground_truth,0,0.0000,False,0 divider(s)
HTWa1260,462,1,positional_profile,0,1.0000,False,"start=27, end=11, thr_start=0.333, thr_end=0.333"
HTWa1260,462,1,viterbi_hmm,0,1.0000,False,too short
HTWa1261,463,1,bigram_transition,0,1.0000,False,"threshold=0.012821, p25"
HTWa1261,463,1,boundary_entropy,0,1.0000,False,"threshold=1.0000, median=1.0000"
HTWa1261,463,1,consensus,0,0.0000,False,"4 strategies, 0 accepted"
HTWa1261,463,1,ground_truth,0,0.0000,False,0 divider(s)
HTWa1261,463,1,positional_profile,0,1.0000,False,"start=27, end=11, thr_start=0.333, thr_end=0.333"
HTWa1261,463,1,viterbi_hmm,0,1.0000,False,too short
HTWa1262,464,1,bigram_transition,0,1.0000,False,"threshold=0.012821, p25"
HTWa1262,464,1,boundary_entropy,0,1.0000,False,"threshold=1.0000, median=1.0000"
HTWa1262,464,1,consensus,0,0.0000,False,"4 strategies, 0 accepted"
HTWa1262,464,1,ground_truth,0,0.0000,False,0 divider(s)
HTWa1262,464,1,positional_profile,0,1.0000,False,"start=27, end=11, thr_start=0.333, thr_end=0.333"
HTWa1262,464,1,viterbi_hmm,0,1.0000,False,too short
HTWa1263,465,1,bigram_transition,0,1.0000,False,"threshold=0.012821, p25"
HTWa1263,465,1,boundary_entropy,0,1.0000,False,"threshold=1.0000, median=1.0000"
HTWa1263,465,1,consensus,0,0.0000,False,"4 strategies, 0 accepted"
HTWa1263,465,1,ground_truth,0,0.0000,False,0 divider(s)
HTWa1263,465,1,positional_profile,0,1.0000,False,"start=27, end=11, thr_start=0.333, thr_end=0.333"
HTWa1263,465,1,viterbi_hmm,0,1.0000,False,too short
HTWa1264,466,1,bigram_transition,0,1.0000,False,"threshold=0.012821, p25"
HTWa1264,466,1,boundary_entropy,0,1.0000,False,"threshold=1.0000, median=1.0000"
HTWa1264,466,1,consensus,0,0.0000,False,"4 strategies, 0 accepted"
HTWa1264,466,1,ground_truth,0,0.0000,False,0 divider(s)
HTWa1264,466,1,positional_profile,0,1.0000,False,"start=27, end=11, thr_start=0.333, thr_end=0.333"
HTWa1264,466,1,viterbi_hmm,0,1.0000,False,too short
HTWa1265,467,1,bigram_transition,0,1.0000,False,"threshold=0.012821, p25"
HTWa1265,467,1,boundary_entropy,0,1.0000,False,"threshold=1.0000, median=1.0000"
HTWa1265,467,1,consensus,0,0.0000,False,"4 strategies, 0 accepted"
HTWa1265,467,1,ground_truth,0,0.0000,False,0 divider(s)
HTWa1265,467,1,positional_profile,0,1.0000,False,"start=27, end=11, thr_start=0.333, thr_end=0.333"
HTWa1265,467,1,viterbi_hmm,0,1.0000,False,too short
HTWa1266,468,1,bigram_transition,0,1.0000,False,"threshold=0.012821, p25"
HTWa1266,468,1,boundary_entropy,0,1.0000,False,"threshold=1.0000, median=1.0000"
HTWa1266,468,1,consensus,0,0.0000,False,"4 strategies, 0 accepted"
HTWa1266,468,1,ground_truth,0,0.0000,False,0 divider(s)
HTWa1266,468,1,positional_profile,0,1.0000,False,"start=27, end=11, thr_start=0.333, thr_end=0.333"
HTWa1266,468,1,viterbi_hmm,0,1.0000,False,too short
HTWa1267,469,1,bigram_transition,0,1.0000,False,"threshold=0.012821, p25"
HTWa1267,469,1,boundary_entropy,0,1.0000,False,"threshold=1.0000, median=1.0000"
HTWa1267,469,1,consensus,0,0.0000,False,"4 strategies, 0 accepted"
HTWa1267,469,1,ground_truth,0,0.0000,False,0 divider(s)
HTWa1267,469,1,positional_profile,0,1.0000,False,"start=27, end=11, thr_start=0.333, thr_end=0.333"
HTWa1267,469,1,viterbi_hmm,0,1.0000,False,too short
HTWa1268,470,1,bigram_transition,0,1.0000,False,"threshold=0.012821, p25"
HTWa1268,470,1,boundary_entropy,0,1.0000,False,"threshold=1.0000, median=1.0000"
HTWa1268,470,1,consensus,0,0.0000,False,"4 strategies, 0 accepted"
HTWa1268,470,1,ground_truth,0,0.0000,False,0 divider(s)
HTWa1268,470,1,positional_profile,0,1.0000,False,"start=27, end=11, thr_start=0.333, thr_end=0.333"
HTWa1268,470,1,viterbi_hmm,0,1.0000,False,too short
HTWa1269,471,1,bigram_transition,0,1.0000,False,"threshold=0.012821, p25"
HTWa1269,471,1,boundary_entropy,0,1.0000,False,"threshold=1.0000, median=1.0000"
HTWa1269,471,1,consensus,0,0.0000,False,"4 strategies, 0 accepted"
HTWa1269,471,1,ground_truth,0,0.0000,False,0 divider(s)
HTWa1269,471,1,positional_profile,0,1.0000,False,"start=27, end=11, thr_start=0.333, thr_end=0.333"
HTWa1269,471,1,viterbi_hmm,0,1.0000,False,too short
HTWa1270,472,1,bigram_transition,0,1.0000,False,"threshold=0.012821, p25"
HTWa1270,472,1,boundary_entropy,0,1.0000,False,"threshold=1.0000, median=1.0000"
HTWa1270,472,1,consensus,0,0.0000,False,"4 strategies, 0 accepted"
HTWa1270,472,1,ground_truth,0,0.0000,False,0 divider(s)
HTWa1270,472,1,positional_profile,0,1.0000,False,"start=27, end=11, thr_start=0.333, thr_end=0.333"
HTWa1270,472,1,viterbi_hmm,0,1.0000,False,too short
HTWa1271,473,1,bigram_transition,0,1.0000,False,"threshold=0.012821, p25"
HTWa1271,473,1,boundary_entropy,0,1.0000,False,"threshold=1.0000, median=1.0000"
HTWa1271,473,1,consensus,0,0.0000,False,"4 strategies, 0 accepted"
HTWa1271,473,1,ground_truth,0,0.0000,False,0 divider(s)
HTWa1271,473,1,positional_profile,0,1.0000,False,"start=27, end=11, thr_start=0.333, thr_end=0.333"
HTWa1271,473,1,viterbi_hmm,0,1.0000,False,too short
HTWa1272,474,1,bigram_transition,0,1.0000,False,"threshold=0.012821, p25"
HTWa1272,474,1,boundary_entropy,0,1.0000,False,"threshold=1.0000, median=1.0000"
HTWa1272,474,1,consensus,0,0.0000,False,"4 strategies, 0 accepted"
HTWa1272,474,1,ground_truth,0,0.0000,False,0 divider(s)
HTWa1272,474,1,positional_profile,0,1.0000,False,"start=27, end=11, thr_start=0.333, thr_end=0.333"
HTWa1272,474,1,viterbi_hmm,0,1.0000,False,too short
HTWa1273,475,1,bigram_transition,0,1.0000,False,"threshold=0.012821, p25"
HTWa1273,475,1,boundary_entropy,0,1.0000,False,"threshold=1.0000, median=1.0000"
HTWa1273,475,1,consensus,0,0.0000,False,"4 strategies, 0 accepted"
HTWa1273,475,1,ground_truth,0,0.0000,False,0 divider(s)
HTWa1273,475,1,positional_profile,0,1.0000,False,"start=27, end=11, thr_start=0.333, thr_end=0.333"
HTWa1273,475,1,viterbi_hmm,0,1.0000,False,too short
HTWa1274,476,1,bigram_transition,0,1.0000,False,"threshold=0.012821, p25"
HTWa1274,476,1,boundary_entropy,0,1.0000,False,"threshold=1.0000, median=1.0000"
HTWa1274,476,1,consensus,0,0.0000,False,"4 strategies, 0 accepted"
HTWa1274,476,1,ground_truth,0,0.0000,False,0 divider(s)
HTWa1274,476,1,positional_profile,0,1.0000,False,"start=27, end=11, thr_start=0.333, thr_end=0.333"
HTWa1274,476,1,viterbi_hmm,0,1.0000,False,too short
HTWa1275,477,1,bigram_transition,0,1.0000,False,"threshold=0.012821, p25"
HTWa1275,477,1,boundary_entropy,0,1.0000,False,"threshold=1.0000, median=1.0000"
HTWa1275,477,1,consensus,0,0.0000,False,"4 strategies, 0 accepted"
HTWa1275,477,1,ground_truth,0,0.0000,False,0 divider(s)
HTWa1275,477,1,positional_profile,0,1.0000,False,"start=27, end=11, thr_start=0.333, thr_end=0.333"
HTWa1275,477,1,viterbi_hmm,0,1.0000,False,too short
HTWa1276,478,1,bigram_transition,0,1.0000,False,"threshold=0.012821, p25"
HTWa1276,478,1,boundary_entropy,0,1.0000,False,"threshold=1.0000, median=1.0000"
HTWa1276,478,1,consensus,0,0.0000,False,"4 strategies, 0 accepted"
HTWa1276,478,1,ground_truth,0,0.0000,False,0 divider(s)
HTWa1276,478,1,positional_profile,0,1.0000,False,"start=27, end=11, thr_start=0.333, thr_end=0.333"
HTWa1276,478,1,viterbi_hmm,0,1.0000,False,too short
HTWa1277,479,1,bigram_transition,0,1.0000,False,"threshold=0.012821, p25"
HTWa1277,479,1,boundary_entropy,0,1.0000,False,"threshold=1.0000, median=1.0000"
HTWa1277,479,1,consensus,0,0.0000,False,"4 strategies, 0 accepted"
HTWa1277,479,1,ground_truth,0,0.0000,False,0 divider(s)
HTWa1277,479,1,positional_profile,0,1.0000,False,"start=27, end=11, thr_start=0.333, thr_end=0.333"
HTWa1277,479,1,viterbi_hmm,0,1.0000,False,too short
HTWa1278,480,1,bigram_transition,0,1.0000,False,"threshold=0.012821, p25"
HTWa1278,480,1,boundary_entropy,0,1.0000,False,"threshold=1.0000, median=1.0000"
HTWa1278,480,1,consensus,0,0.0000,False,"4 strategies, 0 accepted"
HTWa1278,480,1,ground_truth,0,0.0000,False,0 divider(s)
HTWa1278,480,1,positional_profile,0,1.0000,False,"start=27, end=11, thr_start=0.333, thr_end=0.333"
HTWa1278,480,1,viterbi_hmm,0,1.0000,False,too short
HTWa1279,481,1,bigram_transition,0,1.0000,False,"threshold=0.012821, p25"
HTWa1279,481,1,boundary_entropy,0,1.0000,False,"threshold=1.0000, median=1.0000"
HTWa1279,481,1,consensus,0,0.0000,False,"4 strategies, 0 accepted"
HTWa1279,481,1,ground_truth,0,0.0000,False,0 divider(s)
HTWa1279,481,1,positional_profile,0,1.0000,False,"start=27, end=11, thr_start=0.333, thr_end=0.333"
HTWa1279,481,1,viterbi_hmm,0,1.0000,False,too short
HTWa1280,482,1,bigram_transition,0,1.0000,False,"threshold=0.012821, p25"
HTWa1280,482,1,boundary_entropy,0,1.0000,False,"threshold=1.0000, median=1.0000"
HTWa1280,482,1,consensus,0,0.0000,False,"4 strategies, 0 accepted"
HTWa1280,482,1,ground_truth,0,0.0000,False,0 divider(s)
HTWa1280,482,1,positional_profile,0,1.0000,False,"start=27, end=11, thr_start=0.333, thr_end=0.333"
HTWa1280,482,1,viterbi_hmm,0,1.0000,False,too short
HTWa1281,483,1,bigram_transition,0,1.0000,False,"threshold=0.012821, p25"
HTWa1281,483,1,boundary_entropy,0,1.0000,False,"threshold=1.0000, median=1.0000"
HTWa1281,483,1,consensus,0,0.0000,False,"4 strategies, 0 accepted"
HTWa1281,483,1,ground_truth,0,0.0000,False,0 divider(s)
HTWa1281,483,1,positional_profile,0,1.0000,False,"start=27, end=11, thr_start=0.333, thr_end=0.333"
HTWa1281,483,1,viterbi_hmm,0,1.0000,False,too short
HTWa1282,484,1,bigram_transition,0,1.0000,False,"threshold=0.012821, p25"
HTWa1282,484,1,boundary_entropy,0,1.0000,False,"threshold=1.0000, median=1.0000"
HTWa1282,484,1,consensus,0,0.0000,False,"4 strategies, 0 accepted"
HTWa1282,484,1,ground_truth,0,0.0000,False,0 divider(s)
HTWa1282,484,1,positional_profile,0,1.0000,False,"start=27, end=11, thr_start=0.333, thr_end=0.333"
HTWa1282,484,1,viterbi_hmm,0,1.0000,False,too short
HTWa1283,485,1,bigram_transition,0,1.0000,False,"threshold=0.012821, p25"
HTWa1283,485,1,boundary_entropy,0,1.0000,False,"threshold=1.0000, median=1.0000"
HTWa1283,485,1,consensus,0,0.0000,False,"4 strategies, 0 accepted"
HTWa1283,485,1,ground_truth,0,0.0000,False,0 divider(s)
HTWa1283,485,1,positional_profile,0,1.0000,False,"start=27, end=11, thr_start=0.333, thr_end=0.333"
HTWa1283,485,1,viterbi_hmm,0,1.0000,False,too short
HTWa1284,486,1,bigram_transition,0,1.0000,False,"threshold=0.012821, p25"
HTWa1284,486,1,boundary_entropy,0,1.0000,False,"threshold=1.0000, median=1.0000"
HTWa1284,486,1,consensus,0,0.0000,False,"4 strategies, 0 accepted"
HTWa1284,486,1,ground_truth,0,0.0000,False,0 divider(s)
HTWa1284,486,1,positional_profile,0,1.0000,False,"start=27, end=11, thr_start=0.333, thr_end=0.333"
HTWa1284,486,1,viterbi_hmm,0,1.0000,False,too short
HTWa1285,487,1,bigram_transition,0,1.0000,False,"threshold=0.012821, p25"
HTWa1285,487,1,boundary_entropy,0,1.0000,False,"threshold=1.0000, median=1.0000"
HTWa1285,487,1,consensus,0,0.0000,False,"4 strategies, 0 accepted"
HTWa1285,487,1,ground_truth,0,0.0000,False,0 divider(s)
HTWa1285,487,1,positional_profile,0,1.0000,False,"start=27, end=11, thr_start=0.333, thr_end=0.333"
HTWa1285,487,1,viterbi_hmm,0,1.0000,False,too short
HTWa1286,488,1,bigram_transition,0,1.0000,False,"threshold=0.012821, p25"
HTWa1286,488,1,boundary_entropy,0,1.0000,False,"threshold=1.0000, median=1.0000"
HTWa1286,488,1,consensus,0,0.0000,False,"4 strategies, 0 accepted"
HTWa1286,488,1,ground_truth,0,0.0000,False,0 divider(s)
HTWa1286,488,1,positional_profile,0,1.0000,False,"start=27, end=11, thr_start=0.333, thr_end=0.333"
HTWa1286,488,1,viterbi_hmm,0,1.0000,False,too short
HTWa1287,489,1,bigram_transition,0,1.0000,False,"threshold=0.012821, p25"
HTWa1287,489,1,boundary_entropy,0,1.0000,False,"threshold=1.0000, median=1.0000"
HTWa1287,489,1,consensus,0,0.0000,False,"4 strategies, 0 accepted"
HTWa1287,489,1,ground_truth,0,0.0000,False,0 divider(s)
HTWa1287,489,1,positional_profile,0,1.0000,False,"start=27, end=11, thr_start=0.333, thr_end=0.333"
HTWa1287,489,1,viterbi_hmm,0,1.0000,False,too short
HTWa1288,490,1,bigram_transition,0,1.0000,False,"threshold=0.012821, p25"
HTWa1288,490,1,boundary_entropy,0,1.0000,False,"threshold=1.0000, median=1.0000"
HTWa1288,490,1,consensus,0,0.0000,False,"4 strategies, 0 accepted"
HTWa1288,490,1,ground_truth,0,0.0000,False,0 divider(s)
HTWa1288,490,1,positional_profile,0,1.0000,False,"start=27, end=11, thr_start=0.333, thr_end=0.333"
HTWa1288,490,1,viterbi_hmm,0,1.0000,False,too short
HTWa1289,491,1,bigram_transition,0,1.0000,False,"threshold=0.012821, p25"
HTWa1289,491,1,boundary_entropy,0,1.0000,False,"threshold=1.0000, median=1.0000"
HTWa1289,491,1,consensus,0,0.0000,False,"4 strategies, 0 accepted"
HTWa1289,491,1,ground_truth,0,0.0000,False,0 divider(s)
HTWa1289,491,1,positional_profile,0,1.0000,False,"start=27, end=11, thr_start=0.333, thr_end=0.333"
HTWa1289,491,1,viterbi_hmm,0,1.0000,False,too short
HTWa1290,492,1,bigram_transition,0,1.0000,False,"threshold=0.012821, p25"
HTWa1290,492,1,boundary_entropy,0,1.0000,False,"threshold=1.0000, median=1.0000"
HTWa1290,492,1,consensus,0,0.0000,False,"4 strategies, 0 accepted"
HTWa1290,492,1,ground_truth,0,0.0000,False,0 divider(s)
HTWa1290,492,1,positional_profile,0,1.0000,False,"start=27, end=11, thr_start=0.333, thr_end=0.333"
HTWa1290,492,1,viterbi_hmm,0,1.0000,False,too short
HTWa1291,493,1,bigram_transition,0,1.0000,False,"threshold=0.012821, p25"
HTWa1291,493,1,boundary_entropy,0,1.0000,False,"threshold=1.0000, median=1.0000"
HTWa1291,493,1,consensus,0,0.0000,False,"4 strategies, 0 accepted"
HTWa1291,493,1,ground_truth,0,0.0000,False,0 divider(s)
HTWa1291,493,1,positional_profile,0,1.0000,False,"start=27, end=11, thr_start=0.333, thr_end=0.333"
HTWa1291,493,1,viterbi_hmm,0,1.0000,False,too short
HTWa1292,494,1,bigram_transition,0,1.0000,False,"threshold=0.012821, p25"
HTWa1292,494,1,boundary_entropy,0,1.0000,False,"threshold=1.0000, median=1.0000"
HTWa1292,494,1,consensus,0,0.0000,False,"4 strategies, 0 accepted"
HTWa1292,494,1,ground_truth,0,0.0000,False,0 divider(s)
HTWa1292,494,1,positional_profile,0,1.0000,False,"start=27, end=11, thr_start=0.333, thr_end=0.333"
HTWa1292,494,1,viterbi_hmm,0,1.0000,False,too short
HTWa1293,495,1,bigram_transition,0,1.0000,False,"threshold=0.012821, p25"
HTWa1293,495,1,boundary_entropy,0,1.0000,False,"threshold=1.0000, median=1.0000"
HTWa1293,495,1,consensus,0,0.0000,False,"4 strategies, 0 accepted"
HTWa1293,495,1,ground_truth,0,0.0000,False,0 divider(s)
HTWa1293,495,1,positional_profile,0,1.0000,False,"start=27, end=11, thr_start=0.333, thr_end=0.333"
HTWa1293,495,1,viterbi_hmm,0,1.0000,False,too short
HTWa1294,496,1,bigram_transition,0,1.0000,False,"threshold=0.012821, p25"
HTWa1294,496,1,boundary_entropy,0,1.0000,False,"threshold=1.0000, median=1.0000"
HTWa1294,496,1,consensus,0,0.0000,False,"4 strategies, 0 accepted"
HTWa1294,496,1,ground_truth,0,0.0000,False,0 divider(s)
HTWa1294,496,1,positional_profile,0,1.0000,False,"start=27, end=11, thr_start=0.333, thr_end=0.333"
HTWa1294,496,1,viterbi_hmm,0,1.0000,False,too short
HTWa1295,497,1,bigram_transition,0,1.0000,False,"threshold=0.012821, p25"
HTWa1295,497,1,boundary_entropy,0,1.0000,False,"threshold=1.0000, median=1.0000"
HTWa1295,497,1,consensus,0,0.0000,False,"4 strategies, 0 accepted"
HTWa1295,497,1,ground_truth,0,0.0000,False,0 divider(s)
HTWa1295,497,1,positional_profile,0,1.0000,False,"start=27, end=11, thr_start=0.333, thr_end=0.333"
HTWa1295,497,1,viterbi_hmm,0,1.0000,False,too short
HTWa1296,498,1,bigram_transition,0,1.0000,False,"threshold=0.012821, p25"
HTWa1296,498,1,boundary_entropy,0,1.0000,False,"threshold=1.0000, median=1.0000"
HTWa1296,498,1,consensus,0,0.0000,False,"4 strategies, 0 accepted"
HTWa1296,498,1,ground_truth,0,0.0000,False,0 divider(s)
HTWa1296,498,1,positional_profile,0,1.0000,False,"start=27, end=11, thr_start=0.333, thr_end=0.333"
HTWa1296,498,1,viterbi_hmm,0,1.0000,False,too short
HTWa1297,499,1,bigram_transition,0,1.0000,False,"threshold=0.012821, p25"
HTWa1297,499,1,boundary_entropy,0,1.0000,False,"threshold=1.0000, median=1.0000"
HTWa1297,499,1,consensus,0,0.0000,False,"4 strategies, 0 accepted"
HTWa1297,499,1,ground_truth,0,0.0000,False,0 divider(s)
HTWa1297,499,1,positional_profile,0,1.0000,False,"start=27, end=11, thr_start=0.333, thr_end=0.333"
HTWa1297,499,1,viterbi_hmm,0,1.0000,False,too short
HTWa1298,500,1,bigram_transition,0,1.0000,False,"threshold=0.012821, p25"
HTWa1298,500,1,boundary_entropy,0,1.0000,False,"threshold=1.0000, median=1.0000"
HTWa1298,500,1,consensus,0,0.0000,False,"4 strategies, 0 accepted"
HTWa1298,500,1,ground_truth,0,0.0000,False,0 divider(s)
HTWa1298,500,1,positional_profile,0,1.0000,False,"start=27, end=11, thr_start=0.333, thr_end=0.333"
HTWa1298,500,1,viterbi_hmm,0,1.0000,False,too short
HTWa1299,501,1,bigram_transition,0,1.0000,False,"threshold=0.012821, p25"
HTWa1299,501,1,boundary_entropy,0,1.0000,False,"threshold=1.0000, median=1.0000"
HTWa1299,501,1,consensus,0,0.0000,False,"4 strategies, 0 accepted"
HTWa1299,501,1,ground_truth,0,0.0000,False,0 divider(s)
HTWa1299,501,1,positional_profile,0,1.0000,False,"start=27, end=11, thr_start=0.333, thr_end=0.333"
HTWa1299,501,1,viterbi_hmm,0,1.0000,False,too short
HTWa1300,502,1,bigram_transition,0,1.0000,False,"threshold=0.012821, p25"
HTWa1300,502,1,boundary_entropy,0,1.0000,False,"threshold=1.0000, median=1.0000"
HTWa1300,502,1,consensus,0,0.0000,False,"4 strategies, 0 accepted"
HTWa1300,502,1,ground_truth,0,0.0000,False,0 divider(s)
HTWa1300,502,1,positional_profile,0,1.0000,False,"start=27, end=11, thr_start=0.333, thr_end=0.333"
HTWa1300,502,1,viterbi_hmm,0,1.0000,False,too short
HTWa1301,503,1,bigram_transition,0,1.0000,False,"threshold=0.012821, p25"
HTWa1301,503,1,boundary_entropy,0,1.0000,False,"threshold=1.0000, median=1.0000"
HTWa1301,503,1,consensus,0,0.0000,False,"4 strategies, 0 accepted"
HTWa1301,503,1,ground_truth,0,0.0000,False,0 divider(s)
HTWa1301,503,1,positional_profile,0,1.0000,False,"start=27, end=11, thr_start=0.333, thr_end=0.333"
HTWa1301,503,1,viterbi_hmm,0,1.0000,False,too short
HTWa1302,504,1,bigram_transition,0,1.0000,False,"threshold=0.012821, p25"
HTWa1302,504,1,boundary_entropy,0,1.0000,False,"threshold=1.0000, median=1.0000"
HTWa1302,504,1,consensus,0,0.0000,False,"4 strategies, 0 accepted"
HTWa1302,504,1,ground_truth,0,0.0000,False,0 divider(s)
HTWa1302,504,1,positional_profile,0,1.0000,False,"start=27, end=11, thr_start=0.333, thr_end=0.333"
HTWa1302,504,1,viterbi_hmm,0,1.0000,False,too short
HTWa1303,505,1,bigram_transition,0,1.0000,False,"threshold=0.012821, p25"
HTWa1303,505,1,boundary_entropy,0,1.0000,False,"threshold=1.0000, median=1.0000"
HTWa1303,505,1,consensus,0,0.0000,False,"4 strategies, 0 accepted"
HTWa1303,505,1,ground_truth,0,0.0000,False,0 divider(s)
HTWa1303,505,1,positional_profile,0,1.0000,False,"start=27, end=11, thr_start=0.333, thr_end=0.333"
HTWa1303,505,1,viterbi_hmm,0,1.0000,False,too short
HTWa1304,506,1,bigram_transition,0,1.0000,False,"threshold=0.012821, p25"
HTWa1304,506,1,boundary_entropy,0,1.0000,False,"threshold=1.0000, median=1.0000"
HTWa1304,506,1,consensus,0,0.0000,False,"4 strategies, 0 accepted"
HTWa1304,506,1,ground_truth,0,0.0000,False,0 divider(s)
HTWa1304,506,1,positional_profile,0,1.0000,False,"start=27, end=11, thr_start=0.333, thr_end=0.333"
HTWa1304,506,1,viterbi_hmm,0,1.0000,False,too short
HTWa1305,507,1,bigram_transition,0,1.0000,False,"threshold=0.012821, p25"
HTWa1305,507,1,boundary_entropy,0,1.0000,False,"threshold=1.0000, median=1.0000"
HTWa1305,507,1,consensus,0,0.0000,False,"4 strategies, 0 accepted"
HTWa1305,507,1,ground_truth,0,0.0000,False,0 divider(s)
HTWa1305,507,1,positional_profile,0,1.0000,False,"start=27, end=11, thr_start=0.333, thr_end=0.333"
HTWa1305,507,1,viterbi_hmm,0,1.0000,False,too short
HTWa1306,508,1,bigram_transition,0,1.0000,False,"threshold=0.012821, p25"
HTWa1306,508,1,boundary_entropy,0,1.0000,False,"threshold=1.0000, median=1.0000"
HTWa1306,508,1,consensus,0,0.0000,False,"4 strategies, 0 accepted"
HTWa1306,508,1,ground_truth,0,0.0000,False,0 divider(s)
HTWa1306,508,1,positional_profile,0,1.0000,False,"start=27, end=11, thr_start=0.333, thr_end=0.333"
HTWa1306,508,1,viterbi_hmm,0,1.0000,False,too short
HTWa1307,509,1,bigram_transition,0,1.0000,False,"threshold=0.012821, p25"
HTWa1307,509,1,boundary_entropy,0,1.0000,False,"threshold=1.0000, median=1.0000"
HTWa1307,509,1,consensus,0,0.0000,False,"4 strategies, 0 accepted"
HTWa1307,509,1,ground_truth,0,0.0000,False,0 divider(s)
HTWa1307,509,1,positional_profile,0,1.0000,False,"start=27, end=11, thr_start=0.333, thr_end=0.333"
HTWa1307,509,1,viterbi_hmm,0,1.0000,False,too short
HTWa1308,510,1,bigram_transition,0,1.0000,False,"threshold=0.012821, p25"
HTWa1308,510,1,boundary_entropy,0,1.0000,False,"threshold=1.0000, median=1.0000"
HTWa1308,510,1,consensus,0,0.0000,False,"4 strategies, 0 accepted"
HTWa1308,510,1,ground_truth,0,0.0000,False,0 divider(s)
HTWa1308,510,1,positional_profile,0,1.0000,False,"start=27, end=11, thr_start=0.333, thr_end=0.333"
HTWa1308,510,1,viterbi_hmm,0,1.0000,False,too short
HTWa1309,511,1,bigram_transition,0,1.0000,False,"threshold=0.012821, p25"
HTWa1309,511,1,boundary_entropy,0,1.0000,False,"threshold=1.0000, median=1.0000"
HTWa1309,511,1,consensus,0,0.0000,False,"4 strategies, 0 accepted"
HTWa1309,511,1,ground_truth,0,0.0000,False,0 divider(s)
HTWa1309,511,1,positional_profile,0,1.0000,False,"start=27, end=11, thr_start=0.333, thr_end=0.333"
HTWa1309,511,1,viterbi_hmm,0,1.0000,False,too short
HTWa1310,512,1,bigram_transition,0,1.0000,False,"threshold=0.012821, p25"
HTWa1310,512,1,boundary_entropy,0,1.0000,False,"threshold=1.0000, median=1.0000"
HTWa1310,512,1,consensus,0,0.0000,False,"4 strategies, 0 accepted"
HTWa1310,512,1,ground_truth,0,0.0000,False,0 divider(s)
HTWa1310,512,1,positional_profile,0,1.0000,False,"start=27, end=11, thr_start=0.333, thr_end=0.333"
HTWa1310,512,1,viterbi_hmm,0,1.0000,False,too short
HTWa1311,513,1,bigram_transition,0,1.0000,False,"threshold=0.012821, p25"
HTWa1311,513,1,boundary_entropy,0,1.0000,False,"threshold=1.0000, median=1.0000"
HTWa1311,513,1,consensus,0,0.0000,False,"4 strategies, 0 accepted"
HTWa1311,513,1,ground_truth,0,0.0000,False,0 divider(s)
HTWa1311,513,1,positional_profile,0,1.0000,False,"start=27, end=11, thr_start=0.333, thr_end=0.333"
HTWa1311,513,1,viterbi_hmm,0,1.0000,False,too short
HTWa1312,514,1,bigram_transition,0,1.0000,False,"threshold=0.012821, p25"
HTWa1312,514,1,boundary_entropy,0,1.0000,False,"threshold=1.0000, median=1.0000"
HTWa1312,514,1,consensus,0,0.0000,False,"4 strategies, 0 accepted"
HTWa1312,514,1,ground_truth,0,0.0000,False,0 divider(s)
HTWa1312,514,1,positional_profile,0,1.0000,False,"start=27, end=11, thr_start=0.333, thr_end=0.333"
HTWa1312,514,1,viterbi_hmm,0,1.0000,False,too short
HTWa1313,515,1,bigram_transition,0,1.0000,False,"threshold=0.012821, p25"
HTWa1313,515,1,boundary_entropy,0,1.0000,False,"threshold=1.0000, median=1.0000"
HTWa1313,515,1,consensus,0,0.0000,False,"4 strategies, 0 accepted"
HTWa1313,515,1,ground_truth,0,0.0000,False,0 divider(s)
HTWa1313,515,1,positional_profile,0,1.0000,False,"start=27, end=11, thr_start=0.333, thr_end=0.333"
HTWa1313,515,1,viterbi_hmm,0,1.0000,False,too short
HTWa1314,516,1,bigram_transition,0,1.0000,False,"threshold=0.012821, p25"
HTWa1314,516,1,boundary_entropy,0,1.0000,False,"threshold=1.0000, median=1.0000"
HTWa1314,516,1,consensus,0,0.0000,False,"4 strategies, 0 accepted"
HTWa1314,516,1,ground_truth,0,0.0000,False,0 divider(s)
HTWa1314,516,1,positional_profile,0,1.0000,False,"start=27, end=11, thr_start=0.333, thr_end=0.333"
HTWa1314,516,1,viterbi_hmm,0,1.0000,False,too short
HTWa1315,517,1,bigram_transition,0,1.0000,False,"threshold=0.012821, p25"
HTWa1315,517,1,boundary_entropy,0,1.0000,False,"threshold=1.0000, median=1.0000"
HTWa1315,517,1,consensus,0,0.0000,False,"4 strategies, 0 accepted"
HTWa1315,517,1,ground_truth,0,0.0000,False,0 divider(s)
HTWa1315,517,1,positional_profile,0,1.0000,False,"start=27, end=11, thr_start=0.333, thr_end=0.333"
HTWa1315,517,1,viterbi_hmm,0,1.0000,False,too short
HTWa1316,518,1,bigram_transition,0,1.0000,False,"threshold=0.012821, p25"
HTWa1316,518,1,boundary_entropy,0,1.0000,False,"threshold=1.0000, median=1.0000"
HTWa1316,518,1,consensus,0,0.0000,False,"4 strategies, 0 accepted"
HTWa1316,518,1,ground_truth,0,0.0000,False,0 divider(s)
HTWa1316,518,1,positional_profile,0,1.0000,False,"start=27, end=11, thr_start=0.333, thr_end=0.333"
HTWa1316,518,1,viterbi_hmm,0,1.0000,False,too short
HTWa1317,519,1,bigram_transition,0,1.0000,False,"threshold=0.012821, p25"
HTWa1317,519,1,boundary_entropy,0,1.0000,False,"threshold=1.0000, median=1.0000"
HTWa1317,519,1,consensus,0,0.0000,False,"4 strategies, 0 accepted"
HTWa1317,519,1,ground_truth,0,0.0000,False,0 divider(s)
HTWa1317,519,1,positional_profile,0,1.0000,False,"start=27, end=11, thr_start=0.333, thr_end=0.333"
HTWa1317,519,1,viterbi_hmm,0,1.0000,False,too short
HTWa1318,520,1,bigram_transition,0,1.0000,False,"threshold=0.012821, p25"
HTWa1318,520,1,boundary_entropy,0,1.0000,False,"threshold=1.0000, median=1.0000"
HTWa1318,520,1,consensus,0,0.0000,False,"4 strategies, 0 accepted"
HTWa1318,520,1,ground_truth,0,0.0000,False,0 divider(s)
HTWa1318,520,1,positional_profile,0,1.0000,False,"start=27, end=11, thr_start=0.333, thr_end=0.333"
HTWa1318,520,1,viterbi_hmm,0,1.0000,False,too short
HTWa1319,521,1,bigram_transition,0,1.0000,False,"threshold=0.012821, p25"
HTWa1319,521,1,boundary_entropy,0,1.0000,False,"threshold=1.0000, median=1.0000"
HTWa1319,521,1,consensus,0,0.0000,False,"4 strategies, 0 accepted"
HTWa1319,521,1,ground_truth,0,0.0000,False,0 divider(s)
HTWa1319,521,1,positional_profile,0,1.0000,False,"start=27, end=11, thr_start=0.333, thr_end=0.333"
HTWa1319,521,1,viterbi_hmm,0,1.0000,False,too short
HTWa1320,522,1,bigram_transition,0,1.0000,False,"threshold=0.012821, p25"
HTWa1320,522,1,boundary_entropy,0,1.0000,False,"threshold=1.0000, median=1.0000"
HTWa1320,522,1,consensus,0,0.0000,False,"4 strategies, 0 accepted"
HTWa1320,522,1,ground_truth,0,0.0000,False,0 divider(s)
HTWa1320,522,1,positional_profile,0,1.0000,False,"start=27, end=11, thr_start=0.333, thr_end=0.333"
HTWa1320,522,1,viterbi_hmm,0,1.0000,False,too short
HTWa1321,523,1,bigram_transition,0,1.0000,False,"threshold=0.012821, p25"
HTWa1321,523,1,boundary_entropy,0,1.0000,False,"threshold=1.0000, median=1.0000"
HTWa1321,523,1,consensus,0,0.0000,False,"4 strategies, 0 accepted"
HTWa1321,523,1,ground_truth,0,0.0000,False,0 divider(s)
HTWa1321,523,1,positional_profile,0,1.0000,False,"start=27, end=11, thr_start=0.333, thr_end=0.333"
HTWa1321,523,1,viterbi_hmm,0,1.0000,False,too short
HTWa1322,524,1,bigram_transition,0,1.0000,False,"threshold=0.012821, p25"
HTWa1322,524,1,boundary_entropy,0,1.0000,False,"threshold=1.0000, median=1.0000"
HTWa1322,524,1,consensus,0,0.0000,False,"4 strategies, 0 accepted"
HTWa1322,524,1,ground_truth,0,0.0000,False,0 divider(s)
HTWa1322,524,1,positional_profile,0,1.0000,False,"start=27, end=11, thr_start=0.333, thr_end=0.333"
HTWa1322,524,1,viterbi_hmm,0,1.0000,False,too short
HTWa1323,525,1,bigram_transition,0,1.0000,False,"threshold=0.012821, p25"
HTWa1323,525,1,boundary_entropy,0,1.0000,False,"threshold=1.0000, median=1.0000"
HTWa1323,525,1,consensus,0,0.0000,False,"4 strategies, 0 accepted"
HTWa1323,525,1,ground_truth,0,0.0000,False,0 divider(s)
HTWa1323,525,1,positional_profile,0,1.0000,False,"start=27, end=11, thr_start=0.333, thr_end=0.333"
HTWa1323,525,1,viterbi_hmm,0,1.0000,False,too short
HTWa1324,526,1,bigram_transition,0,1.0000,False,"threshold=0.012821, p25"
HTWa1324,526,1,boundary_entropy,0,1.0000,False,"threshold=1.0000, median=1.0000"
HTWa1324,526,1,consensus,0,0.0000,False,"4 strategies, 0 accepted"
HTWa1324,526,1,ground_truth,0,0.0000,False,0 divider(s)
HTWa1324,526,1,positional_profile,0,1.0000,False,"start=27, end=11, thr_start=0.333, thr_end=0.333"
HTWa1324,526,1,viterbi_hmm,0,1.0000,False,too short
HTWa1325,527,1,bigram_transition,0,1.0000,False,"threshold=0.012821, p25"
HTWa1325,527,1,boundary_entropy,0,1.0000,False,"threshold=1.0000, median=1.0000"
HTWa1325,527,1,consensus,0,0.0000,False,"4 strategies, 0 accepted"
HTWa1325,527,1,ground_truth,0,0.0000,False,0 divider(s)
HTWa1325,527,1,positional_profile,0,1.0000,False,"start=27, end=11, thr_start=0.333, thr_end=0.333"
HTWa1325,527,1,viterbi_hmm,0,1.0000,False,too short
HTWa1326,528,1,bigram_transition,0,1.0000,False,"threshold=0.012821, p25"
HTWa1326,528,1,boundary_entropy,0,1.0000,False,"threshold=1.0000, median=1.0000"
HTWa1326,528,1,consensus,0,0.0000,False,"4 strategies, 0 accepted"
HTWa1326,528,1,ground_truth,0,0.0000,False,0 divider(s)
HTWa1326,528,1,positional_profile,0,1.0000,False,"start=27, end=11, thr_start=0.333, thr_end=0.333"
HTWa1326,528,1,viterbi_hmm,0,1.0000,False,too short
HTWa1327,529,1,bigram_transition,0,1.0000,False,"threshold=0.012821, p25"
HTWa1327,529,1,boundary_entropy,0,1.0000,False,"threshold=1.0000, median=1.0000"
HTWa1327,529,1,consensus,0,0.0000,False,"4 strategies, 0 accepted"
HTWa1327,529,1,ground_truth,0,0.0000,False,0 divider(s)
HTWa1327,529,1,positional_profile,0,1.0000,False,"start=27, end=11, thr_start=0.333, thr_end=0.333"
HTWa1327,529,1,viterbi_hmm,0,1.0000,False,too short
HTWa1328,530,1,bigram_transition,0,1.0000,False,"threshold=0.012821, p25"
HTWa1328,530,1,boundary_entropy,0,1.0000,False,"threshold=1.0000, median=1.0000"
HTWa1328,530,1,consensus,0,0.0000,False,"4 strategies, 0 accepted"
HTWa1328,530,1,ground_truth,0,0.0000,False,0 divider(s)
HTWa1328,530,1,positional_profile,0,1.0000,False,"start=27, end=11, thr_start=0.333, thr_end=0.333"
HTWa1328,530,1,viterbi_hmm,0,1.0000,False,too short
HTWa1329,531,1,bigram_transition,0,1.0000,False,"threshold=0.012821, p25"
HTWa1329,531,1,boundary_entropy,0,1.0000,False,"threshold=1.0000, median=1.0000"
HTWa1329,531,1,consensus,0,0.0000,False,"4 strategies, 0 accepted"
HTWa1329,531,1,ground_truth,0,0.0000,False,0 divider(s)
HTWa1329,531,1,positional_profile,0,1.0000,False,"start=27, end=11, thr_start=0.333, thr_end=0.333"
HTWa1329,531,1,viterbi_hmm,0,1.0000,False,too short
HTWa1330,532,1,bigram_transition,0,1.0000,False,"threshold=0.012821, p25"
HTWa1330,532,1,boundary_entropy,0,1.0000,False,"threshold=1.0000, median=1.0000"
HTWa1330,532,1,consensus,0,0.0000,False,"4 strategies, 0 accepted"
HTWa1330,532,1,ground_truth,0,0.0000,False,0 divider(s)
HTWa1330,532,1,positional_profile,0,1.0000,False,"start=27, end=11, thr_start=0.333, thr_end=0.333"
HTWa1330,532,1,viterbi_hmm,0,1.0000,False,too short
HTWa1331,533,1,bigram_transition,0,1.0000,False,"threshold=0.012821, p25"
HTWa1331,533,1,boundary_entropy,0,1.0000,False,"threshold=1.0000, median=1.0000"
HTWa1331,533,1,consensus,0,0.0000,False,"4 strategies, 0 accepted"
HTWa1331,533,1,ground_truth,0,0.0000,False,0 divider(s)
HTWa1331,533,1,positional_profile,0,1.0000,False,"start=27, end=11, thr_start=0.333, thr_end=0.333"
HTWa1331,533,1,viterbi_hmm,0,1.0000,False,too short
HTWa1332,534,1,bigram_transition,0,1.0000,False,"threshold=0.012821, p25"
HTWa1332,534,1,boundary_entropy,0,1.0000,False,"threshold=1.0000, median=1.0000"
HTWa1332,534,1,consensus,0,0.0000,False,"4 strategies, 0 accepted"
HTWa1332,534,1,ground_truth,0,0.0000,False,0 divider(s)
HTWa1332,534,1,positional_profile,0,1.0000,False,"start=27, end=11, thr_start=0.333, thr_end=0.333"
HTWa1332,534,1,viterbi_hmm,0,1.0000,False,too short
HTWa1333,535,1,bigram_transition,0,1.0000,False,"threshold=0.012821, p25"
HTWa1333,535,1,boundary_entropy,0,1.0000,False,"threshold=1.0000, median=1.0000"
HTWa1333,535,1,consensus,0,0.0000,False,"4 strategies, 0 accepted"
HTWa1333,535,1,ground_truth,0,0.0000,False,0 divider(s)
HTWa1333,535,1,positional_profile,0,1.0000,False,"start=27, end=11, thr_start=0.333, thr_end=0.333"
HTWa1333,535,1,viterbi_hmm,0,1.0000,False,too short
HTWa1334,536,1,bigram_transition,0,1.0000,False,"threshold=0.012821, p25"
HTWa1334,536,1,boundary_entropy,0,1.0000,False,"threshold=1.0000, median=1.0000"
HTWa1334,536,1,consensus,0,0.0000,False,"4 strategies, 0 accepted"
HTWa1334,536,1,ground_truth,0,0.0000,False,0 divider(s)
HTWa1334,536,1,positional_profile,0,1.0000,False,"start=27, end=11, thr_start=0.333, thr_end=0.333"
HTWa1334,536,1,viterbi_hmm,0,1.0000,False,too short
HTWa1335,537,1,bigram_transition,0,1.0000,False,"threshold=0.012821, p25"
HTWa1335,537,1,boundary_entropy,0,1.0000,False,"threshold=1.0000, median=1.0000"
HTWa1335,537,1,consensus,0,0.0000,False,"4 strategies, 0 accepted"
HTWa1335,537,1,ground_truth,0,0.0000,False,0 divider(s)
HTWa1335,537,1,positional_profile,0,1.0000,False,"start=27, end=11, thr_start=0.333, thr_end=0.333"
HTWa1335,537,1,viterbi_hmm,0,1.0000,False,too short
HTWa1336,538,1,bigram_transition,0,1.0000,False,"threshold=0.012821, p25"
HTWa1336,538,1,boundary_entropy,0,1.0000,False,"threshold=1.0000, median=1.0000"
HTWa1336,538,1,consensus,0,0.0000,False,"4 strategies, 0 accepted"
HTWa1336,538,1,ground_truth,0,0.0000,False,0 divider(s)
HTWa1336,538,1,positional_profile,0,1.0000,False,"start=27, end=11, thr_start=0.333, thr_end=0.333"
HTWa1336,538,1,viterbi_hmm,0,1.0000,False,too short
HTWa1337,539,1,bigram_transition,0,1.0000,False,"threshold=0.012821, p25"
HTWa1337,539,1,boundary_entropy,0,1.0000,False,"threshold=1.0000, median=1.0000"
HTWa1337,539,1,consensus,0,0.0000,False,"4 strategies, 0 accepted"
HTWa1337,539,1,ground_truth,0,0.0000,False,0 divider(s)
HTWa1337,539,1,positional_profile,0,1.0000,False,"start=27, end=11, thr_start=0.333, thr_end=0.333"
HTWa1337,539,1,viterbi_hmm,0,1.0000,False,too short
HTWa1338,540,1,bigram_transition,0,1.0000,False,"threshold=0.012821, p25"
HTWa1338,540,1,boundary_entropy,0,1.0000,False,"threshold=1.0000, median=1.0000"
HTWa1338,540,1,consensus,0,0.0000,False,"4 strategies, 0 accepted"
HTWa1338,540,1,ground_truth,0,0.0000,False,0 divider(s)
HTWa1338,540,1,positional_profile,0,1.0000,False,"start=27, end=11, thr_start=0.333, thr_end=0.333"
HTWa1338,540,1,viterbi_hmm,0,1.0000,False,too short
HTWa1339,541,1,bigram_transition,0,1.0000,False,"threshold=0.012821, p25"
HTWa1339,541,1,boundary_entropy,0,1.0000,False,"threshold=1.0000, median=1.0000"
HTWa1339,541,1,consensus,0,0.0000,False,"4 strategies, 0 accepted"
HTWa1339,541,1,ground_truth,0,0.0000,False,0 divider(s)
HTWa1339,541,1,positional_profile,0,1.0000,False,"start=27, end=11, thr_start=0.333, thr_end=0.333"
HTWa1339,541,1,viterbi_hmm,0,1.0000,False,too short
HTWa1340,542,1,bigram_transition,0,1.0000,False,"threshold=0.012821, p25"
HTWa1340,542,1,boundary_entropy,0,1.0000,False,"threshold=1.0000, median=1.0000"
HTWa1340,542,1,consensus,0,0.0000,False,"4 strategies, 0 accepted"
HTWa1340,542,1,ground_truth,0,0.0000,False,0 divider(s)
HTWa1340,542,1,positional_profile,0,1.0000,False,"start=27, end=11, thr_start=0.333, thr_end=0.333"
HTWa1340,542,1,viterbi_hmm,0,1.0000,False,too short
HTWa1341,543,1,bigram_transition,0,1.0000,False,"threshold=0.012821, p25"
HTWa1341,543,1,boundary_entropy,0,1.0000,False,"threshold=1.0000, median=1.0000"
HTWa1341,543,1,consensus,0,0.0000,False,"4 strategies, 0 accepted"
HTWa1341,543,1,ground_truth,0,0.0000,False,0 divider(s)
HTWa1341,543,1,positional_profile,0,1.0000,False,"start=27, end=11, thr_start=0.333, thr_end=0.333"
HTWa1341,543,1,viterbi_hmm,0,1.0000,False,too short
HTWa1342,544,1,bigram_transition,0,1.0000,False,"threshold=0.012821, p25"
HTWa1342,544,1,boundary_entropy,0,1.0000,False,"threshold=1.0000, median=1.0000"
HTWa1342,544,1,consensus,0,0.0000,False,"4 strategies, 0 accepted"
HTWa1342,544,1,ground_truth,0,0.0000,False,0 divider(s)
HTWa1342,544,1,positional_profile,0,1.0000,False,"start=27, end=11, thr_start=0.333, thr_end=0.333"
HTWa1342,544,1,viterbi_hmm,0,1.0000,False,too short
HTWa1343,545,1,bigram_transition,0,1.0000,False,"threshold=0.012821, p25"
HTWa1343,545,1,boundary_entropy,0,1.0000,False,"threshold=1.0000, median=1.0000"
HTWa1343,545,1,consensus,0,0.0000,False,"4 strategies, 0 accepted"
HTWa1343,545,1,ground_truth,0,0.0000,False,0 divider(s)
HTWa1343,545,1,positional_profile,0,1.0000,False,"start=27, end=11, thr_start=0.333, thr_end=0.333"
HTWa1343,545,1,viterbi_hmm,0,1.0000,False,too short
HTWa1344,546,1,bigram_transition,0,1.0000,False,"threshold=0.012821, p25"
HTWa1344,546,1,boundary_entropy,0,1.0000,False,"threshold=1.0000, median=1.0000"
HTWa1344,546,1,consensus,0,0.0000,False,"4 strategies, 0 accepted"
HTWa1344,546,1,ground_truth,0,0.0000,False,0 divider(s)
HTWa1344,546,1,positional_profile,0,1.0000,False,"start=27, end=11, thr_start=0.333, thr_end=0.333"
HTWa1344,546,1,viterbi_hmm,0,1.0000,False,too short
HTWa1345,547,1,bigram_transition,0,1.0000,False,"threshold=0.012821, p25"
HTWa1345,547,1,boundary_entropy,0,1.0000,False,"threshold=1.0000, median=1.0000"
HTWa1345,547,1,consensus,0,0.0000,False,"4 strategies, 0 accepted"
HTWa1345,547,1,ground_truth,0,0.0000,False,0 divider(s)
HTWa1345,547,1,positional_profile,0,1.0000,False,"start=27, end=11, thr_start=0.333, thr_end=0.333"
HTWa1345,547,1,viterbi_hmm,0,1.0000,False,too short
HTWa1346,548,1,bigram_transition,0,1.0000,False,"threshold=0.012821, p25"
HTWa1346,548,1,boundary_entropy,0,1.0000,False,"threshold=1.0000, median=1.0000"
HTWa1346,548,1,consensus,0,0.0000,False,"4 strategies, 0 accepted"
HTWa1346,548,1,ground_truth,0,0.0000,False,0 divider(s)
HTWa1346,548,1,positional_profile,0,1.0000,False,"start=27, end=11, thr_start=0.333, thr_end=0.333"
HTWa1346,548,1,viterbi_hmm,0,1.0000,False,too short
HTWa1347,549,1,bigram_transition,0,1.0000,False,"threshold=0.012821, p25"
HTWa1347,549,1,boundary_entropy,0,1.0000,False,"threshold=1.0000, median=1.0000"
HTWa1347,549,1,consensus,0,0.0000,False,"4 strategies, 0 accepted"
HTWa1347,549,1,ground_truth,0,0.0000,False,0 divider(s)
HTWa1347,549,1,positional_profile,0,1.0000,False,"start=27, end=11, thr_start=0.333, thr_end=0.333"
HTWa1347,549,1,viterbi_hmm,0,1.0000,False,too short
HTWa1348,550,1,bigram_transition,0,1.0000,False,"threshold=0.012821, p25"
HTWa1348,550,1,boundary_entropy,0,1.0000,False,"threshold=1.0000, median=1.0000"
HTWa1348,550,1,consensus,0,0.0000,False,"4 strategies, 0 accepted"
HTWa1348,550,1,ground_truth,0,0.0000,False,0 divider(s)
HTWa1348,550,1,positional_profile,0,1.0000,False,"start=27, end=11, thr_start=0.333, thr_end=0.333"
HTWa1348,550,1,viterbi_hmm,0,1.0000,False,too short
HTWa1349,551,1,bigram_transition,0,1.0000,False,"threshold=0.012821, p25"
HTWa1349,551,1,boundary_entropy,0,1.0000,False,"threshold=1.0000, median=1.0000"
HTWa1349,551,1,consensus,0,0.0000,False,"4 strategies, 0 accepted"
HTWa1349,551,1,ground_truth,0,0.0000,False,0 divider(s)
HTWa1349,551,1,positional_profile,0,1.0000,False,"start=27, end=11, thr_start=0.333, thr_end=0.333"
HTWa1349,551,1,viterbi_hmm,0,1.0000,False,too short
HTWa1350,552,1,bigram_transition,0,1.0000,False,"threshold=0.012821, p25"
HTWa1350,552,1,boundary_entropy,0,1.0000,False,"threshold=1.0000, median=1.0000"
HTWa1350,552,1,consensus,0,0.0000,False,"4 strategies, 0 accepted"
HTWa1350,552,1,ground_truth,0,0.0000,False,0 divider(s)
HTWa1350,552,1,positional_profile,0,1.0000,False,"start=27, end=11, thr_start=0.333, thr_end=0.333"
HTWa1350,552,1,viterbi_hmm,0,1.0000,False,too short
HTWa1351,553,1,bigram_transition,0,1.0000,False,"threshold=0.012821, p25"
HTWa1351,553,1,boundary_entropy,0,1.0000,False,"threshold=1.0000, median=1.0000"
HTWa1351,553,1,consensus,0,0.0000,False,"4 strategies, 0 accepted"
HTWa1351,553,1,ground_truth,0,0.0000,False,0 divider(s)
HTWa1351,553,1,positional_profile,0,1.0000,False,"start=27, end=11, thr_start=0.333, thr_end=0.333"
HTWa1351,553,1,viterbi_hmm,0,1.0000,False,too short
HTWa1352,554,1,bigram_transition,0,1.0000,False,"threshold=0.012821, p25"
HTWa1352,554,1,boundary_entropy,0,1.0000,False,"threshold=1.0000, median=1.0000"
HTWa1352,554,1,consensus,0,0.0000,False,"4 strategies, 0 accepted"
HTWa1352,554,1,ground_truth,0,0.0000,False,0 divider(s)
HTWa1352,554,1,positional_profile,0,1.0000,False,"start=27, end=11, thr_start=0.333, thr_end=0.333"
HTWa1352,554,1,viterbi_hmm,0,1.0000,False,too short
HTWa1353,555,1,bigram_transition,0,1.0000,False,"threshold=0.012821, p25"
HTWa1353,555,1,boundary_entropy,0,1.0000,False,"threshold=1.0000, median=1.0000"
HTWa1353,555,1,consensus,0,0.0000,False,"4 strategies, 0 accepted"
HTWa1353,555,1,ground_truth,0,0.0000,False,0 divider(s)
HTWa1353,555,1,positional_profile,0,1.0000,False,"start=27, end=11, thr_start=0.333, thr_end=0.333"
HTWa1353,555,1,viterbi_hmm,0,1.0000,False,too short
HTWa1354,556,1,bigram_transition,0,1.0000,False,"threshold=0.012821, p25"
HTWa1354,556,1,boundary_entropy,0,1.0000,False,"threshold=1.0000, median=1.0000"
HTWa1354,556,1,consensus,0,0.0000,False,"4 strategies, 0 accepted"
HTWa1354,556,1,ground_truth,0,0.0000,False,0 divider(s)
HTWa1354,556,1,positional_profile,0,1.0000,False,"start=27, end=11, thr_start=0.333, thr_end=0.333"
HTWa1354,556,1,viterbi_hmm,0,1.0000,False,too short
HTWa1355,557,1,bigram_transition,0,1.0000,False,"threshold=0.012821, p25"
HTWa1355,557,1,boundary_entropy,0,1.0000,False,"threshold=1.0000, median=1.0000"
HTWa1355,557,1,consensus,0,0.0000,False,"4 strategies, 0 accepted"
HTWa1355,557,1,ground_truth,0,0.0000,False,0 divider(s)
HTWa1355,557,1,positional_profile,0,1.0000,False,"start=27, end=11, thr_start=0.333, thr_end=0.333"
HTWa1355,557,1,viterbi_hmm,0,1.0000,False,too short
HTWa1356,558,1,bigram_transition,0,1.0000,False,"threshold=0.012821, p25"
HTWa1356,558,1,boundary_entropy,0,1.0000,False,"threshold=1.0000, median=1.0000"
HTWa1356,558,1,consensus,0,0.0000,False,"4 strategies, 0 accepted"
HTWa1356,558,1,ground_truth,0,0.0000,False,0 divider(s)
HTWa1356,558,1,positional_profile,0,1.0000,False,"start=27, end=11, thr_start=0.333, thr_end=0.333"
HTWa1356,558,1,viterbi_hmm,0,1.0000,False,too short
HTWa1357,559,1,bigram_transition,0,1.0000,False,"threshold=0.012821, p25"
HTWa1357,559,1,boundary_entropy,0,1.0000,False,"threshold=1.0000, median=1.0000"
HTWa1357,559,1,consensus,0,0.0000,False,"4 strategies, 0 accepted"
HTWa1357,559,1,ground_truth,0,0.0000,False,0 divider(s)
HTWa1357,559,1,positional_profile,0,1.0000,False,"start=27, end=11, thr_start=0.333, thr_end=0.333"
HTWa1357,559,1,viterbi_hmm,0,1.0000,False,too short
HTWa1358,560,1,bigram_transition,0,1.0000,False,"threshold=0.012821, p25"
HTWa1358,560,1,boundary_entropy,0,1.0000,False,"threshold=1.0000, median=1.0000"
HTWa1358,560,1,consensus,0,0.0000,False,"4 strategies, 0 accepted"
HTWa1358,560,1,ground_truth,0,0.0000,False,0 divider(s)
HTWa1358,560,1,positional_profile,0,1.0000,False,"start=27, end=11, thr_start=0.333, thr_end=0.333"
HTWa1358,560,1,viterbi_hmm,0,1.0000,False,too short
HTWa1359,561,1,bigram_transition,0,1.0000,False,"threshold=0.012821, p25"
HTWa1359,561,1,boundary_entropy,0,1.0000,False,"threshold=1.0000, median=1.0000"
HTWa1359,561,1,consensus,0,0.0000,False,"4 strategies, 0 accepted"
HTWa1359,561,1,ground_truth,0,0.0000,False,0 divider(s)
HTWa1359,561,1,positional_profile,0,1.0000,False,"start=27, end=11, thr_start=0.333, thr_end=0.333"
HTWa1359,561,1,viterbi_hmm,0,1.0000,False,too short
HTWa1360,562,1,bigram_transition,0,1.0000,False,"threshold=0.012821, p25"
HTWa1360,562,1,boundary_entropy,0,1.0000,False,"threshold=1.0000, median=1.0000"
HTWa1360,562,1,consensus,0,0.0000,False,"4 strategies, 0 accepted"
HTWa1360,562,1,ground_truth,0,0.0000,False,0 divider(s)
HTWa1360,562,1,positional_profile,0,1.0000,False,"start=27, end=11, thr_start=0.333, thr_end=0.333"
HTWa1360,562,1,viterbi_hmm,0,1.0000,False,too short
HTWa1361,563,1,bigram_transition,0,1.0000,False,"threshold=0.012821, p25"
HTWa1361,563,1,boundary_entropy,0,1.0000,False,"threshold=1.0000, median=1.0000"
HTWa1361,563,1,consensus,0,0.0000,False,"4 strategies, 0 accepted"
HTWa1361,563,1,ground_truth,0,0.0000,False,0 divider(s)
HTWa1361,563,1,positional_profile,0,1.0000,False,"start=27, end=11, thr_start=0.333, thr_end=0.333"
HTWa1361,563,1,viterbi_hmm,0,1.0000,False,too short
HTWa1362,564,1,bigram_transition,0,1.0000,False,"threshold=0.012821, p25"
HTWa1362,564,1,boundary_entropy,0,1.0000,False,"threshold=1.0000, median=1.0000"
HTWa1362,564,1,consensus,0,0.0000,False,"4 strategies, 0 accepted"
HTWa1362,564,1,ground_truth,0,0.0000,False,0 divider(s)
HTWa1362,564,1,positional_profile,0,1.0000,False,"start=27, end=11, thr_start=0.333, thr_end=0.333"
HTWa1362,564,1,viterbi_hmm,0,1.0000,False,too short
HTWa1363,565,1,bigram_transition,0,1.0000,False,"threshold=0.012821, p25"
HTWa1363,565,1,boundary_entropy,0,1.0000,False,"threshold=1.0000, median=1.0000"
HTWa1363,565,1,consensus,0,0.0000,False,"4 strategies, 0 accepted"
HTWa1363,565,1,ground_truth,0,0.0000,False,0 divider(s)
HTWa1363,565,1,positional_profile,0,1.0000,False,"start=27, end=11, thr_start=0.333, thr_end=0.333"
HTWa1363,565,1,viterbi_hmm,0,1.0000,False,too short
HTWa1364,566,1,bigram_transition,0,1.0000,False,"threshold=0.012821, p25"
HTWa1364,566,1,boundary_entropy,0,1.0000,False,"threshold=1.0000, median=1.0000"
HTWa1364,566,1,consensus,0,0.0000,False,"4 strategies, 0 accepted"
HTWa1364,566,1,ground_truth,0,0.0000,False,0 divider(s)
HTWa1364,566,1,positional_profile,0,1.0000,False,"start=27, end=11, thr_start=0.333, thr_end=0.333"
HTWa1364,566,1,viterbi_hmm,0,1.0000,False,too short
HTWa1365,567,1,bigram_transition,0,1.0000,False,"threshold=0.012821, p25"
HTWa1365,567,1,boundary_entropy,0,1.0000,False,"threshold=1.0000, median=1.0000"
HTWa1365,567,1,consensus,0,0.0000,False,"4 strategies, 0 accepted"
HTWa1365,567,1,ground_truth,0,0.0000,False,0 divider(s)
HTWa1365,567,1,positional_profile,0,1.0000,False,"start=27, end=11, thr_start=0.333, thr_end=0.333"
HTWa1365,567,1,viterbi_hmm,0,1.0000,False,too short
HTWa1366,568,1,bigram_transition,0,1.0000,False,"threshold=0.012821, p25"
HTWa1366,568,1,boundary_entropy,0,1.0000,False,"threshold=1.0000, median=1.0000"
HTWa1366,568,1,consensus,0,0.0000,False,"4 strategies, 0 accepted"
HTWa1366,568,1,ground_truth,0,0.0000,False,0 divider(s)
HTWa1366,568,1,positional_profile,0,1.0000,False,"start=27, end=11, thr_start=0.333, thr_end=0.333"
HTWa1366,568,1,viterbi_hmm,0,1.0000,False,too short
HTWa1367,569,1,bigram_transition,0,1.0000,False,"threshold=0.012821, p25"
HTWa1367,569,1,boundary_entropy,0,1.0000,False,"threshold=1.0000, median=1.0000"
HTWa1367,569,1,consensus,0,0.0000,False,"4 strategies, 0 accepted"
HTWa1367,569,1,ground_truth,0,0.0000,False,0 divider(s)
HTWa1367,569,1,positional_profile,0,1.0000,False,"start=27, end=11, thr_start=0.333, thr_end=0.333"
HTWa1367,569,1,viterbi_hmm,0,1.0000,False,too short
HTWa1368,570,1,bigram_transition,0,1.0000,False,"threshold=0.012821, p25"
HTWa1368,570,1,boundary_entropy,0,1.0000,False,"threshold=1.0000, median=1.0000"
HTWa1368,570,1,consensus,0,0.0000,False,"4 strategies, 0 accepted"
HTWa1368,570,1,ground_truth,0,0.0000,False,0 divider(s)
HTWa1368,570,1,positional_profile,0,1.0000,False,"start=27, end=11, thr_start=0.333, thr_end=0.333"
HTWa1368,570,1,viterbi_hmm,0,1.0000,False,too short
HTWa1369,571,1,bigram_transition,0,1.0000,False,"threshold=0.012821, p25"
HTWa1369,571,1,boundary_entropy,0,1.0000,False,"threshold=1.0000, median=1.0000"
HTWa1369,571,1,consensus,0,0.0000,False,"4 strategies, 0 accepted"
HTWa1369,571,1,ground_truth,0,0.0000,False,0 divider(s)
HTWa1369,571,1,positional_profile,0,1.0000,False,"start=27, end=11, thr_start=0.333, thr_end=0.333"
HTWa1369,571,1,viterbi_hmm,0,1.0000,False,too short
HTWa1370,572,1,bigram_transition,0,1.0000,False,"threshold=0.012821, p25"
HTWa1370,572,1,boundary_entropy,0,1.0000,False,"threshold=1.0000, median=1.0000"
HTWa1370,572,1,consensus,0,0.0000,False,"4 strategies, 0 accepted"
HTWa1370,572,1,ground_truth,0,0.0000,False,0 divider(s)
HTWa1370,572,1,positional_profile,0,1.0000,False,"start=27, end=11, thr_start=0.333, thr_end=0.333"
HTWa1370,572,1,viterbi_hmm,0,1.0000,False,too short
HTWa1371,573,1,bigram_transition,0,1.0000,False,"threshold=0.012821, p25"
HTWa1371,573,1,boundary_entropy,0,1.0000,False,"threshold=1.0000, median=1.0000"
HTWa1371,573,1,consensus,0,0.0000,False,"4 strategies, 0 accepted"
HTWa1371,573,1,ground_truth,0,0.0000,False,0 divider(s)
HTWa1371,573,1,positional_profile,0,1.0000,False,"start=27, end=11, thr_start=0.333, thr_end=0.333"
HTWa1371,573,1,viterbi_hmm,0,1.0000,False,too short
HTWa1372,574,1,bigram_transition,0,1.0000,False,"threshold=0.012821, p25"
HTWa1372,574,1,boundary_entropy,0,1.0000,False,"threshold=1.0000, median=1.0000"
HTWa1372,574,1,consensus,0,0.0000,False,"4 strategies, 0 accepted"
HTWa1372,574,1,ground_truth,0,0.0000,False,0 divider(s)
HTWa1372,574,1,positional_profile,0,1.0000,False,"start=27, end=11, thr_start=0.333, thr_end=0.333"
HTWa1372,574,1,viterbi_hmm,0,1.0000,False,too short
HTWa1373,575,1,bigram_transition,0,1.0000,False,"threshold=0.012821, p25"
HTWa1373,575,1,boundary_entropy,0,1.0000,False,"threshold=1.0000, median=1.0000"
HTWa1373,575,1,consensus,0,0.0000,False,"4 strategies, 0 accepted"
HTWa1373,575,1,ground_truth,0,0.0000,False,0 divider(s)
HTWa1373,575,1,positional_profile,0,1.0000,False,"start=27, end=11, thr_start=0.333, thr_end=0.333"
HTWa1373,575,1,viterbi_hmm,0,1.0000,False,too short
HTWa1374,576,1,bigram_transition,0,1.0000,False,"threshold=0.012821, p25"
HTWa1374,576,1,boundary_entropy,0,1.0000,False,"threshold=1.0000, median=1.0000"
HTWa1374,576,1,consensus,0,0.0000,False,"4 strategies, 0 accepted"
HTWa1374,576,1,ground_truth,0,0.0000,False,0 divider(s)
HTWa1374,576,1,positional_profile,0,1.0000,False,"start=27, end=11, thr_start=0.333, thr_end=0.333"
HTWa1374,576,1,viterbi_hmm,0,1.0000,False,too short
HTWa1375,577,1,bigram_transition,0,1.0000,False,"threshold=0.012821, p25"
HTWa1375,577,1,boundary_entropy,0,1.0000,False,"threshold=1.0000, median=1.0000"
HTWa1375,577,1,consensus,0,0.0000,False,"4 strategies, 0 accepted"
HTWa1375,577,1,ground_truth,0,0.0000,False,0 divider(s)
HTWa1375,577,1,positional_profile,0,1.0000,False,"start=27, end=11, thr_start=0.333, thr_end=0.333"
HTWa1375,577,1,viterbi_hmm,0,1.0000,False,too short
HTWa1376,578,1,bigram_transition,0,1.0000,False,"threshold=0.012821, p25"
HTWa1376,578,1,boundary_entropy,0,1.0000,False,"threshold=1.0000, median=1.0000"
HTWa1376,578,1,consensus,0,0.0000,False,"4 strategies, 0 accepted"
HTWa1376,578,1,ground_truth,0,0.0000,False,0 divider(s)
HTWa1376,578,1,positional_profile,0,1.0000,False,"start=27, end=11, thr_start=0.333, thr_end=0.333"
HTWa1376,578,1,viterbi_hmm,0,1.0000,False,too short
HTWa1377,579,1,bigram_transition,0,1.0000,False,"threshold=0.012821, p25"
HTWa1377,579,1,boundary_entropy,0,1.0000,False,"threshold=1.0000, median=1.0000"
HTWa1377,579,1,consensus,0,0.0000,False,"4 strategies, 0 accepted"
HTWa1377,579,1,ground_truth,0,0.0000,False,0 divider(s)
HTWa1377,579,1,positional_profile,0,1.0000,False,"start=27, end=11, thr_start=0.333, thr_end=0.333"
HTWa1377,579,1,viterbi_hmm,0,1.0000,False,too short
HTWa1378,580,1,bigram_transition,0,1.0000,False,"threshold=0.012821, p25"
HTWa1378,580,1,boundary_entropy,0,1.0000,False,"threshold=1.0000, median=1.0000"
HTWa1378,580,1,consensus,0,0.0000,False,"4 strategies, 0 accepted"
HTWa1378,580,1,ground_truth,0,0.0000,False,0 divider(s)
HTWa1378,580,1,positional_profile,0,1.0000,False,"start=27, end=11, thr_start=0.333, thr_end=0.333"
HTWa1378,580,1,viterbi_hmm,0,1.0000,False,too short
HTWa1379,581,1,bigram_transition,0,1.0000,False,"threshold=0.012821, p25"
HTWa1379,581,1,boundary_entropy,0,1.0000,False,"threshold=1.0000, median=1.0000"
HTWa1379,581,1,consensus,0,0.0000,False,"4 strategies, 0 accepted"
HTWa1379,581,1,ground_truth,0,0.0000,False,0 divider(s)
HTWa1379,581,1,positional_profile,0,1.0000,False,"start=27, end=11, thr_start=0.333, thr_end=0.333"
HTWa1379,581,1,viterbi_hmm,0,1.0000,False,too short
HTWa1380,582,1,bigram_transition,0,1.0000,False,"threshold=0.012821, p25"
HTWa1380,582,1,boundary_entropy,0,1.0000,False,"threshold=1.0000, median=1.0000"
HTWa1380,582,1,consensus,0,0.0000,False,"4 strategies, 0 accepted"
HTWa1380,582,1,ground_truth,0,0.0000,False,0 divider(s)
HTWa1380,582,1,positional_profile,0,1.0000,False,"start=27, end=11, thr_start=0.333, thr_end=0.333"
HTWa1380,582,1,viterbi_hmm,0,1.0000,False,too short
HTWa1381,583,1,bigram_transition,0,1.0000,False,"threshold=0.012821, p25"
HTWa1381,583,1,boundary_entropy,0,1.0000,False,"threshold=1.0000, median=1.0000"
HTWa1381,583,1,consensus,0,0.0000,False,"4 strategies, 0 accepted"
HTWa1381,583,1,ground_truth,0,0.0000,False,0 divider(s)
HTWa1381,583,1,positional_profile,0,1.0000,False,"start=27, end=11, thr_start=0.333, thr_end=0.333"
HTWa1381,583,1,viterbi_hmm,0,1.0000,False,too short
HTWa1382,584,1,bigram_transition,0,1.0000,False,"threshold=0.012821, p25"
HTWa1382,584,1,boundary_entropy,0,1.0000,False,"threshold=1.0000, median=1.0000"
HTWa1382,584,1,consensus,0,0.0000,False,"4 strategies, 0 accepted"
HTWa1382,584,1,ground_truth,0,0.0000,False,0 divider(s)
HTWa1382,584,1,positional_profile,0,1.0000,False,"start=27, end=11, thr_start=0.333, thr_end=0.333"
HTWa1382,584,1,viterbi_hmm,0,1.0000,False,too short
HTWa1383,585,1,bigram_transition,0,1.0000,False,"threshold=0.012821, p25"
HTWa1383,585,1,boundary_entropy,0,1.0000,False,"threshold=1.0000, median=1.0000"
HTWa1383,585,1,consensus,0,0.0000,False,"4 strategies, 0 accepted"
HTWa1383,585,1,ground_truth,0,0.0000,False,0 divider(s)
HTWa1383,585,1,positional_profile,0,1.0000,False,"start=27, end=11, thr_start=0.333, thr_end=0.333"
HTWa1383,585,1,viterbi_hmm,0,1.0000,False,too short
HTWa1384,586,1,bigram_transition,0,1.0000,False,"threshold=0.012821, p25"
HTWa1384,586,1,boundary_entropy,0,1.0000,False,"threshold=1.0000, median=1.0000"
HTWa1384,586,1,consensus,0,0.0000,False,"4 strategies, 0 accepted"
HTWa1384,586,1,ground_truth,0,0.0000,False,0 divider(s)
HTWa1384,586,1,positional_profile,0,1.0000,False,"start=27, end=11, thr_start=0.333, thr_end=0.333"
HTWa1384,586,1,viterbi_hmm,0,1.0000,False,too short
HTWa1385,587,1,bigram_transition,0,1.0000,False,"threshold=0.012821, p25"
HTWa1385,587,1,boundary_entropy,0,1.0000,False,"threshold=1.0000, median=1.0000"
HTWa1385,587,1,consensus,0,0.0000,False,"4 strategies, 0 accepted"
HTWa1385,587,1,ground_truth,0,0.0000,False,0 divider(s)
HTWa1385,587,1,positional_profile,0,1.0000,False,"start=27, end=11, thr_start=0.333, thr_end=0.333"
HTWa1385,587,1,viterbi_hmm,0,1.0000,False,too short
HTWa1386,588,1,bigram_transition,0,1.0000,False,"threshold=0.012821, p25"
HTWa1386,588,1,boundary_entropy,0,1.0000,False,"threshold=1.0000, median=1.0000"
HTWa1386,588,1,consensus,0,0.0000,False,"4 strategies, 0 accepted"
HTWa1386,588,1,ground_truth,0,0.0000,False,0 divider(s)
HTWa1386,588,1,positional_profile,0,1.0000,False,"start=27, end=11, thr_start=0.333, thr_end=0.333"
HTWa1386,588,1,viterbi_hmm,0,1.0000,False,too short
HTWa1387,589,1,bigram_transition,0,1.0000,False,"threshold=0.012821, p25"
HTWa1387,589,1,boundary_entropy,0,1.0000,False,"threshold=1.0000, median=1.0000"
HTWa1387,589,1,consensus,0,0.0000,False,"4 strategies, 0 accepted"
HTWa1387,589,1,ground_truth,0,0.0000,False,0 divider(s)
HTWa1387,589,1,positional_profile,0,1.0000,False,"start=27, end=11, thr_start=0.333, thr_end=0.333"
HTWa1387,589,1,viterbi_hmm,0,1.0000,False,too short
HTWa1388,590,1,bigram_transition,0,1.0000,False,"threshold=0.012821, p25"
HTWa1388,590,1,boundary_entropy,0,1.0000,False,"threshold=1.0000, median=1.0000"
HTWa1388,590,1,consensus,0,0.0000,False,"4 strategies, 0 accepted"
HTWa1388,590,1,ground_truth,0,0.0000,False,0 divider(s)
HTWa1388,590,1,positional_profile,0,1.0000,False,"start=27, end=11, thr_start=0.333, thr_end=0.333"
HTWa1388,590,1,viterbi_hmm,0,1.0000,False,too short
HTWa1389,591,1,bigram_transition,0,1.0000,False,"threshold=0.012821, p25"
HTWa1389,591,1,boundary_entropy,0,1.0000,False,"threshold=1.0000, median=1.0000"
HTWa1389,591,1,consensus,0,0.0000,False,"4 strategies, 0 accepted"
HTWa1389,591,1,ground_truth,0,0.0000,False,0 divider(s)
HTWa1389,591,1,positional_profile,0,1.0000,False,"start=27, end=11, thr_start=0.333, thr_end=0.333"
HTWa1389,591,1,viterbi_hmm,0,1.0000,False,too short
HTWa1390,592,1,bigram_transition,0,1.0000,False,"threshold=0.012821, p25"
HTWa1390,592,1,boundary_entropy,0,1.0000,False,"threshold=1.0000, median=1.0000"
HTWa1390,592,1,consensus,0,0.0000,False,"4 strategies, 0 accepted"
HTWa1390,592,1,ground_truth,0,0.0000,False,0 divider(s)
HTWa1390,592,1,positional_profile,0,1.0000,False,"start=27, end=11, thr_start=0.333, thr_end=0.333"
HTWa1390,592,1,viterbi_hmm,0,1.0000,False,too short
HTWa1391,593,1,bigram_transition,0,1.0000,False,"threshold=0.012821, p25"
HTWa1391,593,1,boundary_entropy,0,1.0000,False,"threshold=1.0000, median=1.0000"
HTWa1391,593,1,consensus,0,0.0000,False,"4 strategies, 0 accepted"
HTWa1391,593,1,ground_truth,0,0.0000,False,0 divider(s)
HTWa1391,593,1,positional_profile,0,1.0000,False,"start=27, end=11, thr_start=0.333, thr_end=0.333"
HTWa1391,593,1,viterbi_hmm,0,1.0000,False,too short
HTWa1392,594,1,bigram_transition,0,1.0000,False,"threshold=0.012821, p25"
HTWa1392,594,1,boundary_entropy,0,1.0000,False,"threshold=1.0000, median=1.0000"
HTWa1392,594,1,consensus,0,0.0000,False,"4 strategies, 0 accepted"
HTWa1392,594,1,ground_truth,0,0.0000,False,0 divider(s)
HTWa1392,594,1,positional_profile,0,1.0000,False,"start=27, end=11, thr_start=0.333, thr_end=0.333"
HTWa1392,594,1,viterbi_hmm,0,1.0000,False,too short
HTWa1393,595,1,bigram_transition,0,1.0000,False,"threshold=0.012821, p25"
HTWa1393,595,1,boundary_entropy,0,1.0000,False,"threshold=1.0000, median=1.0000"
HTWa1393,595,1,consensus,0,0.0000,False,"4 strategies, 0 accepted"
HTWa1393,595,1,ground_truth,0,0.0000,False,0 divider(s)
HTWa1393,595,1,positional_profile,0,1.0000,False,"start=27, end=11, thr_start=0.333, thr_end=0.333"
HTWa1393,595,1,viterbi_hmm,0,1.0000,False,too short
HTWa1394,596,1,bigram_transition,0,1.0000,False,"threshold=0.012821, p25"
HTWa1394,596,1,boundary_entropy,0,1.0000,False,"threshold=1.0000, median=1.0000"
HTWa1394,596,1,consensus,0,0.0000,False,"4 strategies, 0 accepted"
HTWa1394,596,1,ground_truth,0,0.0000,False,0 divider(s)
HTWa1394,596,1,positional_profile,0,1.0000,False,"start=27, end=11, thr_start=0.333, thr_end=0.333"
HTWa1394,596,1,viterbi_hmm,0,1.0000,False,too short
HTWa1395,597,1,bigram_transition,0,1.0000,False,"threshold=0.012821, p25"
HTWa1395,597,1,boundary_entropy,0,1.0000,False,"threshold=1.0000, median=1.0000"
HTWa1395,597,1,consensus,0,0.0000,False,"4 strategies, 0 accepted"
HTWa1395,597,1,ground_truth,0,0.0000,False,0 divider(s)
HTWa1395,597,1,positional_profile,0,1.0000,False,"start=27, end=11, thr_start=0.333, thr_end=0.333"
HTWa1395,597,1,viterbi_hmm,0,1.0000,False,too short
HTWa1396,598,1,bigram_transition,0,1.0000,False,"threshold=0.012821, p25"
HTWa1396,598,1,boundary_entropy,0,1.0000,False,"threshold=1.0000, median=1.0000"
HTWa1396,598,1,consensus,0,0.0000,False,"4 strategies, 0 accepted"
HTWa1396,598,1,ground_truth,0,0.0000,False,0 divider(s)
HTWa1396,598,1,positional_profile,0,1.0000,False,"start=27, end=11, thr_start=0.333, thr_end=0.333"
HTWa1396,598,1,viterbi_hmm,0,1.0000,False,too short
HTWa1397,599,1,bigram_transition,0,1.0000,False,"threshold=0.012821, p25"
HTWa1397,599,1,boundary_entropy,0,1.0000,False,"threshold=1.0000, median=1.0000"
HTWa1397,599,1,consensus,0,0.0000,False,"4 strategies, 0 accepted"
HTWa1397,599,1,ground_truth,0,0.0000,False,0 divider(s)
HTWa1397,599,1,positional_profile,0,1.0000,False,"start=27, end=11, thr_start=0.333, thr_end=0.333"
HTWa1397,599,1,viterbi_hmm,0,1.0000,False,too short
HTWa1398,600,1,bigram_transition,0,1.0000,False,"threshold=0.012821, p25"
HTWa1398,600,1,boundary_entropy,0,1.0000,False,"threshold=1.0000, median=1.0000"
HTWa1398,600,1,consensus,0,0.0000,False,"4 strategies, 0 accepted"
HTWa1398,600,1,ground_truth,0,0.0000,False,0 divider(s)
HTWa1398,600,1,positional_profile,0,1.0000,False,"start=27, end=11, thr_start=0.333, thr_end=0.333"
HTWa1398,600,1,viterbi_hmm,0,1.0000,False,too short
HTWa1399,601,1,bigram_transition,0,1.0000,False,"threshold=0.012821, p25"
HTWa1399,601,1,boundary_entropy,0,1.0000,False,"threshold=1.0000, median=1.0000"
HTWa1399,601,1,consensus,0,0.0000,False,"4 strategies, 0 accepted"
HTWa1399,601,1,ground_truth,0,0.0000,False,0 divider(s)
HTWa1399,601,1,positional_profile,0,1.0000,False,"start=27, end=11, thr_start=0.333, thr_end=0.333"
HTWa1399,601,1,viterbi_hmm,0,1.0000,False,too short
HTWa1400,602,1,bigram_transition,0,1.0000,False,"threshold=0.012821, p25"
HTWa1400,602,1,boundary_entropy,0,1.0000,False,"threshold=1.0000, median=1.0000"
HTWa1400,602,1,consensus,0,0.0000,False,"4 strategies, 0 accepted"
HTWa1400,602,1,ground_truth,0,0.0000,False,0 divider(s)
HTWa1400,602,1,positional_profile,0,1.0000,False,"start=27, end=11, thr_start=0.333, thr_end=0.333"
HTWa1400,602,1,viterbi_hmm,0,1.0000,False,too short
HTWa1401,603,1,bigram_transition,0,1.0000,False,"threshold=0.012821, p25"
HTWa1401,603,1,boundary_entropy,0,1.0000,False,"threshold=1.0000, median=1.0000"
HTWa1401,603,1,consensus,0,0.0000,False,"4 strategies, 0 accepted"
HTWa1401,603,1,ground_truth,0,0.0000,False,0 divider(s)
HTWa1401,603,1,positional_profile,0,1.0000,False,"start=27, end=11, thr_start=0.333, thr_end=0.333"
HTWa1401,603,1,viterbi_hmm,0,1.0000,False,too short
HTWa1402,604,1,bigram_transition,0,1.0000,False,"threshold=0.012821, p25"
HTWa1402,604,1,boundary_entropy,0,1.0000,False,"threshold=1.0000, median=1.0000"
HTWa1402,604,1,consensus,0,0.0000,False,"4 strategies, 0 accepted"
HTWa1402,604,1,ground_truth,0,0.0000,False,0 divider(s)
HTWa1402,604,1,positional_profile,0,1.0000,False,"start=27, end=11, thr_start=0.333, thr_end=0.333"
HTWa1402,604,1,viterbi_hmm,0,1.0000,False,too short
HTWa1403,605,1,bigram_transition,0,1.0000,False,"threshold=0.012821, p25"
HTWa1403,605,1,boundary_entropy,0,1.0000,False,"threshold=1.0000, median=1.0000"
HTWa1403,605,1,consensus,0,0.0000,False,"4 strategies, 0 accepted"
HTWa1403,605,1,ground_truth,0,0.0000,False,0 divider(s)
HTWa1403,605,1,positional_profile,0,1.0000,False,"start=27, end=11, thr_start=0.333, thr_end=0.333"
HTWa1403,605,1,viterbi_hmm,0,1.0000,False,too short
HTWa1404,606,1,bigram_transition,0,1.0000,False,"threshold=0.012821, p25"
HTWa1404,606,1,boundary_entropy,0,1.0000,False,"threshold=1.0000, median=1.0000"
HTWa1404,606,1,consensus,0,0.0000,False,"4 strategies, 0 accepted"
HTWa1404,606,1,ground_truth,0,0.0000,False,0 divider(s)
HTWa1404,606,1,positional_profile,0,1.0000,False,"start=27, end=11, thr_start=0.333, thr_end=0.333"
HTWa1404,606,1,viterbi_hmm,0,1.0000,False,too short
HTWa1405,607,1,bigram_transition,0,1.0000,False,"threshold=0.012821, p25"
HTWa1405,607,1,boundary_entropy,0,1.0000,False,"threshold=1.0000, median=1.0000"
HTWa1405,607,1,consensus,0,0.0000,False,"4 strategies, 0 accepted"
HTWa1405,607,1,ground_truth,0,0.0000,False,0 divider(s)
HTWa1405,607,1,positional_profile,0,1.0000,False,"start=27, end=11, thr_start=0.333, thr_end=0.333"
HTWa1405,607,1,viterbi_hmm,0,1.0000,False,too short
HTWa1406,608,1,bigram_transition,0,1.0000,False,"threshold=0.012821, p25"
HTWa1406,608,1,boundary_entropy,0,1.0000,False,"threshold=1.0000, median=1.0000"
HTWa1406,608,1,consensus,0,0.0000,False,"4 strategies, 0 accepted"
HTWa1406,608,1,ground_truth,0,0.0000,False,0 divider(s)
HTWa1406,608,1,positional_profile,0,1.0000,False,"start=27, end=11, thr_start=0.333, thr_end=0.333"
HTWa1406,608,1,viterbi_hmm,0,1.0000,False,too short
HTWa1407,609,1,bigram_transition,0,1.0000,False,"threshold=0.012821, p25"
HTWa1407,609,1,boundary_entropy,0,1.0000,False,"threshold=1.0000, median=1.0000"
HTWa1407,609,1,consensus,0,0.0000,False,"4 strategies, 0 accepted"
HTWa1407,609,1,ground_truth,0,0.0000,False,0 divider(s)
HTWa1407,609,1,positional_profile,0,1.0000,False,"start=27, end=11, thr_start=0.333, thr_end=0.333"
HTWa1407,609,1,viterbi_hmm,0,1.0000,False,too short
HTWa1408,610,1,bigram_transition,0,1.0000,False,"threshold=0.012821, p25"
HTWa1408,610,1,boundary_entropy,0,1.0000,False,"threshold=1.0000, median=1.0000"
HTWa1408,610,1,consensus,0,0.0000,False,"4 strategies, 0 accepted"
HTWa1408,610,1,ground_truth,0,0.0000,False,0 divider(s)
HTWa1408,610,1,positional_profile,0,1.0000,False,"start=27, end=11, thr_start=0.333, thr_end=0.333"
HTWa1408,610,1,viterbi_hmm,0,1.0000,False,too short
HTWa1409,611,1,bigram_transition,0,1.0000,False,"threshold=0.012821, p25"
HTWa1409,611,1,boundary_entropy,0,1.0000,False,"threshold=1.0000, median=1.0000"
HTWa1409,611,1,consensus,0,0.0000,False,"4 strategies, 0 accepted"
HTWa1409,611,1,ground_truth,0,0.0000,False,0 divider(s)
HTWa1409,611,1,positional_profile,0,1.0000,False,"start=27, end=11, thr_start=0.333, thr_end=0.333"
HTWa1409,611,1,viterbi_hmm,0,1.0000,False,too short
HTWa1410,612,1,bigram_transition,0,1.0000,False,"threshold=0.012821, p25"
HTWa1410,612,1,boundary_entropy,0,1.0000,False,"threshold=1.0000, median=1.0000"
HTWa1410,612,1,consensus,0,0.0000,False,"4 strategies, 0 accepted"
HTWa1410,612,1,ground_truth,0,0.0000,False,0 divider(s)
HTWa1410,612,1,positional_profile,0,1.0000,False,"start=27, end=11, thr_start=0.333, thr_end=0.333"
HTWa1410,612,1,viterbi_hmm,0,1.0000,False,too short
HTWa1411,613,1,bigram_transition,0,1.0000,False,"threshold=0.012821, p25"
HTWa1411,613,1,boundary_entropy,0,1.0000,False,"threshold=1.0000, median=1.0000"
HTWa1411,613,1,consensus,0,0.0000,False,"4 strategies, 0 accepted"
HTWa1411,613,1,ground_truth,0,0.0000,False,0 divider(s)
HTWa1411,613,1,positional_profile,0,1.0000,False,"start=27, end=11, thr_start=0.333, thr_end=0.333"
HTWa1411,613,1,viterbi_hmm,0,1.0000,False,too short
HTWa1412,614,1,bigram_transition,0,1.0000,False,"threshold=0.012821, p25"
HTWa1412,614,1,boundary_entropy,0,1.0000,False,"threshold=1.0000, median=1.0000"
HTWa1412,614,1,consensus,0,0.0000,False,"4 strategies, 0 accepted"
HTWa1412,614,1,ground_truth,0,0.0000,False,0 divider(s)
HTWa1412,614,1,positional_profile,0,1.0000,False,"start=27, end=11, thr_start=0.333, thr_end=0.333"
HTWa1412,614,1,viterbi_hmm,0,1.0000,False,too short
HTWa1413,615,1,bigram_transition,0,1.0000,False,"threshold=0.012821, p25"
HTWa1413,615,1,boundary_entropy,0,1.0000,False,"threshold=1.0000, median=1.0000"
HTWa1413,615,1,consensus,0,0.0000,False,"4 strategies, 0 accepted"
HTWa1413,615,1,ground_truth,0,0.0000,False,0 divider(s)
HTWa1413,615,1,positional_profile,0,1.0000,False,"start=27, end=11, thr_start=0.333, thr_end=0.333"
HTWa1413,615,1,viterbi_hmm,0,1.0000,False,too short
HTWa1414,616,1,bigram_transition,0,1.0000,False,"threshold=0.012821, p25"
HTWa1414,616,1,boundary_entropy,0,1.0000,False,"threshold=1.0000, median=1.0000"
HTWa1414,616,1,consensus,0,0.0000,False,"4 strategies, 0 accepted"
HTWa1414,616,1,ground_truth,0,0.0000,False,0 divider(s)
HTWa1414,616,1,positional_profile,0,1.0000,False,"start=27, end=11, thr_start=0.333, thr_end=0.333"
HTWa1414,616,1,viterbi_hmm,0,1.0000,False,too short
HTWa1415,617,1,bigram_transition,0,1.0000,False,"threshold=0.012821, p25"
HTWa1415,617,1,boundary_entropy,0,1.0000,False,"threshold=1.0000, median=1.0000"
HTWa1415,617,1,consensus,0,0.0000,False,"4 strategies, 0 accepted"
HTWa1415,617,1,ground_truth,0,0.0000,False,0 divider(s)
HTWa1415,617,1,positional_profile,0,1.0000,False,"start=27, end=11, thr_start=0.333, thr_end=0.333"
HTWa1415,617,1,viterbi_hmm,0,1.0000,False,too short
HTWa1416,618,1,bigram_transition,0,1.0000,False,"threshold=0.012821, p25"
HTWa1416,618,1,boundary_entropy,0,1.0000,False,"threshold=1.0000, median=1.0000"
HTWa1416,618,1,consensus,0,0.0000,False,"4 strategies, 0 accepted"
HTWa1416,618,1,ground_truth,0,0.0000,False,0 divider(s)
HTWa1416,618,1,positional_profile,0,1.0000,False,"start=27, end=11, thr_start=0.333, thr_end=0.333"
HTWa1416,618,1,viterbi_hmm,0,1.0000,False,too short
HTWa1417,619,1,bigram_transition,0,1.0000,False,"threshold=0.012821, p25"
HTWa1417,619,1,boundary_entropy,0,1.0000,False,"threshold=1.0000, median=1.0000"
HTWa1417,619,1,consensus,0,0.0000,False,"4 strategies, 0 accepted"
HTWa1417,619,1,ground_truth,0,0.0000,False,0 divider(s)
HTWa1417,619,1,positional_profile,0,1.0000,False,"start=27, end=11, thr_start=0.333, thr_end=0.333"
HTWa1417,619,1,viterbi_hmm,0,1.0000,False,too short
HTWa1418,620,1,bigram_transition,0,1.0000,False,"threshold=0.012821, p25"
HTWa1418,620,1,boundary_entropy,0,1.0000,False,"threshold=1.0000, median=1.0000"
HTWa1418,620,1,consensus,0,0.0000,False,"4 strategies, 0 accepted"
HTWa1418,620,1,ground_truth,0,0.0000,False,0 divider(s)
HTWa1418,620,1,positional_profile,0,1.0000,False,"start=27, end=11, thr_start=0.333, thr_end=0.333"
HTWa1418,620,1,viterbi_hmm,0,1.0000,False,too short
HTWa1419,621,1,bigram_transition,0,1.0000,False,"threshold=0.012821, p25"
HTWa1419,621,1,boundary_entropy,0,1.0000,False,"threshold=1.0000, median=1.0000"
HTWa1419,621,1,consensus,0,0.0000,False,"4 strategies, 0 accepted"
HTWa1419,621,1,ground_truth,0,0.0000,False,0 divider(s)
HTWa1419,621,1,positional_profile,0,1.0000,False,"start=27, end=11, thr_start=0.333, thr_end=0.333"
HTWa1419,621,1,viterbi_hmm,0,1.0000,False,too short
HTWa1420,622,1,bigram_transition,0,1.0000,False,"threshold=0.012821, p25"
HTWa1420,622,1,boundary_entropy,0,1.0000,False,"threshold=1.0000, median=1.0000"
HTWa1420,622,1,consensus,0,0.0000,False,"4 strategies, 0 accepted"
HTWa1420,622,1,ground_truth,0,0.0000,False,0 divider(s)
HTWa1420,622,1,positional_profile,0,1.0000,False,"start=27, end=11, thr_start=0.333, thr_end=0.333"
HTWa1420,622,1,viterbi_hmm,0,1.0000,False,too short
HTWa1421,623,1,bigram_transition,0,1.0000,False,"threshold=0.012821, p25"
HTWa1421,623,1,boundary_entropy,0,1.0000,False,"threshold=1.0000, median=1.0000"
HTWa1421,623,1,consensus,0,0.0000,False,"4 strategies, 0 accepted"
HTWa1421,623,1,ground_truth,0,0.0000,False,0 divider(s)
HTWa1421,623,1,positional_profile,0,1.0000,False,"start=27, end=11, thr_start=0.333, thr_end=0.333"
HTWa1421,623,1,viterbi_hmm,0,1.0000,False,too short
HTWa1422,624,1,bigram_transition,0,1.0000,False,"threshold=0.012821, p25"
HTWa1422,624,1,boundary_entropy,0,1.0000,False,"threshold=1.0000, median=1.0000"
HTWa1422,624,1,consensus,0,0.0000,False,"4 strategies, 0 accepted"
HTWa1422,624,1,ground_truth,0,0.0000,False,0 divider(s)
HTWa1422,624,1,positional_profile,0,1.0000,False,"start=27, end=11, thr_start=0.333, thr_end=0.333"
HTWa1422,624,1,viterbi_hmm,0,1.0000,False,too short
HTWa1423,625,1,bigram_transition,0,1.0000,False,"threshold=0.012821, p25"
HTWa1423,625,1,boundary_entropy,0,1.0000,False,"threshold=1.0000, median=1.0000"
HTWa1423,625,1,consensus,0,0.0000,False,"4 strategies, 0 accepted"
HTWa1423,625,1,ground_truth,0,0.0000,False,0 divider(s)
HTWa1423,625,1,positional_profile,0,1.0000,False,"start=27, end=11, thr_start=0.333, thr_end=0.333"
HTWa1423,625,1,viterbi_hmm,0,1.0000,False,too short
HTWa1424,626,1,bigram_transition,0,1.0000,False,"threshold=0.012821, p25"
HTWa1424,626,1,boundary_entropy,0,1.0000,False,"threshold=1.0000, median=1.0000"
HTWa1424,626,1,consensus,0,0.0000,False,"4 strategies, 0 accepted"
HTWa1424,626,1,ground_truth,0,0.0000,False,0 divider(s)
HTWa1424,626,1,positional_profile,0,1.0000,False,"start=27, end=11, thr_start=0.333, thr_end=0.333"
HTWa1424,626,1,viterbi_hmm,0,1.0000,False,too short
HTWa1425,627,1,bigram_transition,0,1.0000,False,"threshold=0.012821, p25"
HTWa1425,627,1,boundary_entropy,0,1.0000,False,"threshold=1.0000, median=1.0000"
HTWa1425,627,1,consensus,0,0.0000,False,"4 strategies, 0 accepted"
HTWa1425,627,1,ground_truth,0,0.0000,False,0 divider(s)
HTWa1425,627,1,positional_profile,0,1.0000,False,"start=27, end=11, thr_start=0.333, thr_end=0.333"
HTWa1425,627,1,viterbi_hmm,0,1.0000,False,too short
HTWa1426,628,1,bigram_transition,0,1.0000,False,"threshold=0.012821, p25"
HTWa1426,628,1,boundary_entropy,0,1.0000,False,"threshold=1.0000, median=1.0000"
HTWa1426,628,1,consensus,0,0.0000,False,"4 strategies, 0 accepted"
HTWa1426,628,1,ground_truth,0,0.0000,False,0 divider(s)
HTWa1426,628,1,positional_profile,0,1.0000,False,"start=27, end=11, thr_start=0.333, thr_end=0.333"
HTWa1426,628,1,viterbi_hmm,0,1.0000,False,too short
HTWa1427,629,1,bigram_transition,0,1.0000,False,"threshold=0.012821, p25"
HTWa1427,629,1,boundary_entropy,0,1.0000,False,"threshold=1.0000, median=1.0000"
HTWa1427,629,1,consensus,0,0.0000,False,"4 strategies, 0 accepted"
HTWa1427,629,1,ground_truth,0,0.0000,False,0 divider(s)
HTWa1427,629,1,positional_profile,0,1.0000,False,"start=27, end=11, thr_start=0.333, thr_end=0.333"
HTWa1427,629,1,viterbi_hmm,0,1.0000,False,too short
HTWa1428,630,1,bigram_transition,0,1.0000,False,"threshold=0.012821, p25"
HTWa1428,630,1,boundary_entropy,0,1.0000,False,"threshold=1.0000, median=1.0000"
HTWa1428,630,1,consensus,0,0.0000,False,"4 strategies, 0 accepted"
HTWa1428,630,1,ground_truth,0,0.0000,False,0 divider(s)
HTWa1428,630,1,positional_profile,0,1.0000,False,"start=27, end=11, thr_start=0.333, thr_end=0.333"
HTWa1428,630,1,viterbi_hmm,0,1.0000,False,too short
HTWa1429,631,1,bigram_transition,0,1.0000,False,"threshold=0.012821, p25"
HTWa1429,631,1,boundary_entropy,0,1.0000,False,"threshold=1.0000, median=1.0000"
HTWa1429,631,1,consensus,0,0.0000,False,"4 strategies, 0 accepted"
HTWa1429,631,1,ground_truth,0,0.0000,False,0 divider(s)
HTWa1429,631,1,positional_profile,0,1.0000,False,"start=27, end=11, thr_start=0.333, thr_end=0.333"
HTWa1429,631,1,viterbi_hmm,0,1.0000,False,too short
HTWa1430,632,1,bigram_transition,0,1.0000,False,"threshold=0.012821, p25"
HTWa1430,632,1,boundary_entropy,0,1.0000,False,"threshold=1.0000, median=1.0000"
HTWa1430,632,1,consensus,0,0.0000,False,"4 strategies, 0 accepted"
HTWa1430,632,1,ground_truth,0,0.0000,False,0 divider(s)
HTWa1430,632,1,positional_profile,0,1.0000,False,"start=27, end=11, thr_start=0.333, thr_end=0.333"
HTWa1430,632,1,viterbi_hmm,0,1.0000,False,too short
HTWa1431,633,1,bigram_transition,0,1.0000,False,"threshold=0.012821, p25"
HTWa1431,633,1,boundary_entropy,0,1.0000,False,"threshold=1.0000, median=1.0000"
HTWa1431,633,1,consensus,0,0.0000,False,"4 strategies, 0 accepted"
HTWa1431,633,1,ground_truth,0,0.0000,False,0 divider(s)
HTWa1431,633,1,positional_profile,0,1.0000,False,"start=27, end=11, thr_start=0.333, thr_end=0.333"
HTWa1431,633,1,viterbi_hmm,0,1.0000,False,too short
HTWa1432,634,1,bigram_transition,0,1.0000,False,"threshold=0.012821, p25"
HTWa1432,634,1,boundary_entropy,0,1.0000,False,"threshold=1.0000, median=1.0000"
HTWa1432,634,1,consensus,0,0.0000,False,"4 strategies, 0 accepted"
HTWa1432,634,1,ground_truth,0,0.0000,False,0 divider(s)
HTWa1432,634,1,positional_profile,0,1.0000,False,"start=27, end=11, thr_start=0.333, thr_end=0.333"
HTWa1432,634,1,viterbi_hmm,0,1.0000,False,too short
HTWa1433,635,1,bigram_transition,0,1.0000,False,"threshold=0.012821, p25"
HTWa1433,635,1,boundary_entropy,0,1.0000,False,"threshold=1.0000, median=1.0000"
HTWa1433,635,1,consensus,0,0.0000,False,"4 strategies, 0 accepted"
HTWa1433,635,1,ground_truth,0,0.0000,False,0 divider(s)
HTWa1433,635,1,positional_profile,0,1.0000,False,"start=27, end=11, thr_start=0.333, thr_end=0.333"
HTWa1433,635,1,viterbi_hmm,0,1.0000,False,too short
HTWa1434,636,1,bigram_transition,0,1.0000,False,"threshold=0.012821, p25"
HTWa1434,636,1,boundary_entropy,0,1.0000,False,"threshold=1.0000, median=1.0000"
HTWa1434,636,1,consensus,0,0.0000,False,"4 strategies, 0 accepted"
HTWa1434,636,1,ground_truth,0,0.0000,False,0 divider(s)
HTWa1434,636,1,positional_profile,0,1.0000,False,"start=27, end=11, thr_start=0.333, thr_end=0.333"
HTWa1434,636,1,viterbi_hmm,0,1.0000,False,too short
HTWa1435,637,1,bigram_transition,0,1.0000,False,"threshold=0.012821, p25"
HTWa1435,637,1,boundary_entropy,0,1.0000,False,"threshold=1.0000, median=1.0000"
HTWa1435,637,1,consensus,0,0.0000,False,"4 strategies, 0 accepted"
HTWa1435,637,1,ground_truth,0,0.0000,False,0 divider(s)
HTWa1435,637,1,positional_profile,0,1.0000,False,"start=27, end=11, thr_start=0.333, thr_end=0.333"
HTWa1435,637,1,viterbi_hmm,0,1.0000,False,too short
HTWa1436,638,1,bigram_transition,0,1.0000,False,"threshold=0.012821, p25"
HTWa1436,638,1,boundary_entropy,0,1.0000,False,"threshold=1.0000, median=1.0000"
HTWa1436,638,1,consensus,0,0.0000,False,"4 strategies, 0 accepted"
HTWa1436,638,1,ground_truth,0,0.0000,False,0 divider(s)
HTWa1436,638,1,positional_profile,0,1.0000,False,"start=27, end=11, thr_start=0.333, thr_end=0.333"
HTWa1436,638,1,viterbi_hmm,0,1.0000,False,too short
HTWa1437,639,1,bigram_transition,0,1.0000,False,"threshold=0.012821, p25"
HTWa1437,639,1,boundary_entropy,0,1.0000,False,"threshold=1.0000, median=1.0000"
HTWa1437,639,1,consensus,0,0.0000,False,"4 strategies, 0 accepted"
HTWa1437,639,1,ground_truth,0,0.0000,False,0 divider(s)
HTWa1437,639,1,positional_profile,0,1.0000,False,"start=27, end=11, thr_start=0.333, thr_end=0.333"
HTWa1437,639,1,viterbi_hmm,0,1.0000,False,too short
HTWa1438,640,1,bigram_transition,0,1.0000,False,"threshold=0.012821, p25"
HTWa1438,640,1,boundary_entropy,0,1.0000,False,"threshold=1.0000, median=1.0000"
HTWa1438,640,1,consensus,0,0.0000,False,"4 strategies, 0 accepted"
HTWa1438,640,1,ground_truth,0,0.0000,False,0 divider(s)
HTWa1438,640,1,positional_profile,0,1.0000,False,"start=27, end=11, thr_start=0.333, thr_end=0.333"
HTWa1438,640,1,viterbi_hmm,0,1.0000,False,too short
HTWa1439,641,1,bigram_transition,0,1.0000,False,"threshold=0.012821, p25"
HTWa1439,641,1,boundary_entropy,0,1.0000,False,"threshold=1.0000, median=1.0000"
HTWa1439,641,1,consensus,0,0.0000,False,"4 strategies, 0 accepted"
HTWa1439,641,1,ground_truth,0,0.0000,False,0 divider(s)
HTWa1439,641,1,positional_profile,0,1.0000,False,"start=27, end=11, thr_start=0.333, thr_end=0.333"
HTWa1439,641,1,viterbi_hmm,0,1.0000,False,too short
HTWa1440,642,1,bigram_transition,0,1.0000,False,"threshold=0.012821, p25"
HTWa1440,642,1,boundary_entropy,0,1.0000,False,"threshold=1.0000, median=1.0000"
HTWa1440,642,1,consensus,0,0.0000,False,"4 strategies, 0 accepted"
HTWa1440,642,1,ground_truth,0,0.0000,False,0 divider(s)
HTWa1440,642,1,positional_profile,0,1.0000,False,"start=27, end=11, thr_start=0.333, thr_end=0.333"
HTWa1440,642,1,viterbi_hmm,0,1.0000,False,too short
HTWa1441,643,1,bigram_transition,0,1.0000,False,"threshold=0.012821, p25"
HTWa1441,643,1,boundary_entropy,0,1.0000,False,"threshold=1.0000, median=1.0000"
HTWa1441,643,1,consensus,0,0.0000,False,"4 strategies, 0 accepted"
HTWa1441,643,1,ground_truth,0,0.0000,False,0 divider(s)
HTWa1441,643,1,positional_profile,0,1.0000,False,"start=27, end=11, thr_start=0.333, thr_end=0.333"
HTWa1441,643,1,viterbi_hmm,0,1.0000,False,too short
HTWa1442,644,1,bigram_transition,0,1.0000,False,"threshold=0.012821, p25"
HTWa1442,644,1,boundary_entropy,0,1.0000,False,"threshold=1.0000, median=1.0000"
HTWa1442,644,1,consensus,0,0.0000,False,"4 strategies, 0 accepted"
HTWa1442,644,1,ground_truth,0,0.0000,False,0 divider(s)
HTWa1442,644,1,positional_profile,0,1.0000,False,"start=27, end=11, thr_start=0.333, thr_end=0.333"
HTWa1442,644,1,viterbi_hmm,0,1.0000,False,too short
HTWa1443,645,1,bigram_transition,0,1.0000,False,"threshold=0.012821, p25"
HTWa1443,645,1,boundary_entropy,0,1.0000,False,"threshold=1.0000, median=1.0000"
HTWa1443,645,1,consensus,0,0.0000,False,"4 strategies, 0 accepted"
HTWa1443,645,1,ground_truth,0,0.0000,False,0 divider(s)
HTWa1443,645,1,positional_profile,0,1.0000,False,"start=27, end=11, thr_start=0.333, thr_end=0.333"
HTWa1443,645,1,viterbi_hmm,0,1.0000,False,too short
HTWa1444,646,1,bigram_transition,0,1.0000,False,"threshold=0.012821, p25"
HTWa1444,646,1,boundary_entropy,0,1.0000,False,"threshold=1.0000, median=1.0000"
HTWa1444,646,1,consensus,0,0.0000,False,"4 strategies, 0 accepted"
HTWa1444,646,1,ground_truth,0,0.0000,False,0 divider(s)
HTWa1444,646,1,positional_profile,0,1.0000,False,"start=27, end=11, thr_start=0.333, thr_end=0.333"
HTWa1444,646,1,viterbi_hmm,0,1.0000,False,too short
HTWa1445,647,1,bigram_transition,0,1.0000,False,"threshold=0.012821, p25"
HTWa1445,647,1,boundary_entropy,0,1.0000,False,"threshold=1.0000, median=1.0000"
HTWa1445,647,1,consensus,0,0.0000,False,"4 strategies, 0 accepted"
HTWa1445,647,1,ground_truth,0,0.0000,False,0 divider(s)
HTWa1445,647,1,positional_profile,0,1.0000,False,"start=27, end=11, thr_start=0.333, thr_end=0.333"
HTWa1445,647,1,viterbi_hmm,0,1.0000,False,too short
HTWa1446,648,1,bigram_transition,0,1.0000,False,"threshold=0.012821, p25"
HTWa1446,648,1,boundary_entropy,0,1.0000,False,"threshold=1.0000, median=1.0000"
HTWa1446,648,1,consensus,0,0.0000,False,"4 strategies, 0 accepted"
HTWa1446,648,1,ground_truth,0,0.0000,False,0 divider(s)
HTWa1446,648,1,positional_profile,0,1.0000,False,"start=27, end=11, thr_start=0.333, thr_end=0.333"
HTWa1446,648,1,viterbi_hmm,0,1.0000,False,too short
HTWa1447,649,1,bigram_transition,0,1.0000,False,"threshold=0.012821, p25"
HTWa1447,649,1,boundary_entropy,0,1.0000,False,"threshold=1.0000, median=1.0000"
HTWa1447,649,1,consensus,0,0.0000,False,"4 strategies, 0 accepted"
HTWa1447,649,1,ground_truth,0,0.0000,False,0 divider(s)
HTWa1447,649,1,positional_profile,0,1.0000,False,"start=27, end=11, thr_start=0.333, thr_end=0.333"
HTWa1447,649,1,viterbi_hmm,0,1.0000,False,too short
HTWa1448,650,1,bigram_transition,0,1.0000,False,"threshold=0.012821, p25"
HTWa1448,650,1,boundary_entropy,0,1.0000,False,"threshold=1.0000, median=1.0000"
HTWa1448,650,1,consensus,0,0.0000,False,"4 strategies, 0 accepted"
HTWa1448,650,1,ground_truth,0,0.0000,False,0 divider(s)
HTWa1448,650,1,positional_profile,0,1.0000,False,"start=27, end=11, thr_start=0.333, thr_end=0.333"
HTWa1448,650,1,viterbi_hmm,0,1.0000,False,too short
HTWa1449,651,1,bigram_transition,0,1.0000,False,"threshold=0.012821, p25"
HTWa1449,651,1,boundary_entropy,0,1.0000,False,"threshold=1.0000, median=1.0000"
HTWa1449,651,1,consensus,0,0.0000,False,"4 strategies, 0 accepted"
HTWa1449,651,1,ground_truth,0,0.0000,False,0 divider(s)
HTWa1449,651,1,positional_profile,0,1.0000,False,"start=27, end=11, thr_start=0.333, thr_end=0.333"
HTWa1449,651,1,viterbi_hmm,0,1.0000,False,too short
HTWa1450,652,1,bigram_transition,0,1.0000,False,"threshold=0.012821, p25"
HTWa1450,652,1,boundary_entropy,0,1.0000,False,"threshold=1.0000, median=1.0000"
HTWa1450,652,1,consensus,0,0.0000,False,"4 strategies, 0 accepted"
HTWa1450,652,1,ground_truth,0,0.0000,False,0 divider(s)
HTWa1450,652,1,positional_profile,0,1.0000,False,"start=27, end=11, thr_start=0.333, thr_end=0.333"
HTWa1450,652,1,viterbi_hmm,0,1.0000,False,too short
HTWa1451,653,1,bigram_transition,0,1.0000,False,"threshold=0.012821, p25"
HTWa1451,653,1,boundary_entropy,0,1.0000,False,"threshold=1.0000, median=1.0000"
HTWa1451,653,1,consensus,0,0.0000,False,"4 strategies, 0 accepted"
HTWa1451,653,1,ground_truth,0,0.0000,False,0 divider(s)
HTWa1451,653,1,positional_profile,0,1.0000,False,"start=27, end=11, thr_start=0.333, thr_end=0.333"
HTWa1451,653,1,viterbi_hmm,0,1.0000,False,too short
HTWa1452,654,1,bigram_transition,0,1.0000,False,"threshold=0.012821, p25"
HTWa1452,654,1,boundary_entropy,0,1.0000,False,"threshold=1.0000, median=1.0000"
HTWa1452,654,1,consensus,0,0.0000,False,"4 strategies, 0 accepted"
HTWa1452,654,1,ground_truth,0,0.0000,False,0 divider(s)
HTWa1452,654,1,positional_profile,0,1.0000,False,"start=27, end=11, thr_start=0.333, thr_end=0.333"
HTWa1452,654,1,viterbi_hmm,0,1.0000,False,too short
HTWa1453,655,1,bigram_transition,0,1.0000,False,"threshold=0.012821, p25"
HTWa1453,655,1,boundary_entropy,0,1.0000,False,"threshold=1.0000, median=1.0000"
HTWa1453,655,1,consensus,0,0.0000,False,"4 strategies, 0 accepted"
HTWa1453,655,1,ground_truth,0,0.0000,False,0 divider(s)
HTWa1453,655,1,positional_profile,0,1.0000,False,"start=27, end=11, thr_start=0.333, thr_end=0.333"
HTWa1453,655,1,viterbi_hmm,0,1.0000,False,too short
HTWa1454,656,1,bigram_transition,0,1.0000,False,"threshold=0.012821, p25"
HTWa1454,656,1,boundary_entropy,0,1.0000,False,"threshold=1.0000, median=1.0000"
HTWa1454,656,1,consensus,0,0.0000,False,"4 strategies, 0 accepted"
HTWa1454,656,1,ground_truth,0,0.0000,False,0 divider(s)
HTWa1454,656,1,positional_profile,0,1.0000,False,"start=27, end=11, thr_start=0.333, thr_end=0.333"
HTWa1454,656,1,viterbi_hmm,0,1.0000,False,too short
HTWa1455,657,1,bigram_transition,0,1.0000,False,"threshold=0.012821, p25"
HTWa1455,657,1,boundary_entropy,0,1.0000,False,"threshold=1.0000, median=1.0000"
HTWa1455,657,1,consensus,0,0.0000,False,"4 strategies, 0 accepted"
HTWa1455,657,1,ground_truth,0,0.0000,False,0 divider(s)
HTWa1455,657,1,positional_profile,0,1.0000,False,"start=27, end=11, thr_start=0.333, thr_end=0.333"
HTWa1455,657,1,viterbi_hmm,0,1.0000,False,too short
HTWa1456,658,1,bigram_transition,0,1.0000,False,"threshold=0.012821, p25"
HTWa1456,658,1,boundary_entropy,0,1.0000,False,"threshold=1.0000, median=1.0000"
HTWa1456,658,1,consensus,0,0.0000,False,"4 strategies, 0 accepted"
HTWa1456,658,1,ground_truth,0,0.0000,False,0 divider(s)
HTWa1456,658,1,positional_profile,0,1.0000,False,"start=27, end=11, thr_start=0.333, thr_end=0.333"
HTWa1456,658,1,viterbi_hmm,0,1.0000,False,too short
HTWa1457,659,1,bigram_transition,0,1.0000,False,"threshold=0.012821, p25"
HTWa1457,659,1,boundary_entropy,0,1.0000,False,"threshold=1.0000, median=1.0000"
HTWa1457,659,1,consensus,0,0.0000,False,"4 strategies, 0 accepted"
HTWa1457,659,1,ground_truth,0,0.0000,False,0 divider(s)
HTWa1457,659,1,positional_profile,0,1.0000,False,"start=27, end=11, thr_start=0.333, thr_end=0.333"
HTWa1457,659,1,viterbi_hmm,0,1.0000,False,too short
HTWa1458,660,1,bigram_transition,0,1.0000,False,"threshold=0.012821, p25"
HTWa1458,660,1,boundary_entropy,0,1.0000,False,"threshold=1.0000, median=1.0000"
HTWa1458,660,1,consensus,0,0.0000,False,"4 strategies, 0 accepted"
HTWa1458,660,1,ground_truth,0,0.0000,False,0 divider(s)
HTWa1458,660,1,positional_profile,0,1.0000,False,"start=27, end=11, thr_start=0.333, thr_end=0.333"
HTWa1458,660,1,viterbi_hmm,0,1.0000,False,too short
HTWa1459,661,1,bigram_transition,0,1.0000,False,"threshold=0.012821, p25"
HTWa1459,661,1,boundary_entropy,0,1.0000,False,"threshold=1.0000, median=1.0000"
HTWa1459,661,1,consensus,0,0.0000,False,"4 strategies, 0 accepted"
HTWa1459,661,1,ground_truth,0,0.0000,False,0 divider(s)
HTWa1459,661,1,positional_profile,0,1.0000,False,"start=27, end=11, thr_start=0.333, thr_end=0.333"
HTWa1459,661,1,viterbi_hmm,0,1.0000,False,too short
HTWa1460,662,1,bigram_transition,0,1.0000,False,"threshold=0.012821, p25"
HTWa1460,662,1,boundary_entropy,0,1.0000,False,"threshold=1.0000, median=1.0000"
HTWa1460,662,1,consensus,0,0.0000,False,"4 strategies, 0 accepted"
HTWa1460,662,1,ground_truth,0,0.0000,False,0 divider(s)
HTWa1460,662,1,positional_profile,0,1.0000,False,"start=27, end=11, thr_start=0.333, thr_end=0.333"
HTWa1460,662,1,viterbi_hmm,0,1.0000,False,too short
HTWa1461,663,1,bigram_transition,0,1.0000,False,"threshold=0.012821, p25"
HTWa1461,663,1,boundary_entropy,0,1.0000,False,"threshold=1.0000, median=1.0000"
HTWa1461,663,1,consensus,0,0.0000,False,"4 strategies, 0 accepted"
HTWa1461,663,1,ground_truth,0,0.0000,False,0 divider(s)
HTWa1461,663,1,positional_profile,0,1.0000,False,"start=27, end=11, thr_start=0.333, thr_end=0.333"
HTWa1461,663,1,viterbi_hmm,0,1.0000,False,too short
HTWa1462,664,1,bigram_transition,0,1.0000,False,"threshold=0.012821, p25"
HTWa1462,664,1,boundary_entropy,0,1.0000,False,"threshold=1.0000, median=1.0000"
HTWa1462,664,1,consensus,0,0.0000,False,"4 strategies, 0 accepted"
HTWa1462,664,1,ground_truth,0,0.0000,False,0 divider(s)
HTWa1462,664,1,positional_profile,0,1.0000,False,"start=27, end=11, thr_start=0.333, thr_end=0.333"
HTWa1462,664,1,viterbi_hmm,0,1.0000,False,too short
HTWa1463,665,1,bigram_transition,0,1.0000,False,"threshold=0.012821, p25"
HTWa1463,665,1,boundary_entropy,0,1.0000,False,"threshold=1.0000, median=1.0000"
HTWa1463,665,1,consensus,0,0.0000,False,"4 strategies, 0 accepted"
HTWa1463,665,1,ground_truth,0,0.0000,False,0 divider(s)
HTWa1463,665,1,positional_profile,0,1.0000,False,"start=27, end=11, thr_start=0.333, thr_end=0.333"
HTWa1463,665,1,viterbi_hmm,0,1.0000,False,too short
HTWa1464,666,1,bigram_transition,0,1.0000,False,"threshold=0.012821, p25"
HTWa1464,666,1,boundary_entropy,0,1.0000,False,"threshold=1.0000, median=1.0000"
HTWa1464,666,1,consensus,0,0.0000,False,"4 strategies, 0 accepted"
HTWa1464,666,1,ground_truth,0,0.0000,False,0 divider(s)
HTWa1464,666,1,positional_profile,0,1.0000,False,"start=27, end=11, thr_start=0.333, thr_end=0.333"
HTWa1464,666,1,viterbi_hmm,0,1.0000,False,too short
HTWa1465,667,1,bigram_transition,0,1.0000,False,"threshold=0.012821, p25"
HTWa1465,667,1,boundary_entropy,0,1.0000,False,"threshold=1.0000, median=1.0000"
HTWa1465,667,1,consensus,0,0.0000,False,"4 strategies, 0 accepted"
HTWa1465,667,1,ground_truth,0,0.0000,False,0 divider(s)
HTWa1465,667,1,positional_profile,0,1.0000,False,"start=27, end=11, thr_start=0.333, thr_end=0.333"
HTWa1465,667,1,viterbi_hmm,0,1.0000,False,too short
HTWa1466,668,1,bigram_transition,0,1.0000,False,"threshold=0.012821, p25"
HTWa1466,668,1,boundary_entropy,0,1.0000,False,"threshold=1.0000, median=1.0000"
HTWa1466,668,1,consensus,0,0.0000,False,"4 strategies, 0 accepted"
HTWa1466,668,1,ground_truth,0,0.0000,False,0 divider(s)
HTWa1466,668,1,positional_profile,0,1.0000,False,"start=27, end=11, thr_start=0.333, thr_end=0.333"
HTWa1466,668,1,viterbi_hmm,0,1.0000,False,too short
HTWa1467,669,1,bigram_transition,0,1.0000,False,"threshold=0.012821, p25"
HTWa1467,669,1,boundary_entropy,0,1.0000,False,"threshold=1.0000, median=1.0000"
HTWa1467,669,1,consensus,0,0.0000,False,"4 strategies, 0 accepted"
HTWa1467,669,1,ground_truth,0,0.0000,False,0 divider(s)
HTWa1467,669,1,positional_profile,0,1.0000,False,"start=27, end=11, thr_start=0.333, thr_end=0.333"
HTWa1467,669,1,viterbi_hmm,0,1.0000,False,too short
HTWa1468,670,1,bigram_transition,0,1.0000,False,"threshold=0.012821, p25"
HTWa1468,670,1,boundary_entropy,0,1.0000,False,"threshold=1.0000, median=1.0000"
HTWa1468,670,1,consensus,0,0.0000,False,"4 strategies, 0 accepted"
HTWa1468,670,1,ground_truth,0,0.0000,False,0 divider(s)
HTWa1468,670,1,positional_profile,0,1.0000,False,"start=27, end=11, thr_start=0.333, thr_end=0.333"
HTWa1468,670,1,viterbi_hmm,0,1.0000,False,too short
HTWa1469,671,1,bigram_transition,0,1.0000,False,"threshold=0.012821, p25"
HTWa1469,671,1,boundary_entropy,0,1.0000,False,"threshold=1.0000, median=1.0000"
HTWa1469,671,1,consensus,0,0.0000,False,"4 strategies, 0 accepted"
HTWa1469,671,1,ground_truth,0,0.0000,False,0 divider(s)
HTWa1469,671,1,positional_profile,0,1.0000,False,"start=27, end=11, thr_start=0.333, thr_end=0.333"
HTWa1469,671,1,viterbi_hmm,0,1.0000,False,too short
HTWa1470,672,1,bigram_transition,0,1.0000,False,"threshold=0.012821, p25"
HTWa1470,672,1,boundary_entropy,0,1.0000,False,"threshold=1.0000, median=1.0000"
HTWa1470,672,1,consensus,0,0.0000,False,"4 strategies, 0 accepted"
HTWa1470,672,1,ground_truth,0,0.0000,False,0 divider(s)
HTWa1470,672,1,positional_profile,0,1.0000,False,"start=27, end=11, thr_start=0.333, thr_end=0.333"
HTWa1470,672,1,viterbi_hmm,0,1.0000,False,too short
HTWa1471,673,1,bigram_transition,0,1.0000,False,"threshold=0.012821, p25"
HTWa1471,673,1,boundary_entropy,0,1.0000,False,"threshold=1.0000, median=1.0000"
HTWa1471,673,1,consensus,0,0.0000,False,"4 strategies, 0 accepted"
HTWa1471,673,1,ground_truth,0,0.0000,False,0 divider(s)
HTWa1471,673,1,positional_profile,0,1.0000,False,"start=27, end=11, thr_start=0.333, thr_end=0.333"
HTWa1471,673,1,viterbi_hmm,0,1.0000,False,too short
HTWa1472,674,1,bigram_transition,0,1.0000,False,"threshold=0.012821, p25"
HTWa1472,674,1,boundary_entropy,0,1.0000,False,"threshold=1.0000, median=1.0000"
HTWa1472,674,1,consensus,0,0.0000,False,"4 strategies, 0 accepted"
HTWa1472,674,1,ground_truth,0,0.0000,False,0 divider(s)
HTWa1472,674,1,positional_profile,0,1.0000,False,"start=27, end=11, thr_start=0.333, thr_end=0.333"
HTWa1472,674,1,viterbi_hmm,0,1.0000,False,too short
HTWa1473,675,1,bigram_transition,0,1.0000,False,"threshold=0.012821, p25"
HTWa1473,675,1,boundary_entropy,0,1.0000,False,"threshold=1.0000, median=1.0000"
HTWa1473,675,1,consensus,0,0.0000,False,"4 strategies, 0 accepted"
HTWa1473,675,1,ground_truth,0,0.0000,False,0 divider(s)
HTWa1473,675,1,positional_profile,0,1.0000,False,"start=27, end=11, thr_start=0.333, thr_end=0.333"
HTWa1473,675,1,viterbi_hmm,0,1.0000,False,too short
HTWa1474,676,1,bigram_transition,0,1.0000,False,"threshold=0.012821, p25"
HTWa1474,676,1,boundary_entropy,0,1.0000,False,"threshold=1.0000, median=1.0000"
HTWa1474,676,1,consensus,0,0.0000,False,"4 strategies, 0 accepted"
HTWa1474,676,1,ground_truth,0,0.0000,False,0 divider(s)
HTWa1474,676,1,positional_profile,0,1.0000,False,"start=27, end=11, thr_start=0.333, thr_end=0.333"
HTWa1474,676,1,viterbi_hmm,0,1.0000,False,too short
HTWa1475,677,1,bigram_transition,0,1.0000,False,"threshold=0.012821, p25"
HTWa1475,677,1,boundary_entropy,0,1.0000,False,"threshold=1.0000, median=1.0000"
HTWa1475,677,1,consensus,0,0.0000,False,"4 strategies, 0 accepted"
HTWa1475,677,1,ground_truth,0,0.0000,False,0 divider(s)
HTWa1475,677,1,positional_profile,0,1.0000,False,"start=27, end=11, thr_start=0.333, thr_end=0.333"
HTWa1475,677,1,viterbi_hmm,0,1.0000,False,too short
HTWa1476,678,1,bigram_transition,0,1.0000,False,"threshold=0.012821, p25"
HTWa1476,678,1,boundary_entropy,0,1.0000,False,"threshold=1.0000, median=1.0000"
HTWa1476,678,1,consensus,0,0.0000,False,"4 strategies, 0 accepted"
HTWa1476,678,1,ground_truth,0,0.0000,False,0 divider(s)
HTWa1476,678,1,positional_profile,0,1.0000,False,"start=27, end=11, thr_start=0.333, thr_end=0.333"
HTWa1476,678,1,viterbi_hmm,0,1.0000,False,too short
HTWa1477,679,1,bigram_transition,0,1.0000,False,"threshold=0.012821, p25"
HTWa1477,679,1,boundary_entropy,0,1.0000,False,"threshold=1.0000, median=1.0000"
HTWa1477,679,1,consensus,0,0.0000,False,"4 strategies, 0 accepted"
HTWa1477,679,1,ground_truth,0,0.0000,False,0 divider(s)
HTWa1477,679,1,positional_profile,0,1.0000,False,"start=27, end=11, thr_start=0.333, thr_end=0.333"
HTWa1477,679,1,viterbi_hmm,0,1.0000,False,too short
HTWa1478,680,1,bigram_transition,0,1.0000,False,"threshold=0.012821, p25"
HTWa1478,680,1,boundary_entropy,0,1.0000,False,"threshold=1.0000, median=1.0000"
HTWa1478,680,1,consensus,0,0.0000,False,"4 strategies, 0 accepted"
HTWa1478,680,1,ground_truth,0,0.0000,False,0 divider(s)
HTWa1478,680,1,positional_profile,0,1.0000,False,"start=27, end=11, thr_start=0.333, thr_end=0.333"
HTWa1478,680,1,viterbi_hmm,0,1.0000,False,too short
HTWa1479,681,1,bigram_transition,0,1.0000,False,"threshold=0.012821, p25"
HTWa1479,681,1,boundary_entropy,0,1.0000,False,"threshold=1.0000, median=1.0000"
HTWa1479,681,1,consensus,0,0.0000,False,"4 strategies, 0 accepted"
HTWa1479,681,1,ground_truth,0,0.0000,False,0 divider(s)
HTWa1479,681,1,positional_profile,0,1.0000,False,"start=27, end=11, thr_start=0.333, thr_end=0.333"
HTWa1479,681,1,viterbi_hmm,0,1.0000,False,too short
HTWa1480,682,1,bigram_transition,0,1.0000,False,"threshold=0.012821, p25"
HTWa1480,682,1,boundary_entropy,0,1.0000,False,"threshold=1.0000, median=1.0000"
HTWa1480,682,1,consensus,0,0.0000,False,"4 strategies, 0 accepted"
HTWa1480,682,1,ground_truth,0,0.0000,False,0 divider(s)
HTWa1480,682,1,positional_profile,0,1.0000,False,"start=27, end=11, thr_start=0.333, thr_end=0.333"
HTWa1480,682,1,viterbi_hmm,0,1.0000,False,too short
HTWa1481,683,1,bigram_transition,0,1.0000,False,"threshold=0.012821, p25"
HTWa1481,683,1,boundary_entropy,0,1.0000,False,"threshold=1.0000, median=1.0000"
HTWa1481,683,1,consensus,0,0.0000,False,"4 strategies, 0 accepted"
HTWa1481,683,1,ground_truth,0,0.0000,False,0 divider(s)
HTWa1481,683,1,positional_profile,0,1.0000,False,"start=27, end=11, thr_start=0.333, thr_end=0.333"
HTWa1481,683,1,viterbi_hmm,0,1.0000,False,too short
HTWa1482,684,1,bigram_transition,0,1.0000,False,"threshold=0.012821, p25"
HTWa1482,684,1,boundary_entropy,0,1.0000,False,"threshold=1.0000, median=1.0000"
HTWa1482,684,1,consensus,0,0.0000,False,"4 strategies, 0 accepted"
HTWa1482,684,1,ground_truth,0,0.0000,False,0 divider(s)
HTWa1482,684,1,positional_profile,0,1.0000,False,"start=27, end=11, thr_start=0.333, thr_end=0.333"
HTWa1482,684,1,viterbi_hmm,0,1.0000,False,too short
HTWa1483,685,1,bigram_transition,0,1.0000,False,"threshold=0.012821, p25"
HTWa1483,685,1,boundary_entropy,0,1.0000,False,"threshold=1.0000, median=1.0000"
HTWa1483,685,1,consensus,0,0.0000,False,"4 strategies, 0 accepted"
HTWa1483,685,1,ground_truth,0,0.0000,False,0 divider(s)
HTWa1483,685,1,positional_profile,0,1.0000,False,"start=27, end=11, thr_start=0.333, thr_end=0.333"
HTWa1483,685,1,viterbi_hmm,0,1.0000,False,too short
HTWa1484,686,1,bigram_transition,0,1.0000,False,"threshold=0.012821, p25"
HTWa1484,686,1,boundary_entropy,0,1.0000,False,"threshold=1.0000, median=1.0000"
HTWa1484,686,1,consensus,0,0.0000,False,"4 strategies, 0 accepted"
HTWa1484,686,1,ground_truth,0,0.0000,False,0 divider(s)
HTWa1484,686,1,positional_profile,0,1.0000,False,"start=27, end=11, thr_start=0.333, thr_end=0.333"
HTWa1484,686,1,viterbi_hmm,0,1.0000,False,too short
HTWa1485,687,1,bigram_transition,0,1.0000,False,"threshold=0.012821, p25"
HTWa1485,687,1,boundary_entropy,0,1.0000,False,"threshold=1.0000, median=1.0000"
HTWa1485,687,1,consensus,0,0.0000,False,"4 strategies, 0 accepted"
HTWa1485,687,1,ground_truth,0,0.0000,False,0 divider(s)
HTWa1485,687,1,positional_profile,0,1.0000,False,"start=27, end=11, thr_start=0.333, thr_end=0.333"
HTWa1485,687,1,viterbi_hmm,0,1.0000,False,too short
HTWa1486,688,1,bigram_transition,0,1.0000,False,"threshold=0.012821, p25"
HTWa1486,688,1,boundary_entropy,0,1.0000,False,"threshold=1.0000, median=1.0000"
HTWa1486,688,1,consensus,0,0.0000,False,"4 strategies, 0 accepted"
HTWa1486,688,1,ground_truth,0,0.0000,False,0 divider(s)
HTWa1486,688,1,positional_profile,0,1.0000,False,"start=27, end=11, thr_start=0.333, thr_end=0.333"
HTWa1486,688,1,viterbi_hmm,0,1.0000,False,too short
HTWa1487,689,1,bigram_transition,0,1.0000,False,"threshold=0.012821, p25"
HTWa1487,689,1,boundary_entropy,0,1.0000,False,"threshold=1.0000, median=1.0000"
HTWa1487,689,1,consensus,0,0.0000,False,"4 strategies, 0 accepted"
HTWa1487,689,1,ground_truth,0,0.0000,False,0 divider(s)
HTWa1487,689,1,positional_profile,0,1.0000,False,"start=27, end=11, thr_start=0.333, thr_end=0.333"
HTWa1487,689,1,viterbi_hmm,0,1.0000,False,too short
HTWa1488,690,1,bigram_transition,0,1.0000,False,"threshold=0.012821, p25"
HTWa1488,690,1,boundary_entropy,0,1.0000,False,"threshold=1.0000, median=1.0000"
HTWa1488,690,1,consensus,0,0.0000,False,"4 strategies, 0 accepted"
HTWa1488,690,1,ground_truth,0,0.0000,False,0 divider(s)
HTWa1488,690,1,positional_profile,0,1.0000,False,"start=27, end=11, thr_start=0.333, thr_end=0.333"
HTWa1488,690,1,viterbi_hmm,0,1.0000,False,too short
HTWa1489,691,1,bigram_transition,0,1.0000,False,"threshold=0.012821, p25"
HTWa1489,691,1,boundary_entropy,0,1.0000,False,"threshold=1.0000, median=1.0000"
HTWa1489,691,1,consensus,0,0.0000,False,"4 strategies, 0 accepted"
HTWa1489,691,1,ground_truth,0,0.0000,False,0 divider(s)
HTWa1489,691,1,positional_profile,0,1.0000,False,"start=27, end=11, thr_start=0.333, thr_end=0.333"
HTWa1489,691,1,viterbi_hmm,0,1.0000,False,too short
HTWa1490,692,1,bigram_transition,0,1.0000,False,"threshold=0.012821, p25"
HTWa1490,692,1,boundary_entropy,0,1.0000,False,"threshold=1.0000, median=1.0000"
HTWa1490,692,1,consensus,0,0.0000,False,"4 strategies, 0 accepted"
HTWa1490,692,1,ground_truth,0,0.0000,False,0 divider(s)
HTWa1490,692,1,positional_profile,0,1.0000,False,"start=27, end=11, thr_start=0.333, thr_end=0.333"
HTWa1490,692,1,viterbi_hmm,0,1.0000,False,too short
HTWa1491,693,1,bigram_transition,0,1.0000,False,"threshold=0.012821, p25"
HTWa1491,693,1,boundary_entropy,0,1.0000,False,"threshold=1.0000, median=1.0000"
HTWa1491,693,1,consensus,0,0.0000,False,"4 strategies, 0 accepted"
HTWa1491,693,1,ground_truth,0,0.0000,False,0 divider(s)
HTWa1491,693,1,positional_profile,0,1.0000,False,"start=27, end=11, thr_start=0.333, thr_end=0.333"
HTWa1491,693,1,viterbi_hmm,0,1.0000,False,too short
HTWa1492,694,1,bigram_transition,0,1.0000,False,"threshold=0.012821, p25"
HTWa1492,694,1,boundary_entropy,0,1.0000,False,"threshold=1.0000, median=1.0000"
HTWa1492,694,1,consensus,0,0.0000,False,"4 strategies, 0 accepted"
HTWa1492,694,1,ground_truth,0,0.0000,False,0 divider(s)
HTWa1492,694,1,positional_profile,0,1.0000,False,"start=27, end=11, thr_start=0.333, thr_end=0.333"
HTWa1492,694,1,viterbi_hmm,0,1.0000,False,too short
HTWa1493,695,1,bigram_transition,0,1.0000,False,"threshold=0.012821, p25"
HTWa1493,695,1,boundary_entropy,0,1.0000,False,"threshold=1.0000, median=1.0000"
HTWa1493,695,1,consensus,0,0.0000,False,"4 strategies, 0 accepted"
HTWa1493,695,1,ground_truth,0,0.0000,False,0 divider(s)
HTWa1493,695,1,positional_profile,0,1.0000,False,"start=27, end=11, thr_start=0.333, thr_end=0.333"
HTWa1493,695,1,viterbi_hmm,0,1.0000,False,too short
HTWa1494,696,1,bigram_transition,0,1.0000,False,"threshold=0.012821, p25"
HTWa1494,696,1,boundary_entropy,0,1.0000,False,"threshold=1.0000, median=1.0000"
HTWa1494,696,1,consensus,0,0.0000,False,"4 strategies, 0 accepted"
HTWa1494,696,1,ground_truth,0,0.0000,False,0 divider(s)
HTWa1494,696,1,positional_profile,0,1.0000,False,"start=27, end=11, thr_start=0.333, thr_end=0.333"
HTWa1494,696,1,viterbi_hmm,0,1.0000,False,too short
HTWa1495,697,1,bigram_transition,0,1.0000,False,"threshold=0.012821, p25"
HTWa1495,697,1,boundary_entropy,0,1.0000,False,"threshold=1.0000, median=1.0000"
HTWa1495,697,1,consensus,0,0.0000,False,"4 strategies, 0 accepted"
HTWa1495,697,1,ground_truth,0,0.0000,False,0 divider(s)
HTWa1495,697,1,positional_profile,0,1.0000,False,"start=27, end=11, thr_start=0.333, thr_end=0.333"
HTWa1495,697,1,viterbi_hmm,0,1.0000,False,too short
HTWa1496,698,1,bigram_transition,0,1.0000,False,"threshold=0.012821, p25"
HTWa1496,698,1,boundary_entropy,0,1.0000,False,"threshold=1.0000, median=1.0000"
HTWa1496,698,1,consensus,0,0.0000,False,"4 strategies, 0 accepted"
HTWa1496,698,1,ground_truth,0,0.0000,False,0 divider(s)
HTWa1496,698,1,positional_profile,0,1.0000,False,"start=27, end=11, thr_start=0.333, thr_end=0.333"
HTWa1496,698,1,viterbi_hmm,0,1.0000,False,too short
HTWa1497,699,1,bigram_transition,0,1.0000,False,"threshold=0.012821, p25"
HTWa1497,699,1,boundary_entropy,0,1.0000,False,"threshold=1.0000, median=1.0000"
HTWa1497,699,1,consensus,0,0.0000,False,"4 strategies, 0 accepted"
HTWa1497,699,1,ground_truth,0,0.0000,False,0 divider(s)
HTWa1497,699,1,positional_profile,0,1.0000,False,"start=27, end=11, thr_start=0.333, thr_end=0.333"
HTWa1497,699,1,viterbi_hmm,0,1.0000,False,too short
HTWa1498,700,1,bigram_transition,0,1.0000,False,"threshold=0.012821, p25"
HTWa1498,700,1,boundary_entropy,0,1.0000,False,"threshold=1.0000, median=1.0000"
HTWa1498,700,1,consensus,0,0.0000,False,"4 strategies, 0 accepted"
HTWa1498,700,1,ground_truth,0,0.0000,False,0 divider(s)
HTWa1498,700,1,positional_profile,0,1.0000,False,"start=27, end=11, thr_start=0.333, thr_end=0.333"
HTWa1498,700,1,viterbi_hmm,0,1.0000,False,too short
HTWa1499,701,1,bigram_transition,0,1.0000,False,"threshold=0.012821, p25"
HTWa1499,701,1,boundary_entropy,0,1.0000,False,"threshold=1.0000, median=1.0000"
HTWa1499,701,1,consensus,0,0.0000,False,"4 strategies, 0 accepted"
HTWa1499,701,1,ground_truth,0,0.0000,False,0 divider(s)
HTWa1499,701,1,positional_profile,0,1.0000,False,"start=27, end=11, thr_start=0.333, thr_end=0.333"
HTWa1499,701,1,viterbi_hmm,0,1.0000,False,too short
HTWa1500,702,1,bigram_transition,0,1.0000,False,"threshold=0.012821, p25"
HTWa1500,702,1,boundary_entropy,0,1.0000,False,"threshold=1.0000, median=1.0000"
HTWa1500,702,1,consensus,0,0.0000,False,"4 strategies, 0 accepted"
HTWa1500,702,1,ground_truth,0,0.0000,False,0 divider(s)
HTWa1500,702,1,positional_profile,0,1.0000,False,"start=27, end=11, thr_start=0.333, thr_end=0.333"
HTWa1500,702,1,viterbi_hmm,0,1.0000,False,too short
HTWa1501,703,1,bigram_transition,0,1.0000,False,"threshold=0.012821, p25"
HTWa1501,703,1,boundary_entropy,0,1.0000,False,"threshold=1.0000, median=1.0000"
HTWa1501,703,1,consensus,0,0.0000,False,"4 strategies, 0 accepted"
HTWa1501,703,1,ground_truth,0,0.0000,False,0 divider(s)
HTWa1501,703,1,positional_profile,0,1.0000,False,"start=27, end=11, thr_start=0.333, thr_end=0.333"
HTWa1501,703,1,viterbi_hmm,0,1.0000,False,too short
HTWa1502,704,1,bigram_transition,0,1.0000,False,"threshold=0.012821, p25"
HTWa1502,704,1,boundary_entropy,0,1.0000,False,"threshold=1.0000, median=1.0000"
HTWa1502,704,1,consensus,0,0.0000,False,"4 strategies, 0 accepted"
HTWa1502,704,1,ground_truth,0,0.0000,False,0 divider(s)
HTWa1502,704,1,positional_profile,0,1.0000,False,"start=27, end=11, thr_start=0.333, thr_end=0.333"
HTWa1502,704,1,viterbi_hmm,0,1.0000,False,too short
HTWa1503,705,1,bigram_transition,0,1.0000,False,"threshold=0.012821, p25"
HTWa1503,705,1,boundary_entropy,0,1.0000,False,"threshold=1.0000, median=1.0000"
HTWa1503,705,1,consensus,0,0.0000,False,"4 strategies, 0 accepted"
HTWa1503,705,1,ground_truth,0,0.0000,False,0 divider(s)
HTWa1503,705,1,positional_profile,0,1.0000,False,"start=27, end=11, thr_start=0.333, thr_end=0.333"
HTWa1503,705,1,viterbi_hmm,0,1.0000,False,too short
HTWa1504,706,1,bigram_transition,0,1.0000,False,"threshold=0.012821, p25"
HTWa1504,706,1,boundary_entropy,0,1.0000,False,"threshold=1.0000, median=1.0000"
HTWa1504,706,1,consensus,0,0.0000,False,"4 strategies, 0 accepted"
HTWa1504,706,1,ground_truth,0,0.0000,False,0 divider(s)
HTWa1504,706,1,positional_profile,0,1.0000,False,"start=27, end=11, thr_start=0.333, thr_end=0.333"
HTWa1504,706,1,viterbi_hmm,0,1.0000,False,too short
HTWa1505,707,1,bigram_transition,0,1.0000,False,"threshold=0.012821, p25"
HTWa1505,707,1,boundary_entropy,0,1.0000,False,"threshold=1.0000, median=1.0000"
HTWa1505,707,1,consensus,0,0.0000,False,"4 strategies, 0 accepted"
HTWa1505,707,1,ground_truth,0,0.0000,False,0 divider(s)
HTWa1505,707,1,positional_profile,0,1.0000,False,"start=27, end=11, thr_start=0.333, thr_end=0.333"
HTWa1505,707,1,viterbi_hmm,0,1.0000,False,too short
HTWa1506,708,1,bigram_transition,0,1.0000,False,"threshold=0.012821, p25"
HTWa1506,708,1,boundary_entropy,0,1.0000,False,"threshold=1.0000, median=1.0000"
HTWa1506,708,1,consensus,0,0.0000,False,"4 strategies, 0 accepted"
HTWa1506,708,1,ground_truth,0,0.0000,False,0 divider(s)
HTWa1506,708,1,positional_profile,0,1.0000,False,"start=27, end=11, thr_start=0.333, thr_end=0.333"
HTWa1506,708,1,viterbi_hmm,0,1.0000,False,too short
HTWa1507,709,1,bigram_transition,0,1.0000,False,"threshold=0.012821, p25"
HTWa1507,709,1,boundary_entropy,0,1.0000,False,"threshold=1.0000, median=1.0000"
HTWa1507,709,1,consensus,0,0.0000,False,"4 strategies, 0 accepted"
HTWa1507,709,1,ground_truth,0,0.0000,False,0 divider(s)
HTWa1507,709,1,positional_profile,0,1.0000,False,"start=27, end=11, thr_start=0.333, thr_end=0.333"
HTWa1507,709,1,viterbi_hmm,0,1.0000,False,too short
HTWa1508,710,1,bigram_transition,0,1.0000,False,"threshold=0.012821, p25"
HTWa1508,710,1,boundary_entropy,0,1.0000,False,"threshold=1.0000, median=1.0000"
HTWa1508,710,1,consensus,0,0.0000,False,"4 strategies, 0 accepted"
HTWa1508,710,1,ground_truth,0,0.0000,False,0 divider(s)
HTWa1508,710,1,positional_profile,0,1.0000,False,"start=27, end=11, thr_start=0.333, thr_end=0.333"
HTWa1508,710,1,viterbi_hmm,0,1.0000,False,too short
HTWa1509,711,1,bigram_transition,0,1.0000,False,"threshold=0.012821, p25"
HTWa1509,711,1,boundary_entropy,0,1.0000,False,"threshold=1.0000, median=1.0000"
HTWa1509,711,1,consensus,0,0.0000,False,"4 strategies, 0 accepted"
HTWa1509,711,1,ground_truth,0,0.0000,False,0 divider(s)
HTWa1509,711,1,positional_profile,0,1.0000,False,"start=27, end=11, thr_start=0.333, thr_end=0.333"
HTWa1509,711,1,viterbi_hmm,0,1.0000,False,too short
HTWa1510,712,1,bigram_transition,0,1.0000,False,"threshold=0.012821, p25"
HTWa1510,712,1,boundary_entropy,0,1.0000,False,"threshold=1.0000, median=1.0000"
HTWa1510,712,1,consensus,0,0.0000,False,"4 strategies, 0 accepted"
HTWa1510,712,1,ground_truth,0,0.0000,False,0 divider(s)
HTWa1510,712,1,positional_profile,0,1.0000,False,"start=27, end=11, thr_start=0.333, thr_end=0.333"
HTWa1510,712,1,viterbi_hmm,0,1.0000,False,too short
HTWa1511,713,1,bigram_transition,0,1.0000,False,"threshold=0.012821, p25"
HTWa1511,713,1,boundary_entropy,0,1.0000,False,"threshold=1.0000, median=1.0000"
HTWa1511,713,1,consensus,0,0.0000,False,"4 strategies, 0 accepted"
HTWa1511,713,1,ground_truth,0,0.0000,False,0 divider(s)
HTWa1511,713,1,positional_profile,0,1.0000,False,"start=27, end=11, thr_start=0.333, thr_end=0.333"
HTWa1511,713,1,viterbi_hmm,0,1.0000,False,too short
HTWa1512,714,1,bigram_transition,0,1.0000,False,"threshold=0.012821, p25"
HTWa1512,714,1,boundary_entropy,0,1.0000,False,"threshold=1.0000, median=1.0000"
HTWa1512,714,1,consensus,0,0.0000,False,"4 strategies, 0 accepted"
HTWa1512,714,1,ground_truth,0,0.0000,False,0 divider(s)
HTWa1512,714,1,positional_profile,0,1.0000,False,"start=27, end=11, thr_start=0.333, thr_end=0.333"
HTWa1512,714,1,viterbi_hmm,0,1.0000,False,too short
HTWa1513,715,1,bigram_transition,0,1.0000,False,"threshold=0.012821, p25"
HTWa1513,715,1,boundary_entropy,0,1.0000,False,"threshold=1.0000, median=1.0000"
HTWa1513,715,1,consensus,0,0.0000,False,"4 strategies, 0 accepted"
HTWa1513,715,1,ground_truth,0,0.0000,False,0 divider(s)
HTWa1513,715,1,positional_profile,0,1.0000,False,"start=27, end=11, thr_start=0.333, thr_end=0.333"
HTWa1513,715,1,viterbi_hmm,0,1.0000,False,too short
HTWa1514,716,1,bigram_transition,0,1.0000,False,"threshold=0.012821, p25"
HTWa1514,716,1,boundary_entropy,0,1.0000,False,"threshold=1.0000, median=1.0000"
HTWa1514,716,1,consensus,0,0.0000,False,"4 strategies, 0 accepted"
HTWa1514,716,1,ground_truth,0,0.0000,False,0 divider(s)
HTWa1514,716,1,positional_profile,0,1.0000,False,"start=27, end=11, thr_start=0.333, thr_end=0.333"
HTWa1514,716,1,viterbi_hmm,0,1.0000,False,too short
HTWa1515,717,1,bigram_transition,0,1.0000,False,"threshold=0.012821, p25"
HTWa1515,717,1,boundary_entropy,0,1.0000,False,"threshold=1.0000, median=1.0000"
HTWa1515,717,1,consensus,0,0.0000,False,"4 strategies, 0 accepted"
HTWa1515,717,1,ground_truth,0,0.0000,False,0 divider(s)
HTWa1515,717,1,positional_profile,0,1.0000,False,"start=27, end=11, thr_start=0.333, thr_end=0.333"
HTWa1515,717,1,viterbi_hmm,0,1.0000,False,too short
HTWa1516,718,1,bigram_transition,0,1.0000,False,"threshold=0.012821, p25"
HTWa1516,718,1,boundary_entropy,0,1.0000,False,"threshold=1.0000, median=1.0000"
HTWa1516,718,1,consensus,0,0.0000,False,"4 strategies, 0 accepted"
HTWa1516,718,1,ground_truth,0,0.0000,False,0 divider(s)
HTWa1516,718,1,positional_profile,0,1.0000,False,"start=27, end=11, thr_start=0.333, thr_end=0.333"
HTWa1516,718,1,viterbi_hmm,0,1.0000,False,too short
HTWa1517,719,1,bigram_transition,0,1.0000,False,"threshold=0.012821, p25"
HTWa1517,719,1,boundary_entropy,0,1.0000,False,"threshold=1.0000, median=1.0000"
HTWa1517,719,1,consensus,0,0.0000,False,"4 strategies, 0 accepted"
HTWa1517,719,1,ground_truth,0,0.0000,False,0 divider(s)
HTWa1517,719,1,positional_profile,0,1.0000,False,"start=27, end=11, thr_start=0.333, thr_end=0.333"
HTWa1517,719,1,viterbi_hmm,0,1.0000,False,too short
HTWa1518,720,1,bigram_transition,0,1.0000,False,"threshold=0.012821, p25"
HTWa1518,720,1,boundary_entropy,0,1.0000,False,"threshold=1.0000, median=1.0000"
HTWa1518,720,1,consensus,0,0.0000,False,"4 strategies, 0 accepted"
HTWa1518,720,1,ground_truth,0,0.0000,False,0 divider(s)
HTWa1518,720,1,positional_profile,0,1.0000,False,"start=27, end=11, thr_start=0.333, thr_end=0.333"
HTWa1518,720,1,viterbi_hmm,0,1.0000,False,too short
HTWa1519,721,1,bigram_transition,0,1.0000,False,"threshold=0.012821, p25"
HTWa1519,721,1,boundary_entropy,0,1.0000,False,"threshold=1.0000, median=1.0000"
HTWa1519,721,1,consensus,0,0.0000,False,"4 strategies, 0 accepted"
HTWa1519,721,1,ground_truth,0,0.0000,False,0 divider(s)
HTWa1519,721,1,positional_profile,0,1.0000,False,"start=27, end=11, thr_start=0.333, thr_end=0.333"
HTWa1519,721,1,viterbi_hmm,0,1.0000,False,too short
HTWa1520,722,1,bigram_transition,0,1.0000,False,"threshold=0.012821, p25"
HTWa1520,722,1,boundary_entropy,0,1.0000,False,"threshold=1.0000, median=1.0000"
HTWa1520,722,1,consensus,0,0.0000,False,"4 strategies, 0 accepted"
HTWa1520,722,1,ground_truth,0,0.0000,False,0 divider(s)
HTWa1520,722,1,positional_profile,0,1.0000,False,"start=27, end=11, thr_start=0.333, thr_end=0.333"
HTWa1520,722,1,viterbi_hmm,0,1.0000,False,too short
HTWa1521,723,1,bigram_transition,0,1.0000,False,"threshold=0.012821, p25"
HTWa1521,723,1,boundary_entropy,0,1.0000,False,"threshold=1.0000, median=1.0000"
HTWa1521,723,1,consensus,0,0.0000,False,"4 strategies, 0 accepted"
HTWa1521,723,1,ground_truth,0,0.0000,False,0 divider(s)
HTWa1521,723,1,positional_profile,0,1.0000,False,"start=27, end=11, thr_start=0.333, thr_end=0.333"
HTWa1521,723,1,viterbi_hmm,0,1.0000,False,too short
HTWa1522,724,1,bigram_transition,0,1.0000,False,"threshold=0.012821, p25"
HTWa1522,724,1,boundary_entropy,0,1.0000,False,"threshold=1.0000, median=1.0000"
HTWa1522,724,1,consensus,0,0.0000,False,"4 strategies, 0 accepted"
HTWa1522,724,1,ground_truth,0,0.0000,False,0 divider(s)
HTWa1522,724,1,positional_profile,0,1.0000,False,"start=27, end=11, thr_start=0.333, thr_end=0.333"
HTWa1522,724,1,viterbi_hmm,0,1.0000,False,too short
HTWa1523,725,1,bigram_transition,0,1.0000,False,"threshold=0.012821, p25"
HTWa1523,725,1,boundary_entropy,0,1.0000,False,"threshold=1.0000, median=1.0000"
HTWa1523,725,1,consensus,0,0.0000,False,"4 strategies, 0 accepted"
HTWa1523,725,1,ground_truth,0,0.0000,False,0 divider(s)
HTWa1523,725,1,positional_profile,0,1.0000,False,"start=27, end=11, thr_start=0.333, thr_end=0.333"
HTWa1523,725,1,viterbi_hmm,0,1.0000,False,too short
HTWa1524,726,1,bigram_transition,0,1.0000,False,"threshold=0.012821, p25"
HTWa1524,726,1,boundary_entropy,0,1.0000,False,"threshold=1.0000, median=1.0000"
HTWa1524,726,1,consensus,0,0.0000,False,"4 strategies, 0 accepted"
HTWa1524,726,1,ground_truth,0,0.0000,False,0 divider(s)
HTWa1524,726,1,positional_profile,0,1.0000,False,"start=27, end=11, thr_start=0.333, thr_end=0.333"
HTWa1524,726,1,viterbi_hmm,0,1.0000,False,too short
HTWa1525,727,1,bigram_transition,0,1.0000,False,"threshold=0.012821, p25"
HTWa1525,727,1,boundary_entropy,0,1.0000,False,"threshold=1.0000, median=1.0000"
HTWa1525,727,1,consensus,0,0.0000,False,"4 strategies, 0 accepted"
HTWa1525,727,1,ground_truth,0,0.0000,False,0 divider(s)
HTWa1525,727,1,positional_profile,0,1.0000,False,"start=27, end=11, thr_start=0.333, thr_end=0.333"
HTWa1525,727,1,viterbi_hmm,0,1.0000,False,too short
HTWa1526,728,1,bigram_transition,0,1.0000,False,"threshold=0.012821, p25"
HTWa1526,728,1,boundary_entropy,0,1.0000,False,"threshold=1.0000, median=1.0000"
HTWa1526,728,1,consensus,0,0.0000,False,"4 strategies, 0 accepted"
HTWa1526,728,1,ground_truth,0,0.0000,False,0 divider(s)
HTWa1526,728,1,positional_profile,0,1.0000,False,"start=27, end=11, thr_start=0.333, thr_end=0.333"
HTWa1526,728,1,viterbi_hmm,0,1.0000,False,too short
HTWa1527,729,1,bigram_transition,0,1.0000,False,"threshold=0.012821, p25"
HTWa1527,729,1,boundary_entropy,0,1.0000,False,"threshold=1.0000, median=1.0000"
HTWa1527,729,1,consensus,0,0.0000,False,"4 strategies, 0 accepted"
HTWa1527,729,1,ground_truth,0,0.0000,False,0 divider(s)
HTWa1527,729,1,positional_profile,0,1.0000,False,"start=27, end=11, thr_start=0.333, thr_end=0.333"
HTWa1527,729,1,viterbi_hmm,0,1.0000,False,too short
HTWa1528,730,1,bigram_transition,0,1.0000,False,"threshold=0.012821, p25"
HTWa1528,730,1,boundary_entropy,0,1.0000,False,"threshold=1.0000, median=1.0000"
HTWa1528,730,1,consensus,0,0.0000,False,"4 strategies, 0 accepted"
HTWa1528,730,1,ground_truth,0,0.0000,False,0 divider(s)
HTWa1528,730,1,positional_profile,0,1.0000,False,"start=27, end=11, thr_start=0.333, thr_end=0.333"
HTWa1528,730,1,viterbi_hmm,0,1.0000,False,too short
HTWa1529,731,1,bigram_transition,0,1.0000,False,"threshold=0.012821, p25"
HTWa1529,731,1,boundary_entropy,0,1.0000,False,"threshold=1.0000, median=1.0000"
HTWa1529,731,1,consensus,0,0.0000,False,"4 strategies, 0 accepted"
HTWa1529,731,1,ground_truth,0,0.0000,False,0 divider(s)
HTWa1529,731,1,positional_profile,0,1.0000,False,"start=27, end=11, thr_start=0.333, thr_end=0.333"
HTWa1529,731,1,viterbi_hmm,0,1.0000,False,too short
HTWa1530,732,1,bigram_transition,0,1.0000,False,"threshold=0.012821, p25"
HTWa1530,732,1,boundary_entropy,0,1.0000,False,"threshold=1.0000, median=1.0000"
HTWa1530,732,1,consensus,0,0.0000,False,"4 strategies, 0 accepted"
HTWa1530,732,1,ground_truth,0,0.0000,False,0 divider(s)
HTWa1530,732,1,positional_profile,0,1.0000,False,"start=27, end=11, thr_start=0.333, thr_end=0.333"
HTWa1530,732,1,viterbi_hmm,0,1.0000,False,too short
HTWa1531,733,1,bigram_transition,0,1.0000,False,"threshold=0.012821, p25"
HTWa1531,733,1,boundary_entropy,0,1.0000,False,"threshold=1.0000, median=1.0000"
HTWa1531,733,1,consensus,0,0.0000,False,"4 strategies, 0 accepted"
HTWa1531,733,1,ground_truth,0,0.0000,False,0 divider(s)
HTWa1531,733,1,positional_profile,0,1.0000,False,"start=27, end=11, thr_start=0.333, thr_end=0.333"
HTWa1531,733,1,viterbi_hmm,0,1.0000,False,too short
HTWa1532,734,1,bigram_transition,0,1.0000,False,"threshold=0.012821, p25"
HTWa1532,734,1,boundary_entropy,0,1.0000,False,"threshold=1.0000, median=1.0000"
HTWa1532,734,1,consensus,0,0.0000,False,"4 strategies, 0 accepted"
HTWa1532,734,1,ground_truth,0,0.0000,False,0 divider(s)
HTWa1532,734,1,positional_profile,0,1.0000,False,"start=27, end=11, thr_start=0.333, thr_end=0.333"
HTWa1532,734,1,viterbi_hmm,0,1.0000,False,too short
HTWa1533,735,1,bigram_transition,0,1.0000,False,"threshold=0.012821, p25"
HTWa1533,735,1,boundary_entropy,0,1.0000,False,"threshold=1.0000, median=1.0000"
HTWa1533,735,1,consensus,0,0.0000,False,"4 strategies, 0 accepted"
HTWa1533,735,1,ground_truth,0,0.0000,False,0 divider(s)
HTWa1533,735,1,positional_profile,0,1.0000,False,"start=27, end=11, thr_start=0.333, thr_end=0.333"
HTWa1533,735,1,viterbi_hmm,0,1.0000,False,too short
HTWa1534,736,1,bigram_transition,0,1.0000,False,"threshold=0.012821, p25"
HTWa1534,736,1,boundary_entropy,0,1.0000,False,"threshold=1.0000, median=1.0000"
HTWa1534,736,1,consensus,0,0.0000,False,"4 strategies, 0 accepted"
HTWa1534,736,1,ground_truth,0,0.0000,False,0 divider(s)
HTWa1534,736,1,positional_profile,0,1.0000,False,"start=27, end=11, thr_start=0.333, thr_end=0.333"
HTWa1534,736,1,viterbi_hmm,0,1.0000,False,too short
HTWa1535,737,1,bigram_transition,0,1.0000,False,"threshold=0.012821, p25"
HTWa1535,737,1,boundary_entropy,0,1.0000,False,"threshold=1.0000, median=1.0000"
HTWa1535,737,1,consensus,0,0.0000,False,"4 strategies, 0 accepted"
HTWa1535,737,1,ground_truth,0,0.0000,False,0 divider(s)
HTWa1535,737,1,positional_profile,0,1.0000,False,"start=27, end=11, thr_start=0.333, thr_end=0.333"
HTWa1535,737,1,viterbi_hmm,0,1.0000,False,too short
HTWa1536,738,1,bigram_transition,0,1.0000,False,"threshold=0.012821, p25"
HTWa1536,738,1,boundary_entropy,0,1.0000,False,"threshold=1.0000, median=1.0000"
HTWa1536,738,1,consensus,0,0.0000,False,"4 strategies, 0 accepted"
HTWa1536,738,1,ground_truth,0,0.0000,False,0 divider(s)
HTWa1536,738,1,positional_profile,0,1.0000,False,"start=27, end=11, thr_start=0.333, thr_end=0.333"
HTWa1536,738,1,viterbi_hmm,0,1.0000,False,too short
HTWa1537,739,1,bigram_transition,0,1.0000,False,"threshold=0.012821, p25"
HTWa1537,739,1,boundary_entropy,0,1.0000,False,"threshold=1.0000, median=1.0000"
HTWa1537,739,1,consensus,0,0.0000,False,"4 strategies, 0 accepted"
HTWa1537,739,1,ground_truth,0,0.0000,False,0 divider(s)
HTWa1537,739,1,positional_profile,0,1.0000,False,"start=27, end=11, thr_start=0.333, thr_end=0.333"
HTWa1537,739,1,viterbi_hmm,0,1.0000,False,too short
HTWa1538,740,1,bigram_transition,0,1.0000,False,"threshold=0.012821, p25"
HTWa1538,740,1,boundary_entropy,0,1.0000,False,"threshold=1.0000, median=1.0000"
HTWa1538,740,1,consensus,0,0.0000,False,"4 strategies, 0 accepted"
HTWa1538,740,1,ground_truth,0,0.0000,False,0 divider(s)
HTWa1538,740,1,positional_profile,0,1.0000,False,"start=27, end=11, thr_start=0.333, thr_end=0.333"
HTWa1538,740,1,viterbi_hmm,0,1.0000,False,too short
HTWa1539,741,1,bigram_transition,0,1.0000,False,"threshold=0.012821, p25"
HTWa1539,741,1,boundary_entropy,0,1.0000,False,"threshold=1.0000, median=1.0000"
HTWa1539,741,1,consensus,0,0.0000,False,"4 strategies, 0 accepted"
HTWa1539,741,1,ground_truth,0,0.0000,False,0 divider(s)
HTWa1539,741,1,positional_profile,0,1.0000,False,"start=27, end=11, thr_start=0.333, thr_end=0.333"
HTWa1539,741,1,viterbi_hmm,0,1.0000,False,too short
HTWa1540,742,1,bigram_transition,0,1.0000,False,"threshold=0.012821, p25"
HTWa1540,742,1,boundary_entropy,0,1.0000,False,"threshold=1.0000, median=1.0000"
HTWa1540,742,1,consensus,0,0.0000,False,"4 strategies, 0 accepted"
HTWa1540,742,1,ground_truth,0,0.0000,False,0 divider(s)
HTWa1540,742,1,positional_profile,0,1.0000,False,"start=27, end=11, thr_start=0.333, thr_end=0.333"
HTWa1540,742,1,viterbi_hmm,0,1.0000,False,too short
HTWa1541,743,1,bigram_transition,0,1.0000,False,"threshold=0.012821, p25"
HTWa1541,743,1,boundary_entropy,0,1.0000,False,"threshold=1.0000, median=1.0000"
HTWa1541,743,1,consensus,0,0.0000,False,"4 strategies, 0 accepted"
HTWa1541,743,1,ground_truth,0,0.0000,False,0 divider(s)
HTWa1541,743,1,positional_profile,0,1.0000,False,"start=27, end=11, thr_start=0.333, thr_end=0.333"
HTWa1541,743,1,viterbi_hmm,0,1.0000,False,too short
HTWa1542,744,1,bigram_transition,0,1.0000,False,"threshold=0.012821, p25"
HTWa1542,744,1,boundary_entropy,0,1.0000,False,"threshold=1.0000, median=1.0000"
HTWa1542,744,1,consensus,0,0.0000,False,"4 strategies, 0 accepted"
HTWa1542,744,1,ground_truth,0,0.0000,False,0 divider(s)
HTWa1542,744,1,positional_profile,0,1.0000,False,"start=27, end=11, thr_start=0.333, thr_end=0.333"
HTWa1542,744,1,viterbi_hmm,0,1.0000,False,too short
HTWa1543,745,1,bigram_transition,0,1.0000,False,"threshold=0.012821, p25"
HTWa1543,745,1,boundary_entropy,0,1.0000,False,"threshold=1.0000, median=1.0000"
HTWa1543,745,1,consensus,0,0.0000,False,"4 strategies, 0 accepted"
HTWa1543,745,1,ground_truth,0,0.0000,False,0 divider(s)
HTWa1543,745,1,positional_profile,0,1.0000,False,"start=27, end=11, thr_start=0.333, thr_end=0.333"
HTWa1543,745,1,viterbi_hmm,0,1.0000,False,too short
HTWa1544,746,1,bigram_transition,0,1.0000,False,"threshold=0.012821, p25"
HTWa1544,746,1,boundary_entropy,0,1.0000,False,"threshold=1.0000, median=1.0000"
HTWa1544,746,1,consensus,0,0.0000,False,"4 strategies, 0 accepted"
HTWa1544,746,1,ground_truth,0,0.0000,False,0 divider(s)
HTWa1544,746,1,positional_profile,0,1.0000,False,"start=27, end=11, thr_start=0.333, thr_end=0.333"
HTWa1544,746,1,viterbi_hmm,0,1.0000,False,too short
HTWa1545,747,1,bigram_transition,0,1.0000,False,"threshold=0.012821, p25"
HTWa1545,747,1,boundary_entropy,0,1.0000,False,"threshold=1.0000, median=1.0000"
HTWa1545,747,1,consensus,0,0.0000,False,"4 strategies, 0 accepted"
HTWa1545,747,1,ground_truth,0,0.0000,False,0 divider(s)
HTWa1545,747,1,positional_profile,0,1.0000,False,"start=27, end=11, thr_start=0.333, thr_end=0.333"
HTWa1545,747,1,viterbi_hmm,0,1.0000,False,too short
HTWa1546,748,1,bigram_transition,0,1.0000,False,"threshold=0.012821, p25"
HTWa1546,748,1,boundary_entropy,0,1.0000,False,"threshold=1.0000, median=1.0000"
HTWa1546,748,1,consensus,0,0.0000,False,"4 strategies, 0 accepted"
HTWa1546,748,1,ground_truth,0,0.0000,False,0 divider(s)
HTWa1546,748,1,positional_profile,0,1.0000,False,"start=27, end=11, thr_start=0.333, thr_end=0.333"
HTWa1546,748,1,viterbi_hmm,0,1.0000,False,too short
HTWa1547,749,1,bigram_transition,0,1.0000,False,"threshold=0.012821, p25"
HTWa1547,749,1,boundary_entropy,0,1.0000,False,"threshold=1.0000, median=1.0000"
HTWa1547,749,1,consensus,0,0.0000,False,"4 strategies, 0 accepted"
HTWa1547,749,1,ground_truth,0,0.0000,False,0 divider(s)
HTWa1547,749,1,positional_profile,0,1.0000,False,"start=27, end=11, thr_start=0.333, thr_end=0.333"
HTWa1547,749,1,viterbi_hmm,0,1.0000,False,too short
HTWa1548,750,1,bigram_transition,0,1.0000,False,"threshold=0.012821, p25"
HTWa1548,750,1,boundary_entropy,0,1.0000,False,"threshold=1.0000, median=1.0000"
HTWa1548,750,1,consensus,0,0.0000,False,"4 strategies, 0 accepted"
HTWa1548,750,1,ground_truth,0,0.0000,False,0 divider(s)
HTWa1548,750,1,positional_profile,0,1.0000,False,"start=27, end=11, thr_start=0.333, thr_end=0.333"
HTWa1548,750,1,viterbi_hmm,0,1.0000,False,too short
HTWa1549,751,1,bigram_transition,0,1.0000,False,"threshold=0.012821, p25"
HTWa1549,751,1,boundary_entropy,0,1.0000,False,"threshold=1.0000, median=1.0000"
HTWa1549,751,1,consensus,0,0.0000,False,"4 strategies, 0 accepted"
HTWa1549,751,1,ground_truth,0,0.0000,False,0 divider(s)
HTWa1549,751,1,positional_profile,0,1.0000,False,"start=27, end=11, thr_start=0.333, thr_end=0.333"
HTWa1549,751,1,viterbi_hmm,0,1.0000,False,too short
HTWa1550,752,1,bigram_transition,0,1.0000,False,"threshold=0.012821, p25"
HTWa1550,752,1,boundary_entropy,0,1.0000,False,"threshold=1.0000, median=1.0000"
HTWa1550,752,1,consensus,0,0.0000,False,"4 strategies, 0 accepted"
HTWa1550,752,1,ground_truth,0,0.0000,False,0 divider(s)
HTWa1550,752,1,positional_profile,0,1.0000,False,"start=27, end=11, thr_start=0.333, thr_end=0.333"
HTWa1550,752,1,viterbi_hmm,0,1.0000,False,too short
HTWa1551,753,1,bigram_transition,0,1.0000,False,"threshold=0.012821, p25"
HTWa1551,753,1,boundary_entropy,0,1.0000,False,"threshold=1.0000, median=1.0000"
HTWa1551,753,1,consensus,0,0.0000,False,"4 strategies, 0 accepted"
HTWa1551,753,1,ground_truth,0,0.0000,False,0 divider(s)
HTWa1551,753,1,positional_profile,0,1.0000,False,"start=27, end=11, thr_start=0.333, thr_end=0.333"
HTWa1551,753,1,viterbi_hmm,0,1.0000,False,too short
HTWa1552,754,1,bigram_transition,0,1.0000,False,"threshold=0.012821, p25"
HTWa1552,754,1,boundary_entropy,0,1.0000,False,"threshold=1.0000, median=1.0000"
HTWa1552,754,1,consensus,0,0.0000,False,"4 strategies, 0 accepted"
HTWa1552,754,1,ground_truth,0,0.0000,False,0 divider(s)
HTWa1552,754,1,positional_profile,0,1.0000,False,"start=27, end=11, thr_start=0.333, thr_end=0.333"
HTWa1552,754,1,viterbi_hmm,0,1.0000,False,too short
HTWa1553,755,1,bigram_transition,0,1.0000,False,"threshold=0.012821, p25"
HTWa1553,755,1,boundary_entropy,0,1.0000,False,"threshold=1.0000, median=1.0000"
HTWa1553,755,1,consensus,0,0.0000,False,"4 strategies, 0 accepted"
HTWa1553,755,1,ground_truth,0,0.0000,False,0 divider(s)
HTWa1553,755,1,positional_profile,0,1.0000,False,"start=27, end=11, thr_start=0.333, thr_end=0.333"
HTWa1553,755,1,viterbi_hmm,0,1.0000,False,too short
HTWa1554,756,1,bigram_transition,0,1.0000,False,"threshold=0.012821, p25"
HTWa1554,756,1,boundary_entropy,0,1.0000,False,"threshold=1.0000, median=1.0000"
HTWa1554,756,1,consensus,0,0.0000,False,"4 strategies, 0 accepted"
HTWa1554,756,1,ground_truth,0,0.0000,False,0 divider(s)
HTWa1554,756,1,positional_profile,0,1.0000,False,"start=27, end=11, thr_start=0.333, thr_end=0.333"
HTWa1554,756,1,viterbi_hmm,0,1.0000,False,too short
HTWa1555,757,1,bigram_transition,0,1.0000,False,"threshold=0.012821, p25"
HTWa1555,757,1,boundary_entropy,0,1.0000,False,"threshold=1.0000, median=1.0000"
HTWa1555,757,1,consensus,0,0.0000,False,"4 strategies, 0 accepted"
HTWa1555,757,1,ground_truth,0,0.0000,False,0 divider(s)
HTWa1555,757,1,positional_profile,0,1.0000,False,"start=27, end=11, thr_start=0.333, thr_end=0.333"
HTWa1555,757,1,viterbi_hmm,0,1.0000,False,too short
HTWa1556,758,1,bigram_transition,0,1.0000,False,"threshold=0.012821, p25"
HTWa1556,758,1,boundary_entropy,0,1.0000,False,"threshold=1.0000, median=1.0000"
HTWa1556,758,1,consensus,0,0.0000,False,"4 strategies, 0 accepted"
HTWa1556,758,1,ground_truth,0,0.0000,False,0 divider(s)
HTWa1556,758,1,positional_profile,0,1.0000,False,"start=27, end=11, thr_start=0.333, thr_end=0.333"
HTWa1556,758,1,viterbi_hmm,0,1.0000,False,too short
HTWa1557,759,1,bigram_transition,0,1.0000,False,"threshold=0.012821, p25"
HTWa1557,759,1,boundary_entropy,0,1.0000,False,"threshold=1.0000, median=1.0000"
HTWa1557,759,1,consensus,0,0.0000,False,"4 strategies, 0 accepted"
HTWa1557,759,1,ground_truth,0,0.0000,False,0 divider(s)
HTWa1557,759,1,positional_profile,0,1.0000,False,"start=27, end=11, thr_start=0.333, thr_end=0.333"
HTWa1557,759,1,viterbi_hmm,0,1.0000,False,too short
HTWa1558,760,1,bigram_transition,0,1.0000,False,"threshold=0.012821, p25"
HTWa1558,760,1,boundary_entropy,0,1.0000,False,"threshold=1.0000, median=1.0000"
HTWa1558,760,1,consensus,0,0.0000,False,"4 strategies, 0 accepted"
HTWa1558,760,1,ground_truth,0,0.0000,False,0 divider(s)
HTWa1558,760,1,positional_profile,0,1.0000,False,"start=27, end=11, thr_start=0.333, thr_end=0.333"
HTWa1558,760,1,viterbi_hmm,0,1.0000,False,too short
HTWa1559,761,1,bigram_transition,0,1.0000,False,"threshold=0.012821, p25"
HTWa1559,761,1,boundary_entropy,0,1.0000,False,"threshold=1.0000, median=1.0000"
HTWa1559,761,1,consensus,0,0.0000,False,"4 strategies, 0 accepted"
HTWa1559,761,1,ground_truth,0,0.0000,False,0 divider(s)
HTWa1559,761,1,positional_profile,0,1.0000,False,"start=27, end=11, thr_start=0.333, thr_end=0.333"
HTWa1559,761,1,viterbi_hmm,0,1.0000,False,too short
HTWa1560,762,1,bigram_transition,0,1.0000,False,"threshold=0.012821, p25"
HTWa1560,762,1,boundary_entropy,0,1.0000,False,"threshold=1.0000, median=1.0000"
HTWa1560,762,1,consensus,0,0.0000,False,"4 strategies, 0 accepted"
HTWa1560,762,1,ground_truth,0,0.0000,False,0 divider(s)
HTWa1560,762,1,positional_profile,0,1.0000,False,"start=27, end=11, thr_start=0.333, thr_end=0.333"
HTWa1560,762,1,viterbi_hmm,0,1.0000,False,too short
HTWa1561,763,1,bigram_transition,0,1.0000,False,"threshold=0.012821, p25"
HTWa1561,763,1,boundary_entropy,0,1.0000,False,"threshold=1.0000, median=1.0000"
HTWa1561,763,1,consensus,0,0.0000,False,"4 strategies, 0 accepted"
HTWa1561,763,1,ground_truth,0,0.0000,False,0 divider(s)
HTWa1561,763,1,positional_profile,0,1.0000,False,"start=27, end=11, thr_start=0.333, thr_end=0.333"
HTWa1561,763,1,viterbi_hmm,0,1.0000,False,too short
HTWa1562,764,1,bigram_transition,0,1.0000,False,"threshold=0.012821, p25"
HTWa1562,764,1,boundary_entropy,0,1.0000,False,"threshold=1.0000, median=1.0000"
HTWa1562,764,1,consensus,0,0.0000,False,"4 strategies, 0 accepted"
HTWa1562,764,1,ground_truth,0,0.0000,False,0 divider(s)
HTWa1562,764,1,positional_profile,0,1.0000,False,"start=27, end=11, thr_start=0.333, thr_end=0.333"
HTWa1562,764,1,viterbi_hmm,0,1.0000,False,too short
HTWa1563,765,1,bigram_transition,0,1.0000,False,"threshold=0.012821, p25"
HTWa1563,765,1,boundary_entropy,0,1.0000,False,"threshold=1.0000, median=1.0000"
HTWa1563,765,1,consensus,0,0.0000,False,"4 strategies, 0 accepted"
HTWa1563,765,1,ground_truth,0,0.0000,False,0 divider(s)
HTWa1563,765,1,positional_profile,0,1.0000,False,"start=27, end=11, thr_start=0.333, thr_end=0.333"
HTWa1563,765,1,viterbi_hmm,0,1.0000,False,too short
HTWa1564,766,1,bigram_transition,0,1.0000,False,"threshold=0.012821, p25"
HTWa1564,766,1,boundary_entropy,0,1.0000,False,"threshold=1.0000, median=1.0000"
HTWa1564,766,1,consensus,0,0.0000,False,"4 strategies, 0 accepted"
HTWa1564,766,1,ground_truth,0,0.0000,False,0 divider(s)
HTWa1564,766,1,positional_profile,0,1.0000,False,"start=27, end=11, thr_start=0.333, thr_end=0.333"
HTWa1564,766,1,viterbi_hmm,0,1.0000,False,too short
HTWa1565,767,1,bigram_transition,0,1.0000,False,"threshold=0.012821, p25"
HTWa1565,767,1,boundary_entropy,0,1.0000,False,"threshold=1.0000, median=1.0000"
HTWa1565,767,1,consensus,0,0.0000,False,"4 strategies, 0 accepted"
HTWa1565,767,1,ground_truth,0,0.0000,False,0 divider(s)
HTWa1565,767,1,positional_profile,0,1.0000,False,"start=27, end=11, thr_start=0.333, thr_end=0.333"
HTWa1565,767,1,viterbi_hmm,0,1.0000,False,too short
HTWa1566,768,1,bigram_transition,0,1.0000,False,"threshold=0.012821, p25"
HTWa1566,768,1,boundary_entropy,0,1.0000,False,"threshold=1.0000, median=1.0000"
HTWa1566,768,1,consensus,0,0.0000,False,"4 strategies, 0 accepted"
HTWa1566,768,1,ground_truth,0,0.0000,False,0 divider(s)
HTWa1566,768,1,positional_profile,0,1.0000,False,"start=27, end=11, thr_start=0.333, thr_end=0.333"
HTWa1566,768,1,viterbi_hmm,0,1.0000,False,too short
HTWa1567,769,1,bigram_transition,0,1.0000,False,"threshold=0.012821, p25"
HTWa1567,769,1,boundary_entropy,0,1.0000,False,"threshold=1.0000, median=1.0000"
HTWa1567,769,1,consensus,0,0.0000,False,"4 strategies, 0 accepted"
HTWa1567,769,1,ground_truth,0,0.0000,False,0 divider(s)
HTWa1567,769,1,positional_profile,0,1.0000,False,"start=27, end=11, thr_start=0.333, thr_end=0.333"
HTWa1567,769,1,viterbi_hmm,0,1.0000,False,too short
HTWa1568,770,1,bigram_transition,0,1.0000,False,"threshold=0.012821, p25"
HTWa1568,770,1,boundary_entropy,0,1.0000,False,"threshold=1.0000, median=1.0000"
HTWa1568,770,1,consensus,0,0.0000,False,"4 strategies, 0 accepted"
HTWa1568,770,1,ground_truth,0,0.0000,False,0 divider(s)
HTWa1568,770,1,positional_profile,0,1.0000,False,"start=27, end=11, thr_start=0.333, thr_end=0.333"
HTWa1568,770,1,viterbi_hmm,0,1.0000,False,too short
HTWa1569,771,1,bigram_transition,0,1.0000,False,"threshold=0.012821, p25"
HTWa1569,771,1,boundary_entropy,0,1.0000,False,"threshold=1.0000, median=1.0000"
HTWa1569,771,1,consensus,0,0.0000,False,"4 strategies, 0 accepted"
HTWa1569,771,1,ground_truth,0,0.0000,False,0 divider(s)
HTWa1569,771,1,positional_profile,0,1.0000,False,"start=27, end=11, thr_start=0.333, thr_end=0.333"
HTWa1569,771,1,viterbi_hmm,0,1.0000,False,too short
HTWa1570,772,1,bigram_transition,0,1.0000,False,"threshold=0.012821, p25"
HTWa1570,772,1,boundary_entropy,0,1.0000,False,"threshold=1.0000, median=1.0000"
HTWa1570,772,1,consensus,0,0.0000,False,"4 strategies, 0 accepted"
HTWa1570,772,1,ground_truth,0,0.0000,False,0 divider(s)
HTWa1570,772,1,positional_profile,0,1.0000,False,"start=27, end=11, thr_start=0.333, thr_end=0.333"
HTWa1570,772,1,viterbi_hmm,0,1.0000,False,too short
HTWa1571,773,1,bigram_transition,0,1.0000,False,"threshold=0.012821, p25"
HTWa1571,773,1,boundary_entropy,0,1.0000,False,"threshold=1.0000, median=1.0000"
HTWa1571,773,1,consensus,0,0.0000,False,"4 strategies, 0 accepted"
HTWa1571,773,1,ground_truth,0,0.0000,False,0 divider(s)
HTWa1571,773,1,positional_profile,0,1.0000,False,"start=27, end=11, thr_start=0.333, thr_end=0.333"
HTWa1571,773,1,viterbi_hmm,0,1.0000,False,too short
HTWa1572,774,1,bigram_transition,0,1.0000,False,"threshold=0.012821, p25"
HTWa1572,774,1,boundary_entropy,0,1.0000,False,"threshold=1.0000, median=1.0000"
HTWa1572,774,1,consensus,0,0.0000,False,"4 strategies, 0 accepted"
HTWa1572,774,1,ground_truth,0,0.0000,False,0 divider(s)
HTWa1572,774,1,positional_profile,0,1.0000,False,"start=27, end=11, thr_start=0.333, thr_end=0.333"
HTWa1572,774,1,viterbi_hmm,0,1.0000,False,too short
HTWa1573,775,1,bigram_transition,0,1.0000,False,"threshold=0.012821, p25"
HTWa1573,775,1,boundary_entropy,0,1.0000,False,"threshold=1.0000, median=1.0000"
HTWa1573,775,1,consensus,0,0.0000,False,"4 strategies, 0 accepted"
HTWa1573,775,1,ground_truth,0,0.0000,False,0 divider(s)
HTWa1573,775,1,positional_profile,0,1.0000,False,"start=27, end=11, thr_start=0.333, thr_end=0.333"
HTWa1573,775,1,viterbi_hmm,0,1.0000,False,too short
HTWa1574,776,1,bigram_transition,0,1.0000,False,"threshold=0.012821, p25"
HTWa1574,776,1,boundary_entropy,0,1.0000,False,"threshold=1.0000, median=1.0000"
HTWa1574,776,1,consensus,0,0.0000,False,"4 strategies, 0 accepted"
HTWa1574,776,1,ground_truth,0,0.0000,False,0 divider(s)
HTWa1574,776,1,positional_profile,0,1.0000,False,"start=27, end=11, thr_start=0.333, thr_end=0.333"
HTWa1574,776,1,viterbi_hmm,0,1.0000,False,too short
HTWa1575,777,1,bigram_transition,0,1.0000,False,"threshold=0.012821, p25"
HTWa1575,777,1,boundary_entropy,0,1.0000,False,"threshold=1.0000, median=1.0000"
HTWa1575,777,1,consensus,0,0.0000,False,"4 strategies, 0 accepted"
HTWa1575,777,1,ground_truth,0,0.0000,False,0 divider(s)
HTWa1575,777,1,positional_profile,0,1.0000,False,"start=27, end=11, thr_start=0.333, thr_end=0.333"
HTWa1575,777,1,viterbi_hmm,0,1.0000,False,too short
HTWa1576,778,1,bigram_transition,0,1.0000,False,"threshold=0.012821, p25"
HTWa1576,778,1,boundary_entropy,0,1.0000,False,"threshold=1.0000, median=1.0000"
HTWa1576,778,1,consensus,0,0.0000,False,"4 strategies, 0 accepted"
HTWa1576,778,1,ground_truth,0,0.0000,False,0 divider(s)
HTWa1576,778,1,positional_profile,0,1.0000,False,"start=27, end=11, thr_start=0.333, thr_end=0.333"
HTWa1576,778,1,viterbi_hmm,0,1.0000,False,too short
HTWa1577,779,1,bigram_transition,0,1.0000,False,"threshold=0.012821, p25"
HTWa1577,779,1,boundary_entropy,0,1.0000,False,"threshold=1.0000, median=1.0000"
HTWa1577,779,1,consensus,0,0.0000,False,"4 strategies, 0 accepted"
HTWa1577,779,1,ground_truth,0,0.0000,False,0 divider(s)
HTWa1577,779,1,positional_profile,0,1.0000,False,"start=27, end=11, thr_start=0.333, thr_end=0.333"
HTWa1577,779,1,viterbi_hmm,0,1.0000,False,too short
HTWa1578,780,1,bigram_transition,0,1.0000,False,"threshold=0.012821, p25"
HTWa1578,780,1,boundary_entropy,0,1.0000,False,"threshold=1.0000, median=1.0000"
HTWa1578,780,1,consensus,0,0.0000,False,"4 strategies, 0 accepted"
HTWa1578,780,1,ground_truth,0,0.0000,False,0 divider(s)
HTWa1578,780,1,positional_profile,0,1.0000,False,"start=27, end=11, thr_start=0.333, thr_end=0.333"
HTWa1578,780,1,viterbi_hmm,0,1.0000,False,too short
HTWa1579,781,1,bigram_transition,0,1.0000,False,"threshold=0.012821, p25"
HTWa1579,781,1,boundary_entropy,0,1.0000,False,"threshold=1.0000, median=1.0000"
HTWa1579,781,1,consensus,0,0.0000,False,"4 strategies, 0 accepted"
HTWa1579,781,1,ground_truth,0,0.0000,False,0 divider(s)
HTWa1579,781,1,positional_profile,0,1.0000,False,"start=27, end=11, thr_start=0.333, thr_end=0.333"
HTWa1579,781,1,viterbi_hmm,0,1.0000,False,too short
HTWa1580,782,1,bigram_transition,0,1.0000,False,"threshold=0.012821, p25"
HTWa1580,782,1,boundary_entropy,0,1.0000,False,"threshold=1.0000, median=1.0000"
HTWa1580,782,1,consensus,0,0.0000,False,"4 strategies, 0 accepted"
HTWa1580,782,1,ground_truth,0,0.0000,False,0 divider(s)
HTWa1580,782,1,positional_profile,0,1.0000,False,"start=27, end=11, thr_start=0.333, thr_end=0.333"
HTWa1580,782,1,viterbi_hmm,0,1.0000,False,too short
HTWa1581,783,1,bigram_transition,0,1.0000,False,"threshold=0.012821, p25"
HTWa1581,783,1,boundary_entropy,0,1.0000,False,"threshold=1.0000, median=1.0000"
HTWa1581,783,1,consensus,0,0.0000,False,"4 strategies, 0 accepted"
HTWa1581,783,1,ground_truth,0,0.0000,False,0 divider(s)
HTWa1581,783,1,positional_profile,0,1.0000,False,"start=27, end=11, thr_start=0.333, thr_end=0.333"
HTWa1581,783,1,viterbi_hmm,0,1.0000,False,too short
HTWa1582,784,1,bigram_transition,0,1.0000,False,"threshold=0.012821, p25"
HTWa1582,784,1,boundary_entropy,0,1.0000,False,"threshold=1.0000, median=1.0000"
HTWa1582,784,1,consensus,0,0.0000,False,"4 strategies, 0 accepted"
HTWa1582,784,1,ground_truth,0,0.0000,False,0 divider(s)
HTWa1582,784,1,positional_profile,0,1.0000,False,"start=27, end=11, thr_start=0.333, thr_end=0.333"
HTWa1582,784,1,viterbi_hmm,0,1.0000,False,too short
HTWa1583,785,1,bigram_transition,0,1.0000,False,"threshold=0.012821, p25"
HTWa1583,785,1,boundary_entropy,0,1.0000,False,"threshold=1.0000, median=1.0000"
HTWa1583,785,1,consensus,0,0.0000,False,"4 strategies, 0 accepted"
HTWa1583,785,1,ground_truth,0,0.0000,False,0 divider(s)
HTWa1583,785,1,positional_profile,0,1.0000,False,"start=27, end=11, thr_start=0.333, thr_end=0.333"
HTWa1583,785,1,viterbi_hmm,0,1.0000,False,too short
HTWa1584,786,1,bigram_transition,0,1.0000,False,"threshold=0.012821, p25"
HTWa1584,786,1,boundary_entropy,0,1.0000,False,"threshold=1.0000, median=1.0000"
HTWa1584,786,1,consensus,0,0.0000,False,"4 strategies, 0 accepted"
HTWa1584,786,1,ground_truth,0,0.0000,False,0 divider(s)
HTWa1584,786,1,positional_profile,0,1.0000,False,"start=27, end=11, thr_start=0.333, thr_end=0.333"
HTWa1584,786,1,viterbi_hmm,0,1.0000,False,too short
HTWa1585,787,1,bigram_transition,0,1.0000,False,"threshold=0.012821, p25"
HTWa1585,787,1,boundary_entropy,0,1.0000,False,"threshold=1.0000, median=1.0000"
HTWa1585,787,1,consensus,0,0.0000,False,"4 strategies, 0 accepted"
HTWa1585,787,1,ground_truth,0,0.0000,False,0 divider(s)
HTWa1585,787,1,positional_profile,0,1.0000,False,"start=27, end=11, thr_start=0.333, thr_end=0.333"
HTWa1585,787,1,viterbi_hmm,0,1.0000,False,too short
HTWa1586,788,1,bigram_transition,0,1.0000,False,"threshold=0.012821, p25"
HTWa1586,788,1,boundary_entropy,0,1.0000,False,"threshold=1.0000, median=1.0000"
HTWa1586,788,1,consensus,0,0.0000,False,"4 strategies, 0 accepted"
HTWa1586,788,1,ground_truth,0,0.0000,False,0 divider(s)
HTWa1586,788,1,positional_profile,0,1.0000,False,"start=27, end=11, thr_start=0.333, thr_end=0.333"
HTWa1586,788,1,viterbi_hmm,0,1.0000,False,too short
HTWa1587,789,1,bigram_transition,0,1.0000,False,"threshold=0.012821, p25"
HTWa1587,789,1,boundary_entropy,0,1.0000,False,"threshold=1.0000, median=1.0000"
HTWa1587,789,1,consensus,0,0.0000,False,"4 strategies, 0 accepted"
HTWa1587,789,1,ground_truth,0,0.0000,False,0 divider(s)
HTWa1587,789,1,positional_profile,0,1.0000,False,"start=27, end=11, thr_start=0.333, thr_end=0.333"
HTWa1587,789,1,viterbi_hmm,0,1.0000,False,too short
HTWa1588,790,1,bigram_transition,0,1.0000,False,"threshold=0.012821, p25"
HTWa1588,790,1,boundary_entropy,0,1.0000,False,"threshold=1.0000, median=1.0000"
HTWa1588,790,1,consensus,0,0.0000,False,"4 strategies, 0 accepted"
HTWa1588,790,1,ground_truth,0,0.0000,False,0 divider(s)
HTWa1588,790,1,positional_profile,0,1.0000,False,"start=27, end=11, thr_start=0.333, thr_end=0.333"
HTWa1588,790,1,viterbi_hmm,0,1.0000,False,too short
HTWa1589,791,1,bigram_transition,0,1.0000,False,"threshold=0.012821, p25"
HTWa1589,791,1,boundary_entropy,0,1.0000,False,"threshold=1.0000, median=1.0000"
HTWa1589,791,1,consensus,0,0.0000,False,"4 strategies, 0 accepted"
HTWa1589,791,1,ground_truth,0,0.0000,False,0 divider(s)
HTWa1589,791,1,positional_profile,0,1.0000,False,"start=27, end=11, thr_start=0.333, thr_end=0.333"
HTWa1589,791,1,viterbi_hmm,0,1.0000,False,too short
HTWa1590,792,1,bigram_transition,0,1.0000,False,"threshold=0.012821, p25"
HTWa1590,792,1,boundary_entropy,0,1.0000,False,"threshold=1.0000, median=1.0000"
HTWa1590,792,1,consensus,0,0.0000,False,"4 strategies, 0 accepted"
HTWa1590,792,1,ground_truth,0,0.0000,False,0 divider(s)
HTWa1590,792,1,positional_profile,0,1.0000,False,"start=27, end=11, thr_start=0.333, thr_end=0.333"
HTWa1590,792,1,viterbi_hmm,0,1.0000,False,too short
HTWa1591,793,1,bigram_transition,0,1.0000,False,"threshold=0.012821, p25"
HTWa1591,793,1,boundary_entropy,0,1.0000,False,"threshold=1.0000, median=1.0000"
HTWa1591,793,1,consensus,0,0.0000,False,"4 strategies, 0 accepted"
HTWa1591,793,1,ground_truth,0,0.0000,False,0 divider(s)
HTWa1591,793,1,positional_profile,0,1.0000,False,"start=27, end=11, thr_start=0.333, thr_end=0.333"
HTWa1591,793,1,viterbi_hmm,0,1.0000,False,too short
HTWa1592,794,1,bigram_transition,0,1.0000,False,"threshold=0.012821, p25"
HTWa1592,794,1,boundary_entropy,0,1.0000,False,"threshold=1.0000, median=1.0000"
HTWa1592,794,1,consensus,0,0.0000,False,"4 strategies, 0 accepted"
HTWa1592,794,1,ground_truth,0,0.0000,False,0 divider(s)
HTWa1592,794,1,positional_profile,0,1.0000,False,"start=27, end=11, thr_start=0.333, thr_end=0.333"
HTWa1592,794,1,viterbi_hmm,0,1.0000,False,too short
HTWa1593,795,1,bigram_transition,0,1.0000,False,"threshold=0.012821, p25"
HTWa1593,795,1,boundary_entropy,0,1.0000,False,"threshold=1.0000, median=1.0000"
HTWa1593,795,1,consensus,0,0.0000,False,"4 strategies, 0 accepted"
HTWa1593,795,1,ground_truth,0,0.0000,False,0 divider(s)
HTWa1593,795,1,positional_profile,0,1.0000,False,"start=27, end=11, thr_start=0.333, thr_end=0.333"
HTWa1593,795,1,viterbi_hmm,0,1.0000,False,too short
HTWa1594,796,1,bigram_transition,0,1.0000,False,"threshold=0.012821, p25"
HTWa1594,796,1,boundary_entropy,0,1.0000,False,"threshold=1.0000, median=1.0000"
HTWa1594,796,1,consensus,0,0.0000,False,"4 strategies, 0 accepted"
HTWa1594,796,1,ground_truth,0,0.0000,False,0 divider(s)
HTWa1594,796,1,positional_profile,0,1.0000,False,"start=27, end=11, thr_start=0.333, thr_end=0.333"
HTWa1594,796,1,viterbi_hmm,0,1.0000,False,too short
HTWa1595,797,1,bigram_transition,0,1.0000,False,"threshold=0.012821, p25"
HTWa1595,797,1,boundary_entropy,0,1.0000,False,"threshold=1.0000, median=1.0000"
HTWa1595,797,1,consensus,0,0.0000,False,"4 strategies, 0 accepted"
HTWa1595,797,1,ground_truth,0,0.0000,False,0 divider(s)
HTWa1595,797,1,positional_profile,0,1.0000,False,"start=27, end=11, thr_start=0.333, thr_end=0.333"
HTWa1595,797,1,viterbi_hmm,0,1.0000,False,too short
HTWa1596,798,1,bigram_transition,0,1.0000,False,"threshold=0.012821, p25"
HTWa1596,798,1,boundary_entropy,0,1.0000,False,"threshold=1.0000, median=1.0000"
HTWa1596,798,1,consensus,0,0.0000,False,"4 strategies, 0 accepted"
HTWa1596,798,1,ground_truth,0,0.0000,False,0 divider(s)
HTWa1596,798,1,positional_profile,0,1.0000,False,"start=27, end=11, thr_start=0.333, thr_end=0.333"
HTWa1596,798,1,viterbi_hmm,0,1.0000,False,too short
HTWa1597,799,1,bigram_transition,0,1.0000,False,"threshold=0.012821, p25"
HTWa1597,799,1,boundary_entropy,0,1.0000,False,"threshold=1.0000, median=1.0000"
HTWa1597,799,1,consensus,0,0.0000,False,"4 strategies, 0 accepted"
HTWa1597,799,1,ground_truth,0,0.0000,False,0 divider(s)
HTWa1597,799,1,positional_profile,0,1.0000,False,"start=27, end=11, thr_start=0.333, thr_end=0.333"
HTWa1597,799,1,viterbi_hmm,0,1.0000,False,too short
HTWa1598,800,1,bigram_transition,0,1.0000,False,"threshold=0.012821, p25"
HTWa1598,800,1,boundary_entropy,0,1.0000,False,"threshold=1.0000, median=1.0000"
HTWa1598,800,1,consensus,0,0.0000,False,"4 strategies, 0 accepted"
HTWa1598,800,1,ground_truth,0,0.0000,False,0 divider(s)
HTWa1598,800,1,positional_profile,0,1.0000,False,"start=27, end=11, thr_start=0.333, thr_end=0.333"
HTWa1598,800,1,viterbi_hmm,0,1.0000,False,too short
HTWa1599,801,1,bigram_transition,0,1.0000,False,"threshold=0.012821, p25"
HTWa1599,801,1,boundary_entropy,0,1.0000,False,"threshold=1.0000, median=1.0000"
HTWa1599,801,1,consensus,0,0.0000,False,"4 strategies, 0 accepted"
HTWa1599,801,1,ground_truth,0,0.0000,False,0 divider(s)
HTWa1599,801,1,positional_profile,0,1.0000,False,"start=27, end=11, thr_start=0.333, thr_end=0.333"
HTWa1599,801,1,viterbi_hmm,0,1.0000,False,too short
HTWa1600,802,1,bigram_transition,0,1.0000,False,"threshold=0.012821, p25"
HTWa1600,802,1,boundary_entropy,0,1.0000,False,"threshold=1.0000, median=1.0000"
HTWa1600,802,1,consensus,0,0.0000,False,"4 strategies, 0 accepted"
HTWa1600,802,1,ground_truth,0,0.0000,False,0 divider(s)
HTWa1600,802,1,positional_profile,0,1.0000,False,"start=27, end=11, thr_start=0.333, thr_end=0.333"
HTWa1600,802,1,viterbi_hmm,0,1.0000,False,too short
HTWa1601,803,1,bigram_transition,0,1.0000,False,"threshold=0.012821, p25"
HTWa1601,803,1,boundary_entropy,0,1.0000,False,"threshold=1.0000, median=1.0000"
HTWa1601,803,1,consensus,0,0.0000,False,"4 strategies, 0 accepted"
HTWa1601,803,1,ground_truth,0,0.0000,False,0 divider(s)
HTWa1601,803,1,positional_profile,0,1.0000,False,"start=27, end=11, thr_start=0.333, thr_end=0.333"
HTWa1601,803,1,viterbi_hmm,0,1.0000,False,too short
HTWa1602,804,1,bigram_transition,0,1.0000,False,"threshold=0.012821, p25"
HTWa1602,804,1,boundary_entropy,0,1.0000,False,"threshold=1.0000, median=1.0000"
HTWa1602,804,1,consensus,0,0.0000,False,"4 strategies, 0 accepted"
HTWa1602,804,1,ground_truth,0,0.0000,False,0 divider(s)
HTWa1602,804,1,positional_profile,0,1.0000,False,"start=27, end=11, thr_start=0.333, thr_end=0.333"
HTWa1602,804,1,viterbi_hmm,0,1.0000,False,too short
HTWa1603,805,1,bigram_transition,0,1.0000,False,"threshold=0.012821, p25"
HTWa1603,805,1,boundary_entropy,0,1.0000,False,"threshold=1.0000, median=1.0000"
HTWa1603,805,1,consensus,0,0.0000,False,"4 strategies, 0 accepted"
HTWa1603,805,1,ground_truth,0,0.0000,False,0 divider(s)
HTWa1603,805,1,positional_profile,0,1.0000,False,"start=27, end=11, thr_start=0.333, thr_end=0.333"
HTWa1603,805,1,viterbi_hmm,0,1.0000,False,too short
HTWa1604,806,1,bigram_transition,0,1.0000,False,"threshold=0.012821, p25"
HTWa1604,806,1,boundary_entropy,0,1.0000,False,"threshold=1.0000, median=1.0000"
HTWa1604,806,1,consensus,0,0.0000,False,"4 strategies, 0 accepted"
HTWa1604,806,1,ground_truth,0,0.0000,False,0 divider(s)
HTWa1604,806,1,positional_profile,0,1.0000,False,"start=27, end=11, thr_start=0.333, thr_end=0.333"
HTWa1604,806,1,viterbi_hmm,0,1.0000,False,too short
HTWa1605,807,1,bigram_transition,0,1.0000,False,"threshold=0.012821, p25"
HTWa1605,807,1,boundary_entropy,0,1.0000,False,"threshold=1.0000, median=1.0000"
HTWa1605,807,1,consensus,0,0.0000,False,"4 strategies, 0 accepted"
HTWa1605,807,1,ground_truth,0,0.0000,False,0 divider(s)
HTWa1605,807,1,positional_profile,0,1.0000,False,"start=27, end=11, thr_start=0.333, thr_end=0.333"
HTWa1605,807,1,viterbi_hmm,0,1.0000,False,too short
HTWa1606,808,1,bigram_transition,0,1.0000,False,"threshold=0.012821, p25"
HTWa1606,808,1,boundary_entropy,0,1.0000,False,"threshold=1.0000, median=1.0000"
HTWa1606,808,1,consensus,0,0.0000,False,"4 strategies, 0 accepted"
HTWa1606,808,1,ground_truth,0,0.0000,False,0 divider(s)
HTWa1606,808,1,positional_profile,0,1.0000,False,"start=27, end=11, thr_start=0.333, thr_end=0.333"
HTWa1606,808,1,viterbi_hmm,0,1.0000,False,too short
HTWa1607,809,1,bigram_transition,0,1.0000,False,"threshold=0.012821, p25"
HTWa1607,809,1,boundary_entropy,0,1.0000,False,"threshold=1.0000, median=1.0000"
HTWa1607,809,1,consensus,0,0.0000,False,"4 strategies, 0 accepted"
HTWa1607,809,1,ground_truth,0,0.0000,False,0 divider(s)
HTWa1607,809,1,positional_profile,0,1.0000,False,"start=27, end=11, thr_start=0.333, thr_end=0.333"
HTWa1607,809,1,viterbi_hmm,0,1.0000,False,too short
HTWa1608,810,1,bigram_transition,0,1.0000,False,"threshold=0.012821, p25"
HTWa1608,810,1,boundary_entropy,0,1.0000,False,"threshold=1.0000, median=1.0000"
HTWa1608,810,1,consensus,0,0.0000,False,"4 strategies, 0 accepted"
HTWa1608,810,1,ground_truth,0,0.0000,False,0 divider(s)
HTWa1608,810,1,positional_profile,0,1.0000,False,"start=27, end=11, thr_start=0.333, thr_end=0.333"
HTWa1608,810,1,viterbi_hmm,0,1.0000,False,too short
HTWa1609,811,1,bigram_transition,0,1.0000,False,"threshold=0.012821, p25"
HTWa1609,811,1,boundary_entropy,0,1.0000,False,"threshold=1.0000, median=1.0000"
HTWa1609,811,1,consensus,0,0.0000,False,"4 strategies, 0 accepted"
HTWa1609,811,1,ground_truth,0,0.0000,False,0 divider(s)
HTWa1609,811,1,positional_profile,0,1.0000,False,"start=27, end=11, thr_start=0.333, thr_end=0.333"
HTWa1609,811,1,viterbi_hmm,0,1.0000,False,too short
HTWa1610,812,1,bigram_transition,0,1.0000,False,"threshold=0.012821, p25"
HTWa1610,812,1,boundary_entropy,0,1.0000,False,"threshold=1.0000, median=1.0000"
HTWa1610,812,1,consensus,0,0.0000,False,"4 strategies, 0 accepted"
HTWa1610,812,1,ground_truth,0,0.0000,False,0 divider(s)
HTWa1610,812,1,positional_profile,0,1.0000,False,"start=27, end=11, thr_start=0.333, thr_end=0.333"
HTWa1610,812,1,viterbi_hmm,0,1.0000,False,too short
HTWa1611,813,1,bigram_transition,0,1.0000,False,"threshold=0.012821, p25"
HTWa1611,813,1,boundary_entropy,0,1.0000,False,"threshold=1.0000, median=1.0000"
HTWa1611,813,1,consensus,0,0.0000,False,"4 strategies, 0 accepted"
HTWa1611,813,1,ground_truth,0,0.0000,False,0 divider(s)
HTWa1611,813,1,positional_profile,0,1.0000,False,"start=27, end=11, thr_start=0.333, thr_end=0.333"
HTWa1611,813,1,viterbi_hmm,0,1.0000,False,too short
HTWa1612,814,1,bigram_transition,0,1.0000,False,"threshold=0.012821, p25"
HTWa1612,814,1,boundary_entropy,0,1.0000,False,"threshold=1.0000, median=1.0000"
HTWa1612,814,1,consensus,0,0.0000,False,"4 strategies, 0 accepted"
HTWa1612,814,1,ground_truth,0,0.0000,False,0 divider(s)
HTWa1612,814,1,positional_profile,0,1.0000,False,"start=27, end=11, thr_start=0.333, thr_end=0.333"
HTWa1612,814,1,viterbi_hmm,0,1.0000,False,too short
HTWa1613,815,1,bigram_transition,0,1.0000,False,"threshold=0.012821, p25"
HTWa1613,815,1,boundary_entropy,0,1.0000,False,"threshold=1.0000, median=1.0000"
HTWa1613,815,1,consensus,0,0.0000,False,"4 strategies, 0 accepted"
HTWa1613,815,1,ground_truth,0,0.0000,False,0 divider(s)
HTWa1613,815,1,positional_profile,0,1.0000,False,"start=27, end=11, thr_start=0.333, thr_end=0.333"
HTWa1613,815,1,viterbi_hmm,0,1.0000,False,too short
HTWa1614,816,1,bigram_transition,0,1.0000,False,"threshold=0.012821, p25"
HTWa1614,816,1,boundary_entropy,0,1.0000,False,"threshold=1.0000, median=1.0000"
HTWa1614,816,1,consensus,0,0.0000,False,"4 strategies, 0 accepted"
HTWa1614,816,1,ground_truth,0,0.0000,False,0 divider(s)
HTWa1614,816,1,positional_profile,0,1.0000,False,"start=27, end=11, thr_start=0.333, thr_end=0.333"
HTWa1614,816,1,viterbi_hmm,0,1.0000,False,too short
HTWa1615,817,1,bigram_transition,0,1.0000,False,"threshold=0.012821, p25"
HTWa1615,817,1,boundary_entropy,0,1.0000,False,"threshold=1.0000, median=1.0000"
HTWa1615,817,1,consensus,0,0.0000,False,"4 strategies, 0 accepted"
HTWa1615,817,1,ground_truth,0,0.0000,False,0 divider(s)
HTWa1615,817,1,positional_profile,0,1.0000,False,"start=27, end=11, thr_start=0.333, thr_end=0.333"
HTWa1615,817,1,viterbi_hmm,0,1.0000,False,too short
HTWa1616,818,1,bigram_transition,0,1.0000,False,"threshold=0.012821, p25"
HTWa1616,818,1,boundary_entropy,0,1.0000,False,"threshold=1.0000, median=1.0000"
HTWa1616,818,1,consensus,0,0.0000,False,"4 strategies, 0 accepted"
HTWa1616,818,1,ground_truth,0,0.0000,False,0 divider(s)
HTWa1616,818,1,positional_profile,0,1.0000,False,"start=27, end=11, thr_start=0.333, thr_end=0.333"
HTWa1616,818,1,viterbi_hmm,0,1.0000,False,too short
HTWa1618,819,1,bigram_transition,0,1.0000,False,"threshold=0.012821, p25"
HTWa1618,819,1,boundary_entropy,0,1.0000,False,"threshold=1.0000, median=1.0000"
HTWa1618,819,1,consensus,0,0.0000,False,"4 strategies, 0 accepted"
HTWa1618,819,1,ground_truth,0,0.0000,False,0 divider(s)
HTWa1618,819,1,positional_profile,0,1.0000,False,"start=27, end=11, thr_start=0.333, thr_end=0.333"
HTWa1618,819,1,viterbi_hmm,0,1.0000,False,too short
HTWa1619,820,1,bigram_transition,0,1.0000,False,"threshold=0.012821, p25"
HTWa1619,820,1,boundary_entropy,0,1.0000,False,"threshold=1.0000, median=1.0000"
HTWa1619,820,1,consensus,0,0.0000,False,"4 strategies, 0 accepted"
HTWa1619,820,1,ground_truth,0,0.0000,False,0 divider(s)
HTWa1619,820,1,positional_profile,0,1.0000,False,"start=27, end=11, thr_start=0.333, thr_end=0.333"
HTWa1619,820,1,viterbi_hmm,0,1.0000,False,too short
HTWa1620,821,1,bigram_transition,0,1.0000,False,"threshold=0.012821, p25"
HTWa1620,821,1,boundary_entropy,0,1.0000,False,"threshold=1.0000, median=1.0000"
HTWa1620,821,1,consensus,0,0.0000,False,"4 strategies, 0 accepted"
HTWa1620,821,1,ground_truth,0,0.0000,False,0 divider(s)
HTWa1620,821,1,positional_profile,0,1.0000,False,"start=27, end=11, thr_start=0.333, thr_end=0.333"
HTWa1620,821,1,viterbi_hmm,0,1.0000,False,too short
HTWa1621,822,1,bigram_transition,0,1.0000,False,"threshold=0.012821, p25"
HTWa1621,822,1,boundary_entropy,0,1.0000,False,"threshold=1.0000, median=1.0000"
HTWa1621,822,1,consensus,0,0.0000,False,"4 strategies, 0 accepted"
HTWa1621,822,1,ground_truth,0,0.0000,False,0 divider(s)
HTWa1621,822,1,positional_profile,0,1.0000,False,"start=27, end=11, thr_start=0.333, thr_end=0.333"
HTWa1621,822,1,viterbi_hmm,0,1.0000,False,too short
HTWa1622,823,1,bigram_transition,0,1.0000,False,"threshold=0.012821, p25"
HTWa1622,823,1,boundary_entropy,0,1.0000,False,"threshold=1.0000, median=1.0000"
HTWa1622,823,1,consensus,0,0.0000,False,"4 strategies, 0 accepted"
HTWa1622,823,1,ground_truth,0,0.0000,False,0 divider(s)
HTWa1622,823,1,positional_profile,0,1.0000,False,"start=27, end=11, thr_start=0.333, thr_end=0.333"
HTWa1622,823,1,viterbi_hmm,0,1.0000,False,too short
HTWa1623,824,1,bigram_transition,0,1.0000,False,"threshold=0.012821, p25"
HTWa1623,824,1,boundary_entropy,0,1.0000,False,"threshold=1.0000, median=1.0000"
HTWa1623,824,1,consensus,0,0.0000,False,"4 strategies, 0 accepted"
HTWa1623,824,1,ground_truth,0,0.0000,False,0 divider(s)
HTWa1623,824,1,positional_profile,0,1.0000,False,"start=27, end=11, thr_start=0.333, thr_end=0.333"
HTWa1623,824,1,viterbi_hmm,0,1.0000,False,too short
HTWa1624,825,1,bigram_transition,0,1.0000,False,"threshold=0.012821, p25"
HTWa1624,825,1,boundary_entropy,0,1.0000,False,"threshold=1.0000, median=1.0000"
HTWa1624,825,1,consensus,0,0.0000,False,"4 strategies, 0 accepted"
HTWa1624,825,1,ground_truth,0,0.0000,False,0 divider(s)
HTWa1624,825,1,positional_profile,0,1.0000,False,"start=27, end=11, thr_start=0.333, thr_end=0.333"
HTWa1624,825,1,viterbi_hmm,0,1.0000,False,too short
HTWa1625,826,1,bigram_transition,0,1.0000,False,"threshold=0.012821, p25"
HTWa1625,826,1,boundary_entropy,0,1.0000,False,"threshold=1.0000, median=1.0000"
HTWa1625,826,1,consensus,0,0.0000,False,"4 strategies, 0 accepted"
HTWa1625,826,1,ground_truth,0,0.0000,False,0 divider(s)
HTWa1625,826,1,positional_profile,0,1.0000,False,"start=27, end=11, thr_start=0.333, thr_end=0.333"
HTWa1625,826,1,viterbi_hmm,0,1.0000,False,too short
HTWa1626,827,1,bigram_transition,0,1.0000,False,"threshold=0.012821, p25"
HTWa1626,827,1,boundary_entropy,0,1.0000,False,"threshold=1.0000, median=1.0000"
HTWa1626,827,1,consensus,0,0.0000,False,"4 strategies, 0 accepted"
HTWa1626,827,1,ground_truth,0,0.0000,False,0 divider(s)
HTWa1626,827,1,positional_profile,0,1.0000,False,"start=27, end=11, thr_start=0.333, thr_end=0.333"
HTWa1626,827,1,viterbi_hmm,0,1.0000,False,too short
HTWa1627,828,1,bigram_transition,0,1.0000,False,"threshold=0.012821, p25"
HTWa1627,828,1,boundary_entropy,0,1.0000,False,"threshold=1.0000, median=1.0000"
HTWa1627,828,1,consensus,0,0.0000,False,"4 strategies, 0 accepted"
HTWa1627,828,1,ground_truth,0,0.0000,False,0 divider(s)
HTWa1627,828,1,positional_profile,0,1.0000,False,"start=27, end=11, thr_start=0.333, thr_end=0.333"
HTWa1627,828,1,viterbi_hmm,0,1.0000,False,too short
HTWa1628,829,1,bigram_transition,0,1.0000,False,"threshold=0.012821, p25"
HTWa1628,829,1,boundary_entropy,0,1.0000,False,"threshold=1.0000, median=1.0000"
HTWa1628,829,1,consensus,0,0.0000,False,"4 strategies, 0 accepted"
HTWa1628,829,1,ground_truth,0,0.0000,False,0 divider(s)
HTWa1628,829,1,positional_profile,0,1.0000,False,"start=27, end=11, thr_start=0.333, thr_end=0.333"
HTWa1628,829,1,viterbi_hmm,0,1.0000,False,too short
HTWa1629,830,1,bigram_transition,0,1.0000,False,"threshold=0.012821, p25"
HTWa1629,830,1,boundary_entropy,0,1.0000,False,"threshold=1.0000, median=1.0000"
HTWa1629,830,1,consensus,0,0.0000,False,"4 strategies, 0 accepted"
HTWa1629,830,1,ground_truth,0,0.0000,False,0 divider(s)
HTWa1629,830,1,positional_profile,0,1.0000,False,"start=27, end=11, thr_start=0.333, thr_end=0.333"
HTWa1629,830,1,viterbi_hmm,0,1.0000,False,too short
HTWa1630,831,1,bigram_transition,0,1.0000,False,"threshold=0.012821, p25"
HTWa1630,831,1,boundary_entropy,0,1.0000,False,"threshold=1.0000, median=1.0000"
HTWa1630,831,1,consensus,0,0.0000,False,"4 strategies, 0 accepted"
HTWa1630,831,1,ground_truth,0,0.0000,False,0 divider(s)
HTWa1630,831,1,positional_profile,0,1.0000,False,"start=27, end=11, thr_start=0.333, thr_end=0.333"
HTWa1630,831,1,viterbi_hmm,0,1.0000,False,too short
HTWa1631,832,1,bigram_transition,0,1.0000,False,"threshold=0.012821, p25"
HTWa1631,832,1,boundary_entropy,0,1.0000,False,"threshold=1.0000, median=1.0000"
HTWa1631,832,1,consensus,0,0.0000,False,"4 strategies, 0 accepted"
HTWa1631,832,1,ground_truth,0,0.0000,False,0 divider(s)
HTWa1631,832,1,positional_profile,0,1.0000,False,"start=27, end=11, thr_start=0.333, thr_end=0.333"
HTWa1631,832,1,viterbi_hmm,0,1.0000,False,too short
HTWa1632,833,1,bigram_transition,0,1.0000,False,"threshold=0.012821, p25"
HTWa1632,833,1,boundary_entropy,0,1.0000,False,"threshold=1.0000, median=1.0000"
HTWa1632,833,1,consensus,0,0.0000,False,"4 strategies, 0 accepted"
HTWa1632,833,1,ground_truth,0,0.0000,False,0 divider(s)
HTWa1632,833,1,positional_profile,0,1.0000,False,"start=27, end=11, thr_start=0.333, thr_end=0.333"
HTWa1632,833,1,viterbi_hmm,0,1.0000,False,too short
HTWa1633,834,1,bigram_transition,0,1.0000,False,"threshold=0.012821, p25"
HTWa1633,834,1,boundary_entropy,0,1.0000,False,"threshold=1.0000, median=1.0000"
HTWa1633,834,1,consensus,0,0.0000,False,"4 strategies, 0 accepted"
HTWa1633,834,1,ground_truth,0,0.0000,False,0 divider(s)
HTWa1633,834,1,positional_profile,0,1.0000,False,"start=27, end=11, thr_start=0.333, thr_end=0.333"
HTWa1633,834,1,viterbi_hmm,0,1.0000,False,too short
HTWa1634,835,1,bigram_transition,0,1.0000,False,"threshold=0.012821, p25"
HTWa1634,835,1,boundary_entropy,0,1.0000,False,"threshold=1.0000, median=1.0000"
HTWa1634,835,1,consensus,0,0.0000,False,"4 strategies, 0 accepted"
HTWa1634,835,1,ground_truth,0,0.0000,False,0 divider(s)
HTWa1634,835,1,positional_profile,0,1.0000,False,"start=27, end=11, thr_start=0.333, thr_end=0.333"
HTWa1634,835,1,viterbi_hmm,0,1.0000,False,too short
HTWa1635,836,1,bigram_transition,0,1.0000,False,"threshold=0.012821, p25"
HTWa1635,836,1,boundary_entropy,0,1.0000,False,"threshold=1.0000, median=1.0000"
HTWa1635,836,1,consensus,0,0.0000,False,"4 strategies, 0 accepted"
HTWa1635,836,1,ground_truth,0,0.0000,False,0 divider(s)
HTWa1635,836,1,positional_profile,0,1.0000,False,"start=27, end=11, thr_start=0.333, thr_end=0.333"
HTWa1635,836,1,viterbi_hmm,0,1.0000,False,too short
HTWa1636,837,1,bigram_transition,0,1.0000,False,"threshold=0.012821, p25"
HTWa1636,837,1,boundary_entropy,0,1.0000,False,"threshold=1.0000, median=1.0000"
HTWa1636,837,1,consensus,0,0.0000,False,"4 strategies, 0 accepted"
HTWa1636,837,1,ground_truth,0,0.0000,False,0 divider(s)
HTWa1636,837,1,positional_profile,0,1.0000,False,"start=27, end=11, thr_start=0.333, thr_end=0.333"
HTWa1636,837,1,viterbi_hmm,0,1.0000,False,too short
HTWa1637,838,1,bigram_transition,0,1.0000,False,"threshold=0.012821, p25"
HTWa1637,838,1,boundary_entropy,0,1.0000,False,"threshold=1.0000, median=1.0000"
HTWa1637,838,1,consensus,0,0.0000,False,"4 strategies, 0 accepted"
HTWa1637,838,1,ground_truth,0,0.0000,False,0 divider(s)
HTWa1637,838,1,positional_profile,0,1.0000,False,"start=27, end=11, thr_start=0.333, thr_end=0.333"
HTWa1637,838,1,viterbi_hmm,0,1.0000,False,too short
HTWa1638,839,1,bigram_transition,0,1.0000,False,"threshold=0.012821, p25"
HTWa1638,839,1,boundary_entropy,0,1.0000,False,"threshold=1.0000, median=1.0000"
HTWa1638,839,1,consensus,0,0.0000,False,"4 strategies, 0 accepted"
HTWa1638,839,1,ground_truth,0,0.0000,False,0 divider(s)
HTWa1638,839,1,positional_profile,0,1.0000,False,"start=27, end=11, thr_start=0.333, thr_end=0.333"
HTWa1638,839,1,viterbi_hmm,0,1.0000,False,too short
HTWa1639,840,1,bigram_transition,0,1.0000,False,"threshold=0.012821, p25"
HTWa1639,840,1,boundary_entropy,0,1.0000,False,"threshold=1.0000, median=1.0000"
HTWa1639,840,1,consensus,0,0.0000,False,"4 strategies, 0 accepted"
HTWa1639,840,1,ground_truth,0,0.0000,False,0 divider(s)
HTWa1639,840,1,positional_profile,0,1.0000,False,"start=27, end=11, thr_start=0.333, thr_end=0.333"
HTWa1639,840,1,viterbi_hmm,0,1.0000,False,too short
HTWa1640,841,1,bigram_transition,0,1.0000,False,"threshold=0.012821, p25"
HTWa1640,841,1,boundary_entropy,0,1.0000,False,"threshold=1.0000, median=1.0000"
HTWa1640,841,1,consensus,0,0.0000,False,"4 strategies, 0 accepted"
HTWa1640,841,1,ground_truth,0,0.0000,False,0 divider(s)
HTWa1640,841,1,positional_profile,0,1.0000,False,"start=27, end=11, thr_start=0.333, thr_end=0.333"
HTWa1640,841,1,viterbi_hmm,0,1.0000,False,too short
HTWa1641,842,1,bigram_transition,0,1.0000,False,"threshold=0.012821, p25"
HTWa1641,842,1,boundary_entropy,0,1.0000,False,"threshold=1.0000, median=1.0000"
HTWa1641,842,1,consensus,0,0.0000,False,"4 strategies, 0 accepted"
HTWa1641,842,1,ground_truth,0,0.0000,False,0 divider(s)
HTWa1641,842,1,positional_profile,0,1.0000,False,"start=27, end=11, thr_start=0.333, thr_end=0.333"
HTWa1641,842,1,viterbi_hmm,0,1.0000,False,too short
HTWa1642,843,1,bigram_transition,0,1.0000,False,"threshold=0.012821, p25"
HTWa1642,843,1,boundary_entropy,0,1.0000,False,"threshold=1.0000, median=1.0000"
HTWa1642,843,1,consensus,0,0.0000,False,"4 strategies, 0 accepted"
HTWa1642,843,1,ground_truth,0,0.0000,False,0 divider(s)
HTWa1642,843,1,positional_profile,0,1.0000,False,"start=27, end=11, thr_start=0.333, thr_end=0.333"
HTWa1642,843,1,viterbi_hmm,0,1.0000,False,too short
HTWa1643,844,1,bigram_transition,0,1.0000,False,"threshold=0.012821, p25"
HTWa1643,844,1,boundary_entropy,0,1.0000,False,"threshold=1.0000, median=1.0000"
HTWa1643,844,1,consensus,0,0.0000,False,"4 strategies, 0 accepted"
HTWa1643,844,1,ground_truth,0,0.0000,False,0 divider(s)
HTWa1643,844,1,positional_profile,0,1.0000,False,"start=27, end=11, thr_start=0.333, thr_end=0.333"
HTWa1643,844,1,viterbi_hmm,0,1.0000,False,too short
HTWa1644,845,1,bigram_transition,0,1.0000,False,"threshold=0.012821, p25"
HTWa1644,845,1,boundary_entropy,0,1.0000,False,"threshold=1.0000, median=1.0000"
HTWa1644,845,1,consensus,0,0.0000,False,"4 strategies, 0 accepted"
HTWa1644,845,1,ground_truth,0,0.0000,False,0 divider(s)
HTWa1644,845,1,positional_profile,0,1.0000,False,"start=27, end=11, thr_start=0.333, thr_end=0.333"
HTWa1644,845,1,viterbi_hmm,0,1.0000,False,too short
HTWa1645,846,1,bigram_transition,0,1.0000,False,"threshold=0.012821, p25"
HTWa1645,846,1,boundary_entropy,0,1.0000,False,"threshold=1.0000, median=1.0000"
HTWa1645,846,1,consensus,0,0.0000,False,"4 strategies, 0 accepted"
HTWa1645,846,1,ground_truth,0,0.0000,False,0 divider(s)
HTWa1645,846,1,positional_profile,0,1.0000,False,"start=27, end=11, thr_start=0.333, thr_end=0.333"
HTWa1645,846,1,viterbi_hmm,0,1.0000,False,too short
HTWa1646,847,1,bigram_transition,0,1.0000,False,"threshold=0.012821, p25"
HTWa1646,847,1,boundary_entropy,0,1.0000,False,"threshold=1.0000, median=1.0000"
HTWa1646,847,1,consensus,0,0.0000,False,"4 strategies, 0 accepted"
HTWa1646,847,1,ground_truth,0,0.0000,False,0 divider(s)
HTWa1646,847,1,positional_profile,0,1.0000,False,"start=27, end=11, thr_start=0.333, thr_end=0.333"
HTWa1646,847,1,viterbi_hmm,0,1.0000,False,too short
HTWa1647,848,1,bigram_transition,0,1.0000,False,"threshold=0.012821, p25"
HTWa1647,848,1,boundary_entropy,0,1.0000,False,"threshold=1.0000, median=1.0000"
HTWa1647,848,1,consensus,0,0.0000,False,"4 strategies, 0 accepted"
HTWa1647,848,1,ground_truth,0,0.0000,False,0 divider(s)
HTWa1647,848,1,positional_profile,0,1.0000,False,"start=27, end=11, thr_start=0.333, thr_end=0.333"
HTWa1647,848,1,viterbi_hmm,0,1.0000,False,too short
HTWa1648,849,1,bigram_transition,0,1.0000,False,"threshold=0.012821, p25"
HTWa1648,849,1,boundary_entropy,0,1.0000,False,"threshold=1.0000, median=1.0000"
HTWa1648,849,1,consensus,0,0.0000,False,"4 strategies, 0 accepted"
HTWa1648,849,1,ground_truth,0,0.0000,False,0 divider(s)
HTWa1648,849,1,positional_profile,0,1.0000,False,"start=27, end=11, thr_start=0.333, thr_end=0.333"
HTWa1648,849,1,viterbi_hmm,0,1.0000,False,too short
HTWa1649,850,1,bigram_transition,0,1.0000,False,"threshold=0.012821, p25"
HTWa1649,850,1,boundary_entropy,0,1.0000,False,"threshold=1.0000, median=1.0000"
HTWa1649,850,1,consensus,0,0.0000,False,"4 strategies, 0 accepted"
HTWa1649,850,1,ground_truth,0,0.0000,False,0 divider(s)
HTWa1649,850,1,positional_profile,0,1.0000,False,"start=27, end=11, thr_start=0.333, thr_end=0.333"
HTWa1649,850,1,viterbi_hmm,0,1.0000,False,too short
HTWa1650,851,1,bigram_transition,0,1.0000,False,"threshold=0.012821, p25"
HTWa1650,851,1,boundary_entropy,0,1.0000,False,"threshold=1.0000, median=1.0000"
HTWa1650,851,1,consensus,0,0.0000,False,"4 strategies, 0 accepted"
HTWa1650,851,1,ground_truth,0,0.0000,False,0 divider(s)
HTWa1650,851,1,positional_profile,0,1.0000,False,"start=27, end=11, thr_start=0.333, thr_end=0.333"
HTWa1650,851,1,viterbi_hmm,0,1.0000,False,too short
HTWa1651,852,1,bigram_transition,0,1.0000,False,"threshold=0.012821, p25"
HTWa1651,852,1,boundary_entropy,0,1.0000,False,"threshold=1.0000, median=1.0000"
HTWa1651,852,1,consensus,0,0.0000,False,"4 strategies, 0 accepted"
HTWa1651,852,1,ground_truth,0,0.0000,False,0 divider(s)
HTWa1651,852,1,positional_profile,0,1.0000,False,"start=27, end=11, thr_start=0.333, thr_end=0.333"
HTWa1651,852,1,viterbi_hmm,0,1.0000,False,too short
HTWa1652,853,1,bigram_transition,0,1.0000,False,"threshold=0.012821, p25"
HTWa1652,853,1,boundary_entropy,0,1.0000,False,"threshold=1.0000, median=1.0000"
HTWa1652,853,1,consensus,0,0.0000,False,"4 strategies, 0 accepted"
HTWa1652,853,1,ground_truth,0,0.0000,False,0 divider(s)
HTWa1652,853,1,positional_profile,0,1.0000,False,"start=27, end=11, thr_start=0.333, thr_end=0.333"
HTWa1652,853,1,viterbi_hmm,0,1.0000,False,too short
HTWa1653,854,1,bigram_transition,0,1.0000,False,"threshold=0.012821, p25"
HTWa1653,854,1,boundary_entropy,0,1.0000,False,"threshold=1.0000, median=1.0000"
HTWa1653,854,1,consensus,0,0.0000,False,"4 strategies, 0 accepted"
HTWa1653,854,1,ground_truth,0,0.0000,False,0 divider(s)
HTWa1653,854,1,positional_profile,0,1.0000,False,"start=27, end=11, thr_start=0.333, thr_end=0.333"
HTWa1653,854,1,viterbi_hmm,0,1.0000,False,too short
HTWa1654,855,1,bigram_transition,0,1.0000,False,"threshold=0.012821, p25"
HTWa1654,855,1,boundary_entropy,0,1.0000,False,"threshold=1.0000, median=1.0000"
HTWa1654,855,1,consensus,0,0.0000,False,"4 strategies, 0 accepted"
HTWa1654,855,1,ground_truth,0,0.0000,False,0 divider(s)
HTWa1654,855,1,positional_profile,0,1.0000,False,"start=27, end=11, thr_start=0.333, thr_end=0.333"
HTWa1654,855,1,viterbi_hmm,0,1.0000,False,too short
HTWa1655,856,1,bigram_transition,0,1.0000,False,"threshold=0.012821, p25"
HTWa1655,856,1,boundary_entropy,0,1.0000,False,"threshold=1.0000, median=1.0000"
HTWa1655,856,1,consensus,0,0.0000,False,"4 strategies, 0 accepted"
HTWa1655,856,1,ground_truth,0,0.0000,False,0 divider(s)
HTWa1655,856,1,positional_profile,0,1.0000,False,"start=27, end=11, thr_start=0.333, thr_end=0.333"
HTWa1655,856,1,viterbi_hmm,0,1.0000,False,too short
HTWa1656,857,1,bigram_transition,0,1.0000,False,"threshold=0.012821, p25"
HTWa1656,857,1,boundary_entropy,0,1.0000,False,"threshold=1.0000, median=1.0000"
HTWa1656,857,1,consensus,0,0.0000,False,"4 strategies, 0 accepted"
HTWa1656,857,1,ground_truth,0,0.0000,False,0 divider(s)
HTWa1656,857,1,positional_profile,0,1.0000,False,"start=27, end=11, thr_start=0.333, thr_end=0.333"
HTWa1656,857,1,viterbi_hmm,0,1.0000,False,too short
HTWa1657,858,1,bigram_transition,0,1.0000,False,"threshold=0.012821, p25"
HTWa1657,858,1,boundary_entropy,0,1.0000,False,"threshold=1.0000, median=1.0000"
HTWa1657,858,1,consensus,0,0.0000,False,"4 strategies, 0 accepted"
HTWa1657,858,1,ground_truth,0,0.0000,False,0 divider(s)
HTWa1657,858,1,positional_profile,0,1.0000,False,"start=27, end=11, thr_start=0.333, thr_end=0.333"
HTWa1657,858,1,viterbi_hmm,0,1.0000,False,too short
HTWa1658,859,1,bigram_transition,0,1.0000,False,"threshold=0.012821, p25"
HTWa1658,859,1,boundary_entropy,0,1.0000,False,"threshold=1.0000, median=1.0000"
HTWa1658,859,1,consensus,0,0.0000,False,"4 strategies, 0 accepted"
HTWa1658,859,1,ground_truth,0,0.0000,False,0 divider(s)
HTWa1658,859,1,positional_profile,0,1.0000,False,"start=27, end=11, thr_start=0.333, thr_end=0.333"
HTWa1658,859,1,viterbi_hmm,0,1.0000,False,too short
HTWa1659,860,1,bigram_transition,0,1.0000,False,"threshold=0.012821, p25"
HTWa1659,860,1,boundary_entropy,0,1.0000,False,"threshold=1.0000, median=1.0000"
HTWa1659,860,1,consensus,0,0.0000,False,"4 strategies, 0 accepted"
HTWa1659,860,1,ground_truth,0,0.0000,False,0 divider(s)
HTWa1659,860,1,positional_profile,0,1.0000,False,"start=27, end=11, thr_start=0.333, thr_end=0.333"
HTWa1659,860,1,viterbi_hmm,0,1.0000,False,too short
HTWa1660,861,1,bigram_transition,0,1.0000,False,"threshold=0.012821, p25"
HTWa1660,861,1,boundary_entropy,0,1.0000,False,"threshold=1.0000, median=1.0000"
HTWa1660,861,1,consensus,0,0.0000,False,"4 strategies, 0 accepted"
HTWa1660,861,1,ground_truth,0,0.0000,False,0 divider(s)
HTWa1660,861,1,positional_profile,0,1.0000,False,"start=27, end=11, thr_start=0.333, thr_end=0.333"
HTWa1660,861,1,viterbi_hmm,0,1.0000,False,too short
HTWa1661,862,1,bigram_transition,0,1.0000,False,"threshold=0.012821, p25"
HTWa1661,862,1,boundary_entropy,0,1.0000,False,"threshold=1.0000, median=1.0000"
HTWa1661,862,1,consensus,0,0.0000,False,"4 strategies, 0 accepted"
HTWa1661,862,1,ground_truth,0,0.0000,False,0 divider(s)
HTWa1661,862,1,positional_profile,0,1.0000,False,"start=27, end=11, thr_start=0.333, thr_end=0.333"
HTWa1661,862,1,viterbi_hmm,0,1.0000,False,too short
HTWa1662,863,1,bigram_transition,0,1.0000,False,"threshold=0.012821, p25"
HTWa1662,863,1,boundary_entropy,0,1.0000,False,"threshold=1.0000, median=1.0000"
HTWa1662,863,1,consensus,0,0.0000,False,"4 strategies, 0 accepted"
HTWa1662,863,1,ground_truth,0,0.0000,False,0 divider(s)
HTWa1662,863,1,positional_profile,0,1.0000,False,"start=27, end=11, thr_start=0.333, thr_end=0.333"
HTWa1662,863,1,viterbi_hmm,0,1.0000,False,too short
HTWa1664,864,1,bigram_transition,0,1.0000,False,"threshold=0.012821, p25"
HTWa1664,864,1,boundary_entropy,0,1.0000,False,"threshold=1.0000, median=1.0000"
HTWa1664,864,1,consensus,0,0.0000,False,"4 strategies, 0 accepted"
HTWa1664,864,1,ground_truth,0,0.0000,False,0 divider(s)
HTWa1664,864,1,positional_profile,0,1.0000,False,"start=27, end=11, thr_start=0.333, thr_end=0.333"
HTWa1664,864,1,viterbi_hmm,0,1.0000,False,too short
HTWa1665,865,1,bigram_transition,0,1.0000,False,"threshold=0.012821, p25"
HTWa1665,865,1,boundary_entropy,0,1.0000,False,"threshold=1.0000, median=1.0000"
HTWa1665,865,1,consensus,0,0.0000,False,"4 strategies, 0 accepted"
HTWa1665,865,1,ground_truth,0,0.0000,False,0 divider(s)
HTWa1665,865,1,positional_profile,0,1.0000,False,"start=27, end=11, thr_start=0.333, thr_end=0.333"
HTWa1665,865,1,viterbi_hmm,0,1.0000,False,too short
HTWa1666,866,1,bigram_transition,0,1.0000,False,"threshold=0.012821, p25"
HTWa1666,866,1,boundary_entropy,0,1.0000,False,"threshold=1.0000, median=1.0000"
HTWa1666,866,1,consensus,0,0.0000,False,"4 strategies, 0 accepted"
HTWa1666,866,1,ground_truth,0,0.0000,False,0 divider(s)
HTWa1666,866,1,positional_profile,0,1.0000,False,"start=27, end=11, thr_start=0.333, thr_end=0.333"
HTWa1666,866,1,viterbi_hmm,0,1.0000,False,too short
HTWa1667,867,1,bigram_transition,0,1.0000,False,"threshold=0.012821, p25"
HTWa1667,867,1,boundary_entropy,0,1.0000,False,"threshold=1.0000, median=1.0000"
HTWa1667,867,1,consensus,0,0.0000,False,"4 strategies, 0 accepted"
HTWa1667,867,1,ground_truth,0,0.0000,False,0 divider(s)
HTWa1667,867,1,positional_profile,0,1.0000,False,"start=27, end=11, thr_start=0.333, thr_end=0.333"
HTWa1667,867,1,viterbi_hmm,0,1.0000,False,too short
HTWa1668,868,1,bigram_transition,0,1.0000,False,"threshold=0.012821, p25"
HTWa1668,868,1,boundary_entropy,0,1.0000,False,"threshold=1.0000, median=1.0000"
HTWa1668,868,1,consensus,0,0.0000,False,"4 strategies, 0 accepted"
HTWa1668,868,1,ground_truth,0,0.0000,False,0 divider(s)
HTWa1668,868,1,positional_profile,0,1.0000,False,"start=27, end=11, thr_start=0.333, thr_end=0.333"
HTWa1668,868,1,viterbi_hmm,0,1.0000,False,too short
HTWa1669,869,1,bigram_transition,0,1.0000,False,"threshold=0.012821, p25"
HTWa1669,869,1,boundary_entropy,0,1.0000,False,"threshold=1.0000, median=1.0000"
HTWa1669,869,1,consensus,0,0.0000,False,"4 strategies, 0 accepted"
HTWa1669,869,1,ground_truth,0,0.0000,False,0 divider(s)
HTWa1669,869,1,positional_profile,0,1.0000,False,"start=27, end=11, thr_start=0.333, thr_end=0.333"
HTWa1669,869,1,viterbi_hmm,0,1.0000,False,too short
HTWa1670,870,1,bigram_transition,0,1.0000,False,"threshold=0.012821, p25"
HTWa1670,870,1,boundary_entropy,0,1.0000,False,"threshold=1.0000, median=1.0000"
HTWa1670,870,1,consensus,0,0.0000,False,"4 strategies, 0 accepted"
HTWa1670,870,1,ground_truth,0,0.0000,False,0 divider(s)
HTWa1670,870,1,positional_profile,0,1.0000,False,"start=27, end=11, thr_start=0.333, thr_end=0.333"
HTWa1670,870,1,viterbi_hmm,0,1.0000,False,too short
HTWa1671,871,1,bigram_transition,0,1.0000,False,"threshold=0.012821, p25"
HTWa1671,871,1,boundary_entropy,0,1.0000,False,"threshold=1.0000, median=1.0000"
HTWa1671,871,1,consensus,0,0.0000,False,"4 strategies, 0 accepted"
HTWa1671,871,1,ground_truth,0,0.0000,False,0 divider(s)
HTWa1671,871,1,positional_profile,0,1.0000,False,"start=27, end=11, thr_start=0.333, thr_end=0.333"
HTWa1671,871,1,viterbi_hmm,0,1.0000,False,too short
HTWa1672,872,1,bigram_transition,0,1.0000,False,"threshold=0.012821, p25"
HTWa1672,872,1,boundary_entropy,0,1.0000,False,"threshold=1.0000, median=1.0000"
HTWa1672,872,1,consensus,0,0.0000,False,"4 strategies, 0 accepted"
HTWa1672,872,1,ground_truth,0,0.0000,False,0 divider(s)
HTWa1672,872,1,positional_profile,0,1.0000,False,"start=27, end=11, thr_start=0.333, thr_end=0.333"
HTWa1672,872,1,viterbi_hmm,0,1.0000,False,too short
HTWa1673,873,1,bigram_transition,0,1.0000,False,"threshold=0.012821, p25"
HTWa1673,873,1,boundary_entropy,0,1.0000,False,"threshold=1.0000, median=1.0000"
HTWa1673,873,1,consensus,0,0.0000,False,"4 strategies, 0 accepted"
HTWa1673,873,1,ground_truth,0,0.0000,False,0 divider(s)
HTWa1673,873,1,positional_profile,0,1.0000,False,"start=27, end=11, thr_start=0.333, thr_end=0.333"
HTWa1673,873,1,viterbi_hmm,0,1.0000,False,too short
HTWa1674,874,1,bigram_transition,0,1.0000,False,"threshold=0.012821, p25"
HTWa1674,874,1,boundary_entropy,0,1.0000,False,"threshold=1.0000, median=1.0000"
HTWa1674,874,1,consensus,0,0.0000,False,"4 strategies, 0 accepted"
HTWa1674,874,1,ground_truth,0,0.0000,False,0 divider(s)
HTWa1674,874,1,positional_profile,0,1.0000,False,"start=27, end=11, thr_start=0.333, thr_end=0.333"
HTWa1674,874,1,viterbi_hmm,0,1.0000,False,too short
HTWa1675,875,1,bigram_transition,0,1.0000,False,"threshold=0.012821, p25"
HTWa1675,875,1,boundary_entropy,0,1.0000,False,"threshold=1.0000, median=1.0000"
HTWa1675,875,1,consensus,0,0.0000,False,"4 strategies, 0 accepted"
HTWa1675,875,1,ground_truth,0,0.0000,False,0 divider(s)
HTWa1675,875,1,positional_profile,0,1.0000,False,"start=27, end=11, thr_start=0.333, thr_end=0.333"
HTWa1675,875,1,viterbi_hmm,0,1.0000,False,too short
HTWa1676,876,1,bigram_transition,0,1.0000,False,"threshold=0.012821, p25"
HTWa1676,876,1,boundary_entropy,0,1.0000,False,"threshold=1.0000, median=1.0000"
HTWa1676,876,1,consensus,0,0.0000,False,"4 strategies, 0 accepted"
HTWa1676,876,1,ground_truth,0,0.0000,False,0 divider(s)
HTWa1676,876,1,positional_profile,0,1.0000,False,"start=27, end=11, thr_start=0.333, thr_end=0.333"
HTWa1676,876,1,viterbi_hmm,0,1.0000,False,too short
HTWa1677,877,1,bigram_transition,0,1.0000,False,"threshold=0.012821, p25"
HTWa1677,877,1,boundary_entropy,0,1.0000,False,"threshold=1.0000, median=1.0000"
HTWa1677,877,1,consensus,0,0.0000,False,"4 strategies, 0 accepted"
HTWa1677,877,1,ground_truth,0,0.0000,False,0 divider(s)
HTWa1677,877,1,positional_profile,0,1.0000,False,"start=27, end=11, thr_start=0.333, thr_end=0.333"
HTWa1677,877,1,viterbi_hmm,0,1.0000,False,too short
HTWa1678,878,1,bigram_transition,0,1.0000,False,"threshold=0.012821, p25"
HTWa1678,878,1,boundary_entropy,0,1.0000,False,"threshold=1.0000, median=1.0000"
HTWa1678,878,1,consensus,0,0.0000,False,"4 strategies, 0 accepted"
HTWa1678,878,1,ground_truth,0,0.0000,False,0 divider(s)
HTWa1678,878,1,positional_profile,0,1.0000,False,"start=27, end=11, thr_start=0.333, thr_end=0.333"
HTWa1678,878,1,viterbi_hmm,0,1.0000,False,too short
HTWa1679,879,1,bigram_transition,0,1.0000,False,"threshold=0.012821, p25"
HTWa1679,879,1,boundary_entropy,0,1.0000,False,"threshold=1.0000, median=1.0000"
HTWa1679,879,1,consensus,0,0.0000,False,"4 strategies, 0 accepted"
HTWa1679,879,1,ground_truth,0,0.0000,False,0 divider(s)
HTWa1679,879,1,positional_profile,0,1.0000,False,"start=27, end=11, thr_start=0.333, thr_end=0.333"
HTWa1679,879,1,viterbi_hmm,0,1.0000,False,too short
HTWa1680,880,1,bigram_transition,0,1.0000,False,"threshold=0.012821, p25"
HTWa1680,880,1,boundary_entropy,0,1.0000,False,"threshold=1.0000, median=1.0000"
HTWa1680,880,1,consensus,0,0.0000,False,"4 strategies, 0 accepted"
HTWa1680,880,1,ground_truth,0,0.0000,False,0 divider(s)
HTWa1680,880,1,positional_profile,0,1.0000,False,"start=27, end=11, thr_start=0.333, thr_end=0.333"
HTWa1680,880,1,viterbi_hmm,0,1.0000,False,too short
HTWa1681,881,1,bigram_transition,0,1.0000,False,"threshold=0.012821, p25"
HTWa1681,881,1,boundary_entropy,0,1.0000,False,"threshold=1.0000, median=1.0000"
HTWa1681,881,1,consensus,0,0.0000,False,"4 strategies, 0 accepted"
HTWa1681,881,1,ground_truth,0,0.0000,False,0 divider(s)
HTWa1681,881,1,positional_profile,0,1.0000,False,"start=27, end=11, thr_start=0.333, thr_end=0.333"
HTWa1681,881,1,viterbi_hmm,0,1.0000,False,too short
HTWa1682,882,1,bigram_transition,0,1.0000,False,"threshold=0.012821, p25"
HTWa1682,882,1,boundary_entropy,0,1.0000,False,"threshold=1.0000, median=1.0000"
HTWa1682,882,1,consensus,0,0.0000,False,"4 strategies, 0 accepted"
HTWa1682,882,1,ground_truth,0,0.0000,False,0 divider(s)
HTWa1682,882,1,positional_profile,0,1.0000,False,"start=27, end=11, thr_start=0.333, thr_end=0.333"
HTWa1682,882,1,viterbi_hmm,0,1.0000,False,too short
HTWa1683,883,1,bigram_transition,0,1.0000,False,"threshold=0.012821, p25"
HTWa1683,883,1,boundary_entropy,0,1.0000,False,"threshold=1.0000, median=1.0000"
HTWa1683,883,1,consensus,0,0.0000,False,"4 strategies, 0 accepted"
HTWa1683,883,1,ground_truth,0,0.0000,False,0 divider(s)
HTWa1683,883,1,positional_profile,0,1.0000,False,"start=27, end=11, thr_start=0.333, thr_end=0.333"
HTWa1683,883,1,viterbi_hmm,0,1.0000,False,too short
HTWa1684,884,1,bigram_transition,0,1.0000,False,"threshold=0.012821, p25"
HTWa1684,884,1,boundary_entropy,0,1.0000,False,"threshold=1.0000, median=1.0000"
HTWa1684,884,1,consensus,0,0.0000,False,"4 strategies, 0 accepted"
HTWa1684,884,1,ground_truth,0,0.0000,False,0 divider(s)
HTWa1684,884,1,positional_profile,0,1.0000,False,"start=27, end=11, thr_start=0.333, thr_end=0.333"
HTWa1684,884,1,viterbi_hmm,0,1.0000,False,too short
HTWa1685,885,1,bigram_transition,0,1.0000,False,"threshold=0.012821, p25"
HTWa1685,885,1,boundary_entropy,0,1.0000,False,"threshold=1.0000, median=1.0000"
HTWa1685,885,1,consensus,0,0.0000,False,"4 strategies, 0 accepted"
HTWa1685,885,1,ground_truth,0,0.0000,False,0 divider(s)
HTWa1685,885,1,positional_profile,0,1.0000,False,"start=27, end=11, thr_start=0.333, thr_end=0.333"
HTWa1685,885,1,viterbi_hmm,0,1.0000,False,too short
HTWa1686,886,1,bigram_transition,0,1.0000,False,"threshold=0.012821, p25"
HTWa1686,886,1,boundary_entropy,0,1.0000,False,"threshold=1.0000, median=1.0000"
HTWa1686,886,1,consensus,0,0.0000,False,"4 strategies, 0 accepted"
HTWa1686,886,1,ground_truth,0,0.0000,False,0 divider(s)
HTWa1686,886,1,positional_profile,0,1.0000,False,"start=27, end=11, thr_start=0.333, thr_end=0.333"
HTWa1686,886,1,viterbi_hmm,0,1.0000,False,too short
HTWa1687,887,1,bigram_transition,0,1.0000,False,"threshold=0.012821, p25"
HTWa1687,887,1,boundary_entropy,0,1.0000,False,"threshold=1.0000, median=1.0000"
HTWa1687,887,1,consensus,0,0.0000,False,"4 strategies, 0 accepted"
HTWa1687,887,1,ground_truth,0,0.0000,False,0 divider(s)
HTWa1687,887,1,positional_profile,0,1.0000,False,"start=27, end=11, thr_start=0.333, thr_end=0.333"
HTWa1687,887,1,viterbi_hmm,0,1.0000,False,too short
HTWa1688,888,1,bigram_transition,0,1.0000,False,"threshold=0.012821, p25"
HTWa1688,888,1,boundary_entropy,0,1.0000,False,"threshold=1.0000, median=1.0000"
HTWa1688,888,1,consensus,0,0.0000,False,"4 strategies, 0 accepted"
HTWa1688,888,1,ground_truth,0,0.0000,False,0 divider(s)
HTWa1688,888,1,positional_profile,0,1.0000,False,"start=27, end=11, thr_start=0.333, thr_end=0.333"
HTWa1688,888,1,viterbi_hmm,0,1.0000,False,too short
HTWa1689,889,1,bigram_transition,0,1.0000,False,"threshold=0.012821, p25"
HTWa1689,889,1,boundary_entropy,0,1.0000,False,"threshold=1.0000, median=1.0000"
HTWa1689,889,1,consensus,0,0.0000,False,"4 strategies, 0 accepted"
HTWa1689,889,1,ground_truth,0,0.0000,False,0 divider(s)
HTWa1689,889,1,positional_profile,0,1.0000,False,"start=27, end=11, thr_start=0.333, thr_end=0.333"
HTWa1689,889,1,viterbi_hmm,0,1.0000,False,too short
HTWa1690,890,1,bigram_transition,0,1.0000,False,"threshold=0.012821, p25"
HTWa1690,890,1,boundary_entropy,0,1.0000,False,"threshold=1.0000, median=1.0000"
HTWa1690,890,1,consensus,0,0.0000,False,"4 strategies, 0 accepted"
HTWa1690,890,1,ground_truth,0,0.0000,False,0 divider(s)
HTWa1690,890,1,positional_profile,0,1.0000,False,"start=27, end=11, thr_start=0.333, thr_end=0.333"
HTWa1690,890,1,viterbi_hmm,0,1.0000,False,too short
HTWa1691,891,1,bigram_transition,0,1.0000,False,"threshold=0.012821, p25"
HTWa1691,891,1,boundary_entropy,0,1.0000,False,"threshold=1.0000, median=1.0000"
HTWa1691,891,1,consensus,0,0.0000,False,"4 strategies, 0 accepted"
HTWa1691,891,1,ground_truth,0,0.0000,False,0 divider(s)
HTWa1691,891,1,positional_profile,0,1.0000,False,"start=27, end=11, thr_start=0.333, thr_end=0.333"
HTWa1691,891,1,viterbi_hmm,0,1.0000,False,too short
HTWa1692,892,1,bigram_transition,0,1.0000,False,"threshold=0.012821, p25"
HTWa1692,892,1,boundary_entropy,0,1.0000,False,"threshold=1.0000, median=1.0000"
HTWa1692,892,1,consensus,0,0.0000,False,"4 strategies, 0 accepted"
HTWa1692,892,1,ground_truth,0,0.0000,False,0 divider(s)
HTWa1692,892,1,positional_profile,0,1.0000,False,"start=27, end=11, thr_start=0.333, thr_end=0.333"
HTWa1692,892,1,viterbi_hmm,0,1.0000,False,too short
HTWa1693,893,1,bigram_transition,0,1.0000,False,"threshold=0.012821, p25"
HTWa1693,893,1,boundary_entropy,0,1.0000,False,"threshold=1.0000, median=1.0000"
HTWa1693,893,1,consensus,0,0.0000,False,"4 strategies, 0 accepted"
HTWa1693,893,1,ground_truth,0,0.0000,False,0 divider(s)
HTWa1693,893,1,positional_profile,0,1.0000,False,"start=27, end=11, thr_start=0.333, thr_end=0.333"
HTWa1693,893,1,viterbi_hmm,0,1.0000,False,too short
HTWa1694,894,1,bigram_transition,0,1.0000,False,"threshold=0.012821, p25"
HTWa1694,894,1,boundary_entropy,0,1.0000,False,"threshold=1.0000, median=1.0000"
HTWa1694,894,1,consensus,0,0.0000,False,"4 strategies, 0 accepted"
HTWa1694,894,1,ground_truth,0,0.0000,False,0 divider(s)
HTWa1694,894,1,positional_profile,0,1.0000,False,"start=27, end=11, thr_start=0.333, thr_end=0.333"
HTWa1694,894,1,viterbi_hmm,0,1.0000,False,too short
HTWa1695,895,1,bigram_transition,0,1.0000,False,"threshold=0.012821, p25"
HTWa1695,895,1,boundary_entropy,0,1.0000,False,"threshold=1.0000, median=1.0000"
HTWa1695,895,1,consensus,0,0.0000,False,"4 strategies, 0 accepted"
HTWa1695,895,1,ground_truth,0,0.0000,False,0 divider(s)
HTWa1695,895,1,positional_profile,0,1.0000,False,"start=27, end=11, thr_start=0.333, thr_end=0.333"
HTWa1695,895,1,viterbi_hmm,0,1.0000,False,too short
HTWa1696,896,1,bigram_transition,0,1.0000,False,"threshold=0.012821, p25"
HTWa1696,896,1,boundary_entropy,0,1.0000,False,"threshold=1.0000, median=1.0000"
HTWa1696,896,1,consensus,0,0.0000,False,"4 strategies, 0 accepted"
HTWa1696,896,1,ground_truth,0,0.0000,False,0 divider(s)
HTWa1696,896,1,positional_profile,0,1.0000,False,"start=27, end=11, thr_start=0.333, thr_end=0.333"
HTWa1696,896,1,viterbi_hmm,0,1.0000,False,too short
HTWa1697,897,1,bigram_transition,0,1.0000,False,"threshold=0.012821, p25"
HTWa1697,897,1,boundary_entropy,0,1.0000,False,"threshold=1.0000, median=1.0000"
HTWa1697,897,1,consensus,0,0.0000,False,"4 strategies, 0 accepted"
HTWa1697,897,1,ground_truth,0,0.0000,False,0 divider(s)
HTWa1697,897,1,positional_profile,0,1.0000,False,"start=27, end=11, thr_start=0.333, thr_end=0.333"
HTWa1697,897,1,viterbi_hmm,0,1.0000,False,too short
HTWa1698,898,1,bigram_transition,0,1.0000,False,"threshold=0.012821, p25"
HTWa1698,898,1,boundary_entropy,0,1.0000,False,"threshold=1.0000, median=1.0000"
HTWa1698,898,1,consensus,0,0.0000,False,"4 strategies, 0 accepted"
HTWa1698,898,1,ground_truth,0,0.0000,False,0 divider(s)
HTWa1698,898,1,positional_profile,0,1.0000,False,"start=27, end=11, thr_start=0.333, thr_end=0.333"
HTWa1698,898,1,viterbi_hmm,0,1.0000,False,too short
HTWa1699,899,1,bigram_transition,0,1.0000,False,"threshold=0.012821, p25"
HTWa1699,899,1,boundary_entropy,0,1.0000,False,"threshold=1.0000, median=1.0000"
HTWa1699,899,1,consensus,0,0.0000,False,"4 strategies, 0 accepted"
HTWa1699,899,1,ground_truth,0,0.0000,False,0 divider(s)
HTWa1699,899,1,positional_profile,0,1.0000,False,"start=27, end=11, thr_start=0.333, thr_end=0.333"
HTWa1699,899,1,viterbi_hmm,0,1.0000,False,too short
HTWa1700,900,1,bigram_transition,0,1.0000,False,"threshold=0.012821, p25"
HTWa1700,900,1,boundary_entropy,0,1.0000,False,"threshold=1.0000, median=1.0000"
HTWa1700,900,1,consensus,0,0.0000,False,"4 strategies, 0 accepted"
HTWa1700,900,1,ground_truth,0,0.0000,False,0 divider(s)
HTWa1700,900,1,positional_profile,0,1.0000,False,"start=27, end=11, thr_start=0.333, thr_end=0.333"
HTWa1700,900,1,viterbi_hmm,0,1.0000,False,too short
HTWa1701,901,1,bigram_transition,0,1.0000,False,"threshold=0.012821, p25"
HTWa1701,901,1,boundary_entropy,0,1.0000,False,"threshold=1.0000, median=1.0000"
HTWa1701,901,1,consensus,0,0.0000,False,"4 strategies, 0 accepted"
HTWa1701,901,1,ground_truth,0,0.0000,False,0 divider(s)
HTWa1701,901,1,positional_profile,0,1.0000,False,"start=27, end=11, thr_start=0.333, thr_end=0.333"
HTWa1701,901,1,viterbi_hmm,0,1.0000,False,too short
HTWa1702,902,1,bigram_transition,0,1.0000,False,"threshold=0.012821, p25"
HTWa1702,902,1,boundary_entropy,0,1.0000,False,"threshold=1.0000, median=1.0000"
HTWa1702,902,1,consensus,0,0.0000,False,"4 strategies, 0 accepted"
HTWa1702,902,1,ground_truth,0,0.0000,False,0 divider(s)
HTWa1702,902,1,positional_profile,0,1.0000,False,"start=27, end=11, thr_start=0.333, thr_end=0.333"
HTWa1702,902,1,viterbi_hmm,0,1.0000,False,too short
HTWa1703,903,1,bigram_transition,0,1.0000,False,"threshold=0.012821, p25"
HTWa1703,903,1,boundary_entropy,0,1.0000,False,"threshold=1.0000, median=1.0000"
HTWa1703,903,1,consensus,0,0.0000,False,"4 strategies, 0 accepted"
HTWa1703,903,1,ground_truth,0,0.0000,False,0 divider(s)
HTWa1703,903,1,positional_profile,0,1.0000,False,"start=27, end=11, thr_start=0.333, thr_end=0.333"
HTWa1703,903,1,viterbi_hmm,0,1.0000,False,too short
HTWa1704,904,1,bigram_transition,0,1.0000,False,"threshold=0.012821, p25"
HTWa1704,904,1,boundary_entropy,0,1.0000,False,"threshold=1.0000, median=1.0000"
HTWa1704,904,1,consensus,0,0.0000,False,"4 strategies, 0 accepted"
HTWa1704,904,1,ground_truth,0,0.0000,False,0 divider(s)
HTWa1704,904,1,positional_profile,0,1.0000,False,"start=27, end=11, thr_start=0.333, thr_end=0.333"
HTWa1704,904,1,viterbi_hmm,0,1.0000,False,too short
HTWa1705,905,1,bigram_transition,0,1.0000,False,"threshold=0.012821, p25"
HTWa1705,905,1,boundary_entropy,0,1.0000,False,"threshold=1.0000, median=1.0000"
HTWa1705,905,1,consensus,0,0.0000,False,"4 strategies, 0 accepted"
HTWa1705,905,1,ground_truth,0,0.0000,False,0 divider(s)
HTWa1705,905,1,positional_profile,0,1.0000,False,"start=27, end=11, thr_start=0.333, thr_end=0.333"
HTWa1705,905,1,viterbi_hmm,0,1.0000,False,too short
HTWa1706,906,1,bigram_transition,0,1.0000,False,"threshold=0.012821, p25"
HTWa1706,906,1,boundary_entropy,0,1.0000,False,"threshold=1.0000, median=1.0000"
HTWa1706,906,1,consensus,0,0.0000,False,"4 strategies, 0 accepted"
HTWa1706,906,1,ground_truth,0,0.0000,False,0 divider(s)
HTWa1706,906,1,positional_profile,0,1.0000,False,"start=27, end=11, thr_start=0.333, thr_end=0.333"
HTWa1706,906,1,viterbi_hmm,0,1.0000,False,too short
HTWa1707,907,1,bigram_transition,0,1.0000,False,"threshold=0.012821, p25"
HTWa1707,907,1,boundary_entropy,0,1.0000,False,"threshold=1.0000, median=1.0000"
HTWa1707,907,1,consensus,0,0.0000,False,"4 strategies, 0 accepted"
HTWa1707,907,1,ground_truth,0,0.0000,False,0 divider(s)
HTWa1707,907,1,positional_profile,0,1.0000,False,"start=27, end=11, thr_start=0.333, thr_end=0.333"
HTWa1707,907,1,viterbi_hmm,0,1.0000,False,too short
HTWa1708,908,1,bigram_transition,0,1.0000,False,"threshold=0.012821, p25"
HTWa1708,908,1,boundary_entropy,0,1.0000,False,"threshold=1.0000, median=1.0000"
HTWa1708,908,1,consensus,0,0.0000,False,"4 strategies, 0 accepted"
HTWa1708,908,1,ground_truth,0,0.0000,False,0 divider(s)
HTWa1708,908,1,positional_profile,0,1.0000,False,"start=27, end=11, thr_start=0.333, thr_end=0.333"
HTWa1708,908,1,viterbi_hmm,0,1.0000,False,too short
HTWa1709,909,1,bigram_transition,0,1.0000,False,"threshold=0.012821, p25"
HTWa1709,909,1,boundary_entropy,0,1.0000,False,"threshold=1.0000, median=1.0000"
HTWa1709,909,1,consensus,0,0.0000,False,"4 strategies, 0 accepted"
HTWa1709,909,1,ground_truth,0,0.0000,False,0 divider(s)
HTWa1709,909,1,positional_profile,0,1.0000,False,"start=27, end=11, thr_start=0.333, thr_end=0.333"
HTWa1709,909,1,viterbi_hmm,0,1.0000,False,too short
HTWa1710,910,1,bigram_transition,0,1.0000,False,"threshold=0.012821, p25"
HTWa1710,910,1,boundary_entropy,0,1.0000,False,"threshold=1.0000, median=1.0000"
HTWa1710,910,1,consensus,0,0.0000,False,"4 strategies, 0 accepted"
HTWa1710,910,1,ground_truth,0,0.0000,False,0 divider(s)
HTWa1710,910,1,positional_profile,0,1.0000,False,"start=27, end=11, thr_start=0.333, thr_end=0.333"
HTWa1710,910,1,viterbi_hmm,0,1.0000,False,too short
HTWa1711,911,1,bigram_transition,0,1.0000,False,"threshold=0.012821, p25"
HTWa1711,911,1,boundary_entropy,0,1.0000,False,"threshold=1.0000, median=1.0000"
HTWa1711,911,1,consensus,0,0.0000,False,"4 strategies, 0 accepted"
HTWa1711,911,1,ground_truth,0,0.0000,False,0 divider(s)
HTWa1711,911,1,positional_profile,0,1.0000,False,"start=27, end=11, thr_start=0.333, thr_end=0.333"
HTWa1711,911,1,viterbi_hmm,0,1.0000,False,too short
HTWa1712,912,1,bigram_transition,0,1.0000,False,"threshold=0.012821, p25"
HTWa1712,912,1,boundary_entropy,0,1.0000,False,"threshold=1.0000, median=1.0000"
HTWa1712,912,1,consensus,0,0.0000,False,"4 strategies, 0 accepted"
HTWa1712,912,1,ground_truth,0,0.0000,False,0 divider(s)
HTWa1712,912,1,positional_profile,0,1.0000,False,"start=27, end=11, thr_start=0.333, thr_end=0.333"
HTWa1712,912,1,viterbi_hmm,0,1.0000,False,too short
HTWa1713,913,1,bigram_transition,0,1.0000,False,"threshold=0.012821, p25"
HTWa1713,913,1,boundary_entropy,0,1.0000,False,"threshold=1.0000, median=1.0000"
HTWa1713,913,1,consensus,0,0.0000,False,"4 strategies, 0 accepted"
HTWa1713,913,1,ground_truth,0,0.0000,False,0 divider(s)
HTWa1713,913,1,positional_profile,0,1.0000,False,"start=27, end=11, thr_start=0.333, thr_end=0.333"
HTWa1713,913,1,viterbi_hmm,0,1.0000,False,too short
HTWa1714,914,1,bigram_transition,0,1.0000,False,"threshold=0.012821, p25"
HTWa1714,914,1,boundary_entropy,0,1.0000,False,"threshold=1.0000, median=1.0000"
HTWa1714,914,1,consensus,0,0.0000,False,"4 strategies, 0 accepted"
HTWa1714,914,1,ground_truth,0,0.0000,False,0 divider(s)
HTWa1714,914,1,positional_profile,0,1.0000,False,"start=27, end=11, thr_start=0.333, thr_end=0.333"
HTWa1714,914,1,viterbi_hmm,0,1.0000,False,too short
HTWa1715,915,1,bigram_transition,0,1.0000,False,"threshold=0.012821, p25"
HTWa1715,915,1,boundary_entropy,0,1.0000,False,"threshold=1.0000, median=1.0000"
HTWa1715,915,1,consensus,0,0.0000,False,"4 strategies, 0 accepted"
HTWa1715,915,1,ground_truth,0,0.0000,False,0 divider(s)
HTWa1715,915,1,positional_profile,0,1.0000,False,"start=27, end=11, thr_start=0.333, thr_end=0.333"
HTWa1715,915,1,viterbi_hmm,0,1.0000,False,too short
HTWa1716,916,1,bigram_transition,0,1.0000,False,"threshold=0.012821, p25"
HTWa1716,916,1,boundary_entropy,0,1.0000,False,"threshold=1.0000, median=1.0000"
HTWa1716,916,1,consensus,0,0.0000,False,"4 strategies, 0 accepted"
HTWa1716,916,1,ground_truth,0,0.0000,False,0 divider(s)
HTWa1716,916,1,positional_profile,0,1.0000,False,"start=27, end=11, thr_start=0.333, thr_end=0.333"
HTWa1716,916,1,viterbi_hmm,0,1.0000,False,too short
HTWa1717,917,1,bigram_transition,0,1.0000,False,"threshold=0.012821, p25"
HTWa1717,917,1,boundary_entropy,0,1.0000,False,"threshold=1.0000, median=1.0000"
HTWa1717,917,1,consensus,0,0.0000,False,"4 strategies, 0 accepted"
HTWa1717,917,1,ground_truth,0,0.0000,False,0 divider(s)
HTWa1717,917,1,positional_profile,0,1.0000,False,"start=27, end=11, thr_start=0.333, thr_end=0.333"
HTWa1717,917,1,viterbi_hmm,0,1.0000,False,too short
HTWa1718,918,1,bigram_transition,0,1.0000,False,"threshold=0.012821, p25"
HTWa1718,918,1,boundary_entropy,0,1.0000,False,"threshold=1.0000, median=1.0000"
HTWa1718,918,1,consensus,0,0.0000,False,"4 strategies, 0 accepted"
HTWa1718,918,1,ground_truth,0,0.0000,False,0 divider(s)
HTWa1718,918,1,positional_profile,0,1.0000,False,"start=27, end=11, thr_start=0.333, thr_end=0.333"
HTWa1718,918,1,viterbi_hmm,0,1.0000,False,too short
HTWa1719,919,1,bigram_transition,0,1.0000,False,"threshold=0.012821, p25"
HTWa1719,919,1,boundary_entropy,0,1.0000,False,"threshold=1.0000, median=1.0000"
HTWa1719,919,1,consensus,0,0.0000,False,"4 strategies, 0 accepted"
HTWa1719,919,1,ground_truth,0,0.0000,False,0 divider(s)
HTWa1719,919,1,positional_profile,0,1.0000,False,"start=27, end=11, thr_start=0.333, thr_end=0.333"
HTWa1719,919,1,viterbi_hmm,0,1.0000,False,too short
HTWa1720,920,1,bigram_transition,0,1.0000,False,"threshold=0.012821, p25"
HTWa1720,920,1,boundary_entropy,0,1.0000,False,"threshold=1.0000, median=1.0000"
HTWa1720,920,1,consensus,0,0.0000,False,"4 strategies, 0 accepted"
HTWa1720,920,1,ground_truth,0,0.0000,False,0 divider(s)
HTWa1720,920,1,positional_profile,0,1.0000,False,"start=27, end=11, thr_start=0.333, thr_end=0.333"
HTWa1720,920,1,viterbi_hmm,0,1.0000,False,too short
HTWa1721,921,1,bigram_transition,0,1.0000,False,"threshold=0.012821, p25"
HTWa1721,921,1,boundary_entropy,0,1.0000,False,"threshold=1.0000, median=1.0000"
HTWa1721,921,1,consensus,0,0.0000,False,"4 strategies, 0 accepted"
HTWa1721,921,1,ground_truth,0,0.0000,False,0 divider(s)
HTWa1721,921,1,positional_profile,0,1.0000,False,"start=27, end=11, thr_start=0.333, thr_end=0.333"
HTWa1721,921,1,viterbi_hmm,0,1.0000,False,too short
HTWa1722,922,1,bigram_transition,0,1.0000,False,"threshold=0.012821, p25"
HTWa1722,922,1,boundary_entropy,0,1.0000,False,"threshold=1.0000, median=1.0000"
HTWa1722,922,1,consensus,0,0.0000,False,"4 strategies, 0 accepted"
HTWa1722,922,1,ground_truth,0,0.0000,False,0 divider(s)
HTWa1722,922,1,positional_profile,0,1.0000,False,"start=27, end=11, thr_start=0.333, thr_end=0.333"
HTWa1722,922,1,viterbi_hmm,0,1.0000,False,too short
HTWa1723,923,1,bigram_transition,0,1.0000,False,"threshold=0.012821, p25"
HTWa1723,923,1,boundary_entropy,0,1.0000,False,"threshold=1.0000, median=1.0000"
HTWa1723,923,1,consensus,0,0.0000,False,"4 strategies, 0 accepted"
HTWa1723,923,1,ground_truth,0,0.0000,False,0 divider(s)
HTWa1723,923,1,positional_profile,0,1.0000,False,"start=27, end=11, thr_start=0.333, thr_end=0.333"
HTWa1723,923,1,viterbi_hmm,0,1.0000,False,too short
HTWa1724,924,1,bigram_transition,0,1.0000,False,"threshold=0.012821, p25"
HTWa1724,924,1,boundary_entropy,0,1.0000,False,"threshold=1.0000, median=1.0000"
HTWa1724,924,1,consensus,0,0.0000,False,"4 strategies, 0 accepted"
HTWa1724,924,1,ground_truth,0,0.0000,False,0 divider(s)
HTWa1724,924,1,positional_profile,0,1.0000,False,"start=27, end=11, thr_start=0.333, thr_end=0.333"
HTWa1724,924,1,viterbi_hmm,0,1.0000,False,too short
HTWa1725,925,1,bigram_transition,0,1.0000,False,"threshold=0.012821, p25"
HTWa1725,925,1,boundary_entropy,0,1.0000,False,"threshold=1.0000, median=1.0000"
HTWa1725,925,1,consensus,0,0.0000,False,"4 strategies, 0 accepted"
HTWa1725,925,1,ground_truth,0,0.0000,False,0 divider(s)
HTWa1725,925,1,positional_profile,0,1.0000,False,"start=27, end=11, thr_start=0.333, thr_end=0.333"
HTWa1725,925,1,viterbi_hmm,0,1.0000,False,too short
HTWa1726,926,1,bigram_transition,0,1.0000,False,"threshold=0.012821, p25"
HTWa1726,926,1,boundary_entropy,0,1.0000,False,"threshold=1.0000, median=1.0000"
HTWa1726,926,1,consensus,0,0.0000,False,"4 strategies, 0 accepted"
HTWa1726,926,1,ground_truth,0,0.0000,False,0 divider(s)
HTWa1726,926,1,positional_profile,0,1.0000,False,"start=27, end=11, thr_start=0.333, thr_end=0.333"
HTWa1726,926,1,viterbi_hmm,0,1.0000,False,too short
HTWa1727,927,1,bigram_transition,0,1.0000,False,"threshold=0.012821, p25"
HTWa1727,927,1,boundary_entropy,0,1.0000,False,"threshold=1.0000, median=1.0000"
HTWa1727,927,1,consensus,0,0.0000,False,"4 strategies, 0 accepted"
HTWa1727,927,1,ground_truth,0,0.0000,False,0 divider(s)
HTWa1727,927,1,positional_profile,0,1.0000,False,"start=27, end=11, thr_start=0.333, thr_end=0.333"
HTWa1727,927,1,viterbi_hmm,0,1.0000,False,too short
HTWa1728,928,1,bigram_transition,0,1.0000,False,"threshold=0.012821, p25"
HTWa1728,928,1,boundary_entropy,0,1.0000,False,"threshold=1.0000, median=1.0000"
HTWa1728,928,1,consensus,0,0.0000,False,"4 strategies, 0 accepted"
HTWa1728,928,1,ground_truth,0,0.0000,False,0 divider(s)
HTWa1728,928,1,positional_profile,0,1.0000,False,"start=27, end=11, thr_start=0.333, thr_end=0.333"
HTWa1728,928,1,viterbi_hmm,0,1.0000,False,too short
HTWa1729,929,1,bigram_transition,0,1.0000,False,"threshold=0.012821, p25"
HTWa1729,929,1,boundary_entropy,0,1.0000,False,"threshold=1.0000, median=1.0000"
HTWa1729,929,1,consensus,0,0.0000,False,"4 strategies, 0 accepted"
HTWa1729,929,1,ground_truth,0,0.0000,False,0 divider(s)
HTWa1729,929,1,positional_profile,0,1.0000,False,"start=27, end=11, thr_start=0.333, thr_end=0.333"
HTWa1729,929,1,viterbi_hmm,0,1.0000,False,too short
HTWa1730,930,1,bigram_transition,0,1.0000,False,"threshold=0.012821, p25"
HTWa1730,930,1,boundary_entropy,0,1.0000,False,"threshold=1.0000, median=1.0000"
HTWa1730,930,1,consensus,0,0.0000,False,"4 strategies, 0 accepted"
HTWa1730,930,1,ground_truth,0,0.0000,False,0 divider(s)
HTWa1730,930,1,positional_profile,0,1.0000,False,"start=27, end=11, thr_start=0.333, thr_end=0.333"
HTWa1730,930,1,viterbi_hmm,0,1.0000,False,too short
HTWa1731,931,1,bigram_transition,0,1.0000,False,"threshold=0.012821, p25"
HTWa1731,931,1,boundary_entropy,0,1.0000,False,"threshold=1.0000, median=1.0000"
HTWa1731,931,1,consensus,0,0.0000,False,"4 strategies, 0 accepted"
HTWa1731,931,1,ground_truth,0,0.0000,False,0 divider(s)
HTWa1731,931,1,positional_profile,0,1.0000,False,"start=27, end=11, thr_start=0.333, thr_end=0.333"
HTWa1731,931,1,viterbi_hmm,0,1.0000,False,too short
HTWa1732,932,1,bigram_transition,0,1.0000,False,"threshold=0.012821, p25"
HTWa1732,932,1,boundary_entropy,0,1.0000,False,"threshold=1.0000, median=1.0000"
HTWa1732,932,1,consensus,0,0.0000,False,"4 strategies, 0 accepted"
HTWa1732,932,1,ground_truth,0,0.0000,False,0 divider(s)
HTWa1732,932,1,positional_profile,0,1.0000,False,"start=27, end=11, thr_start=0.333, thr_end=0.333"
HTWa1732,932,1,viterbi_hmm,0,1.0000,False,too short
HTWa1733,933,1,bigram_transition,0,1.0000,False,"threshold=0.012821, p25"
HTWa1733,933,1,boundary_entropy,0,1.0000,False,"threshold=1.0000, median=1.0000"
HTWa1733,933,1,consensus,0,0.0000,False,"4 strategies, 0 accepted"
HTWa1733,933,1,ground_truth,0,0.0000,False,0 divider(s)
HTWa1733,933,1,positional_profile,0,1.0000,False,"start=27, end=11, thr_start=0.333, thr_end=0.333"
HTWa1733,933,1,viterbi_hmm,0,1.0000,False,too short
HTWa1734,934,1,bigram_transition,0,1.0000,False,"threshold=0.012821, p25"
HTWa1734,934,1,boundary_entropy,0,1.0000,False,"threshold=1.0000, median=1.0000"
HTWa1734,934,1,consensus,0,0.0000,False,"4 strategies, 0 accepted"
HTWa1734,934,1,ground_truth,0,0.0000,False,0 divider(s)
HTWa1734,934,1,positional_profile,0,1.0000,False,"start=27, end=11, thr_start=0.333, thr_end=0.333"
HTWa1734,934,1,viterbi_hmm,0,1.0000,False,too short
HTWa1735,935,1,bigram_transition,0,1.0000,False,"threshold=0.012821, p25"
HTWa1735,935,1,boundary_entropy,0,1.0000,False,"threshold=1.0000, median=1.0000"
HTWa1735,935,1,consensus,0,0.0000,False,"4 strategies, 0 accepted"
HTWa1735,935,1,ground_truth,0,0.0000,False,0 divider(s)
HTWa1735,935,1,positional_profile,0,1.0000,False,"start=27, end=11, thr_start=0.333, thr_end=0.333"
HTWa1735,935,1,viterbi_hmm,0,1.0000,False,too short
HTWa1736,936,1,bigram_transition,0,1.0000,False,"threshold=0.012821, p25"
HTWa1736,936,1,boundary_entropy,0,1.0000,False,"threshold=1.0000, median=1.0000"
HTWa1736,936,1,consensus,0,0.0000,False,"4 strategies, 0 accepted"
HTWa1736,936,1,ground_truth,0,0.0000,False,0 divider(s)
HTWa1736,936,1,positional_profile,0,1.0000,False,"start=27, end=11, thr_start=0.333, thr_end=0.333"
HTWa1736,936,1,viterbi_hmm,0,1.0000,False,too short
HTWa1737,937,1,bigram_transition,0,1.0000,False,"threshold=0.012821, p25"
HTWa1737,937,1,boundary_entropy,0,1.0000,False,"threshold=1.0000, median=1.0000"
HTWa1737,937,1,consensus,0,0.0000,False,"4 strategies, 0 accepted"
HTWa1737,937,1,ground_truth,0,0.0000,False,0 divider(s)
HTWa1737,937,1,positional_profile,0,1.0000,False,"start=27, end=11, thr_start=0.333, thr_end=0.333"
HTWa1737,937,1,viterbi_hmm,0,1.0000,False,too short
HTWa1738,938,1,bigram_transition,0,1.0000,False,"threshold=0.012821, p25"
HTWa1738,938,1,boundary_entropy,0,1.0000,False,"threshold=1.0000, median=1.0000"
HTWa1738,938,1,consensus,0,0.0000,False,"4 strategies, 0 accepted"
HTWa1738,938,1,ground_truth,0,0.0000,False,0 divider(s)
HTWa1738,938,1,positional_profile,0,1.0000,False,"start=27, end=11, thr_start=0.333, thr_end=0.333"
HTWa1738,938,1,viterbi_hmm,0,1.0000,False,too short
HTWa1739,939,1,bigram_transition,0,1.0000,False,"threshold=0.012821, p25"
HTWa1739,939,1,boundary_entropy,0,1.0000,False,"threshold=1.0000, median=1.0000"
HTWa1739,939,1,consensus,0,0.0000,False,"4 strategies, 0 accepted"
HTWa1739,939,1,ground_truth,0,0.0000,False,0 divider(s)
HTWa1739,939,1,positional_profile,0,1.0000,False,"start=27, end=11, thr_start=0.333, thr_end=0.333"
HTWa1739,939,1,viterbi_hmm,0,1.0000,False,too short
HTWa1740,940,1,bigram_transition,0,1.0000,False,"threshold=0.012821, p25"
HTWa1740,940,1,boundary_entropy,0,1.0000,False,"threshold=1.0000, median=1.0000"
HTWa1740,940,1,consensus,0,0.0000,False,"4 strategies, 0 accepted"
HTWa1740,940,1,ground_truth,0,0.0000,False,0 divider(s)
HTWa1740,940,1,positional_profile,0,1.0000,False,"start=27, end=11, thr_start=0.333, thr_end=0.333"
HTWa1740,940,1,viterbi_hmm,0,1.0000,False,too short
HTWa1741,941,1,bigram_transition,0,1.0000,False,"threshold=0.012821, p25"
HTWa1741,941,1,boundary_entropy,0,1.0000,False,"threshold=1.0000, median=1.0000"
HTWa1741,941,1,consensus,0,0.0000,False,"4 strategies, 0 accepted"
HTWa1741,941,1,ground_truth,0,0.0000,False,0 divider(s)
HTWa1741,941,1,positional_profile,0,1.0000,False,"start=27, end=11, thr_start=0.333, thr_end=0.333"
HTWa1741,941,1,viterbi_hmm,0,1.0000,False,too short
HTWa1742,942,1,bigram_transition,0,1.0000,False,"threshold=0.012821, p25"
HTWa1742,942,1,boundary_entropy,0,1.0000,False,"threshold=1.0000, median=1.0000"
HTWa1742,942,1,consensus,0,0.0000,False,"4 strategies, 0 accepted"
HTWa1742,942,1,ground_truth,0,0.0000,False,0 divider(s)
HTWa1742,942,1,positional_profile,0,1.0000,False,"start=27, end=11, thr_start=0.333, thr_end=0.333"
HTWa1742,942,1,viterbi_hmm,0,1.0000,False,too short
HTWa1743,943,1,bigram_transition,0,1.0000,False,"threshold=0.012821, p25"
HTWa1743,943,1,boundary_entropy,0,1.0000,False,"threshold=1.0000, median=1.0000"
HTWa1743,943,1,consensus,0,0.0000,False,"4 strategies, 0 accepted"
HTWa1743,943,1,ground_truth,0,0.0000,False,0 divider(s)
HTWa1743,943,1,positional_profile,0,1.0000,False,"start=27, end=11, thr_start=0.333, thr_end=0.333"
HTWa1743,943,1,viterbi_hmm,0,1.0000,False,too short
HTWa1744,944,1,bigram_transition,0,1.0000,False,"threshold=0.012821, p25"
HTWa1744,944,1,boundary_entropy,0,1.0000,False,"threshold=1.0000, median=1.0000"
HTWa1744,944,1,consensus,0,0.0000,False,"4 strategies, 0 accepted"
HTWa1744,944,1,ground_truth,0,0.0000,False,0 divider(s)
HTWa1744,944,1,positional_profile,0,1.0000,False,"start=27, end=11, thr_start=0.333, thr_end=0.333"
HTWa1744,944,1,viterbi_hmm,0,1.0000,False,too short
HTWa1745,945,1,bigram_transition,0,1.0000,False,"threshold=0.012821, p25"
HTWa1745,945,1,boundary_entropy,0,1.0000,False,"threshold=1.0000, median=1.0000"
HTWa1745,945,1,consensus,0,0.0000,False,"4 strategies, 0 accepted"
HTWa1745,945,1,ground_truth,0,0.0000,False,0 divider(s)
HTWa1745,945,1,positional_profile,0,1.0000,False,"start=27, end=11, thr_start=0.333, thr_end=0.333"
HTWa1745,945,1,viterbi_hmm,0,1.0000,False,too short
HTWa1746,946,1,bigram_transition,0,1.0000,False,"threshold=0.012821, p25"
HTWa1746,946,1,boundary_entropy,0,1.0000,False,"threshold=1.0000, median=1.0000"
HTWa1746,946,1,consensus,0,0.0000,False,"4 strategies, 0 accepted"
HTWa1746,946,1,ground_truth,0,0.0000,False,0 divider(s)
HTWa1746,946,1,positional_profile,0,1.0000,False,"start=27, end=11, thr_start=0.333, thr_end=0.333"
HTWa1746,946,1,viterbi_hmm,0,1.0000,False,too short
HTWa1747,947,1,bigram_transition,0,1.0000,False,"threshold=0.012821, p25"
HTWa1747,947,1,boundary_entropy,0,1.0000,False,"threshold=1.0000, median=1.0000"
HTWa1747,947,1,consensus,0,0.0000,False,"4 strategies, 0 accepted"
HTWa1747,947,1,ground_truth,0,0.0000,False,0 divider(s)
HTWa1747,947,1,positional_profile,0,1.0000,False,"start=27, end=11, thr_start=0.333, thr_end=0.333"
HTWa1747,947,1,viterbi_hmm,0,1.0000,False,too short
HTWa1748,948,1,bigram_transition,0,1.0000,False,"threshold=0.012821, p25"
HTWa1748,948,1,boundary_entropy,0,1.0000,False,"threshold=1.0000, median=1.0000"
HTWa1748,948,1,consensus,0,0.0000,False,"4 strategies, 0 accepted"
HTWa1748,948,1,ground_truth,0,0.0000,False,0 divider(s)
HTWa1748,948,1,positional_profile,0,1.0000,False,"start=27, end=11, thr_start=0.333, thr_end=0.333"
HTWa1748,948,1,viterbi_hmm,0,1.0000,False,too short
HTWa1749,949,1,bigram_transition,0,1.0000,False,"threshold=0.012821, p25"
HTWa1749,949,1,boundary_entropy,0,1.0000,False,"threshold=1.0000, median=1.0000"
HTWa1749,949,1,consensus,0,0.0000,False,"4 strategies, 0 accepted"
HTWa1749,949,1,ground_truth,0,0.0000,False,0 divider(s)
HTWa1749,949,1,positional_profile,0,1.0000,False,"start=27, end=11, thr_start=0.333, thr_end=0.333"
HTWa1749,949,1,viterbi_hmm,0,1.0000,False,too short
HTWa1750,950,1,bigram_transition,0,1.0000,False,"threshold=0.012821, p25"
HTWa1750,950,1,boundary_entropy,0,1.0000,False,"threshold=1.0000, median=1.0000"
HTWa1750,950,1,consensus,0,0.0000,False,"4 strategies, 0 accepted"
HTWa1750,950,1,ground_truth,0,0.0000,False,0 divider(s)
HTWa1750,950,1,positional_profile,0,1.0000,False,"start=27, end=11, thr_start=0.333, thr_end=0.333"
HTWa1750,950,1,viterbi_hmm,0,1.0000,False,too short
HTWa1751,951,1,bigram_transition,0,1.0000,False,"threshold=0.012821, p25"
HTWa1751,951,1,boundary_entropy,0,1.0000,False,"threshold=1.0000, median=1.0000"
HTWa1751,951,1,consensus,0,0.0000,False,"4 strategies, 0 accepted"
HTWa1751,951,1,ground_truth,0,0.0000,False,0 divider(s)
HTWa1751,951,1,positional_profile,0,1.0000,False,"start=27, end=11, thr_start=0.333, thr_end=0.333"
HTWa1751,951,1,viterbi_hmm,0,1.0000,False,too short
HTWa1752,952,1,bigram_transition,0,1.0000,False,"threshold=0.012821, p25"
HTWa1752,952,1,boundary_entropy,0,1.0000,False,"threshold=1.0000, median=1.0000"
HTWa1752,952,1,consensus,0,0.0000,False,"4 strategies, 0 accepted"
HTWa1752,952,1,ground_truth,0,0.0000,False,0 divider(s)
HTWa1752,952,1,positional_profile,0,1.0000,False,"start=27, end=11, thr_start=0.333, thr_end=0.333"
HTWa1752,952,1,viterbi_hmm,0,1.0000,False,too short
HTWa1753,953,1,bigram_transition,0,1.0000,False,"threshold=0.012821, p25"
HTWa1753,953,1,boundary_entropy,0,1.0000,False,"threshold=1.0000, median=1.0000"
HTWa1753,953,1,consensus,0,0.0000,False,"4 strategies, 0 accepted"
HTWa1753,953,1,ground_truth,0,0.0000,False,0 divider(s)
HTWa1753,953,1,positional_profile,0,1.0000,False,"start=27, end=11, thr_start=0.333, thr_end=0.333"
HTWa1753,953,1,viterbi_hmm,0,1.0000,False,too short
HTWa1754,954,1,bigram_transition,0,1.0000,False,"threshold=0.012821, p25"
HTWa1754,954,1,boundary_entropy,0,1.0000,False,"threshold=1.0000, median=1.0000"
HTWa1754,954,1,consensus,0,0.0000,False,"4 strategies, 0 accepted"
HTWa1754,954,1,ground_truth,0,0.0000,False,0 divider(s)
HTWa1754,954,1,positional_profile,0,1.0000,False,"start=27, end=11, thr_start=0.333, thr_end=0.333"
HTWa1754,954,1,viterbi_hmm,0,1.0000,False,too short
HTWa1755,955,1,bigram_transition,0,1.0000,False,"threshold=0.012821, p25"
HTWa1755,955,1,boundary_entropy,0,1.0000,False,"threshold=1.0000, median=1.0000"
HTWa1755,955,1,consensus,0,0.0000,False,"4 strategies, 0 accepted"
HTWa1755,955,1,ground_truth,0,0.0000,False,0 divider(s)
HTWa1755,955,1,positional_profile,0,1.0000,False,"start=27, end=11, thr_start=0.333, thr_end=0.333"
HTWa1755,955,1,viterbi_hmm,0,1.0000,False,too short
HTWa1756,956,1,bigram_transition,0,1.0000,False,"threshold=0.012821, p25"
HTWa1756,956,1,boundary_entropy,0,1.0000,False,"threshold=1.0000, median=1.0000"
HTWa1756,956,1,consensus,0,0.0000,False,"4 strategies, 0 accepted"
HTWa1756,956,1,ground_truth,0,0.0000,False,0 divider(s)
HTWa1756,956,1,positional_profile,0,1.0000,False,"start=27, end=11, thr_start=0.333, thr_end=0.333"
HTWa1756,956,1,viterbi_hmm,0,1.0000,False,too short
HTWa1757,957,1,bigram_transition,0,1.0000,False,"threshold=0.012821, p25"
HTWa1757,957,1,boundary_entropy,0,1.0000,False,"threshold=1.0000, median=1.0000"
HTWa1757,957,1,consensus,0,0.0000,False,"4 strategies, 0 accepted"
HTWa1757,957,1,ground_truth,0,0.0000,False,0 divider(s)
HTWa1757,957,1,positional_profile,0,1.0000,False,"start=27, end=11, thr_start=0.333, thr_end=0.333"
HTWa1757,957,1,viterbi_hmm,0,1.0000,False,too short
HTWa1758,958,1,bigram_transition,0,1.0000,False,"threshold=0.012821, p25"
HTWa1758,958,1,boundary_entropy,0,1.0000,False,"threshold=1.0000, median=1.0000"
HTWa1758,958,1,consensus,0,0.0000,False,"4 strategies, 0 accepted"
HTWa1758,958,1,ground_truth,0,0.0000,False,0 divider(s)
HTWa1758,958,1,positional_profile,0,1.0000,False,"start=27, end=11, thr_start=0.333, thr_end=0.333"
HTWa1758,958,1,viterbi_hmm,0,1.0000,False,too short
HTWa1759,959,1,bigram_transition,0,1.0000,False,"threshold=0.012821, p25"
HTWa1759,959,1,boundary_entropy,0,1.0000,False,"threshold=1.0000, median=1.0000"
HTWa1759,959,1,consensus,0,0.0000,False,"4 strategies, 0 accepted"
HTWa1759,959,1,ground_truth,0,0.0000,False,0 divider(s)
HTWa1759,959,1,positional_profile,0,1.0000,False,"start=27, end=11, thr_start=0.333, thr_end=0.333"
HTWa1759,959,1,viterbi_hmm,0,1.0000,False,too short
HTWa1760,960,1,bigram_transition,0,1.0000,False,"threshold=0.012821, p25"
HTWa1760,960,1,boundary_entropy,0,1.0000,False,"threshold=1.0000, median=1.0000"
HTWa1760,960,1,consensus,0,0.0000,False,"4 strategies, 0 accepted"
HTWa1760,960,1,ground_truth,0,0.0000,False,0 divider(s)
HTWa1760,960,1,positional_profile,0,1.0000,False,"start=27, end=11, thr_start=0.333, thr_end=0.333"
HTWa1760,960,1,viterbi_hmm,0,1.0000,False,too short
HTWa1761,961,1,bigram_transition,0,1.0000,False,"threshold=0.012821, p25"
HTWa1761,961,1,boundary_entropy,0,1.0000,False,"threshold=1.0000, median=1.0000"
HTWa1761,961,1,consensus,0,0.0000,False,"4 strategies, 0 accepted"
HTWa1761,961,1,ground_truth,0,0.0000,False,0 divider(s)
HTWa1761,961,1,positional_profile,0,1.0000,False,"start=27, end=11, thr_start=0.333, thr_end=0.333"
HTWa1761,961,1,viterbi_hmm,0,1.0000,False,too short
HTWa1762,962,1,bigram_transition,0,1.0000,False,"threshold=0.012821, p25"
HTWa1762,962,1,boundary_entropy,0,1.0000,False,"threshold=1.0000, median=1.0000"
HTWa1762,962,1,consensus,0,0.0000,False,"4 strategies, 0 accepted"
HTWa1762,962,1,ground_truth,0,0.0000,False,0 divider(s)
HTWa1762,962,1,positional_profile,0,1.0000,False,"start=27, end=11, thr_start=0.333, thr_end=0.333"
HTWa1762,962,1,viterbi_hmm,0,1.0000,False,too short
HTWa1763,963,1,bigram_transition,0,1.0000,False,"threshold=0.012821, p25"
HTWa1763,963,1,boundary_entropy,0,1.0000,False,"threshold=1.0000, median=1.0000"
HTWa1763,963,1,consensus,0,0.0000,False,"4 strategies, 0 accepted"
HTWa1763,963,1,ground_truth,0,0.0000,False,0 divider(s)
HTWa1763,963,1,positional_profile,0,1.0000,False,"start=27, end=11, thr_start=0.333, thr_end=0.333"
HTWa1763,963,1,viterbi_hmm,0,1.0000,False,too short
HTWa1764,964,1,bigram_transition,0,1.0000,False,"threshold=0.012821, p25"
HTWa1764,964,1,boundary_entropy,0,1.0000,False,"threshold=1.0000, median=1.0000"
HTWa1764,964,1,consensus,0,0.0000,False,"4 strategies, 0 accepted"
HTWa1764,964,1,ground_truth,0,0.0000,False,0 divider(s)
HTWa1764,964,1,positional_profile,0,1.0000,False,"start=27, end=11, thr_start=0.333, thr_end=0.333"
HTWa1764,964,1,viterbi_hmm,0,1.0000,False,too short
HTWa1765,965,1,bigram_transition,0,1.0000,False,"threshold=0.012821, p25"
HTWa1765,965,1,boundary_entropy,0,1.0000,False,"threshold=1.0000, median=1.0000"
HTWa1765,965,1,consensus,0,0.0000,False,"4 strategies, 0 accepted"
HTWa1765,965,1,ground_truth,0,0.0000,False,0 divider(s)
HTWa1765,965,1,positional_profile,0,1.0000,False,"start=27, end=11, thr_start=0.333, thr_end=0.333"
HTWa1765,965,1,viterbi_hmm,0,1.0000,False,too short
HTWa1766,966,1,bigram_transition,0,1.0000,False,"threshold=0.012821, p25"
HTWa1766,966,1,boundary_entropy,0,1.0000,False,"threshold=1.0000, median=1.0000"
HTWa1766,966,1,consensus,0,0.0000,False,"4 strategies, 0 accepted"
HTWa1766,966,1,ground_truth,0,0.0000,False,0 divider(s)
HTWa1766,966,1,positional_profile,0,1.0000,False,"start=27, end=11, thr_start=0.333, thr_end=0.333"
HTWa1766,966,1,viterbi_hmm,0,1.0000,False,too short
HTWa1767,967,1,bigram_transition,0,1.0000,False,"threshold=0.012821, p25"
HTWa1767,967,1,boundary_entropy,0,1.0000,False,"threshold=1.0000, median=1.0000"
HTWa1767,967,1,consensus,0,0.0000,False,"4 strategies, 0 accepted"
HTWa1767,967,1,ground_truth,0,0.0000,False,0 divider(s)
HTWa1767,967,1,positional_profile,0,1.0000,False,"start=27, end=11, thr_start=0.333, thr_end=0.333"
HTWa1767,967,1,viterbi_hmm,0,1.0000,False,too short
HTWa1768,968,1,bigram_transition,0,1.0000,False,"threshold=0.012821, p25"
HTWa1768,968,1,boundary_entropy,0,1.0000,False,"threshold=1.0000, median=1.0000"
HTWa1768,968,1,consensus,0,0.0000,False,"4 strategies, 0 accepted"
HTWa1768,968,1,ground_truth,0,0.0000,False,0 divider(s)
HTWa1768,968,1,positional_profile,0,1.0000,False,"start=27, end=11, thr_start=0.333, thr_end=0.333"
HTWa1768,968,1,viterbi_hmm,0,1.0000,False,too short
HTWa1769,969,1,bigram_transition,0,1.0000,False,"threshold=0.012821, p25"
HTWa1769,969,1,boundary_entropy,0,1.0000,False,"threshold=1.0000, median=1.0000"
HTWa1769,969,1,consensus,0,0.0000,False,"4 strategies, 0 accepted"
HTWa1769,969,1,ground_truth,0,0.0000,False,0 divider(s)
HTWa1769,969,1,positional_profile,0,1.0000,False,"start=27, end=11, thr_start=0.333, thr_end=0.333"
HTWa1769,969,1,viterbi_hmm,0,1.0000,False,too short
HTWa1770,970,1,bigram_transition,0,1.0000,False,"threshold=0.012821, p25"
HTWa1770,970,1,boundary_entropy,0,1.0000,False,"threshold=1.0000, median=1.0000"
HTWa1770,970,1,consensus,0,0.0000,False,"4 strategies, 0 accepted"
HTWa1770,970,1,ground_truth,0,0.0000,False,0 divider(s)
HTWa1770,970,1,positional_profile,0,1.0000,False,"start=27, end=11, thr_start=0.333, thr_end=0.333"
HTWa1770,970,1,viterbi_hmm,0,1.0000,False,too short
HTWa1771,971,1,bigram_transition,0,1.0000,False,"threshold=0.012821, p25"
HTWa1771,971,1,boundary_entropy,0,1.0000,False,"threshold=1.0000, median=1.0000"
HTWa1771,971,1,consensus,0,0.0000,False,"4 strategies, 0 accepted"
HTWa1771,971,1,ground_truth,0,0.0000,False,0 divider(s)
HTWa1771,971,1,positional_profile,0,1.0000,False,"start=27, end=11, thr_start=0.333, thr_end=0.333"
HTWa1771,971,1,viterbi_hmm,0,1.0000,False,too short
HTWa1772,972,1,bigram_transition,0,1.0000,False,"threshold=0.012821, p25"
HTWa1772,972,1,boundary_entropy,0,1.0000,False,"threshold=1.0000, median=1.0000"
HTWa1772,972,1,consensus,0,0.0000,False,"4 strategies, 0 accepted"
HTWa1772,972,1,ground_truth,0,0.0000,False,0 divider(s)
HTWa1772,972,1,positional_profile,0,1.0000,False,"start=27, end=11, thr_start=0.333, thr_end=0.333"
HTWa1772,972,1,viterbi_hmm,0,1.0000,False,too short
HTWa1773,973,1,bigram_transition,0,1.0000,False,"threshold=0.012821, p25"
HTWa1773,973,1,boundary_entropy,0,1.0000,False,"threshold=1.0000, median=1.0000"
HTWa1773,973,1,consensus,0,0.0000,False,"4 strategies, 0 accepted"
HTWa1773,973,1,ground_truth,0,0.0000,False,0 divider(s)
HTWa1773,973,1,positional_profile,0,1.0000,False,"start=27, end=11, thr_start=0.333, thr_end=0.333"
HTWa1773,973,1,viterbi_hmm,0,1.0000,False,too short
HTWa1774,974,1,bigram_transition,0,1.0000,False,"threshold=0.012821, p25"
HTWa1774,974,1,boundary_entropy,0,1.0000,False,"threshold=1.0000, median=1.0000"
HTWa1774,974,1,consensus,0,0.0000,False,"4 strategies, 0 accepted"
HTWa1774,974,1,ground_truth,0,0.0000,False,0 divider(s)
HTWa1774,974,1,positional_profile,0,1.0000,False,"start=27, end=11, thr_start=0.333, thr_end=0.333"
HTWa1774,974,1,viterbi_hmm,0,1.0000,False,too short
HTWa1775,975,1,bigram_transition,0,1.0000,False,"threshold=0.012821, p25"
HTWa1775,975,1,boundary_entropy,0,1.0000,False,"threshold=1.0000, median=1.0000"
HTWa1775,975,1,consensus,0,0.0000,False,"4 strategies, 0 accepted"
HTWa1775,975,1,ground_truth,0,0.0000,False,0 divider(s)
HTWa1775,975,1,positional_profile,0,1.0000,False,"start=27, end=11, thr_start=0.333, thr_end=0.333"
HTWa1775,975,1,viterbi_hmm,0,1.0000,False,too short
HTWa1776,976,1,bigram_transition,0,1.0000,False,"threshold=0.012821, p25"
HTWa1776,976,1,boundary_entropy,0,1.0000,False,"threshold=1.0000, median=1.0000"
HTWa1776,976,1,consensus,0,0.0000,False,"4 strategies, 0 accepted"
HTWa1776,976,1,ground_truth,0,0.0000,False,0 divider(s)
HTWa1776,976,1,positional_profile,0,1.0000,False,"start=27, end=11, thr_start=0.333, thr_end=0.333"
HTWa1776,976,1,viterbi_hmm,0,1.0000,False,too short
HTWa1777,977,1,bigram_transition,0,1.0000,False,"threshold=0.012821, p25"
HTWa1777,977,1,boundary_entropy,0,1.0000,False,"threshold=1.0000, median=1.0000"
HTWa1777,977,1,consensus,0,0.0000,False,"4 strategies, 0 accepted"
HTWa1777,977,1,ground_truth,0,0.0000,False,0 divider(s)
HTWa1777,977,1,positional_profile,0,1.0000,False,"start=27, end=11, thr_start=0.333, thr_end=0.333"
HTWa1777,977,1,viterbi_hmm,0,1.0000,False,too short
HTWa1778,978,1,bigram_transition,0,1.0000,False,"threshold=0.012821, p25"
HTWa1778,978,1,boundary_entropy,0,1.0000,False,"threshold=1.0000, median=1.0000"
HTWa1778,978,1,consensus,0,0.0000,False,"4 strategies, 0 accepted"
HTWa1778,978,1,ground_truth,0,0.0000,False,0 divider(s)
HTWa1778,978,1,positional_profile,0,1.0000,False,"start=27, end=11, thr_start=0.333, thr_end=0.333"
HTWa1778,978,1,viterbi_hmm,0,1.0000,False,too short
HTWa1779,979,1,bigram_transition,0,1.0000,False,"threshold=0.012821, p25"
HTWa1779,979,1,boundary_entropy,0,1.0000,False,"threshold=1.0000, median=1.0000"
HTWa1779,979,1,consensus,0,0.0000,False,"4 strategies, 0 accepted"
HTWa1779,979,1,ground_truth,0,0.0000,False,0 divider(s)
HTWa1779,979,1,positional_profile,0,1.0000,False,"start=27, end=11, thr_start=0.333, thr_end=0.333"
HTWa1779,979,1,viterbi_hmm,0,1.0000,False,too short
HTWa1780,980,1,bigram_transition,0,1.0000,False,"threshold=0.012821, p25"
HTWa1780,980,1,boundary_entropy,0,1.0000,False,"threshold=1.0000, median=1.0000"
HTWa1780,980,1,consensus,0,0.0000,False,"4 strategies, 0 accepted"
HTWa1780,980,1,ground_truth,0,0.0000,False,0 divider(s)
HTWa1780,980,1,positional_profile,0,1.0000,False,"start=27, end=11, thr_start=0.333, thr_end=0.333"
HTWa1780,980,1,viterbi_hmm,0,1.0000,False,too short
HTWa1781,981,1,bigram_transition,0,1.0000,False,"threshold=0.012821, p25"
HTWa1781,981,1,boundary_entropy,0,1.0000,False,"threshold=1.0000, median=1.0000"
HTWa1781,981,1,consensus,0,0.0000,False,"4 strategies, 0 accepted"
HTWa1781,981,1,ground_truth,0,0.0000,False,0 divider(s)
HTWa1781,981,1,positional_profile,0,1.0000,False,"start=27, end=11, thr_start=0.333, thr_end=0.333"
HTWa1781,981,1,viterbi_hmm,0,1.0000,False,too short
HTWa1782,982,1,bigram_transition,0,1.0000,False,"threshold=0.012821, p25"
HTWa1782,982,1,boundary_entropy,0,1.0000,False,"threshold=1.0000, median=1.0000"
HTWa1782,982,1,consensus,0,0.0000,False,"4 strategies, 0 accepted"
HTWa1782,982,1,ground_truth,0,0.0000,False,0 divider(s)
HTWa1782,982,1,positional_profile,0,1.0000,False,"start=27, end=11, thr_start=0.333, thr_end=0.333"
HTWa1782,982,1,viterbi_hmm,0,1.0000,False,too short
HTWa1783,983,1,bigram_transition,0,1.0000,False,"threshold=0.012821, p25"
HTWa1783,983,1,boundary_entropy,0,1.0000,False,"threshold=1.0000, median=1.0000"
HTWa1783,983,1,consensus,0,0.0000,False,"4 strategies, 0 accepted"
HTWa1783,983,1,ground_truth,0,0.0000,False,0 divider(s)
HTWa1783,983,1,positional_profile,0,1.0000,False,"start=27, end=11, thr_start=0.333, thr_end=0.333"
HTWa1783,983,1,viterbi_hmm,0,1.0000,False,too short
HTWa1784,984,1,bigram_transition,0,1.0000,False,"threshold=0.012821, p25"
HTWa1784,984,1,boundary_entropy,0,1.0000,False,"threshold=1.0000, median=1.0000"
HTWa1784,984,1,consensus,0,0.0000,False,"4 strategies, 0 accepted"
HTWa1784,984,1,ground_truth,0,0.0000,False,0 divider(s)
HTWa1784,984,1,positional_profile,0,1.0000,False,"start=27, end=11, thr_start=0.333, thr_end=0.333"
HTWa1784,984,1,viterbi_hmm,0,1.0000,False,too short
HTWa1785,985,1,bigram_transition,0,1.0000,False,"threshold=0.012821, p25"
HTWa1785,985,1,boundary_entropy,0,1.0000,False,"threshold=1.0000, median=1.0000"
HTWa1785,985,1,consensus,0,0.0000,False,"4 strategies, 0 accepted"
HTWa1785,985,1,ground_truth,0,0.0000,False,0 divider(s)
HTWa1785,985,1,positional_profile,0,1.0000,False,"start=27, end=11, thr_start=0.333, thr_end=0.333"
HTWa1785,985,1,viterbi_hmm,0,1.0000,False,too short
HTWa1786,986,1,bigram_transition,0,1.0000,False,"threshold=0.012821, p25"
HTWa1786,986,1,boundary_entropy,0,1.0000,False,"threshold=1.0000, median=1.0000"
HTWa1786,986,1,consensus,0,0.0000,False,"4 strategies, 0 accepted"
HTWa1786,986,1,ground_truth,0,0.0000,False,0 divider(s)
HTWa1786,986,1,positional_profile,0,1.0000,False,"start=27, end=11, thr_start=0.333, thr_end=0.333"
HTWa1786,986,1,viterbi_hmm,0,1.0000,False,too short
HTWa1787,987,1,bigram_transition,0,1.0000,False,"threshold=0.012821, p25"
HTWa1787,987,1,boundary_entropy,0,1.0000,False,"threshold=1.0000, median=1.0000"
HTWa1787,987,1,consensus,0,0.0000,False,"4 strategies, 0 accepted"
HTWa1787,987,1,ground_truth,0,0.0000,False,0 divider(s)
HTWa1787,987,1,positional_profile,0,1.0000,False,"start=27, end=11, thr_start=0.333, thr_end=0.333"
HTWa1787,987,1,viterbi_hmm,0,1.0000,False,too short
HTWa1788,988,1,bigram_transition,0,1.0000,False,"threshold=0.012821, p25"
HTWa1788,988,1,boundary_entropy,0,1.0000,False,"threshold=1.0000, median=1.0000"
HTWa1788,988,1,consensus,0,0.0000,False,"4 strategies, 0 accepted"
HTWa1788,988,1,ground_truth,0,0.0000,False,0 divider(s)
HTWa1788,988,1,positional_profile,0,1.0000,False,"start=27, end=11, thr_start=0.333, thr_end=0.333"
HTWa1788,988,1,viterbi_hmm,0,1.0000,False,too short
HTWa1789,989,1,bigram_transition,0,1.0000,False,"threshold=0.012821, p25"
HTWa1789,989,1,boundary_entropy,0,1.0000,False,"threshold=1.0000, median=1.0000"
HTWa1789,989,1,consensus,0,0.0000,False,"4 strategies, 0 accepted"
HTWa1789,989,1,ground_truth,0,0.0000,False,0 divider(s)
HTWa1789,989,1,positional_profile,0,1.0000,False,"start=27, end=11, thr_start=0.333, thr_end=0.333"
HTWa1789,989,1,viterbi_hmm,0,1.0000,False,too short
HTWa1790,990,1,bigram_transition,0,1.0000,False,"threshold=0.012821, p25"
HTWa1790,990,1,boundary_entropy,0,1.0000,False,"threshold=1.0000, median=1.0000"
HTWa1790,990,1,consensus,0,0.0000,False,"4 strategies, 0 accepted"
HTWa1790,990,1,ground_truth,0,0.0000,False,0 divider(s)
HTWa1790,990,1,positional_profile,0,1.0000,False,"start=27, end=11, thr_start=0.333, thr_end=0.333"
HTWa1790,990,1,viterbi_hmm,0,1.0000,False,too short
HTWa1791,991,1,bigram_transition,0,1.0000,False,"threshold=0.012821, p25"
HTWa1791,991,1,boundary_entropy,0,1.0000,False,"threshold=1.0000, median=1.0000"
HTWa1791,991,1,consensus,0,0.0000,False,"4 strategies, 0 accepted"
HTWa1791,991,1,ground_truth,0,0.0000,False,0 divider(s)
HTWa1791,991,1,positional_profile,0,1.0000,False,"start=27, end=11, thr_start=0.333, thr_end=0.333"
HTWa1791,991,1,viterbi_hmm,0,1.0000,False,too short
HTWa1792,992,1,bigram_transition,0,1.0000,False,"threshold=0.012821, p25"
HTWa1792,992,1,boundary_entropy,0,1.0000,False,"threshold=1.0000, median=1.0000"
HTWa1792,992,1,consensus,0,0.0000,False,"4 strategies, 0 accepted"
HTWa1792,992,1,ground_truth,0,0.0000,False,0 divider(s)
HTWa1792,992,1,positional_profile,0,1.0000,False,"start=27, end=11, thr_start=0.333, thr_end=0.333"
HTWa1792,992,1,viterbi_hmm,0,1.0000,False,too short
HTWa1793,993,1,bigram_transition,0,1.0000,False,"threshold=0.012821, p25"
HTWa1793,993,1,boundary_entropy,0,1.0000,False,"threshold=1.0000, median=1.0000"
HTWa1793,993,1,consensus,0,0.0000,False,"4 strategies, 0 accepted"
HTWa1793,993,1,ground_truth,0,0.0000,False,0 divider(s)
HTWa1793,993,1,positional_profile,0,1.0000,False,"start=27, end=11, thr_start=0.333, thr_end=0.333"
HTWa1793,993,1,viterbi_hmm,0,1.0000,False,too short
HTWa1794,994,1,bigram_transition,0,1.0000,False,"threshold=0.012821, p25"
HTWa1794,994,1,boundary_entropy,0,1.0000,False,"threshold=1.0000, median=1.0000"
HTWa1794,994,1,consensus,0,0.0000,False,"4 strategies, 0 accepted"
HTWa1794,994,1,ground_truth,0,0.0000,False,0 divider(s)
HTWa1794,994,1,positional_profile,0,1.0000,False,"start=27, end=11, thr_start=0.333, thr_end=0.333"
HTWa1794,994,1,viterbi_hmm,0,1.0000,False,too short
HTWa1795,995,1,bigram_transition,0,1.0000,False,"threshold=0.012821, p25"
HTWa1795,995,1,boundary_entropy,0,1.0000,False,"threshold=1.0000, median=1.0000"
HTWa1795,995,1,consensus,0,0.0000,False,"4 strategies, 0 accepted"
HTWa1795,995,1,ground_truth,0,0.0000,False,0 divider(s)
HTWa1795,995,1,positional_profile,0,1.0000,False,"start=27, end=11, thr_start=0.333, thr_end=0.333"
HTWa1795,995,1,viterbi_hmm,0,1.0000,False,too short
HTWa1796,996,1,bigram_transition,0,1.0000,False,"threshold=0.012821, p25"
HTWa1796,996,1,boundary_entropy,0,1.0000,False,"threshold=1.0000, median=1.0000"
HTWa1796,996,1,consensus,0,0.0000,False,"4 strategies, 0 accepted"
HTWa1796,996,1,ground_truth,0,0.0000,False,0 divider(s)
HTWa1796,996,1,positional_profile,0,1.0000,False,"start=27, end=11, thr_start=0.333, thr_end=0.333"
HTWa1796,996,1,viterbi_hmm,0,1.0000,False,too short
HTWa1797,997,1,bigram_transition,0,1.0000,False,"threshold=0.012821, p25"
HTWa1797,997,1,boundary_entropy,0,1.0000,False,"threshold=1.0000, median=1.0000"
HTWa1797,997,1,consensus,0,0.0000,False,"4 strategies, 0 accepted"
HTWa1797,997,1,ground_truth,0,0.0000,False,0 divider(s)
HTWa1797,997,1,positional_profile,0,1.0000,False,"start=27, end=11, thr_start=0.333, thr_end=0.333"
HTWa1797,997,1,viterbi_hmm,0,1.0000,False,too short
HTWa1798,998,1,bigram_transition,0,1.0000,False,"threshold=0.012821, p25"
HTWa1798,998,1,boundary_entropy,0,1.0000,False,"threshold=1.0000, median=1.0000"
HTWa1798,998,1,consensus,0,0.0000,False,"4 strategies, 0 accepted"
HTWa1798,998,1,ground_truth,0,0.0000,False,0 divider(s)
HTWa1798,998,1,positional_profile,0,1.0000,False,"start=27, end=11, thr_start=0.333, thr_end=0.333"
HTWa1798,998,1,viterbi_hmm,0,1.0000,False,too short
HTWa1799,999,1,bigram_transition,0,1.0000,False,"threshold=0.012821, p25"
HTWa1799,999,1,boundary_entropy,0,1.0000,False,"threshold=1.0000, median=1.0000"
HTWa1799,999,1,consensus,0,0.0000,False,"4 strategies, 0 accepted"
HTWa1799,999,1,ground_truth,0,0.0000,False,0 divider(s)
HTWa1799,999,1,positional_profile,0,1.0000,False,"start=27, end=11, thr_start=0.333, thr_end=0.333"
HTWa1799,999,1,viterbi_hmm,0,1.0000,False,too short
HTWa1800,1000,1,bigram_transition,0,1.0000,False,"threshold=0.012821, p25"
HTWa1800,1000,1,boundary_entropy,0,1.0000,False,"threshold=1.0000, median=1.0000"
HTWa1800,1000,1,consensus,0,0.0000,False,"4 strategies, 0 accepted"
HTWa1800,1000,1,ground_truth,0,0.0000,False,0 divider(s)
HTWa1800,1000,1,positional_profile,0,1.0000,False,"start=27, end=11, thr_start=0.333, thr_end=0.333"
HTWa1800,1000,1,viterbi_hmm,0,1.0000,False,too short
HTWa1801,1001,1,bigram_transition,0,1.0000,False,"threshold=0.012821, p25"
HTWa1801,1001,1,boundary_entropy,0,1.0000,False,"threshold=1.0000, median=1.0000"
HTWa1801,1001,1,consensus,0,0.0000,False,"4 strategies, 0 accepted"
HTWa1801,1001,1,ground_truth,0,0.0000,False,0 divider(s)
HTWa1801,1001,1,positional_profile,0,1.0000,False,"start=27, end=11, thr_start=0.333, thr_end=0.333"
HTWa1801,1001,1,viterbi_hmm,0,1.0000,False,too short
HTWa1802,1002,1,bigram_transition,0,1.0000,False,"threshold=0.012821, p25"
HTWa1802,1002,1,boundary_entropy,0,1.0000,False,"threshold=1.0000, median=1.0000"
HTWa1802,1002,1,consensus,0,0.0000,False,"4 strategies, 0 accepted"
HTWa1802,1002,1,ground_truth,0,0.0000,False,0 divider(s)
HTWa1802,1002,1,positional_profile,0,1.0000,False,"start=27, end=11, thr_start=0.333, thr_end=0.333"
HTWa1802,1002,1,viterbi_hmm,0,1.0000,False,too short
HTWa1803,1003,1,bigram_transition,0,1.0000,False,"threshold=0.012821, p25"
HTWa1803,1003,1,boundary_entropy,0,1.0000,False,"threshold=1.0000, median=1.0000"
HTWa1803,1003,1,consensus,0,0.0000,False,"4 strategies, 0 accepted"
HTWa1803,1003,1,ground_truth,0,0.0000,False,0 divider(s)
HTWa1803,1003,1,positional_profile,0,1.0000,False,"start=27, end=11, thr_start=0.333, thr_end=0.333"
HTWa1803,1003,1,viterbi_hmm,0,1.0000,False,too short
HTWa1804,1004,1,bigram_transition,0,1.0000,False,"threshold=0.012821, p25"
HTWa1804,1004,1,boundary_entropy,0,1.0000,False,"threshold=1.0000, median=1.0000"
HTWa1804,1004,1,consensus,0,0.0000,False,"4 strategies, 0 accepted"
HTWa1804,1004,1,ground_truth,0,0.0000,False,0 divider(s)
HTWa1804,1004,1,positional_profile,0,1.0000,False,"start=27, end=11, thr_start=0.333, thr_end=0.333"
HTWa1804,1004,1,viterbi_hmm,0,1.0000,False,too short
HTWa1805,1005,1,bigram_transition,0,1.0000,False,"threshold=0.012821, p25"
HTWa1805,1005,1,boundary_entropy,0,1.0000,False,"threshold=1.0000, median=1.0000"
HTWa1805,1005,1,consensus,0,0.0000,False,"4 strategies, 0 accepted"
HTWa1805,1005,1,ground_truth,0,0.0000,False,0 divider(s)
HTWa1805,1005,1,positional_profile,0,1.0000,False,"start=27, end=11, thr_start=0.333, thr_end=0.333"
HTWa1805,1005,1,viterbi_hmm,0,1.0000,False,too short
HTWa1806,1006,1,bigram_transition,0,1.0000,False,"threshold=0.012821, p25"
HTWa1806,1006,1,boundary_entropy,0,1.0000,False,"threshold=1.0000, median=1.0000"
HTWa1806,1006,1,consensus,0,0.0000,False,"4 strategies, 0 accepted"
HTWa1806,1006,1,ground_truth,0,0.0000,False,0 divider(s)
HTWa1806,1006,1,positional_profile,0,1.0000,False,"start=27, end=11, thr_start=0.333, thr_end=0.333"
HTWa1806,1006,1,viterbi_hmm,0,1.0000,False,too short
HTWa1807,1007,1,bigram_transition,0,1.0000,False,"threshold=0.012821, p25"
HTWa1807,1007,1,boundary_entropy,0,1.0000,False,"threshold=1.0000, median=1.0000"
HTWa1807,1007,1,consensus,0,0.0000,False,"4 strategies, 0 accepted"
HTWa1807,1007,1,ground_truth,0,0.0000,False,0 divider(s)
HTWa1807,1007,1,positional_profile,0,1.0000,False,"start=27, end=11, thr_start=0.333, thr_end=0.333"
HTWa1807,1007,1,viterbi_hmm,0,1.0000,False,too short
HTWa1808,1008,1,bigram_transition,0,1.0000,False,"threshold=0.012821, p25"
HTWa1808,1008,1,boundary_entropy,0,1.0000,False,"threshold=1.0000, median=1.0000"
HTWa1808,1008,1,consensus,0,0.0000,False,"4 strategies, 0 accepted"
HTWa1808,1008,1,ground_truth,0,0.0000,False,0 divider(s)
HTWa1808,1008,1,positional_profile,0,1.0000,False,"start=27, end=11, thr_start=0.333, thr_end=0.333"
HTWa1808,1008,1,viterbi_hmm,0,1.0000,False,too short
HTWa1809,1009,1,bigram_transition,0,1.0000,False,"threshold=0.012821, p25"
HTWa1809,1009,1,boundary_entropy,0,1.0000,False,"threshold=1.0000, median=1.0000"
HTWa1809,1009,1,consensus,0,0.0000,False,"4 strategies, 0 accepted"
HTWa1809,1009,1,ground_truth,0,0.0000,False,0 divider(s)
HTWa1809,1009,1,positional_profile,0,1.0000,False,"start=27, end=11, thr_start=0.333, thr_end=0.333"
HTWa1809,1009,1,viterbi_hmm,0,1.0000,False,too short
HTWa1810,1010,1,bigram_transition,0,1.0000,False,"threshold=0.012821, p25"
HTWa1810,1010,1,boundary_entropy,0,1.0000,False,"threshold=1.0000, median=1.0000"
HTWa1810,1010,1,consensus,0,0.0000,False,"4 strategies, 0 accepted"
HTWa1810,1010,1,ground_truth,0,0.0000,False,0 divider(s)
HTWa1810,1010,1,positional_profile,0,1.0000,False,"start=27, end=11, thr_start=0.333, thr_end=0.333"
HTWa1810,1010,1,viterbi_hmm,0,1.0000,False,too short
HTWa1811,1011,1,bigram_transition,0,1.0000,False,"threshold=0.012821, p25"
HTWa1811,1011,1,boundary_entropy,0,1.0000,False,"threshold=1.0000, median=1.0000"
HTWa1811,1011,1,consensus,0,0.0000,False,"4 strategies, 0 accepted"
HTWa1811,1011,1,ground_truth,0,0.0000,False,0 divider(s)
HTWa1811,1011,1,positional_profile,0,1.0000,False,"start=27, end=11, thr_start=0.333, thr_end=0.333"
HTWa1811,1011,1,viterbi_hmm,0,1.0000,False,too short
HTWa1812,1012,1,bigram_transition,0,1.0000,False,"threshold=0.012821, p25"
HTWa1812,1012,1,boundary_entropy,0,1.0000,False,"threshold=1.0000, median=1.0000"
HTWa1812,1012,1,consensus,0,0.0000,False,"4 strategies, 0 accepted"
HTWa1812,1012,1,ground_truth,0,0.0000,False,0 divider(s)
HTWa1812,1012,1,positional_profile,0,1.0000,False,"start=27, end=11, thr_start=0.333, thr_end=0.333"
HTWa1812,1012,1,viterbi_hmm,0,1.0000,False,too short
HTWa1813,1013,1,bigram_transition,0,1.0000,False,"threshold=0.012821, p25"
HTWa1813,1013,1,boundary_entropy,0,1.0000,False,"threshold=1.0000, median=1.0000"
HTWa1813,1013,1,consensus,0,0.0000,False,"4 strategies, 0 accepted"
HTWa1813,1013,1,ground_truth,0,0.0000,False,0 divider(s)
HTWa1813,1013,1,positional_profile,0,1.0000,False,"start=27, end=11, thr_start=0.333, thr_end=0.333"
HTWa1813,1013,1,viterbi_hmm,0,1.0000,False,too short
HTWa1814,1014,1,bigram_transition,0,1.0000,False,"threshold=0.012821, p25"
HTWa1814,1014,1,boundary_entropy,0,1.0000,False,"threshold=1.0000, median=1.0000"
HTWa1814,1014,1,consensus,0,0.0000,False,"4 strategies, 0 accepted"
HTWa1814,1014,1,ground_truth,0,0.0000,False,0 divider(s)
HTWa1814,1014,1,positional_profile,0,1.0000,False,"start=27, end=11, thr_start=0.333, thr_end=0.333"
HTWa1814,1014,1,viterbi_hmm,0,1.0000,False,too short
HTWa1815,1015,1,bigram_transition,0,1.0000,False,"threshold=0.012821, p25"
HTWa1815,1015,1,boundary_entropy,0,1.0000,False,"threshold=1.0000, median=1.0000"
HTWa1815,1015,1,consensus,0,0.0000,False,"4 strategies, 0 accepted"
HTWa1815,1015,1,ground_truth,0,0.0000,False,0 divider(s)
HTWa1815,1015,1,positional_profile,0,1.0000,False,"start=27, end=11, thr_start=0.333, thr_end=0.333"
HTWa1815,1015,1,viterbi_hmm,0,1.0000,False,too short
HTWa1816,1016,1,bigram_transition,0,1.0000,False,"threshold=0.012821, p25"
HTWa1816,1016,1,boundary_entropy,0,1.0000,False,"threshold=1.0000, median=1.0000"
HTWa1816,1016,1,consensus,0,0.0000,False,"4 strategies, 0 accepted"
HTWa1816,1016,1,ground_truth,0,0.0000,False,0 divider(s)
HTWa1816,1016,1,positional_profile,0,1.0000,False,"start=27, end=11, thr_start=0.333, thr_end=0.333"
HTWa1816,1016,1,viterbi_hmm,0,1.0000,False,too short
HTWa1817,1017,1,bigram_transition,0,1.0000,False,"threshold=0.012821, p25"
HTWa1817,1017,1,boundary_entropy,0,1.0000,False,"threshold=1.0000, median=1.0000"
HTWa1817,1017,1,consensus,0,0.0000,False,"4 strategies, 0 accepted"
HTWa1817,1017,1,ground_truth,0,0.0000,False,0 divider(s)
HTWa1817,1017,1,positional_profile,0,1.0000,False,"start=27, end=11, thr_start=0.333, thr_end=0.333"
HTWa1817,1017,1,viterbi_hmm,0,1.0000,False,too short
HTWa1818,1018,1,bigram_transition,0,1.0000,False,"threshold=0.012821, p25"
HTWa1818,1018,1,boundary_entropy,0,1.0000,False,"threshold=1.0000, median=1.0000"
HTWa1818,1018,1,consensus,0,0.0000,False,"4 strategies, 0 accepted"
HTWa1818,1018,1,ground_truth,0,0.0000,False,0 divider(s)
HTWa1818,1018,1,positional_profile,0,1.0000,False,"start=27, end=11, thr_start=0.333, thr_end=0.333"
HTWa1818,1018,1,viterbi_hmm,0,1.0000,False,too short
HTWa1819,1019,1,bigram_transition,0,1.0000,False,"threshold=0.012821, p25"
HTWa1819,1019,1,boundary_entropy,0,1.0000,False,"threshold=1.0000, median=1.0000"
HTWa1819,1019,1,consensus,0,0.0000,False,"4 strategies, 0 accepted"
HTWa1819,1019,1,ground_truth,0,0.0000,False,0 divider(s)
HTWa1819,1019,1,positional_profile,0,1.0000,False,"start=27, end=11, thr_start=0.333, thr_end=0.333"
HTWa1819,1019,1,viterbi_hmm,0,1.0000,False,too short
HTWa1820,1020,1,bigram_transition,0,1.0000,False,"threshold=0.012821, p25"
HTWa1820,1020,1,boundary_entropy,0,1.0000,False,"threshold=1.0000, median=1.0000"
HTWa1820,1020,1,consensus,0,0.0000,False,"4 strategies, 0 accepted"
HTWa1820,1020,1,ground_truth,0,0.0000,False,0 divider(s)
HTWa1820,1020,1,positional_profile,0,1.0000,False,"start=27, end=11, thr_start=0.333, thr_end=0.333"
HTWa1820,1020,1,viterbi_hmm,0,1.0000,False,too short
HTWa1821,1021,1,bigram_transition,0,1.0000,False,"threshold=0.012821, p25"
HTWa1821,1021,1,boundary_entropy,0,1.0000,False,"threshold=1.0000, median=1.0000"
HTWa1821,1021,1,consensus,0,0.0000,False,"4 strategies, 0 accepted"
HTWa1821,1021,1,ground_truth,0,0.0000,False,0 divider(s)
HTWa1821,1021,1,positional_profile,0,1.0000,False,"start=27, end=11, thr_start=0.333, thr_end=0.333"
HTWa1821,1021,1,viterbi_hmm,0,1.0000,False,too short
HTWa1822,1022,1,bigram_transition,0,1.0000,False,"threshold=0.012821, p25"
HTWa1822,1022,1,boundary_entropy,0,1.0000,False,"threshold=1.0000, median=1.0000"
HTWa1822,1022,1,consensus,0,0.0000,False,"4 strategies, 0 accepted"
HTWa1822,1022,1,ground_truth,0,0.0000,False,0 divider(s)
HTWa1822,1022,1,positional_profile,0,1.0000,False,"start=27, end=11, thr_start=0.333, thr_end=0.333"
HTWa1822,1022,1,viterbi_hmm,0,1.0000,False,too short
HTWa1823,1023,1,bigram_transition,0,1.0000,False,"threshold=0.012821, p25"
HTWa1823,1023,1,boundary_entropy,0,1.0000,False,"threshold=1.0000, median=1.0000"
HTWa1823,1023,1,consensus,0,0.0000,False,"4 strategies, 0 accepted"
HTWa1823,1023,1,ground_truth,0,0.0000,False,0 divider(s)
HTWa1823,1023,1,positional_profile,0,1.0000,False,"start=27, end=11, thr_start=0.333, thr_end=0.333"
HTWa1823,1023,1,viterbi_hmm,0,1.0000,False,too short
HTWa1824,1024,1,bigram_transition,0,1.0000,False,"threshold=0.012821, p25"
HTWa1824,1024,1,boundary_entropy,0,1.0000,False,"threshold=1.0000, median=1.0000"
HTWa1824,1024,1,consensus,0,0.0000,False,"4 strategies, 0 accepted"
HTWa1824,1024,1,ground_truth,0,0.0000,False,0 divider(s)
HTWa1824,1024,1,positional_profile,0,1.0000,False,"start=27, end=11, thr_start=0.333, thr_end=0.333"
HTWa1824,1024,1,viterbi_hmm,0,1.0000,False,too short
HTWa1825,1025,1,bigram_transition,0,1.0000,False,"threshold=0.012821, p25"
HTWa1825,1025,1,boundary_entropy,0,1.0000,False,"threshold=1.0000, median=1.0000"
HTWa1825,1025,1,consensus,0,0.0000,False,"4 strategies, 0 accepted"
HTWa1825,1025,1,ground_truth,0,0.0000,False,0 divider(s)
HTWa1825,1025,1,positional_profile,0,1.0000,False,"start=27, end=11, thr_start=0.333, thr_end=0.333"
HTWa1825,1025,1,viterbi_hmm,0,1.0000,False,too short
HTWa1826,1026,1,bigram_transition,0,1.0000,False,"threshold=0.012821, p25"
HTWa1826,1026,1,boundary_entropy,0,1.0000,False,"threshold=1.0000, median=1.0000"
HTWa1826,1026,1,consensus,0,0.0000,False,"4 strategies, 0 accepted"
HTWa1826,1026,1,ground_truth,0,0.0000,False,0 divider(s)
HTWa1826,1026,1,positional_profile,0,1.0000,False,"start=27, end=11, thr_start=0.333, thr_end=0.333"
HTWa1826,1026,1,viterbi_hmm,0,1.0000,False,too short
HTWa1827,1027,1,bigram_transition,0,1.0000,False,"threshold=0.012821, p25"
HTWa1827,1027,1,boundary_entropy,0,1.0000,False,"threshold=1.0000, median=1.0000"
HTWa1827,1027,1,consensus,0,0.0000,False,"4 strategies, 0 accepted"
HTWa1827,1027,1,ground_truth,0,0.0000,False,0 divider(s)
HTWa1827,1027,1,positional_profile,0,1.0000,False,"start=27, end=11, thr_start=0.333, thr_end=0.333"
HTWa1827,1027,1,viterbi_hmm,0,1.0000,False,too short
HTWa1828,1028,1,bigram_transition,0,1.0000,False,"threshold=0.012821, p25"
HTWa1828,1028,1,boundary_entropy,0,1.0000,False,"threshold=1.0000, median=1.0000"
HTWa1828,1028,1,consensus,0,0.0000,False,"4 strategies, 0 accepted"
HTWa1828,1028,1,ground_truth,0,0.0000,False,0 divider(s)
HTWa1828,1028,1,positional_profile,0,1.0000,False,"start=27, end=11, thr_start=0.333, thr_end=0.333"
HTWa1828,1028,1,viterbi_hmm,0,1.0000,False,too short
HTWa1829,1029,1,bigram_transition,0,1.0000,False,"threshold=0.012821, p25"
HTWa1829,1029,1,boundary_entropy,0,1.0000,False,"threshold=1.0000, median=1.0000"
HTWa1829,1029,1,consensus,0,0.0000,False,"4 strategies, 0 accepted"
HTWa1829,1029,1,ground_truth,0,0.0000,False,0 divider(s)
HTWa1829,1029,1,positional_profile,0,1.0000,False,"start=27, end=11, thr_start=0.333, thr_end=0.333"
HTWa1829,1029,1,viterbi_hmm,0,1.0000,False,too short
HTWa1830,1030,1,bigram_transition,0,1.0000,False,"threshold=0.012821, p25"
HTWa1830,1030,1,boundary_entropy,0,1.0000,False,"threshold=1.0000, median=1.0000"
HTWa1830,1030,1,consensus,0,0.0000,False,"4 strategies, 0 accepted"
HTWa1830,1030,1,ground_truth,0,0.0000,False,0 divider(s)
HTWa1830,1030,1,positional_profile,0,1.0000,False,"start=27, end=11, thr_start=0.333, thr_end=0.333"
HTWa1830,1030,1,viterbi_hmm,0,1.0000,False,too short
HTWa1831,1031,1,bigram_transition,0,1.0000,False,"threshold=0.012821, p25"
HTWa1831,1031,1,boundary_entropy,0,1.0000,False,"threshold=1.0000, median=1.0000"
HTWa1831,1031,1,consensus,0,0.0000,False,"4 strategies, 0 accepted"
HTWa1831,1031,1,ground_truth,0,0.0000,False,0 divider(s)
HTWa1831,1031,1,positional_profile,0,1.0000,False,"start=27, end=11, thr_start=0.333, thr_end=0.333"
HTWa1831,1031,1,viterbi_hmm,0,1.0000,False,too short
HTWa1832,1032,1,bigram_transition,0,1.0000,False,"threshold=0.012821, p25"
HTWa1832,1032,1,boundary_entropy,0,1.0000,False,"threshold=1.0000, median=1.0000"
HTWa1832,1032,1,consensus,0,0.0000,False,"4 strategies, 0 accepted"
HTWa1832,1032,1,ground_truth,0,0.0000,False,0 divider(s)
HTWa1832,1032,1,positional_profile,0,1.0000,False,"start=27, end=11, thr_start=0.333, thr_end=0.333"
HTWa1832,1032,1,viterbi_hmm,0,1.0000,False,too short
HTWa1833,1033,1,bigram_transition,0,1.0000,False,"threshold=0.012821, p25"
HTWa1833,1033,1,boundary_entropy,0,1.0000,False,"threshold=1.0000, median=1.0000"
HTWa1833,1033,1,consensus,0,0.0000,False,"4 strategies, 0 accepted"
HTWa1833,1033,1,ground_truth,0,0.0000,False,0 divider(s)
HTWa1833,1033,1,positional_profile,0,1.0000,False,"start=27, end=11, thr_start=0.333, thr_end=0.333"
HTWa1833,1033,1,viterbi_hmm,0,1.0000,False,too short
HTWa1834,1034,1,bigram_transition,0,1.0000,False,"threshold=0.012821, p25"
HTWa1834,1034,1,boundary_entropy,0,1.0000,False,"threshold=1.0000, median=1.0000"
HTWa1834,1034,1,consensus,0,0.0000,False,"4 strategies, 0 accepted"
HTWa1834,1034,1,ground_truth,0,0.0000,False,0 divider(s)
HTWa1834,1034,1,positional_profile,0,1.0000,False,"start=27, end=11, thr_start=0.333, thr_end=0.333"
HTWa1834,1034,1,viterbi_hmm,0,1.0000,False,too short
HTWa1835,1035,1,bigram_transition,0,1.0000,False,"threshold=0.012821, p25"
HTWa1835,1035,1,boundary_entropy,0,1.0000,False,"threshold=1.0000, median=1.0000"
HTWa1835,1035,1,consensus,0,0.0000,False,"4 strategies, 0 accepted"
HTWa1835,1035,1,ground_truth,0,0.0000,False,0 divider(s)
HTWa1835,1035,1,positional_profile,0,1.0000,False,"start=27, end=11, thr_start=0.333, thr_end=0.333"
HTWa1835,1035,1,viterbi_hmm,0,1.0000,False,too short
HTWa1836,1036,1,bigram_transition,0,1.0000,False,"threshold=0.012821, p25"
HTWa1836,1036,1,boundary_entropy,0,1.0000,False,"threshold=1.0000, median=1.0000"
HTWa1836,1036,1,consensus,0,0.0000,False,"4 strategies, 0 accepted"
HTWa1836,1036,1,ground_truth,0,0.0000,False,0 divider(s)
HTWa1836,1036,1,positional_profile,0,1.0000,False,"start=27, end=11, thr_start=0.333, thr_end=0.333"
HTWa1836,1036,1,viterbi_hmm,0,1.0000,False,too short
HTWa1837,1037,1,bigram_transition,0,1.0000,False,"threshold=0.012821, p25"
HTWa1837,1037,1,boundary_entropy,0,1.0000,False,"threshold=1.0000, median=1.0000"
HTWa1837,1037,1,consensus,0,0.0000,False,"4 strategies, 0 accepted"
HTWa1837,1037,1,ground_truth,0,0.0000,False,0 divider(s)
HTWa1837,1037,1,positional_profile,0,1.0000,False,"start=27, end=11, thr_start=0.333, thr_end=0.333"
HTWa1837,1037,1,viterbi_hmm,0,1.0000,False,too short
HTWa1838,1038,1,bigram_transition,0,1.0000,False,"threshold=0.012821, p25"
HTWa1838,1038,1,boundary_entropy,0,1.0000,False,"threshold=1.0000, median=1.0000"
HTWa1838,1038,1,consensus,0,0.0000,False,"4 strategies, 0 accepted"
HTWa1838,1038,1,ground_truth,0,0.0000,False,0 divider(s)
HTWa1838,1038,1,positional_profile,0,1.0000,False,"start=27, end=11, thr_start=0.333, thr_end=0.333"
HTWa1838,1038,1,viterbi_hmm,0,1.0000,False,too short
HTWa1839,1039,1,bigram_transition,0,1.0000,False,"threshold=0.012821, p25"
HTWa1839,1039,1,boundary_entropy,0,1.0000,False,"threshold=1.0000, median=1.0000"
HTWa1839,1039,1,consensus,0,0.0000,False,"4 strategies, 0 accepted"
HTWa1839,1039,1,ground_truth,0,0.0000,False,0 divider(s)
HTWa1839,1039,1,positional_profile,0,1.0000,False,"start=27, end=11, thr_start=0.333, thr_end=0.333"
HTWa1839,1039,1,viterbi_hmm,0,1.0000,False,too short
HTWa1840,1040,1,bigram_transition,0,1.0000,False,"threshold=0.012821, p25"
HTWa1840,1040,1,boundary_entropy,0,1.0000,False,"threshold=1.0000, median=1.0000"
HTWa1840,1040,1,consensus,0,0.0000,False,"4 strategies, 0 accepted"
HTWa1840,1040,1,ground_truth,0,0.0000,False,0 divider(s)
HTWa1840,1040,1,positional_profile,0,1.0000,False,"start=27, end=11, thr_start=0.333, thr_end=0.333"
HTWa1840,1040,1,viterbi_hmm,0,1.0000,False,too short
HTWa1841,1041,1,bigram_transition,0,1.0000,False,"threshold=0.012821, p25"
HTWa1841,1041,1,boundary_entropy,0,1.0000,False,"threshold=1.0000, median=1.0000"
HTWa1841,1041,1,consensus,0,0.0000,False,"4 strategies, 0 accepted"
HTWa1841,1041,1,ground_truth,0,0.0000,False,0 divider(s)
HTWa1841,1041,1,positional_profile,0,1.0000,False,"start=27, end=11, thr_start=0.333, thr_end=0.333"
HTWa1841,1041,1,viterbi_hmm,0,1.0000,False,too short
HTWa1842,1042,1,bigram_transition,0,1.0000,False,"threshold=0.012821, p25"
HTWa1842,1042,1,boundary_entropy,0,1.0000,False,"threshold=1.0000, median=1.0000"
HTWa1842,1042,1,consensus,0,0.0000,False,"4 strategies, 0 accepted"
HTWa1842,1042,1,ground_truth,0,0.0000,False,0 divider(s)
HTWa1842,1042,1,positional_profile,0,1.0000,False,"start=27, end=11, thr_start=0.333, thr_end=0.333"
HTWa1842,1042,1,viterbi_hmm,0,1.0000,False,too short
HTWa1843,1043,1,bigram_transition,0,1.0000,False,"threshold=0.012821, p25"
HTWa1843,1043,1,boundary_entropy,0,1.0000,False,"threshold=1.0000, median=1.0000"
HTWa1843,1043,1,consensus,0,0.0000,False,"4 strategies, 0 accepted"
HTWa1843,1043,1,ground_truth,0,0.0000,False,0 divider(s)
HTWa1843,1043,1,positional_profile,0,1.0000,False,"start=27, end=11, thr_start=0.333, thr_end=0.333"
HTWa1843,1043,1,viterbi_hmm,0,1.0000,False,too short
HTWa1844,1044,1,bigram_transition,0,1.0000,False,"threshold=0.012821, p25"
HTWa1844,1044,1,boundary_entropy,0,1.0000,False,"threshold=1.0000, median=1.0000"
HTWa1844,1044,1,consensus,0,0.0000,False,"4 strategies, 0 accepted"
HTWa1844,1044,1,ground_truth,0,0.0000,False,0 divider(s)
HTWa1844,1044,1,positional_profile,0,1.0000,False,"start=27, end=11, thr_start=0.333, thr_end=0.333"
HTWa1844,1044,1,viterbi_hmm,0,1.0000,False,too short
HTWa1845+1733,1045,1,bigram_transition,0,1.0000,False,"threshold=0.012821, p25"
HTWa1845+1733,1045,1,boundary_entropy,0,1.0000,False,"threshold=1.0000, median=1.0000"
HTWa1845+1733,1045,1,consensus,0,0.0000,False,"4 strategies, 0 accepted"
HTWa1845+1733,1045,1,ground_truth,0,0.0000,False,0 divider(s)
HTWa1845+1733,1045,1,positional_profile,0,1.0000,False,"start=27, end=11, thr_start=0.333, thr_end=0.333"
HTWa1845+1733,1045,1,viterbi_hmm,0,1.0000,False,too short
HTWa1846,1046,1,bigram_transition,0,1.0000,False,"threshold=0.012821, p25"
HTWa1846,1046,1,boundary_entropy,0,1.0000,False,"threshold=1.0000, median=1.0000"
HTWa1846,1046,1,consensus,0,0.0000,False,"4 strategies, 0 accepted"
HTWa1846,1046,1,ground_truth,0,0.0000,False,0 divider(s)
HTWa1846,1046,1,positional_profile,0,1.0000,False,"start=27, end=11, thr_start=0.333, thr_end=0.333"
HTWa1846,1046,1,viterbi_hmm,0,1.0000,False,too short
HTWa1847,1047,1,bigram_transition,0,1.0000,False,"threshold=0.012821, p25"
HTWa1847,1047,1,boundary_entropy,0,1.0000,False,"threshold=1.0000, median=1.0000"
HTWa1847,1047,1,consensus,0,0.0000,False,"4 strategies, 0 accepted"
HTWa1847,1047,1,ground_truth,0,0.0000,False,0 divider(s)
HTWa1847,1047,1,positional_profile,0,1.0000,False,"start=27, end=11, thr_start=0.333, thr_end=0.333"
HTWa1847,1047,1,viterbi_hmm,0,1.0000,False,too short
HTWa1848,1048,1,bigram_transition,0,1.0000,False,"threshold=0.012821, p25"
HTWa1848,1048,1,boundary_entropy,0,1.0000,False,"threshold=1.0000, median=1.0000"
HTWa1848,1048,1,consensus,0,0.0000,False,"4 strategies, 0 accepted"
HTWa1848,1048,1,ground_truth,0,0.0000,False,0 divider(s)
HTWa1848,1048,1,positional_profile,0,1.0000,False,"start=27, end=11, thr_start=0.333, thr_end=0.333"
HTWa1848,1048,1,viterbi_hmm,0,1.0000,False,too short
HTWa1849,1049,1,bigram_transition,0,1.0000,False,"threshold=0.012821, p25"
HTWa1849,1049,1,boundary_entropy,0,1.0000,False,"threshold=1.0000, median=1.0000"
HTWa1849,1049,1,consensus,0,0.0000,False,"4 strategies, 0 accepted"
HTWa1849,1049,1,ground_truth,0,0.0000,False,0 divider(s)
HTWa1849,1049,1,positional_profile,0,1.0000,False,"start=27, end=11, thr_start=0.333, thr_end=0.333"
HTWa1849,1049,1,viterbi_hmm,0,1.0000,False,too short
HTWa1850,1050,1,bigram_transition,0,1.0000,False,"threshold=0.012821, p25"
HTWa1850,1050,1,boundary_entropy,0,1.0000,False,"threshold=1.0000, median=1.0000"
HTWa1850,1050,1,consensus,0,0.0000,False,"4 strategies, 0 accepted"
HTWa1850,1050,1,ground_truth,0,0.0000,False,0 divider(s)
HTWa1850,1050,1,positional_profile,0,1.0000,False,"start=27, end=11, thr_start=0.333, thr_end=0.333"
HTWa1850,1050,1,viterbi_hmm,0,1.0000,False,too short
HTWa1851,1051,1,bigram_transition,0,1.0000,False,"threshold=0.012821, p25"
HTWa1851,1051,1,boundary_entropy,0,1.0000,False,"threshold=1.0000, median=1.0000"
HTWa1851,1051,1,consensus,0,0.0000,False,"4 strategies, 0 accepted"
HTWa1851,1051,1,ground_truth,0,0.0000,False,0 divider(s)
HTWa1851,1051,1,positional_profile,0,1.0000,False,"start=27, end=11, thr_start=0.333, thr_end=0.333"
HTWa1851,1051,1,viterbi_hmm,0,1.0000,False,too short
HTWa1852,1052,1,bigram_transition,0,1.0000,False,"threshold=0.012821, p25"
HTWa1852,1052,1,boundary_entropy,0,1.0000,False,"threshold=1.0000, median=1.0000"
HTWa1852,1052,1,consensus,0,0.0000,False,"4 strategies, 0 accepted"
HTWa1852,1052,1,ground_truth,0,0.0000,False,0 divider(s)
HTWa1852,1052,1,positional_profile,0,1.0000,False,"start=27, end=11, thr_start=0.333, thr_end=0.333"
HTWa1852,1052,1,viterbi_hmm,0,1.0000,False,too short
HTWa1853,1053,1,bigram_transition,0,1.0000,False,"threshold=0.012821, p25"
HTWa1853,1053,1,boundary_entropy,0,1.0000,False,"threshold=1.0000, median=1.0000"
HTWa1853,1053,1,consensus,0,0.0000,False,"4 strategies, 0 accepted"
HTWa1853,1053,1,ground_truth,0,0.0000,False,0 divider(s)
HTWa1853,1053,1,positional_profile,0,1.0000,False,"start=27, end=11, thr_start=0.333, thr_end=0.333"
HTWa1853,1053,1,viterbi_hmm,0,1.0000,False,too short
HTWa1854,1054,1,bigram_transition,0,1.0000,False,"threshold=0.012821, p25"
HTWa1854,1054,1,boundary_entropy,0,1.0000,False,"threshold=1.0000, median=1.0000"
HTWa1854,1054,1,consensus,0,0.0000,False,"4 strategies, 0 accepted"
HTWa1854,1054,1,ground_truth,0,0.0000,False,0 divider(s)
HTWa1854,1054,1,positional_profile,0,1.0000,False,"start=27, end=11, thr_start=0.333, thr_end=0.333"
HTWa1854,1054,1,viterbi_hmm,0,1.0000,False,too short
HTWa1855,1055,1,bigram_transition,0,1.0000,False,"threshold=0.012821, p25"
HTWa1855,1055,1,boundary_entropy,0,1.0000,False,"threshold=1.0000, median=1.0000"
HTWa1855,1055,1,consensus,0,0.0000,False,"4 strategies, 0 accepted"
HTWa1855,1055,1,ground_truth,0,0.0000,False,0 divider(s)
HTWa1855,1055,1,positional_profile,0,1.0000,False,"start=27, end=11, thr_start=0.333, thr_end=0.333"
HTWa1855,1055,1,viterbi_hmm,0,1.0000,False,too short
HTWa1856,1056,1,bigram_transition,0,1.0000,False,"threshold=0.012821, p25"
HTWa1856,1056,1,boundary_entropy,0,1.0000,False,"threshold=1.0000, median=1.0000"
HTWa1856,1056,1,consensus,0,0.0000,False,"4 strategies, 0 accepted"
HTWa1856,1056,1,ground_truth,0,0.0000,False,0 divider(s)
HTWa1856,1056,1,positional_profile,0,1.0000,False,"start=27, end=11, thr_start=0.333, thr_end=0.333"
HTWa1856,1056,1,viterbi_hmm,0,1.0000,False,too short
HTWa1857,1057,1,bigram_transition,0,1.0000,False,"threshold=0.012821, p25"
HTWa1857,1057,1,boundary_entropy,0,1.0000,False,"threshold=1.0000, median=1.0000"
HTWa1857,1057,1,consensus,0,0.0000,False,"4 strategies, 0 accepted"
HTWa1857,1057,1,ground_truth,0,0.0000,False,0 divider(s)
HTWa1857,1057,1,positional_profile,0,1.0000,False,"start=27, end=11, thr_start=0.333, thr_end=0.333"
HTWa1857,1057,1,viterbi_hmm,0,1.0000,False,too short
HTWa1858,1058,1,bigram_transition,0,1.0000,False,"threshold=0.012821, p25"
HTWa1858,1058,1,boundary_entropy,0,1.0000,False,"threshold=1.0000, median=1.0000"
HTWa1858,1058,1,consensus,0,0.0000,False,"4 strategies, 0 accepted"
HTWa1858,1058,1,ground_truth,0,0.0000,False,0 divider(s)
HTWa1858,1058,1,positional_profile,0,1.0000,False,"start=27, end=11, thr_start=0.333, thr_end=0.333"
HTWa1858,1058,1,viterbi_hmm,0,1.0000,False,too short
HTWa1859,1059,1,bigram_transition,0,1.0000,False,"threshold=0.012821, p25"
HTWa1859,1059,1,boundary_entropy,0,1.0000,False,"threshold=1.0000, median=1.0000"
HTWa1859,1059,1,consensus,0,0.0000,False,"4 strategies, 0 accepted"
HTWa1859,1059,1,ground_truth,0,0.0000,False,0 divider(s)
HTWa1859,1059,1,positional_profile,0,1.0000,False,"start=27, end=11, thr_start=0.333, thr_end=0.333"
HTWa1859,1059,1,viterbi_hmm,0,1.0000,False,too short
HTWa1860,1060,1,bigram_transition,0,1.0000,False,"threshold=0.012821, p25"
HTWa1860,1060,1,boundary_entropy,0,1.0000,False,"threshold=1.0000, median=1.0000"
HTWa1860,1060,1,consensus,0,0.0000,False,"4 strategies, 0 accepted"
HTWa1860,1060,1,ground_truth,0,0.0000,False,0 divider(s)
HTWa1860,1060,1,positional_profile,0,1.0000,False,"start=27, end=11, thr_start=0.333, thr_end=0.333"
HTWa1860,1060,1,viterbi_hmm,0,1.0000,False,too short
HTWa1861,1061,1,bigram_transition,0,1.0000,False,"threshold=0.012821, p25"
HTWa1861,1061,1,boundary_entropy,0,1.0000,False,"threshold=1.0000, median=1.0000"
HTWa1861,1061,1,consensus,0,0.0000,False,"4 strategies, 0 accepted"
HTWa1861,1061,1,ground_truth,0,0.0000,False,0 divider(s)
HTWa1861,1061,1,positional_profile,0,1.0000,False,"start=27, end=11, thr_start=0.333, thr_end=0.333"
HTWa1861,1061,1,viterbi_hmm,0,1.0000,False,too short
HTWb2001,1063,1,bigram_transition,0,1.0000,False,"threshold=0.012821, p25"
HTWb2001,1063,1,boundary_entropy,0,1.0000,False,"threshold=1.0000, median=1.0000"
HTWb2001,1063,1,consensus,0,0.0000,False,"4 strategies, 0 accepted"
HTWb2001,1063,1,ground_truth,0,0.0000,False,0 divider(s)
HTWb2001,1063,1,positional_profile,0,1.0000,False,"start=27, end=11, thr_start=0.333, thr_end=0.333"
HTWb2001,1063,1,viterbi_hmm,0,1.0000,False,too short
HTWb2002,1064,1,bigram_transition,0,1.0000,False,"threshold=0.012821, p25"
HTWb2002,1064,1,boundary_entropy,0,1.0000,False,"threshold=1.0000, median=1.0000"
HTWb2002,1064,1,consensus,0,0.0000,False,"4 strategies, 0 accepted"
HTWb2002,1064,1,ground_truth,0,0.0000,False,0 divider(s)
HTWb2002,1064,1,positional_profile,0,1.0000,False,"start=27, end=11, thr_start=0.333, thr_end=0.333"
HTWb2002,1064,1,viterbi_hmm,0,1.0000,False,too short
HTWb229,1062,2,bigram_transition,0,1.0000,False,"threshold=0.012821, p25"
HTWb229,1062,2,boundary_entropy,0,1.0000,False,"threshold=1.0000, median=1.0000"
HTWb229,1062,2,consensus,0,0.0000,False,"4 strategies, 0 accepted"
HTWb229,1062,2,ground_truth,0,0.0000,False,0 divider(s)
HTWb229,1062,2,positional_profile,0,1.0000,False,"start=27, end=11, thr_start=0.333, thr_end=0.333"
HTWb229,1062,2,viterbi_hmm,1,1.0000,False,"within_pairs=2768, cross_pairs=382"
HTWc3001,1065,4,bigram_transition,0,1.0000,False,"threshold=0.012821, p25"
HTWc3001,1065,4,boundary_entropy,3,1.0000,False,"threshold=1.0000, median=1.0000"
HTWc3001,1065,4,consensus,0,0.0000,False,"4 strategies, 0 accepted"
HTWc3001,1065,4,ground_truth,0,0.0000,False,0 divider(s)
HTWc3001,1065,4,positional_profile,0,1.0000,False,"start=27, end=11, thr_start=0.333, thr_end=0.333"
HTWc3001,1065,4,viterbi_hmm,1,1.0000,False,"within_pairs=2768, cross_pairs=382"
HTWc3002,1066,3,bigram_transition,0,1.0000,False,"threshold=0.012821, p25"
HTWc3002,1066,3,boundary_entropy,2,1.0000,False,"threshold=1.0000, median=1.0000"
HTWc3002,1066,3,consensus,0,0.0000,False,"4 strategies, 0 accepted"
HTWc3002,1066,3,ground_truth,0,0.0000,False,0 divider(s)
HTWc3002,1066,3,positional_profile,0,1.0000,False,"start=27, end=11, thr_start=0.333, thr_end=0.333"
HTWc3002,1066,3,viterbi_hmm,0,1.0000,False,"within_pairs=2768, cross_pairs=382"
HTWc3003,1067,3,bigram_transition,0,1.0000,False,"threshold=0.012821, p25"
HTWc3003,1067,3,boundary_entropy,2,1.0000,False,"threshold=1.0000, median=1.0000"
HTWc3003,1067,3,consensus,0,0.0000,False,"4 strategies, 0 accepted"
HTWc3003,1067,3,ground_truth,0,0.0000,False,0 divider(s)
HTWc3003,1067,3,positional_profile,0,1.0000,False,"start=27, end=11, thr_start=0.333, thr_end=0.333"
HTWc3003,1067,3,viterbi_hmm,2,1.0000,False,"within_pairs=2768, cross_pairs=382"
HTWc3004,1068,4,bigram_transition,0,1.0000,False,"threshold=0.012821, p25"
HTWc3004,1068,4,boundary_entropy,3,1.0000,False,"threshold=1.0000, median=1.0000"
HTWc3004,1068,4,consensus,0,0.0000,False,"4 strategies, 0 accepted"
HTWc3004,1068,4,ground_truth,0,0.0000,False,0 divider(s)
HTWc3004,1068,4,positional_profile,0,1.0000,False,"start=27, end=11, thr_start=0.333, thr_end=0.333"
HTWc3004,1068,4,viterbi_hmm,1,1.0000,False,"within_pairs=2768, cross_pairs=382"
HTWc3005,1069,4,bigram_transition,0,1.0000,False,"threshold=0.012821, p25"
HTWc3005,1069,4,boundary_entropy,3,1.0000,False,"threshold=1.0000, median=1.0000"
HTWc3005,1069,4,consensus,0,0.0000,False,"4 strategies, 0 accepted"
HTWc3005,1069,4,ground_truth,0,0.0000,False,0 divider(s)
HTWc3005,1069,4,positional_profile,0,1.0000,False,"start=27, end=11, thr_start=0.333, thr_end=0.333"
HTWc3005,1069,4,viterbi_hmm,1,1.0000,False,"within_pairs=2768, cross_pairs=382"
HTWc3006,1070,6,bigram_transition,0,1.0000,False,"threshold=0.012821, p25"
HTWc3006,1070,6,boundary_entropy,5,1.0000,False,"threshold=1.0000, median=1.0000"
HTWc3006,1070,6,consensus,0,0.0000,False,"4 strategies, 0 accepted"
HTWc3006,1070,6,ground_truth,0,0.0000,False,0 divider(s)
HTWc3006,1070,6,positional_profile,0,1.0000,False,"start=27, end=11, thr_start=0.333, thr_end=0.333"
HTWc3006,1070,6,viterbi_hmm,5,1.0000,False,"within_pairs=2768, cross_pairs=382"
HTWc3007,1071,3,bigram_transition,0,1.0000,False,"threshold=0.012821, p25"
HTWc3007,1071,3,boundary_entropy,2,1.0000,False,"threshold=1.0000, median=1.0000"
HTWc3007,1071,3,consensus,0,0.0000,False,"4 strategies, 0 accepted"
HTWc3007,1071,3,ground_truth,0,0.0000,False,0 divider(s)
HTWc3007,1071,3,positional_profile,0,1.0000,False,"start=27, end=11, thr_start=0.333, thr_end=0.333"
HTWc3007,1071,3,viterbi_hmm,2,1.0000,False,"within_pairs=2768, cross_pairs=382"
HTWc3008,1072,7,bigram_transition,0,1.0000,False,"threshold=0.012821, p25"
HTWc3008,1072,7,boundary_entropy,6,1.0000,False,"threshold=1.0000, median=1.0000"
HTWc3008,1072,7,consensus,0,0.0000,False,"4 strategies, 0 accepted"
HTWc3008,1072,7,ground_truth,0,0.0000,False,0 divider(s)
HTWc3008,1072,7,positional_profile,0,1.0000,False,"start=27, end=11, thr_start=0.333, thr_end=0.333"
HTWc3008,1072,7,viterbi_hmm,4,1.0000,False,"within_pairs=2768, cross_pairs=382"
HTWc3009,1073,5,bigram_transition,0,1.0000,False,"threshold=0.012821, p25"
HTWc3009,1073,5,boundary_entropy,3,1.0000,False,"threshold=1.0000, median=1.0000"
HTWc3009,1073,5,consensus,0,0.0000,False,"4 strategies, 0 accepted"
HTWc3009,1073,5,ground_truth,0,0.0000,False,0 divider(s)
HTWc3009,1073,5,positional_profile,0,1.0000,False,"start=27, end=11, thr_start=0.333, thr_end=0.333"
HTWc3009,1073,5,viterbi_hmm,3,1.0000,False,"within_pairs=2768, cross_pairs=382"
HTWc3010,1074,5,bigram_transition,0,1.0000,False,"threshold=0.012821, p25"
HTWc3010,1074,5,boundary_entropy,3,1.0000,False,"threshold=1.0000, median=1.0000"
HTWc3010,1074,5,consensus,0,0.0000,False,"4 strategies, 0 accepted"
HTWc3010,1074,5,ground_truth,0,0.0000,False,0 divider(s)
HTWc3010,1074,5,positional_profile,0,1.0000,False,"start=27, end=11, thr_start=0.333, thr_end=0.333"
HTWc3010,1074,5,viterbi_hmm,2,1.0000,False,"within_pairs=2768, cross_pairs=382"
HTWc3011,1075,3,bigram_transition,0,1.0000,False,"threshold=0.012821, p25"
HTWc3011,1075,3,boundary_entropy,2,1.0000,False,"threshold=1.0000, median=1.0000"
HTWc3011,1075,3,consensus,0,0.0000,False,"4 strategies, 0 accepted"
HTWc3011,1075,3,ground_truth,0,0.0000,False,0 divider(s)
HTWc3011,1075,3,positional_profile,0,1.0000,False,"start=27, end=11, thr_start=0.333, thr_end=0.333"
HTWc3011,1075,3,viterbi_hmm,0,1.0000,False,"within_pairs=2768, cross_pairs=382"
HTWc3012,1076,5,bigram_transition,0,1.0000,False,"threshold=0.012821, p25"
HTWc3012,1076,5,boundary_entropy,4,1.0000,False,"threshold=1.0000, median=1.0000"
HTWc3012,1076,5,consensus,0,0.0000,False,"4 strategies, 0 accepted"
HTWc3012,1076,5,ground_truth,0,0.0000,False,0 divider(s)
HTWc3012,1076,5,positional_profile,0,1.0000,False,"start=27, end=11, thr_start=0.333, thr_end=0.333"
HTWc3012,1076,5,viterbi_hmm,1,1.0000,False,"within_pairs=2768, cross_pairs=382"
HTWc3013,1077,1,bigram_transition,0,1.0000,False,"threshold=0.012821, p25"
HTWc3013,1077,1,boundary_entropy,0,1.0000,False,"threshold=1.0000, median=1.0000"
HTWc3013,1077,1,consensus,0,0.0000,False,"4 strategies, 0 accepted"
HTWc3013,1077,1,ground_truth,0,0.0000,False,0 divider(s)
HTWc3013,1077,1,positional_profile,0,1.0000,False,"start=27, end=11, thr_start=0.333, thr_end=0.333"
HTWc3013,1077,1,viterbi_hmm,0,1.0000,False,too short
HTWc3014,1078,6,bigram_transition,1,1.0000,True,"threshold=0.012821, p25"
HTWc3014,1078,6,boundary_entropy,4,1.0000,True,"threshold=1.0000, median=1.0000"
HTWc3014,1078,6,consensus,1,1.0000,True,"4 strategies, 1 accepted"
HTWc3014,1078,6,ground_truth,1,1.0000,True,1 divider(s)
HTWc3014,1078,6,positional_profile,1,1.0000,True,"start=27, end=11, thr_start=0.333, thr_end=0.333"
HTWc3014,1078,6,viterbi_hmm,1,1.0000,True,"within_pairs=2768, cross_pairs=382"
HTWc3015,1079,4,bigram_transition,0,1.0000,False,"threshold=0.012821, p25"
HTWc3015,1079,4,boundary_entropy,3,1.0000,False,"threshold=1.0000, median=1.0000"
HTWc3015,1079,4,consensus,0,0.0000,False,"4 strategies, 0 accepted"
HTWc3015,1079,4,ground_truth,0,0.0000,False,0 divider(s)
HTWc3015,1079,4,positional_profile,0,1.0000,False,"start=27, end=11, thr_start=0.333, thr_end=0.333"
HTWc3015,1079,4,viterbi_hmm,1,1.0000,False,"within_pairs=2768, cross_pairs=382"
HTWc3016,1080,5,bigram_transition,0,1.0000,False,"threshold=0.012821, p25"
HTWc3016,1080,5,boundary_entropy,3,1.0000,False,"threshold=1.0000, median=1.0000"
HTWc3016,1080,5,consensus,0,0.0000,False,"4 strategies, 0 accepted"
HTWc3016,1080,5,ground_truth,0,0.0000,False,0 divider(s)
HTWc3016,1080,5,positional_profile,0,1.0000,False,"start=27, end=11, thr_start=0.333, thr_end=0.333"
HTWc3016,1080,5,viterbi_hmm,2,1.0000,False,"within_pairs=2768, cross_pairs=382"
HTWc3017,1081,9,bigram_transition,2,1.0000,True,"threshold=0.012821, p25"
HTWc3017,1081,9,boundary_entropy,5,1.0000,True,"threshold=1.0000, median=1.0000"
HTWc3017,1081,9,consensus,2,1.0000,True,"4 strategies, 2 accepted"
HTWc3017,1081,9,ground_truth,2,1.0000,True,2 divider(s)
HTWc3017,1081,9,positional_profile,2,1.0000,True,"start=27, end=11, thr_start=0.333, thr_end=0.333"
HTWc3017,1081,9,viterbi_hmm,3,1.0000,True,"within_pairs=2768, cross_pairs=382"
HTWc3019,1083,2,bigram_transition,0,1.0000,False,"threshold=0.012821, p25"
HTWc3019,1083,2,boundary_entropy,1,1.0000,False,"threshold=1.0000, median=1.0000"
HTWc3019,1083,2,consensus,0,0.0000,False,"4 strategies, 0 accepted"
HTWc3019,1083,2,ground_truth,0,0.0000,False,0 divider(s)
HTWc3019,1083,2,positional_profile,0,1.0000,False,"start=27, end=11, thr_start=0.333, thr_end=0.333"
HTWc3019,1083,2,viterbi_hmm,0,1.0000,False,"within_pairs=2768, cross_pairs=382"
HTWc3021,1084,1,bigram_transition,0,1.0000,False,"threshold=0.012821, p25"
HTWc3021,1084,1,boundary_entropy,0,1.0000,False,"threshold=1.0000, median=1.0000"
HTWc3021,1084,1,consensus,0,0.0000,False,"4 strategies, 0 accepted"
HTWc3021,1084,1,ground_truth,0,0.0000,False,0 divider(s)
HTWc3021,1084,1,positional_profile,0,1.0000,False,"start=27, end=11, thr_start=0.333, thr_end=0.333"
HTWc3021,1084,1,viterbi_hmm,0,1.0000,False,too short
HTWc3022(?),1085,1,bigram_transition,0,1.0000,False,"threshold=0.012821, p25"
HTWc3022(?),1085,1,boundary_entropy,0,1.0000,False,"threshold=1.0000, median=1.0000"
HTWc3022(?),1085,1,consensus,0,0.0000,False,"4 strategies, 0 accepted"
HTWc3022(?),1085,1,ground_truth,0,0.0000,False,0 divider(s)
HTWc3022(?),1085,1,positional_profile,0,1.0000,False,"start=27, end=11, thr_start=0.333, thr_end=0.333"
HTWc3022(?),1085,1,viterbi_hmm,0,1.0000,False,too short
HTWc3024,1087,5,bigram_transition,0,1.0000,False,"threshold=0.012821, p25"
HTWc3024,1087,5,boundary_entropy,4,1.0000,False,"threshold=1.0000, median=1.0000"
HTWc3024,1087,5,consensus,0,0.0000,False,"4 strategies, 0 accepted"
HTWc3024,1087,5,ground_truth,0,0.0000,False,0 divider(s)
HTWc3024,1087,5,positional_profile,0,1.0000,False,"start=27, end=11, thr_start=0.333, thr_end=0.333"
HTWc3024,1087,5,viterbi_hmm,2,1.0000,False,"within_pairs=2768, cross_pairs=382"
HTWc<3018>,1082,2,bigram_transition,0,1.0000,False,"threshold=0.012821, p25"
HTWc<3018>,1082,2,boundary_entropy,0,1.0000,False,"threshold=1.0000, median=1.0000"
HTWc<3018>,1082,2,consensus,0,0.0000,False,"4 strategies, 0 accepted"
HTWc<3018>,1082,2,ground_truth,0,0.0000,False,0 divider(s)
HTWc<3018>,1082,2,positional_profile,0,1.0000,False,"start=27, end=11, thr_start=0.333, thr_end=0.333"
HTWc<3018>,1082,2,viterbi_hmm,1,1.0000,False,"within_pairs=2768, cross_pairs=382"
HTWd1617,1088,1,bigram_transition,0,1.0000,False,"threshold=0.012821, p25"
HTWd1617,1088,1,boundary_entropy,0,1.0000,False,"threshold=1.0000, median=1.0000"
HTWd1617,1088,1,consensus,0,0.0000,False,"4 strategies, 0 accepted"
HTWd1617,1088,1,ground_truth,0,0.0000,False,0 divider(s)
HTWd1617,1088,1,positional_profile,0,1.0000,False,"start=27, end=11, thr_start=0.333, thr_end=0.333"
HTWd1617,1088,1,viterbi_hmm,0,1.0000,False,too short
HTWd1663,1089,1,bigram_transition,0,1.0000,False,"threshold=0.012821, p25"
HTWd1663,1089,1,boundary_entropy,0,1.0000,False,"threshold=1.0000, median=1.0000"
HTWd1663,1089,1,consensus,0,0.0000,False,"4 strategies, 0 accepted"
HTWd1663,1089,1,ground_truth,0,0.0000,False,0 divider(s)
HTWd1663,1089,1,positional_profile,0,1.0000,False,"start=27, end=11, thr_start=0.333, thr_end=0.333"
HTWd1663,1089,1,viterbi_hmm,0,1.0000,False,too short
HTWeWc3020,1090,4,bigram_transition,0,1.0000,False,"threshold=0.012821, p25"
HTWeWc3020,1090,4,boundary_entropy,2,1.0000,False,"threshold=1.0000, median=1.0000"
HTWeWc3020,1090,4,consensus,0,0.0000,False,"4 strategies, 0 accepted"
HTWeWc3020,1090,4,ground_truth,0,0.0000,False,0 divider(s)
HTWeWc3020,1090,4,positional_profile,0,1.0000,False,"start=27, end=11, thr_start=0.333, thr_end=0.333"
HTWeWc3020,1090,4,viterbi_hmm,2,1.0000,False,"within_pairs=2768, cross_pairs=382"
HTZb158a,1091,6,bigram_transition,1,1.0000,True,"threshold=0.012821, p25"
HTZb158a,1091,6,boundary_entropy,5,1.0000,True,"threshold=1.0000, median=1.0000"
HTZb158a,1091,6,consensus,1,1.0000,True,"4 strategies, 1 accepted"
HTZb158a,1091,6,ground_truth,1,1.0000,True,1 divider(s)
HTZb158a,1091,6,positional_profile,1,1.0000,True,"start=27, end=11, thr_start=0.333, thr_end=0.333"
HTZb158a,1091,6,viterbi_hmm,1,1.0000,True,"within_pairs=2768, cross_pairs=382"
HTZb158b,1092,6,bigram_transition,1,1.0000,False,"threshold=0.012821, p25"
HTZb158b,1092,6,boundary_entropy,5,1.0000,False,"threshold=1.0000, median=1.0000"
HTZb158b,1092,6,consensus,1,0.7500,False,"4 strategies, 1 accepted"
HTZb158b,1092,6,ground_truth,0,0.0000,False,0 divider(s)
HTZb158b,1092,6,positional_profile,0,1.0000,False,"start=27, end=11, thr_start=0.333, thr_end=0.333"
HTZb158b,1092,6,viterbi_hmm,3,1.0000,False,"within_pairs=2768, cross_pairs=382"
HTZb159,1093,7,bigram_transition,0,1.0000,False,"threshold=0.012821, p25"
HTZb159,1093,7,boundary_entropy,6,1.0000,False,"threshold=1.0000, median=1.0000"
HTZb159,1093,7,consensus,0,0.0000,False,"4 strategies, 0 accepted"
HTZb159,1093,7,ground_truth,0,0.0000,False,0 divider(s)
HTZb159,1093,7,positional_profile,0,1.0000,False,"start=27, end=11, thr_start=0.333, thr_end=0.333"
HTZb159,1093,7,viterbi_hmm,3,1.0000,False,"within_pairs=2768, cross_pairs=382"
HTZb160,1094,7,bigram_transition,0,1.0000,False,"threshold=0.012821, p25"
HTZb160,1094,7,boundary_entropy,6,1.0000,False,"threshold=1.0000, median=1.0000"
HTZb160,1094,7,consensus,0,0.0000,False,"4 strategies, 0 accepted"
HTZb160,1094,7,ground_truth,0,0.0000,False,0 divider(s)
HTZb160,1094,7,positional_profile,0,1.0000,False,"start=27, end=11, thr_start=0.333, thr_end=0.333"
HTZb160,1094,7,viterbi_hmm,2,1.0000,False,"within_pairs=2768, cross_pairs=382"
HTZb161,1095,4,bigram_transition,0,1.0000,False,"threshold=0.012821, p25"
HTZb161,1095,4,boundary_entropy,1,1.0000,False,"threshold=1.0000, median=1.0000"
HTZb161,1095,4,consensus,0,0.0000,False,"4 strategies, 0 accepted"
HTZb161,1095,4,ground_truth,0,0.0000,False,0 divider(s)
HTZb161,1095,4,positional_profile,0,1.0000,False,"start=27, end=11, thr_start=0.333, thr_end=0.333"
HTZb161,1095,4,viterbi_hmm,3,1.0000,False,"within_pairs=2768, cross_pairs=382"
HTZb162,1096,4,bigram_transition,0,1.0000,False,"threshold=0.012821, p25"
HTZb162,1096,4,boundary_entropy,1,1.0000,False,"threshold=1.0000, median=1.0000"
HTZb162,1096,4,consensus,0,0.0000,False,"4 strategies, 0 accepted"
HTZb162,1096,4,ground_truth,0,0.0000,False,0 divider(s)
HTZb162,1096,4,positional_profile,0,1.0000,False,"start=27, end=11, thr_start=0.333, thr_end=0.333"
HTZb162,1096,4,viterbi_hmm,3,1.0000,False,"within_pairs=2768, cross_pairs=382"
HTZb162bis,1097,1,bigram_transition,0,1.0000,False,"threshold=0.012821, p25"
HTZb162bis,1097,1,boundary_entropy,0,1.0000,False,"threshold=1.0000, median=1.0000"
HTZb162bis,1097,1,consensus,0,0.0000,False,"4 strategies, 0 accepted"
HTZb162bis,1097,1,ground_truth,0,0.0000,False,0 divider(s)
HTZb162bis,1097,1,positional_profile,0,1.0000,False,"start=27, end=11, thr_start=0.333, thr_end=0.333"
HTZb162bis,1097,1,viterbi_hmm,0,1.0000,False,too short
HTZd155,1098,9,bigram_transition,1,1.0000,True,"threshold=0.012821, p25"
HTZd155,1098,9,boundary_entropy,7,1.0000,True,"threshold=1.0000, median=1.0000"
HTZd155,1098,9,consensus,1,1.0000,True,"4 strategies, 1 accepted"
HTZd155,1098,9,ground_truth,1,1.0000,True,1 divider(s)
HTZd155,1098,9,positional_profile,1,1.0000,True,"start=27, end=11, thr_start=0.333, thr_end=0.333"
HTZd155,1098,9,viterbi_hmm,1,1.0000,True,"within_pairs=2768, cross_pairs=382"
HTZd157+156,1099,22,bigram_transition,0,1.0000,False,"threshold=0.012821, p25"
HTZd157+156,1099,22,boundary_entropy,13,1.0000,False,"threshold=1.0000, median=1.0000"
HTZd157+156,1099,22,consensus,0,0.0000,False,"4 strategies, 0 accepted"
HTZd157+156,1099,22,ground_truth,0,0.0000,False,0 divider(s)
HTZd157+156,1099,22,positional_profile,0,1.0000,False,"start=27, end=11, thr_start=0.333, thr_end=0.333"
HTZd157+156,1099,22,viterbi_hmm,9,1.0000,False,"within_pairs=2768, cross_pairs=382"
HTZf(HM767),1705,2,bigram_transition,0,1.0000,False,"threshold=0.012821, p25"
HTZf(HM767),1705,2,boundary_entropy,1,1.0000,False,"threshold=1.0000, median=1.0000"
HTZf(HM767),1705,2,consensus,0,0.0000,False,"4 strategies, 0 accepted"
HTZf(HM767),1705,2,ground_truth,0,0.0000,False,0 divider(s)
HTZf(HM767),1705,2,positional_profile,0,1.0000,False,"start=27, end=11, thr_start=0.333, thr_end=0.333"
HTZf(HM767),1705,2,viterbi_hmm,1,1.0000,False,"within_pairs=2768, cross_pairs=382"
HTZf163,1100,1,bigram_transition,0,1.0000,False,"threshold=0.012821, p25"
HTZf163,1100,1,boundary_entropy,0,1.0000,False,"threshold=1.0000, median=1.0000"
HTZf163,1100,1,consensus,0,0.0000,False,"4 strategies, 0 accepted"
HTZf163,1100,1,ground_truth,0,0.0000,False,0 divider(s)
HTZf163,1100,1,positional_profile,0,1.0000,False,"start=27, end=11, thr_start=0.333, thr_end=0.333"
HTZf163,1100,1,viterbi_hmm,0,1.0000,False,too short
HTZf164,1101,1,bigram_transition,0,1.0000,False,"threshold=0.012821, p25"
HTZf164,1101,1,boundary_entropy,0,1.0000,False,"threshold=1.0000, median=1.0000"
HTZf164,1101,1,consensus,0,0.0000,False,"4 strategies, 0 accepted"
HTZf164,1101,1,ground_truth,0,0.0000,False,0 divider(s)
HTZf164,1101,1,positional_profile,0,1.0000,False,"start=27, end=11, thr_start=0.333, thr_end=0.333"
HTZf164,1101,1,viterbi_hmm,0,1.0000,False,too short
HTZf165,1102,1,bigram_transition,0,1.0000,False,"threshold=0.012821, p25"
HTZf165,1102,1,boundary_entropy,0,1.0000,False,"threshold=1.0000, median=1.0000"
HTZf165,1102,1,consensus,0,0.0000,False,"4 strategies, 0 accepted"
HTZf165,1102,1,ground_truth,0,0.0000,False,0 divider(s)
HTZf165,1102,1,positional_profile,0,1.0000,False,"start=27, end=11, thr_start=0.333, thr_end=0.333"
HTZf165,1102,1,viterbi_hmm,0,1.0000,False,too short
HTZf166,1103,1,bigram_transition,0,1.0000,False,"threshold=0.012821, p25"
HTZf166,1103,1,boundary_entropy,0,1.0000,False,"threshold=1.0000, median=1.0000"
HTZf166,1103,1,consensus,0,0.0000,False,"4 strategies, 0 accepted"
HTZf166,1103,1,ground_truth,0,0.0000,False,0 divider(s)
HTZf166,1103,1,positional_profile,0,1.0000,False,"start=27, end=11, thr_start=0.333, thr_end=0.333"
HTZf166,1103,1,viterbi_hmm,0,1.0000,False,too short
HTZf167,1104,1,bigram_transition,0,1.0000,False,"threshold=0.012821, p25"
HTZf167,1104,1,boundary_entropy,0,1.0000,False,"threshold=1.0000, median=1.0000"
HTZf167,1104,1,consensus,0,0.0000,False,"4 strategies, 0 accepted"
HTZf167,1104,1,ground_truth,0,0.0000,False,0 divider(s)
HTZf167,1104,1,positional_profile,0,1.0000,False,"start=27, end=11, thr_start=0.333, thr_end=0.333"
HTZf167,1104,1,viterbi_hmm,0,1.0000,False,too short
HTZf168,1105,2,bigram_transition,0,1.0000,False,"threshold=0.012821, p25"
HTZf168,1105,2,boundary_entropy,1,1.0000,False,"threshold=1.0000, median=1.0000"
HTZf168,1105,2,consensus,0,0.0000,False,"4 strategies, 0 accepted"
HTZf168,1105,2,ground_truth,0,0.0000,False,0 divider(s)
HTZf168,1105,2,positional_profile,0,1.0000,False,"start=27, end=11, thr_start=0.333, thr_end=0.333"
HTZf168,1105,2,viterbi_hmm,1,1.0000,False,"within_pairs=2768, cross_pairs=382"
HTZf169,1106,1,bigram_transition,0,1.0000,False,"threshold=0.012821, p25"
HTZf169,1106,1,boundary_entropy,0,1.0000,False,"threshold=1.0000, median=1.0000"
HTZf169,1106,1,consensus,0,0.0000,False,"4 strategies, 0 accepted"
HTZf169,1106,1,ground_truth,0,0.0000,False,0 divider(s)
HTZf169,1106,1,positional_profile,0,1.0000,False,"start=27, end=11, thr_start=0.333, thr_end=0.333"
HTZf169,1106,1,viterbi_hmm,0,1.0000,False,too short
HTZg163,1107,1,bigram_transition,0,1.0000,False,"threshold=0.012821, p25"
HTZg163,1107,1,boundary_entropy,0,1.0000,False,"threshold=1.0000, median=1.0000"
HTZg163,1107,1,consensus,0,0.0000,False,"4 strategies, 0 accepted"
HTZg163,1107,1,ground_truth,0,0.0000,False,0 divider(s)
HTZg163,1107,1,positional_profile,0,1.0000,False,"start=27, end=11, thr_start=0.333, thr_end=0.333"
HTZg163,1107,1,viterbi_hmm,0,1.0000,False,too short
INZb1,1703,2,bigram_transition,0,1.0000,False,"threshold=0.012821, p25"
INZb1,1703,2,boundary_entropy,1,1.0000,False,"threshold=1.0000, median=1.0000"
INZb1,1703,2,consensus,0,0.0000,False,"4 strategies, 0 accepted"
INZb1,1703,2,ground_truth,0,0.0000,False,0 divider(s)
INZb1,1703,2,positional_profile,0,1.0000,False,"start=27, end=11, thr_start=0.333, thr_end=0.333"
INZb1,1703,2,viterbi_hmm,0,1.0000,False,"within_pairs=2768, cross_pairs=382"
IOZa11,1118,19,bigram_transition,3,1.0000,True,"threshold=0.012821, p25"
IOZa11,1118,19,boundary_entropy,15,1.0000,True,"threshold=1.0000, median=1.0000"
IOZa11,1118,19,consensus,3,1.0000,True,"4 strategies, 3 accepted"
IOZa11,1118,19,ground_truth,3,1.0000,True,3 divider(s)
IOZa11,1118,19,positional_profile,3,1.0000,True,"start=27, end=11, thr_start=0.333, thr_end=0.333"
IOZa11,1118,19,viterbi_hmm,3,1.0000,True,"within_pairs=2768, cross_pairs=382"
IOZa12,1119,11,bigram_transition,3,1.0000,True,"threshold=0.012821, p25"
IOZa12,1119,11,boundary_entropy,9,1.0000,True,"threshold=1.0000, median=1.0000"
IOZa12,1119,11,consensus,3,1.0000,True,"4 strategies, 3 accepted"
IOZa12,1119,11,ground_truth,3,1.0000,True,3 divider(s)
IOZa12,1119,11,positional_profile,3,1.0000,True,"start=27, end=11, thr_start=0.333, thr_end=0.333"
IOZa12,1119,11,viterbi_hmm,3,1.0000,True,"within_pairs=2768, cross_pairs=382"
IOZa13,1120,5,bigram_transition,1,1.0000,True,"threshold=0.012821, p25"
IOZa13,1120,5,boundary_entropy,4,1.0000,True,"threshold=1.0000, median=1.0000"
IOZa13,1120,5,consensus,1,1.0000,True,"4 strategies, 1 accepted"
IOZa13,1120,5,ground_truth,1,1.0000,True,1 divider(s)
IOZa13,1120,5,positional_profile,1,1.0000,True,"start=27, end=11, thr_start=0.333, thr_end=0.333"
IOZa13,1120,5,viterbi_hmm,2,1.0000,True,"within_pairs=2768, cross_pairs=382"
IOZa14,1121,8,bigram_transition,1,1.0000,True,"threshold=0.012821, p25"
IOZa14,1121,8,boundary_entropy,5,1.0000,True,"threshold=1.0000, median=1.0000"
IOZa14,1121,8,consensus,1,1.0000,True,"4 strategies, 1 accepted"
IOZa14,1121,8,ground_truth,1,1.0000,True,1 divider(s)
IOZa14,1121,8,positional_profile,1,1.0000,True,"start=27, end=11, thr_start=0.333, thr_end=0.333"
IOZa14,1121,8,viterbi_hmm,1,1.0000,True,"within_pairs=2768, cross_pairs=382"
IOZa15,1122,10,bigram_transition,1,1.0000,True,"threshold=0.012821, p25"
IOZa15,1122,10,boundary_entropy,8,1.0000,True,"threshold=1.0000, median=1.0000"
IOZa15,1122,10,consensus,1,1.0000,True,"4 strategies, 1 accepted"
IOZa15,1122,10,ground_truth,1,1.0000,True,1 divider(s)
IOZa15,1122,10,positional_profile,1,1.0000,True,"start=27, end=11, thr_start=0.333, thr_end=0.333"
IOZa15,1122,10,viterbi_hmm,1,1.0000,True,"within_pairs=2768, cross_pairs=382"
IOZa16,1123,16,bigram_transition,2,1.0000,True,"threshold=0.012821, p25"
IOZa16,1123,16,boundary_entropy,13,1.0000,True,"threshold=1.0000, median=1.0000"
IOZa16,1123,16,consensus,2,1.0000,True,"4 strategies, 2 accepted"
IOZa16,1123,16,ground_truth,2,1.0000,True,2 divider(s)
IOZa16,1123,16,positional_profile,2,1.0000,True,"start=27, end=11, thr_start=0.333, thr_end=0.333"
IOZa16,1123,16,viterbi_hmm,2,1.0000,True,"within_pairs=2768, cross_pairs=382"
IOZa2,1109,48,bigram_transition,8,1.0000,True,"threshold=0.012821, p25"
IOZa2,1109,48,boundary_entropy,39,1.0000,True,"threshold=1.0000, median=1.0000"
IOZa2,1109,48,consensus,8,1.0000,True,"4 strategies, 8 accepted"
IOZa2,1109,48,ground_truth,8,1.0000,True,8 divider(s)
IOZa2,1109,48,positional_profile,8,1.0000,True,"start=27, end=11, thr_start=0.333, thr_end=0.333"
IOZa2,1109,48,viterbi_hmm,8,1.0000,True,"within_pairs=2768, cross_pairs=382"
IOZa3,1110,10,bigram_transition,2,1.0000,True,"threshold=0.012821, p25"
IOZa3,1110,10,boundary_entropy,7,1.0000,True,"threshold=1.0000, median=1.0000"
IOZa3,1110,10,consensus,2,1.0000,True,"4 strategies, 2 accepted"
IOZa3,1110,10,ground_truth,2,1.0000,True,2 divider(s)
IOZa3,1110,10,positional_profile,2,1.0000,True,"start=27, end=11, thr_start=0.333, thr_end=0.333"
IOZa3,1110,10,viterbi_hmm,2,1.0000,True,"within_pairs=2768, cross_pairs=382"
IOZa4,1111,4,bigram_transition,0,1.0000,False,"threshold=0.012821, p25"
IOZa4,1111,4,boundary_entropy,1,1.0000,False,"threshold=1.0000, median=1.0000"
IOZa4,1111,4,consensus,0,0.0000,False,"4 strategies, 0 accepted"
IOZa4,1111,4,ground_truth,0,0.0000,False,0 divider(s)
IOZa4,1111,4,positional_profile,0,1.0000,False,"start=27, end=11, thr_start=0.333, thr_end=0.333"
IOZa4,1111,4,viterbi_hmm,1,1.0000,False,"within_pairs=2768, cross_pairs=382"
IOZa5,1112,11,bigram_transition,1,1.0000,True,"threshold=0.012821, p25"
IOZa5,1112,11,boundary_entropy,9,1.0000,True,"threshold=1.0000, median=1.0000"
IOZa5,1112,11,consensus,1,1.0000,True,"4 strategies, 1 accepted"
IOZa5,1112,11,ground_truth,1,1.0000,True,1 divider(s)
IOZa5,1112,11,positional_profile,1,1.0000,True,"start=27, end=11, thr_start=0.333, thr_end=0.333"
IOZa5,1112,11,viterbi_hmm,3,1.0000,True,"within_pairs=2768, cross_pairs=382"
IOZa6,1113,23,bigram_transition,4,1.0000,True,"threshold=0.012821, p25"
IOZa6,1113,23,boundary_entropy,19,1.0000,True,"threshold=1.0000, median=1.0000"
IOZa6,1113,23,consensus,3,1.0000,True,"4 strategies, 3 accepted"
IOZa6,1113,23,ground_truth,3,1.0000,True,3 divider(s)
IOZa6,1113,23,positional_profile,3,1.0000,True,"start=27, end=11, thr_start=0.333, thr_end=0.333"
IOZa6,1113,23,viterbi_hmm,4,1.0000,True,"within_pairs=2768, cross_pairs=382"
IOZa7,1114,11,bigram_transition,1,1.0000,True,"threshold=0.012821, p25"
IOZa7,1114,11,boundary_entropy,8,1.0000,True,"threshold=1.0000, median=1.0000"
IOZa7,1114,11,consensus,1,1.0000,True,"4 strategies, 1 accepted"
IOZa7,1114,11,ground_truth,1,1.0000,True,1 divider(s)
IOZa7,1114,11,positional_profile,1,1.0000,True,"start=27, end=11, thr_start=0.333, thr_end=0.333"
IOZa7,1114,11,viterbi_hmm,1,1.0000,True,"within_pairs=2768, cross_pairs=382"
IOZa8,1115,8,bigram_transition,1,1.0000,False,"threshold=0.012821, p25"
IOZa8,1115,8,boundary_entropy,6,1.0000,False,"threshold=1.0000, median=1.0000"
IOZa8,1115,8,consensus,1,0.7500,False,"4 strategies, 1 accepted"
IOZa8,1115,8,ground_truth,0,0.0000,False,0 divider(s)
IOZa8,1115,8,positional_profile,0,1.0000,False,"start=27, end=11, thr_start=0.333, thr_end=0.333"
IOZa8,1115,8,viterbi_hmm,1,1.0000,False,"within_pairs=2768, cross_pairs=382"
IOZa9,1116,13,bigram_transition,1,1.0000,True,"threshold=0.012821, p25"
IOZa9,1116,13,boundary_entropy,11,1.0000,True,"threshold=1.0000, median=1.0000"
IOZa9,1116,13,consensus,1,1.0000,True,"4 strategies, 1 accepted"
IOZa9,1116,13,ground_truth,1,1.0000,True,1 divider(s)
IOZa9,1116,13,positional_profile,1,1.0000,True,"start=27, end=11, thr_start=0.333, thr_end=0.333"
IOZa9,1116,13,viterbi_hmm,1,1.0000,True,"within_pairs=2768, cross_pairs=382"
IOZa<1>,1108,3,bigram_transition,0,1.0000,False,"threshold=0.012821, p25"
IOZa<1>,1108,3,boundary_entropy,2,1.0000,False,"threshold=1.0000, median=1.0000"
IOZa<1>,1108,3,consensus,0,0.0000,False,"4 strategies, 0 accepted"
IOZa<1>,1108,3,ground_truth,0,0.0000,False,0 divider(s)
IOZa<1>,1108,3,positional_profile,0,1.0000,False,"start=27, end=11, thr_start=0.333, thr_end=0.333"
IOZa<1>,1108,3,viterbi_hmm,2,1.0000,False,"within_pairs=2768, cross_pairs=382"
IOZb10,1117,6,bigram_transition,0,1.0000,False,"threshold=0.012821, p25"
IOZb10,1117,6,boundary_entropy,5,1.0000,False,"threshold=1.0000, median=1.0000"
IOZb10,1117,6,consensus,0,0.0000,False,"4 strategies, 0 accepted"
IOZb10,1117,6,ground_truth,0,0.0000,False,0 divider(s)
IOZb10,1117,6,positional_profile,0,1.0000,False,"start=27, end=11, thr_start=0.333, thr_end=0.333"
IOZb10,1117,6,viterbi_hmm,2,1.0000,False,"within_pairs=2768, cross_pairs=382"
KAMZb1,1125,4,bigram_transition,2,1.0000,True,"threshold=0.012821, p25"
KAMZb1,1125,4,boundary_entropy,3,1.0000,True,"threshold=1.0000, median=1.0000"
KAMZb1,1125,4,consensus,2,1.0000,True,"4 strategies, 2 accepted"
KAMZb1,1125,4,ground_truth,2,1.0000,True,2 divider(s)
KAMZb1,1125,4,positional_profile,2,1.0000,True,"start=27, end=11, thr_start=0.333, thr_end=0.333"
KAMZb1,1125,4,viterbi_hmm,2,1.0000,True,"within_pairs=2768, cross_pairs=382"
KANZa1,1126,7,bigram_transition,1,1.0000,True,"threshold=0.012821, p25"
KANZa1,1126,7,boundary_entropy,5,1.0000,True,"threshold=1.0000, median=1.0000"
KANZa1,1126,7,consensus,1,1.0000,True,"4 strategies, 1 accepted"
KANZa1,1126,7,ground_truth,1,1.0000,True,1 divider(s)
KANZa1,1126,7,positional_profile,1,1.0000,True,"start=27, end=11, thr_start=0.333, thr_end=0.333"
KANZa1,1126,7,viterbi_hmm,1,1.0000,True,"within_pairs=2768, cross_pairs=382"
KAZf1,1124,3,bigram_transition,1,1.0000,True,"threshold=0.012821, p25"
KAZf1,1124,3,boundary_entropy,2,1.0000,True,"threshold=1.0000, median=1.0000"
KAZf1,1124,3,consensus,1,1.0000,True,"4 strategies, 1 accepted"
KAZf1,1124,3,ground_truth,1,1.0000,True,1 divider(s)
KAZf1,1124,3,positional_profile,1,1.0000,True,"start=27, end=11, thr_start=0.333, thr_end=0.333"
KAZf1,1124,3,viterbi_hmm,1,1.0000,True,"within_pairs=2768, cross_pairs=382"
KE1,1127,5,bigram_transition,1,1.0000,False,"threshold=0.012821, p25"
KE1,1127,5,boundary_entropy,4,1.0000,False,"threshold=1.0000, median=1.0000"
KE1,1127,5,consensus,1,0.7500,False,"4 strategies, 1 accepted"
KE1,1127,5,ground_truth,0,0.0000,False,0 divider(s)
KE1,1127,5,positional_profile,0,1.0000,False,"start=27, end=11, thr_start=0.333, thr_end=0.333"
KE1,1127,5,viterbi_hmm,2,1.0000,False,"within_pairs=2768, cross_pairs=382"
KEWc2,1128,3,bigram_transition,0,1.0000,False,"threshold=0.012821, p25"
KEWc2,1128,3,boundary_entropy,2,1.0000,False,"threshold=1.0000, median=1.0000"
KEWc2,1128,3,consensus,0,0.0000,False,"4 strategies, 0 accepted"
KEWc2,1128,3,ground_truth,0,0.0000,False,0 divider(s)
KEWc2,1128,3,positional_profile,0,1.0000,False,"start=27, end=11, thr_start=0.333, thr_end=0.333"
KEWc2,1128,3,viterbi_hmm,2,1.0000,False,"within_pairs=2768, cross_pairs=382"
KEZb3,1129,1,bigram_transition,0,1.0000,False,"threshold=0.012821, p25"
KEZb3,1129,1,boundary_entropy,0,1.0000,False,"threshold=1.0000, median=1.0000"
KEZb3,1129,1,consensus,0,0.0000,False,"4 strategies, 0 accepted"
KEZb3,1129,1,ground_truth,0,0.0000,False,0 divider(s)
KEZb3,1129,1,positional_profile,0,1.0000,False,"start=27, end=11, thr_start=0.333, thr_end=0.333"
KEZb3,1129,1,viterbi_hmm,0,1.0000,False,too short
KEZb4,1130,4,bigram_transition,1,1.0000,True,"threshold=0.012821, p25"
KEZb4,1130,4,boundary_entropy,3,1.0000,True,"threshold=1.0000, median=1.0000"
KEZb4,1130,4,consensus,1,1.0000,True,"4 strategies, 1 accepted"
KEZb4,1130,4,ground_truth,1,1.0000,True,1 divider(s)
KEZb4,1130,4,positional_profile,1,1.0000,True,"start=27, end=11, thr_start=0.333, thr_end=0.333"
KEZb4,1130,4,viterbi_hmm,1,1.0000,True,"within_pairs=2768, cross_pairs=382"
KEZb5,1131,1,bigram_transition,0,1.0000,False,"threshold=0.012821, p25"
KEZb5,1131,1,boundary_entropy,0,1.0000,False,"threshold=1.0000, median=1.0000"
KEZb5,1131,1,consensus,0,0.0000,False,"4 strategies, 0 accepted"
KEZb5,1131,1,ground_truth,0,0.0000,False,0 divider(s)
KEZb5,1131,1,positional_profile,0,1.0000,False,"start=27, end=11, thr_start=0.333, thr_end=0.333"
KEZb5,1131,1,viterbi_hmm,0,1.0000,False,too short
KEZb6,1132,3,bigram_transition,0,1.0000,False,"threshold=0.012821, p25"
KEZb6,1132,3,boundary_entropy,0,1.0000,False,"threshold=1.0000, median=1.0000"
KEZb6,1132,3,consensus,0,0.0000,False,"4 strategies, 0 accepted"
KEZb6,1132,3,ground_truth,0,0.0000,False,0 divider(s)
KEZb6,1132,3,positional_profile,0,1.0000,False,"start=27, end=11, thr_start=0.333, thr_end=0.333"
KEZb6,1132,3,viterbi_hmm,2,1.0000,False,"within_pairs=2768, cross_pairs=382"
KEZb7,1133,3,bigram_transition,0,1.0000,False,"threshold=0.012821, p25"
KEZb7,1133,3,boundary_entropy,2,1.0000,False,"threshold=1.0000, median=1.0000"
KEZb7,1133,3,consensus,0,0.0000,False,"4 strategies, 0 accepted"
KEZb7,1133,3,ground_truth,0,0.0000,False,0 divider(s)
KEZb7,1133,3,positional_profile,0,1.0000,False,"start=27, end=11, thr_start=0.333, thr_end=0.333"
KEZb7,1133,3,viterbi_hmm,1,1.0000,False,"within_pairs=2768, cross_pairs=382"
KH1,1134,11,bigram_transition,1,1.0000,True,"threshold=0.012821, p25"
KH1,1134,11,boundary_entropy,5,1.0000,True,"threshold=1.0000, median=1.0000"
KH1,1134,11,consensus,1,1.0000,True,"4 strategies, 1 accepted"
KH1,1134,11,ground_truth,1,1.0000,True,1 divider(s)
KH1,1134,11,positional_profile,1,1.0000,True,"start=27, end=11, thr_start=0.333, thr_end=0.333"
KH1,1134,11,viterbi_hmm,5,1.0000,True,"within_pairs=2768, cross_pairs=382"
KH10,1144,21,bigram_transition,1,1.0000,True,"threshold=0.012821, p25"
KH10,1144,21,boundary_entropy,14,1.0000,True,"threshold=1.0000, median=1.0000"
KH10,1144,21,consensus,2,0.8750,True,"4 strategies, 2 accepted"
KH10,1144,21,ground_truth,1,1.0000,True,1 divider(s)
KH10,1144,21,positional_profile,2,1.0000,True,"start=27, end=11, thr_start=0.333, thr_end=0.333"
KH10,1144,21,viterbi_hmm,5,1.0000,True,"within_pairs=2768, cross_pairs=382"
KH100,1232,12,bigram_transition,1,1.0000,False,"threshold=0.012821, p25"
KH100,1232,12,boundary_entropy,11,1.0000,False,"threshold=1.0000, median=1.0000"
KH100,1232,12,consensus,1,0.7500,False,"4 strategies, 1 accepted"
KH100,1232,12,ground_truth,0,0.0000,False,0 divider(s)
KH100,1232,12,positional_profile,0,1.0000,False,"start=27, end=11, thr_start=0.333, thr_end=0.333"
KH100,1232,12,viterbi_hmm,6,1.0000,False,"within_pairs=2768, cross_pairs=382"
KH101,1697,7,bigram_transition,0,1.0000,False,"threshold=0.012821, p25"
KH101,1697,7,boundary_entropy,3,1.0000,False,"threshold=1.0000, median=1.0000"
KH101,1697,7,consensus,0,0.0000,False,"4 strategies, 0 accepted"
KH101,1697,7,ground_truth,0,0.0000,False,0 divider(s)
KH101,1697,7,positional_profile,0,1.0000,False,"start=27, end=11, thr_start=0.333, thr_end=0.333"
KH101,1697,7,viterbi_hmm,5,1.0000,False,"within_pairs=2768, cross_pairs=382"
KH102,1690,2,bigram_transition,0,1.0000,False,"threshold=0.012821, p25"
KH102,1690,2,boundary_entropy,1,1.0000,False,"threshold=1.0000, median=1.0000"
KH102,1690,2,consensus,0,0.0000,False,"4 strategies, 0 accepted"
KH102,1690,2,ground_truth,0,0.0000,False,0 divider(s)
KH102,1690,2,positional_profile,0,1.0000,False,"start=27, end=11, thr_start=0.333, thr_end=0.333"
KH102,1690,2,viterbi_hmm,1,1.0000,False,"within_pairs=2768, cross_pairs=382"
KH103,1698,18,bigram_transition,0,1.0000,False,"threshold=0.012821, p25"
KH103,1698,18,boundary_entropy,7,1.0000,False,"threshold=1.0000, median=1.0000"
KH103,1698,18,consensus,0,0.0000,False,"4 strategies, 0 accepted"
KH103,1698,18,ground_truth,0,0.0000,False,0 divider(s)
KH103,1698,18,positional_profile,0,1.0000,False,"start=27, end=11, thr_start=0.333, thr_end=0.333"
KH103,1698,18,viterbi_hmm,16,1.0000,False,"within_pairs=2768, cross_pairs=382"
KH104,1712,6,bigram_transition,1,1.0000,False,"threshold=0.012821, p25"
KH104,1712,6,boundary_entropy,3,1.0000,False,"threshold=1.0000, median=1.0000"
KH104,1712,6,consensus,0,0.0000,False,"4 strategies, 0 accepted"
KH104,1712,6,ground_truth,0,0.0000,False,0 divider(s)
KH104,1712,6,positional_profile,0,1.0000,False,"start=27, end=11, thr_start=0.333, thr_end=0.333"
KH104,1712,6,viterbi_hmm,2,1.0000,False,"within_pairs=2768, cross_pairs=382"
KH105,1713,3,bigram_transition,0,1.0000,False,"threshold=0.012821, p25"
KH105,1713,3,boundary_entropy,2,1.0000,False,"threshold=1.0000, median=1.0000"
KH105,1713,3,consensus,0,0.0000,False,"4 strategies, 0 accepted"
KH105,1713,3,ground_truth,0,0.0000,False,0 divider(s)
KH105,1713,3,positional_profile,0,1.0000,False,"start=27, end=11, thr_start=0.333, thr_end=0.333"
KH105,1713,3,viterbi_hmm,1,1.0000,False,"within_pairs=2768, cross_pairs=382"
KH11,1145,45,bigram_transition,2,1.0000,True,"threshold=0.012821, p25"
KH11,1145,45,boundary_entropy,21,1.0000,True,"threshold=1.0000, median=1.0000"
KH11,1145,45,consensus,1,1.0000,True,"4 strategies, 1 accepted"
KH11,1145,45,ground_truth,1,1.0000,True,1 divider(s)
KH11,1145,45,positional_profile,1,1.0000,True,"start=27, end=11, thr_start=0.333, thr_end=0.333"
KH11,1145,45,viterbi_hmm,1,1.0000,True,"within_pairs=2768, cross_pairs=382"
KH12,1146,27,bigram_transition,0,1.0000,False,"threshold=0.012821, p25"
KH12,1146,27,boundary_entropy,22,1.0000,False,"threshold=1.0000, median=1.0000"
KH12,1146,27,consensus,0,0.0000,False,"4 strategies, 0 accepted"
KH12,1146,27,ground_truth,0,0.0000,False,0 divider(s)
KH12,1146,27,positional_profile,0,1.0000,False,"start=27, end=11, thr_start=0.333, thr_end=0.333"
KH12,1146,27,viterbi_hmm,9,1.0000,False,"within_pairs=2768, cross_pairs=382"
KH13,1147,27,bigram_transition,1,1.0000,False,"threshold=0.012821, p25"
KH13,1147,27,boundary_entropy,20,1.0000,False,"threshold=1.0000, median=1.0000"
KH13,1147,27,consensus,0,0.0000,False,"4 strategies, 0 accepted"
KH13,1147,27,ground_truth,0,0.0000,False,0 divider(s)
KH13,1147,27,positional_profile,0,1.0000,False,"start=27, end=11, thr_start=0.333, thr_end=0.333"
KH13,1147,27,viterbi_hmm,15,1.0000,False,"within_pairs=2768, cross_pairs=382"
KH14,1148,27,bigram_transition,2,1.0000,True,"threshold=0.012821, p25"
KH14,1148,27,boundary_entropy,17,1.0000,True,"threshold=1.0000, median=1.0000"
KH14,1148,27,consensus,2,1.0000,True,"4 strategies, 2 accepted"
KH14,1148,27,ground_truth,2,1.0000,True,2 divider(s)
KH14,1148,27,positional_profile,2,1.0000,True,"start=27, end=11, thr_start=0.333, thr_end=0.333"
KH14,1148,27,viterbi_hmm,5,1.0000,True,"within_pairs=2768, cross_pairs=382"
KH15,1149,9,bigram_transition,0,1.0000,False,"threshold=0.012821, p25"
KH15,1149,9,boundary_entropy,8,1.0000,False,"threshold=1.0000, median=1.0000"
KH15,1149,9,consensus,0,0.0000,False,"4 strategies, 0 accepted"
KH15,1149,9,ground_truth,0,0.0000,False,0 divider(s)
KH15,1149,9,positional_profile,0,1.0000,False,"start=27, end=11, thr_start=0.333, thr_end=0.333"
KH15,1149,9,viterbi_hmm,3,1.0000,False,"within_pairs=2768, cross_pairs=382"
KH16,1150,19,bigram_transition,0,1.0000,False,"threshold=0.012821, p25"
KH16,1150,19,boundary_entropy,12,1.0000,False,"threshold=1.0000, median=1.0000"
KH16,1150,19,consensus,0,0.0000,False,"4 strategies, 0 accepted"
KH16,1150,19,ground_truth,0,0.0000,False,0 divider(s)
KH16,1150,19,positional_profile,0,1.0000,False,"start=27, end=11, thr_start=0.333, thr_end=0.333"
KH16,1150,19,viterbi_hmm,11,1.0000,False,"within_pairs=2768, cross_pairs=382"
KH17,1151,14,bigram_transition,0,1.0000,False,"threshold=0.012821, p25"
KH17,1151,14,boundary_entropy,9,1.0000,False,"threshold=1.0000, median=1.0000"
KH17,1151,14,consensus,0,0.0000,False,"4 strategies, 0 accepted"
KH17,1151,14,ground_truth,0,0.0000,False,0 divider(s)
KH17,1151,14,positional_profile,0,1.0000,False,"start=27, end=11, thr_start=0.333, thr_end=0.333"
KH17,1151,14,viterbi_hmm,7,1.0000,False,"within_pairs=2768, cross_pairs=382"
KH18,1152,23,bigram_transition,1,1.0000,False,"threshold=0.012821, p25"
KH18,1152,23,boundary_entropy,11,1.0000,False,"threshold=1.0000, median=1.0000"
KH18,1152,23,consensus,0,0.0000,False,"4 strategies, 0 accepted"
KH18,1152,23,ground_truth,0,0.0000,False,0 divider(s)
KH18,1152,23,positional_profile,0,1.0000,False,"start=27, end=11, thr_start=0.333, thr_end=0.333"
KH18,1152,23,viterbi_hmm,11,1.0000,False,"within_pairs=2768, cross_pairs=382"
KH19,1153,11,bigram_transition,0,1.0000,False,"threshold=0.012821, p25"
KH19,1153,11,boundary_entropy,4,1.0000,False,"threshold=1.0000, median=1.0000"
KH19,1153,11,consensus,0,0.0000,False,"4 strategies, 0 accepted"
KH19,1153,11,ground_truth,0,0.0000,False,0 divider(s)
KH19,1153,11,positional_profile,0,1.0000,False,"start=27, end=11, thr_start=0.333, thr_end=0.333"
KH19,1153,11,viterbi_hmm,9,1.0000,False,"within_pairs=2768, cross_pairs=382"
KH2,1135,12,bigram_transition,0,1.0000,False,"threshold=0.012821, p25"
KH2,1135,12,boundary_entropy,7,1.0000,False,"threshold=1.0000, median=1.0000"
KH2,1135,12,consensus,0,0.0000,False,"4 strategies, 0 accepted"
KH2,1135,12,ground_truth,0,0.0000,False,0 divider(s)
KH2,1135,12,positional_profile,0,1.0000,False,"start=27, end=11, thr_start=0.333, thr_end=0.333"
KH2,1135,12,viterbi_hmm,10,1.0000,False,"within_pairs=2768, cross_pairs=382"
KH20,1154,20,bigram_transition,3,1.0000,True,"threshold=0.012821, p25"
KH20,1154,20,boundary_entropy,15,1.0000,True,"threshold=1.0000, median=1.0000"
KH20,1154,20,consensus,3,0.9167,True,"4 strategies, 3 accepted"
KH20,1154,20,ground_truth,2,1.0000,True,2 divider(s)
KH20,1154,20,positional_profile,2,1.0000,True,"start=27, end=11, thr_start=0.333, thr_end=0.333"
KH20,1154,20,viterbi_hmm,5,1.0000,True,"within_pairs=2768, cross_pairs=382"
KH21,1155,13,bigram_transition,0,1.0000,False,"threshold=0.012821, p25"
KH21,1155,13,boundary_entropy,7,1.0000,False,"threshold=1.0000, median=1.0000"
KH21,1155,13,consensus,0,0.0000,False,"4 strategies, 0 accepted"
KH21,1155,13,ground_truth,0,0.0000,False,0 divider(s)
KH21,1155,13,positional_profile,0,1.0000,False,"start=27, end=11, thr_start=0.333, thr_end=0.333"
KH21,1155,13,viterbi_hmm,5,1.0000,False,"within_pairs=2768, cross_pairs=382"
KH22,1156,13,bigram_transition,1,1.0000,True,"threshold=0.012821, p25"
KH22,1156,13,boundary_entropy,6,1.0000,True,"threshold=1.0000, median=1.0000"
KH22,1156,13,consensus,1,1.0000,True,"4 strategies, 1 accepted"
KH22,1156,13,ground_truth,1,1.0000,True,1 divider(s)
KH22,1156,13,positional_profile,1,1.0000,True,"start=27, end=11, thr_start=0.333, thr_end=0.333"
KH22,1156,13,viterbi_hmm,4,1.0000,True,"within_pairs=2768, cross_pairs=382"
KH23,1157,7,bigram_transition,0,1.0000,False,"threshold=0.012821, p25"
KH23,1157,7,boundary_entropy,6,1.0000,False,"threshold=1.0000, median=1.0000"
KH23,1157,7,consensus,0,0.0000,False,"4 strategies, 0 accepted"
KH23,1157,7,ground_truth,0,0.0000,False,0 divider(s)
KH23,1157,7,positional_profile,0,1.0000,False,"start=27, end=11, thr_start=0.333, thr_end=0.333"
KH23,1157,7,viterbi_hmm,0,1.0000,False,"within_pairs=2768, cross_pairs=382"
KH24,1158,8,bigram_transition,0,1.0000,False,"threshold=0.012821, p25"
KH24,1158,8,boundary_entropy,4,1.0000,False,"threshold=1.0000, median=1.0000"
KH24,1158,8,consensus,0,0.0000,False,"4 strategies, 0 accepted"
KH24,1158,8,ground_truth,0,0.0000,False,0 divider(s)
KH24,1158,8,positional_profile,0,1.0000,False,"start=27, end=11, thr_start=0.333, thr_end=0.333"
KH24,1158,8,viterbi_hmm,4,1.0000,False,"within_pairs=2768, cross_pairs=382"
KH25,1159,10,bigram_transition,0,1.0000,False,"threshold=0.012821, p25"
KH25,1159,10,boundary_entropy,3,1.0000,False,"threshold=1.0000, median=1.0000"
KH25,1159,10,consensus,0,0.0000,False,"4 strategies, 0 accepted"
KH25,1159,10,ground_truth,0,0.0000,False,0 divider(s)
KH25,1159,10,positional_profile,0,1.0000,False,"start=27, end=11, thr_start=0.333, thr_end=0.333"
KH25,1159,10,viterbi_hmm,8,1.0000,False,"within_pairs=2768, cross_pairs=382"
KH26,1160,13,bigram_transition,1,1.0000,False,"threshold=0.012821, p25"
KH26,1160,13,boundary_entropy,6,1.0000,False,"threshold=1.0000, median=1.0000"
KH26,1160,13,consensus,1,0.7500,False,"4 strategies, 1 accepted"
KH26,1160,13,ground_truth,0,0.0000,False,0 divider(s)
KH26,1160,13,positional_profile,0,1.0000,False,"start=27, end=11, thr_start=0.333, thr_end=0.333"
KH26,1160,13,viterbi_hmm,6,1.0000,False,"within_pairs=2768, cross_pairs=382"
KH27,1161,8,bigram_transition,0,1.0000,False,"threshold=0.012821, p25"
KH27,1161,8,boundary_entropy,5,1.0000,False,"threshold=1.0000, median=1.0000"
KH27,1161,8,consensus,0,0.0000,False,"4 strategies, 0 accepted"
KH27,1161,8,ground_truth,0,0.0000,False,0 divider(s)
KH27,1161,8,positional_profile,0,1.0000,False,"start=27, end=11, thr_start=0.333, thr_end=0.333"
KH27,1161,8,viterbi_hmm,4,1.0000,False,"within_pairs=2768, cross_pairs=382"
KH28,1162,7,bigram_transition,2,1.0000,True,"threshold=0.012821, p25"
KH28,1162,7,boundary_entropy,4,1.0000,True,"threshold=1.0000, median=1.0000"
KH28,1162,7,consensus,2,0.8750,True,"4 strategies, 2 accepted"
KH28,1162,7,ground_truth,1,1.0000,True,1 divider(s)
KH28,1162,7,positional_profile,1,1.0000,True,"start=27, end=11, thr_start=0.333, thr_end=0.333"
KH28,1162,7,viterbi_hmm,3,1.0000,True,"within_pairs=2768, cross_pairs=382"
KH29,1163,17,bigram_transition,1,1.0000,True,"threshold=0.012821, p25"
KH29,1163,17,boundary_entropy,11,1.0000,True,"threshold=1.0000, median=1.0000"
KH29,1163,17,consensus,1,1.0000,True,"4 strategies, 1 accepted"
KH29,1163,17,ground_truth,1,1.0000,True,1 divider(s)
KH29,1163,17,positional_profile,1,1.0000,True,"start=27, end=11, thr_start=0.333, thr_end=0.333"
KH29,1163,17,viterbi_hmm,1,1.0000,True,"within_pairs=2768, cross_pairs=382"
KH3,1136,5,bigram_transition,1,1.0000,False,"threshold=0.012821, p25"
KH3,1136,5,boundary_entropy,2,1.0000,False,"threshold=1.0000, median=1.0000"
KH3,1136,5,consensus,1,0.7500,False,"4 strategies, 1 accepted"
KH3,1136,5,ground_truth,0,0.0000,False,0 divider(s)
KH3,1136,5,positional_profile,0,1.0000,False,"start=27, end=11, thr_start=0.333, thr_end=0.333"
KH3,1136,5,viterbi_hmm,1,1.0000,False,"within_pairs=2768, cross_pairs=382"
KH30,1164,7,bigram_transition,0,1.0000,False,"threshold=0.012821, p25"
KH30,1164,7,boundary_entropy,3,1.0000,False,"threshold=1.0000, median=1.0000"
KH30,1164,7,consensus,0,0.0000,False,"4 strategies, 0 accepted"
KH30,1164,7,ground_truth,0,0.0000,False,0 divider(s)
KH30,1164,7,positional_profile,0,1.0000,False,"start=27, end=11, thr_start=0.333, thr_end=0.333"
KH30,1164,7,viterbi_hmm,4,1.0000,False,"within_pairs=2768, cross_pairs=382"
KH31,1165,11,bigram_transition,0,1.0000,False,"threshold=0.012821, p25"
KH31,1165,11,boundary_entropy,4,1.0000,False,"threshold=1.0000, median=1.0000"
KH31,1165,11,consensus,0,0.0000,False,"4 strategies, 0 accepted"
KH31,1165,11,ground_truth,0,0.0000,False,0 divider(s)
KH31,1165,11,positional_profile,0,1.0000,False,"start=27, end=11, thr_start=0.333, thr_end=0.333"
KH31,1165,11,viterbi_hmm,4,1.0000,False,"within_pairs=2768, cross_pairs=382"
KH32,1166,7,bigram_transition,0,1.0000,False,"threshold=0.012821, p25"
KH32,1166,7,boundary_entropy,4,1.0000,False,"threshold=1.0000, median=1.0000"
KH32,1166,7,consensus,0,0.0000,False,"4 strategies, 0 accepted"
KH32,1166,7,ground_truth,0,0.0000,False,0 divider(s)
KH32,1166,7,positional_profile,0,1.0000,False,"start=27, end=11, thr_start=0.333, thr_end=0.333"
KH32,1166,7,viterbi_hmm,1,1.0000,False,"within_pairs=2768, cross_pairs=382"
KH33,1167,9,bigram_transition,0,1.0000,False,"threshold=0.012821, p25"
KH33,1167,9,boundary_entropy,4,1.0000,False,"threshold=1.0000, median=1.0000"
KH33,1167,9,consensus,0,0.0000,False,"4 strategies, 0 accepted"
KH33,1167,9,ground_truth,0,0.0000,False,0 divider(s)
KH33,1167,9,positional_profile,0,1.0000,False,"start=27, end=11, thr_start=0.333, thr_end=0.333"
KH33,1167,9,viterbi_hmm,6,1.0000,False,"within_pairs=2768, cross_pairs=382"
KH34,1168,7,bigram_transition,0,1.0000,False,"threshold=0.012821, p25"
KH34,1168,7,boundary_entropy,3,1.0000,False,"threshold=1.0000, median=1.0000"
KH34,1168,7,consensus,0,0.0000,False,"4 strategies, 0 accepted"
KH34,1168,7,ground_truth,0,0.0000,False,0 divider(s)
KH34,1168,7,positional_profile,0,1.0000,False,"start=27, end=11, thr_start=0.333, thr_end=0.333"
KH34,1168,7,viterbi_hmm,4,1.0000,False,"within_pairs=2768, cross_pairs=382"
KH35,1169,7,bigram_transition,0,1.0000,False,"threshold=0.012821, p25"
KH35,1169,7,boundary_entropy,4,1.0000,False,"threshold=1.0000, median=1.0000"
KH35,1169,7,consensus,0,0.0000,False,"4 strategies, 0 accepted"
KH35,1169,7,ground_truth,0,0.0000,False,0 divider(s)
KH35,1169,7,positional_profile,0,1.0000,False,"start=27, end=11, thr_start=0.333, thr_end=0.333"
KH35,1169,7,viterbi_hmm,3,1.0000,False,"within_pairs=2768, cross_pairs=382"
KH36,1170,10,bigram_transition,2,1.0000,True,"threshold=0.012821, p25"
KH36,1170,10,boundary_entropy,6,1.0000,True,"threshold=1.0000, median=1.0000"
KH36,1170,10,consensus,1,1.0000,True,"4 strategies, 1 accepted"
KH36,1170,10,ground_truth,1,1.0000,True,1 divider(s)
KH36,1170,10,positional_profile,1,1.0000,True,"start=27, end=11, thr_start=0.333, thr_end=0.333"
KH36,1170,10,viterbi_hmm,3,1.0000,True,"within_pairs=2768, cross_pairs=382"
KH37,1171,6,bigram_transition,0,1.0000,False,"threshold=0.012821, p25"
KH37,1171,6,boundary_entropy,1,1.0000,False,"threshold=1.0000, median=1.0000"
KH37,1171,6,consensus,0,0.0000,False,"4 strategies, 0 accepted"
KH37,1171,6,ground_truth,0,0.0000,False,0 divider(s)
KH37,1171,6,positional_profile,0,1.0000,False,"start=27, end=11, thr_start=0.333, thr_end=0.333"
KH37,1171,6,viterbi_hmm,5,1.0000,False,"within_pairs=2768, cross_pairs=382"
KH38,1172,7,bigram_transition,0,1.0000,False,"threshold=0.012821, p25"
KH38,1172,7,boundary_entropy,4,1.0000,False,"threshold=1.0000, median=1.0000"
KH38,1172,7,consensus,0,0.0000,False,"4 strategies, 0 accepted"
KH38,1172,7,ground_truth,0,0.0000,False,0 divider(s)
KH38,1172,7,positional_profile,0,1.0000,False,"start=27, end=11, thr_start=0.333, thr_end=0.333"
KH38,1172,7,viterbi_hmm,0,1.0000,False,"within_pairs=2768, cross_pairs=382"
KH39,1173,7,bigram_transition,0,1.0000,False,"threshold=0.012821, p25"
KH39,1173,7,boundary_entropy,4,1.0000,False,"threshold=1.0000, median=1.0000"
KH39,1173,7,consensus,0,0.0000,False,"4 strategies, 0 accepted"
KH39,1173,7,ground_truth,0,0.0000,False,0 divider(s)
KH39,1173,7,positional_profile,0,1.0000,False,"start=27, end=11, thr_start=0.333, thr_end=0.333"
KH39,1173,7,viterbi_hmm,0,1.0000,False,"within_pairs=2768, cross_pairs=382"
KH4,1137,12,bigram_transition,0,1.0000,False,"threshold=0.012821, p25"
KH4,1137,12,boundary_entropy,9,1.0000,False,"threshold=1.0000, median=1.0000"
KH4,1137,12,consensus,0,0.0000,False,"4 strategies, 0 accepted"
KH4,1137,12,ground_truth,0,0.0000,False,0 divider(s)
KH4,1137,12,positional_profile,0,1.0000,False,"start=27, end=11, thr_start=0.333, thr_end=0.333"
KH4,1137,12,viterbi_hmm,4,1.0000,False,"within_pairs=2768, cross_pairs=382"
KH40,1174,6,bigram_transition,1,1.0000,False,"threshold=0.012821, p25"
KH40,1174,6,boundary_entropy,5,1.0000,False,"threshold=1.0000, median=1.0000"
KH40,1174,6,consensus,0,0.0000,False,"4 strategies, 0 accepted"
KH40,1174,6,ground_truth,0,0.0000,False,0 divider(s)
KH40,1174,6,positional_profile,0,1.0000,False,"start=27, end=11, thr_start=0.333, thr_end=0.333"
KH40,1174,6,viterbi_hmm,2,1.0000,False,"within_pairs=2768, cross_pairs=382"
KH41,1175,8,bigram_transition,0,1.0000,False,"threshold=0.012821, p25"
KH41,1175,8,boundary_entropy,5,1.0000,False,"threshold=1.0000, median=1.0000"
KH41,1175,8,consensus,0,0.0000,False,"4 strategies, 0 accepted"
KH41,1175,8,ground_truth,0,0.0000,False,0 divider(s)
KH41,1175,8,positional_profile,0,1.0000,False,"start=27, end=11, thr_start=0.333, thr_end=0.333"
KH41,1175,8,viterbi_hmm,3,1.0000,False,"within_pairs=2768, cross_pairs=382"
KH42,1176,5,bigram_transition,0,1.0000,False,"threshold=0.012821, p25"
KH42,1176,5,boundary_entropy,1,1.0000,False,"threshold=1.0000, median=1.0000"
KH42,1176,5,consensus,0,0.0000,False,"4 strategies, 0 accepted"
KH42,1176,5,ground_truth,0,0.0000,False,0 divider(s)
KH42,1176,5,positional_profile,0,1.0000,False,"start=27, end=11, thr_start=0.333, thr_end=0.333"
KH42,1176,5,viterbi_hmm,1,1.0000,False,"within_pairs=2768, cross_pairs=382"
KH43,1177,7,bigram_transition,0,1.0000,False,"threshold=0.012821, p25"
KH43,1177,7,boundary_entropy,3,1.0000,False,"threshold=1.0000, median=1.0000"
KH43,1177,7,consensus,0,0.0000,False,"4 strategies, 0 accepted"
KH43,1177,7,ground_truth,0,0.0000,False,0 divider(s)
KH43,1177,7,positional_profile,0,1.0000,False,"start=27, end=11, thr_start=0.333, thr_end=0.333"
KH43,1177,7,viterbi_hmm,0,1.0000,False,"within_pairs=2768, cross_pairs=382"
KH44,1178,6,bigram_transition,0,1.0000,False,"threshold=0.012821, p25"
KH44,1178,6,boundary_entropy,3,1.0000,False,"threshold=1.0000, median=1.0000"
KH44,1178,6,consensus,0,0.0000,False,"4 strategies, 0 accepted"
KH44,1178,6,ground_truth,0,0.0000,False,0 divider(s)
KH44,1178,6,positional_profile,0,1.0000,False,"start=27, end=11, thr_start=0.333, thr_end=0.333"
KH44,1178,6,viterbi_hmm,1,1.0000,False,"within_pairs=2768, cross_pairs=382"
KH45,1179,4,bigram_transition,0,1.0000,False,"threshold=0.012821, p25"
KH45,1179,4,boundary_entropy,3,1.0000,False,"threshold=1.0000, median=1.0000"
KH45,1179,4,consensus,0,0.0000,False,"4 strategies, 0 accepted"
KH45,1179,4,ground_truth,0,0.0000,False,0 divider(s)
KH45,1179,4,positional_profile,0,1.0000,False,"start=27, end=11, thr_start=0.333, thr_end=0.333"
KH45,1179,4,viterbi_hmm,0,1.0000,False,"within_pairs=2768, cross_pairs=382"
KH46,1180,7,bigram_transition,0,1.0000,False,"threshold=0.012821, p25"
KH46,1180,7,boundary_entropy,4,1.0000,False,"threshold=1.0000, median=1.0000"
KH46,1180,7,consensus,0,0.0000,False,"4 strategies, 0 accepted"
KH46,1180,7,ground_truth,0,0.0000,False,0 divider(s)
KH46,1180,7,positional_profile,0,1.0000,False,"start=27, end=11, thr_start=0.333, thr_end=0.333"
KH46,1180,7,viterbi_hmm,3,1.0000,False,"within_pairs=2768, cross_pairs=382"
KH47,1181,14,bigram_transition,1,1.0000,True,"threshold=0.012821, p25"
KH47,1181,14,boundary_entropy,10,1.0000,True,"threshold=1.0000, median=1.0000"
KH47,1181,14,consensus,1,1.0000,True,"4 strategies, 1 accepted"
KH47,1181,14,ground_truth,1,1.0000,True,1 divider(s)
KH47,1181,14,positional_profile,1,1.0000,True,"start=27, end=11, thr_start=0.333, thr_end=0.333"
KH47,1181,14,viterbi_hmm,1,1.0000,True,"within_pairs=2768, cross_pairs=382"
KH49,1182,8,bigram_transition,1,1.0000,False,"threshold=0.012821, p25"
KH49,1182,8,boundary_entropy,7,1.0000,False,"threshold=1.0000, median=1.0000"
KH49,1182,8,consensus,0,0.0000,False,"4 strategies, 0 accepted"
KH49,1182,8,ground_truth,0,0.0000,False,0 divider(s)
KH49,1182,8,positional_profile,0,1.0000,False,"start=27, end=11, thr_start=0.333, thr_end=0.333"
KH49,1182,8,viterbi_hmm,1,1.0000,False,"within_pairs=2768, cross_pairs=382"
KH5,1138,38,bigram_transition,5,1.0000,True,"threshold=0.012821, p25"
KH5,1138,38,boundary_entropy,23,1.0000,True,"threshold=1.0000, median=1.0000"
KH5,1138,38,consensus,4,1.0000,True,"4 strategies, 4 accepted"
KH5,1138,38,ground_truth,4,1.0000,True,4 divider(s)
KH5,1138,38,positional_profile,4,1.0000,True,"start=27, end=11, thr_start=0.333, thr_end=0.333"
KH5,1138,38,viterbi_hmm,7,1.0000,True,"within_pairs=2768, cross_pairs=382"
KH50,1183,13,bigram_transition,2,1.0000,True,"threshold=0.012821, p25"
KH50,1183,13,boundary_entropy,6,1.0000,True,"threshold=1.0000, median=1.0000"
KH50,1183,13,consensus,2,0.8750,True,"4 strategies, 2 accepted"
KH50,1183,13,ground_truth,1,1.0000,True,1 divider(s)
KH50,1183,13,positional_profile,1,1.0000,True,"start=27, end=11, thr_start=0.333, thr_end=0.333"
KH50,1183,13,viterbi_hmm,3,1.0000,True,"within_pairs=2768, cross_pairs=382"
KH51,1184,10,bigram_transition,1,1.0000,False,"threshold=0.012821, p25"
KH51,1184,10,boundary_entropy,5,1.0000,False,"threshold=1.0000, median=1.0000"
KH51,1184,10,consensus,1,0.7500,False,"4 strategies, 1 accepted"
KH51,1184,10,ground_truth,0,0.0000,False,0 divider(s)
KH51,1184,10,positional_profile,0,1.0000,False,"start=27, end=11, thr_start=0.333, thr_end=0.333"
KH51,1184,10,viterbi_hmm,2,1.0000,False,"within_pairs=2768, cross_pairs=382"
KH52,1185,7,bigram_transition,1,1.0000,False,"threshold=0.012821, p25"
KH52,1185,7,boundary_entropy,6,1.0000,False,"threshold=1.0000, median=1.0000"
KH52,1185,7,consensus,1,0.7500,False,"4 strategies, 1 accepted"
KH52,1185,7,ground_truth,0,0.0000,False,0 divider(s)
KH52,1185,7,positional_profile,0,1.0000,False,"start=27, end=11, thr_start=0.333, thr_end=0.333"
KH52,1185,7,viterbi_hmm,4,1.0000,False,"within_pairs=2768, cross_pairs=382"
KH53,1186,8,bigram_transition,1,1.0000,True,"threshold=0.012821, p25"
KH53,1186,8,boundary_entropy,6,1.0000,True,"threshold=1.0000, median=1.0000"
KH53,1186,8,consensus,1,1.0000,True,"4 strategies, 1 accepted"
KH53,1186,8,ground_truth,1,1.0000,True,1 divider(s)
KH53,1186,8,positional_profile,1,1.0000,True,"start=27, end=11, thr_start=0.333, thr_end=0.333"
KH53,1186,8,viterbi_hmm,1,1.0000,True,"within_pairs=2768, cross_pairs=382"
KH54,1187,9,bigram_transition,0,1.0000,False,"threshold=0.012821, p25"
KH54,1187,9,boundary_entropy,3,1.0000,False,"threshold=1.0000, median=1.0000"
KH54,1187,9,consensus,0,0.0000,False,"4 strategies, 0 accepted"
KH54,1187,9,ground_truth,0,0.0000,False,0 divider(s)
KH54,1187,9,positional_profile,0,1.0000,False,"start=27, end=11, thr_start=0.333, thr_end=0.333"
KH54,1187,9,viterbi_hmm,3,1.0000,False,"within_pairs=2768, cross_pairs=382"
KH55,1188,10,bigram_transition,0,1.0000,False,"threshold=0.012821, p25"
KH55,1188,10,boundary_entropy,5,1.0000,False,"threshold=1.0000, median=1.0000"
KH55,1188,10,consensus,0,0.0000,False,"4 strategies, 0 accepted"
KH55,1188,10,ground_truth,0,0.0000,False,0 divider(s)
KH55,1188,10,positional_profile,0,1.0000,False,"start=27, end=11, thr_start=0.333, thr_end=0.333"
KH55,1188,10,viterbi_hmm,3,1.0000,False,"within_pairs=2768, cross_pairs=382"
KH56,1189,6,bigram_transition,0,1.0000,False,"threshold=0.012821, p25"
KH56,1189,6,boundary_entropy,4,1.0000,False,"threshold=1.0000, median=1.0000"
KH56,1189,6,consensus,0,0.0000,False,"4 strategies, 0 accepted"
KH56,1189,6,ground_truth,0,0.0000,False,0 divider(s)
KH56,1189,6,positional_profile,0,1.0000,False,"start=27, end=11, thr_start=0.333, thr_end=0.333"
KH56,1189,6,viterbi_hmm,1,1.0000,False,"within_pairs=2768, cross_pairs=382"
KH57,1190,14,bigram_transition,0,1.0000,False,"threshold=0.012821, p25"
KH57,1190,14,boundary_entropy,11,1.0000,False,"threshold=1.0000, median=1.0000"
KH57,1190,14,consensus,0,0.0000,False,"4 strategies, 0 accepted"
KH57,1190,14,ground_truth,0,0.0000,False,0 divider(s)
KH57,1190,14,positional_profile,0,1.0000,False,"start=27, end=11, thr_start=0.333, thr_end=0.333"
KH57,1190,14,viterbi_hmm,2,1.0000,False,"within_pairs=2768, cross_pairs=382"
KH58,1191,25,bigram_transition,0,1.0000,False,"threshold=0.012821, p25"
KH58,1191,25,boundary_entropy,16,1.0000,False,"threshold=1.0000, median=1.0000"
KH58,1191,25,consensus,0,0.0000,False,"4 strategies, 0 accepted"
KH58,1191,25,ground_truth,0,0.0000,False,0 divider(s)
KH58,1191,25,positional_profile,0,1.0000,False,"start=27, end=11, thr_start=0.333, thr_end=0.333"
KH58,1191,25,viterbi_hmm,7,1.0000,False,"within_pairs=2768, cross_pairs=382"
KH59,1192,11,bigram_transition,0,1.0000,False,"threshold=0.012821, p25"
KH59,1192,11,boundary_entropy,4,1.0000,False,"threshold=1.0000, median=1.0000"
KH59,1192,11,consensus,0,0.0000,False,"4 strategies, 0 accepted"
KH59,1192,11,ground_truth,0,0.0000,False,0 divider(s)
KH59,1192,11,positional_profile,0,1.0000,False,"start=27, end=11, thr_start=0.333, thr_end=0.333"
KH59,1192,11,viterbi_hmm,10,1.0000,False,"within_pairs=2768, cross_pairs=382"
KH6,1139,62,bigram_transition,2,1.0000,True,"threshold=0.012821, p25"
KH6,1139,62,boundary_entropy,32,1.0000,True,"threshold=1.0000, median=1.0000"
KH6,1139,62,consensus,2,1.0000,True,"4 strategies, 2 accepted"
KH6,1139,62,ground_truth,2,1.0000,True,2 divider(s)
KH6,1139,62,positional_profile,2,1.0000,True,"start=27, end=11, thr_start=0.333, thr_end=0.333"
KH6,1139,62,viterbi_hmm,17,1.0000,True,"within_pairs=2768, cross_pairs=382"
KH60,1193,20,bigram_transition,0,1.0000,False,"threshold=0.012821, p25"
KH60,1193,20,boundary_entropy,19,1.0000,False,"threshold=1.0000, median=1.0000"
KH60,1193,20,consensus,0,0.0000,False,"4 strategies, 0 accepted"
KH60,1193,20,ground_truth,0,0.0000,False,0 divider(s)
KH60,1193,20,positional_profile,0,1.0000,False,"start=27, end=11, thr_start=0.333, thr_end=0.333"
KH60,1193,20,viterbi_hmm,7,1.0000,False,"within_pairs=2768, cross_pairs=382"
KH61,1194,20,bigram_transition,0,1.0000,False,"threshold=0.012821, p25"
KH61,1194,20,boundary_entropy,8,1.0000,False,"threshold=1.0000, median=1.0000"
KH61,1194,20,consensus,0,0.0000,False,"4 strategies, 0 accepted"
KH61,1194,20,ground_truth,0,0.0000,False,0 divider(s)
KH61,1194,20,positional_profile,0,1.0000,False,"start=27, end=11, thr_start=0.333, thr_end=0.333"
KH61,1194,20,viterbi_hmm,8,1.0000,False,"within_pairs=2768, cross_pairs=382"
KH62,1195,4,bigram_transition,1,1.0000,False,"threshold=0.012821, p25"
KH62,1195,4,boundary_entropy,3,1.0000,False,"threshold=1.0000, median=1.0000"
KH62,1195,4,consensus,1,0.7500,False,"4 strategies, 1 accepted"
KH62,1195,4,ground_truth,0,0.0000,False,0 divider(s)
KH62,1195,4,positional_profile,0,1.0000,False,"start=27, end=11, thr_start=0.333, thr_end=0.333"
KH62,1195,4,viterbi_hmm,3,1.0000,False,"within_pairs=2768, cross_pairs=382"
KH63,1196,10,bigram_transition,0,1.0000,False,"threshold=0.012821, p25"
KH63,1196,10,boundary_entropy,7,1.0000,False,"threshold=1.0000, median=1.0000"
KH63,1196,10,consensus,0,0.0000,False,"4 strategies, 0 accepted"
KH63,1196,10,ground_truth,0,0.0000,False,0 divider(s)
KH63,1196,10,positional_profile,0,1.0000,False,"start=27, end=11, thr_start=0.333, thr_end=0.333"
KH63,1196,10,viterbi_hmm,5,1.0000,False,"within_pairs=2768, cross_pairs=382"
KH64,1197,6,bigram_transition,1,1.0000,False,"threshold=0.012821, p25"
KH64,1197,6,boundary_entropy,5,1.0000,False,"threshold=1.0000, median=1.0000"
KH64,1197,6,consensus,1,0.7500,False,"4 strategies, 1 accepted"
KH64,1197,6,ground_truth,0,0.0000,False,0 divider(s)
KH64,1197,6,positional_profile,0,1.0000,False,"start=27, end=11, thr_start=0.333, thr_end=0.333"
KH64,1197,6,viterbi_hmm,1,1.0000,False,"within_pairs=2768, cross_pairs=382"
KH65,1198,5,bigram_transition,0,1.0000,False,"threshold=0.012821, p25"
KH65,1198,5,boundary_entropy,4,1.0000,False,"threshold=1.0000, median=1.0000"
KH65,1198,5,consensus,0,0.0000,False,"4 strategies, 0 accepted"
KH65,1198,5,ground_truth,0,0.0000,False,0 divider(s)
KH65,1198,5,positional_profile,0,1.0000,False,"start=27, end=11, thr_start=0.333, thr_end=0.333"
KH65,1198,5,viterbi_hmm,1,1.0000,False,"within_pairs=2768, cross_pairs=382"
KH66,1199,4,bigram_transition,0,1.0000,False,"threshold=0.012821, p25"
KH66,1199,4,boundary_entropy,1,1.0000,False,"threshold=1.0000, median=1.0000"
KH66,1199,4,consensus,0,0.0000,False,"4 strategies, 0 accepted"
KH66,1199,4,ground_truth,0,0.0000,False,0 divider(s)
KH66,1199,4,positional_profile,0,1.0000,False,"start=27, end=11, thr_start=0.333, thr_end=0.333"
KH66,1199,4,viterbi_hmm,2,1.0000,False,"within_pairs=2768, cross_pairs=382"
KH67,1200,6,bigram_transition,0,1.0000,False,"threshold=0.012821, p25"
KH67,1200,6,boundary_entropy,3,1.0000,False,"threshold=1.0000, median=1.0000"
KH67,1200,6,consensus,0,0.0000,False,"4 strategies, 0 accepted"
KH67,1200,6,ground_truth,0,0.0000,False,0 divider(s)
KH67,1200,6,positional_profile,0,1.0000,False,"start=27, end=11, thr_start=0.333, thr_end=0.333"
KH67,1200,6,viterbi_hmm,3,1.0000,False,"within_pairs=2768, cross_pairs=382"
KH68+71,1201,7,bigram_transition,0,1.0000,False,"threshold=0.012821, p25"
KH68+71,1201,7,boundary_entropy,2,1.0000,False,"threshold=1.0000, median=1.0000"
KH68+71,1201,7,consensus,0,0.0000,False,"4 strategies, 0 accepted"
KH68+71,1201,7,ground_truth,0,0.0000,False,0 divider(s)
KH68+71,1201,7,positional_profile,0,1.0000,False,"start=27, end=11, thr_start=0.333, thr_end=0.333"
KH68+71,1201,7,viterbi_hmm,2,1.0000,False,"within_pairs=2768, cross_pairs=382"
KH69,1202,3,bigram_transition,0,1.0000,False,"threshold=0.012821, p25"
KH69,1202,3,boundary_entropy,2,1.0000,False,"threshold=1.0000, median=1.0000"
KH69,1202,3,consensus,0,0.0000,False,"4 strategies, 0 accepted"
KH69,1202,3,ground_truth,0,0.0000,False,0 divider(s)
KH69,1202,3,positional_profile,0,1.0000,False,"start=27, end=11, thr_start=0.333, thr_end=0.333"
KH69,1202,3,viterbi_hmm,0,1.0000,False,"within_pairs=2768, cross_pairs=382"
KH70,1203,3,bigram_transition,0,1.0000,False,"threshold=0.012821, p25"
KH70,1203,3,boundary_entropy,2,1.0000,False,"threshold=1.0000, median=1.0000"
KH70,1203,3,consensus,0,0.0000,False,"4 strategies, 0 accepted"
KH70,1203,3,ground_truth,0,0.0000,False,0 divider(s)
KH70,1203,3,positional_profile,0,1.0000,False,"start=27, end=11, thr_start=0.333, thr_end=0.333"
KH70,1203,3,viterbi_hmm,0,1.0000,False,"within_pairs=2768, cross_pairs=382"
KH72,1204,3,bigram_transition,0,1.0000,False,"threshold=0.012821, p25"
KH72,1204,3,boundary_entropy,2,1.0000,False,"threshold=1.0000, median=1.0000"
KH72,1204,3,consensus,0,0.0000,False,"4 strategies, 0 accepted"
KH72,1204,3,ground_truth,0,0.0000,False,0 divider(s)
KH72,1204,3,positional_profile,0,1.0000,False,"start=27, end=11, thr_start=0.333, thr_end=0.333"
KH72,1204,3,viterbi_hmm,0,1.0000,False,"within_pairs=2768, cross_pairs=382"
KH73,1205,17,bigram_transition,0,1.0000,False,"threshold=0.012821, p25"
KH73,1205,17,boundary_entropy,8,1.0000,False,"threshold=1.0000, median=1.0000"
KH73,1205,17,consensus,0,0.0000,False,"4 strategies, 0 accepted"
KH73,1205,17,ground_truth,0,0.0000,False,0 divider(s)
KH73,1205,17,positional_profile,0,1.0000,False,"start=27, end=11, thr_start=0.333, thr_end=0.333"
KH73,1205,17,viterbi_hmm,10,1.0000,False,"within_pairs=2768, cross_pairs=382"
KH74,1206,12,bigram_transition,1,1.0000,True,"threshold=0.012821, p25"
KH74,1206,12,boundary_entropy,10,1.0000,True,"threshold=1.0000, median=1.0000"
KH74,1206,12,consensus,1,1.0000,True,"4 strategies, 1 accepted"
KH74,1206,12,ground_truth,1,1.0000,True,1 divider(s)
KH74,1206,12,positional_profile,1,1.0000,True,"start=27, end=11, thr_start=0.333, thr_end=0.333"
KH74,1206,12,viterbi_hmm,1,1.0000,True,"within_pairs=2768, cross_pairs=382"
KH75,1207,12,bigram_transition,1,1.0000,False,"threshold=0.012821, p25"
KH75,1207,12,boundary_entropy,11,1.0000,False,"threshold=1.0000, median=1.0000"
KH75,1207,12,consensus,0,0.0000,False,"4 strategies, 0 accepted"
KH75,1207,12,ground_truth,0,0.0000,False,0 divider(s)
KH75,1207,12,positional_profile,0,1.0000,False,"start=27, end=11, thr_start=0.333, thr_end=0.333"
KH75,1207,12,viterbi_hmm,5,1.0000,False,"within_pairs=2768, cross_pairs=382"
KH76,1208,11,bigram_transition,1,1.0000,False,"threshold=0.012821, p25"
KH76,1208,11,boundary_entropy,8,1.0000,False,"threshold=1.0000, median=1.0000"
KH76,1208,11,consensus,0,0.0000,False,"4 strategies, 0 accepted"
KH76,1208,11,ground_truth,0,0.0000,False,0 divider(s)
KH76,1208,11,positional_profile,0,1.0000,False,"start=27, end=11, thr_start=0.333, thr_end=0.333"
KH76,1208,11,viterbi_hmm,3,1.0000,False,"within_pairs=2768, cross_pairs=382"
KH77,1209,5,bigram_transition,0,1.0000,False,"threshold=0.012821, p25"
KH77,1209,5,boundary_entropy,2,1.0000,False,"threshold=1.0000, median=1.0000"
KH77,1209,5,consensus,0,0.0000,False,"4 strategies, 0 accepted"
KH77,1209,5,ground_truth,0,0.0000,False,0 divider(s)
KH77,1209,5,positional_profile,0,1.0000,False,"start=27, end=11, thr_start=0.333, thr_end=0.333"
KH77,1209,5,viterbi_hmm,1,1.0000,False,"within_pairs=2768, cross_pairs=382"
KH78,1210,5,bigram_transition,1,1.0000,False,"threshold=0.012821, p25"
KH78,1210,5,boundary_entropy,2,1.0000,False,"threshold=1.0000, median=1.0000"
KH78,1210,5,consensus,1,0.7500,False,"4 strategies, 1 accepted"
KH78,1210,5,ground_truth,0,0.0000,False,0 divider(s)
KH78,1210,5,positional_profile,0,1.0000,False,"start=27, end=11, thr_start=0.333, thr_end=0.333"
KH78,1210,5,viterbi_hmm,3,1.0000,False,"within_pairs=2768, cross_pairs=382"
KH79,1211,6,bigram_transition,0,1.0000,False,"threshold=0.012821, p25"
KH79,1211,6,boundary_entropy,3,1.0000,False,"threshold=1.0000, median=1.0000"
KH79,1211,6,consensus,0,0.0000,False,"4 strategies, 0 accepted"
KH79,1211,6,ground_truth,0,0.0000,False,0 divider(s)
KH79,1211,6,positional_profile,0,1.0000,False,"start=27, end=11, thr_start=0.333, thr_end=0.333"
KH79,1211,6,viterbi_hmm,2,1.0000,False,"within_pairs=2768, cross_pairs=382"
KH79+89,1212,16,bigram_transition,1,1.0000,True,"threshold=0.012821, p25"
KH79+89,1212,16,boundary_entropy,14,1.0000,True,"threshold=1.0000, median=1.0000"
KH79+89,1212,16,consensus,1,1.0000,True,"4 strategies, 1 accepted"
KH79+89,1212,16,ground_truth,1,1.0000,True,1 divider(s)
KH79+89,1212,16,positional_profile,2,1.0000,True,"start=27, end=11, thr_start=0.333, thr_end=0.333"
KH79+89,1212,16,viterbi_hmm,3,1.0000,True,"within_pairs=2768, cross_pairs=382"
KH7a,1140,60,bigram_transition,8,1.0000,True,"threshold=0.012821, p25"
KH7a,1140,60,boundary_entropy,34,1.0000,True,"threshold=1.0000, median=1.0000"
KH7a,1140,60,consensus,6,1.0000,True,"4 strategies, 6 accepted"
KH7a,1140,60,ground_truth,6,1.0000,True,6 divider(s)
KH7a,1140,60,positional_profile,6,1.0000,True,"start=27, end=11, thr_start=0.333, thr_end=0.333"
KH7a,1140,60,viterbi_hmm,10,1.0000,True,"within_pairs=2768, cross_pairs=382"
KH7b,1141,22,bigram_transition,1,1.0000,False,"threshold=0.012821, p25"
KH7b,1141,22,boundary_entropy,11,1.0000,False,"threshold=1.0000, median=1.0000"
KH7b,1141,22,consensus,1,0.7500,False,"4 strategies, 1 accepted"
KH7b,1141,22,ground_truth,0,0.0000,False,0 divider(s)
KH7b,1141,22,positional_profile,0,1.0000,False,"start=27, end=11, thr_start=0.333, thr_end=0.333"
KH7b,1141,22,viterbi_hmm,10,1.0000,False,"within_pairs=2768, cross_pairs=382"
KH8,1142,27,bigram_transition,0,1.0000,False,"threshold=0.012821, p25"
KH8,1142,27,boundary_entropy,20,1.0000,False,"threshold=1.0000, median=1.0000"
KH8,1142,27,consensus,0,0.0000,False,"4 strategies, 0 accepted"
KH8,1142,27,ground_truth,0,0.0000,False,0 divider(s)
KH8,1142,27,positional_profile,0,1.0000,False,"start=27, end=11, thr_start=0.333, thr_end=0.333"
KH8,1142,27,viterbi_hmm,23,1.0000,False,"within_pairs=2768, cross_pairs=382"
KH80,1213,5,bigram_transition,0,1.0000,False,"threshold=0.012821, p25"
KH80,1213,5,boundary_entropy,4,1.0000,False,"threshold=1.0000, median=1.0000"
KH80,1213,5,consensus,0,0.0000,False,"4 strategies, 0 accepted"
KH80,1213,5,ground_truth,0,0.0000,False,0 divider(s)
KH80,1213,5,positional_profile,0,1.0000,False,"start=27, end=11, thr_start=0.333, thr_end=0.333"
KH80,1213,5,viterbi_hmm,3,1.0000,False,"within_pairs=2768, cross_pairs=382"
KH81,1214,10,bigram_transition,0,1.0000,False,"threshold=0.012821, p25"
KH81,1214,10,boundary_entropy,2,1.0000,False,"threshold=1.0000, median=1.0000"
KH81,1214,10,consensus,0,0.0000,False,"4 strategies, 0 accepted"
KH81,1214,10,ground_truth,0,0.0000,False,0 divider(s)
KH81,1214,10,positional_profile,0,1.0000,False,"start=27, end=11, thr_start=0.333, thr_end=0.333"
KH81,1214,10,viterbi_hmm,6,1.0000,False,"within_pairs=2768, cross_pairs=382"
KH82,1215,14,bigram_transition,0,1.0000,False,"threshold=0.012821, p25"
KH82,1215,14,boundary_entropy,3,1.0000,False,"threshold=1.0000, median=1.0000"
KH82,1215,14,consensus,0,0.0000,False,"4 strategies, 0 accepted"
KH82,1215,14,ground_truth,0,0.0000,False,0 divider(s)
KH82,1215,14,positional_profile,0,1.0000,False,"start=27, end=11, thr_start=0.333, thr_end=0.333"
KH82,1215,14,viterbi_hmm,5,1.0000,False,"within_pairs=2768, cross_pairs=382"
KH83,1216,11,bigram_transition,1,1.0000,True,"threshold=0.012821, p25"
KH83,1216,11,boundary_entropy,6,1.0000,True,"threshold=1.0000, median=1.0000"
KH83,1216,11,consensus,1,1.0000,True,"4 strategies, 1 accepted"
KH83,1216,11,ground_truth,1,1.0000,True,1 divider(s)
KH83,1216,11,positional_profile,1,1.0000,True,"start=27, end=11, thr_start=0.333, thr_end=0.333"
KH83,1216,11,viterbi_hmm,1,1.0000,True,"within_pairs=2768, cross_pairs=382"
KH84,1217,13,bigram_transition,1,1.0000,False,"threshold=0.012821, p25"
KH84,1217,13,boundary_entropy,9,1.0000,False,"threshold=1.0000, median=1.0000"
KH84,1217,13,consensus,0,0.0000,False,"4 strategies, 0 accepted"
KH84,1217,13,ground_truth,0,0.0000,False,0 divider(s)
KH84,1217,13,positional_profile,0,1.0000,False,"start=27, end=11, thr_start=0.333, thr_end=0.333"
KH84,1217,13,viterbi_hmm,5,1.0000,False,"within_pairs=2768, cross_pairs=382"
KH85,1218,20,bigram_transition,0,1.0000,False,"threshold=0.012821, p25"
KH85,1218,20,boundary_entropy,15,1.0000,False,"threshold=1.0000, median=1.0000"
KH85,1218,20,consensus,0,0.0000,False,"4 strategies, 0 accepted"
KH85,1218,20,ground_truth,0,0.0000,False,0 divider(s)
KH85,1218,20,positional_profile,0,1.0000,False,"start=27, end=11, thr_start=0.333, thr_end=0.333"
KH85,1218,20,viterbi_hmm,7,1.0000,False,"within_pairs=2768, cross_pairs=382"
KH86,1219,23,bigram_transition,1,1.0000,False,"threshold=0.012821, p25"
KH86,1219,23,boundary_entropy,20,1.0000,False,"threshold=1.0000, median=1.0000"
KH86,1219,23,consensus,1,0.7500,False,"4 strategies, 1 accepted"
KH86,1219,23,ground_truth,0,0.0000,False,0 divider(s)
KH86,1219,23,positional_profile,0,1.0000,False,"start=27, end=11, thr_start=0.333, thr_end=0.333"
KH86,1219,23,viterbi_hmm,12,1.0000,False,"within_pairs=2768, cross_pairs=382"
KH87,1220,10,bigram_transition,0,1.0000,False,"threshold=0.012821, p25"
KH87,1220,10,boundary_entropy,4,1.0000,False,"threshold=1.0000, median=1.0000"
KH87,1220,10,consensus,0,0.0000,False,"4 strategies, 0 accepted"
KH87,1220,10,ground_truth,0,0.0000,False,0 divider(s)
KH87,1220,10,positional_profile,0,1.0000,False,"start=27, end=11, thr_start=0.333, thr_end=0.333"
KH87,1220,10,viterbi_hmm,4,1.0000,False,"within_pairs=2768, cross_pairs=382"
KH88,1221,13,bigram_transition,2,1.0000,True,"threshold=0.012821, p25"
KH88,1221,13,boundary_entropy,6,1.0000,True,"threshold=1.0000, median=1.0000"
KH88,1221,13,consensus,2,1.0000,True,"4 strategies, 2 accepted"
KH88,1221,13,ground_truth,2,1.0000,True,2 divider(s)
KH88,1221,13,positional_profile,2,1.0000,True,"start=27, end=11, thr_start=0.333, thr_end=0.333"
KH88,1221,13,viterbi_hmm,4,1.0000,True,"within_pairs=2768, cross_pairs=382"
KH9,1143,39,bigram_transition,2,1.0000,True,"threshold=0.012821, p25"
KH9,1143,39,boundary_entropy,29,1.0000,True,"threshold=1.0000, median=1.0000"
KH9,1143,39,consensus,2,1.0000,True,"4 strategies, 2 accepted"
KH9,1143,39,ground_truth,2,1.0000,True,2 divider(s)
KH9,1143,39,positional_profile,2,1.0000,True,"start=27, end=11, thr_start=0.333, thr_end=0.333"
KH9,1143,39,viterbi_hmm,5,1.0000,True,"within_pairs=2768, cross_pairs=382"
KH90,1222,13,bigram_transition,1,1.0000,True,"threshold=0.012821, p25"
KH90,1222,13,boundary_entropy,11,1.0000,True,"threshold=1.0000, median=1.0000"
KH90,1222,13,consensus,1,1.0000,True,"4 strategies, 1 accepted"
KH90,1222,13,ground_truth,1,1.0000,True,1 divider(s)
KH90,1222,13,positional_profile,1,1.0000,True,"start=27, end=11, thr_start=0.333, thr_end=0.333"
KH90,1222,13,viterbi_hmm,1,1.0000,True,"within_pairs=2768, cross_pairs=382"
KH91,1223,27,bigram_transition,2,1.0000,True,"threshold=0.012821, p25"
KH91,1223,27,boundary_entropy,19,1.0000,True,"threshold=1.0000, median=1.0000"
KH91,1223,27,consensus,1,1.0000,True,"4 strategies, 1 accepted"
KH91,1223,27,ground_truth,1,1.0000,True,1 divider(s)
KH91,1223,27,positional_profile,1,1.0000,True,"start=27, end=11, thr_start=0.333, thr_end=0.333"
KH91,1223,27,viterbi_hmm,2,1.0000,True,"within_pairs=2768, cross_pairs=382"
KH92,1224,16,bigram_transition,1,1.0000,False,"threshold=0.012821, p25"
KH92,1224,16,boundary_entropy,11,1.0000,False,"threshold=1.0000, median=1.0000"
KH92,1224,16,consensus,0,0.0000,False,"4 strategies, 0 accepted"
KH92,1224,16,ground_truth,0,0.0000,False,0 divider(s)
KH92,1224,16,positional_profile,0,1.0000,False,"start=27, end=11, thr_start=0.333, thr_end=0.333"
KH92,1224,16,viterbi_hmm,8,1.0000,False,"within_pairs=2768, cross_pairs=382"
KH93,1225,1,bigram_transition,0,1.0000,False,"threshold=0.012821, p25"
KH93,1225,1,boundary_entropy,0,1.0000,False,"threshold=1.0000, median=1.0000"
KH93,1225,1,consensus,0,0.0000,False,"4 strategies, 0 accepted"
KH93,1225,1,ground_truth,0,0.0000,False,0 divider(s)
KH93,1225,1,positional_profile,0,1.0000,False,"start=27, end=11, thr_start=0.333, thr_end=0.333"
KH93,1225,1,viterbi_hmm,0,1.0000,False,too short
KH94,1226,13,bigram_transition,0,1.0000,False,"threshold=0.012821, p25"
KH94,1226,13,boundary_entropy,8,1.0000,False,"threshold=1.0000, median=1.0000"
KH94,1226,13,consensus,0,0.0000,False,"4 strategies, 0 accepted"
KH94,1226,13,ground_truth,0,0.0000,False,0 divider(s)
KH94,1226,13,positional_profile,0,1.0000,False,"start=27, end=11, thr_start=0.333, thr_end=0.333"
KH94,1226,13,viterbi_hmm,6,1.0000,False,"within_pairs=2768, cross_pairs=382"
KH95,1227,4,bigram_transition,1,1.0000,False,"threshold=0.012821, p25"
KH95,1227,4,boundary_entropy,1,1.0000,False,"threshold=1.0000, median=1.0000"
KH95,1227,4,consensus,1,0.7500,False,"4 strategies, 1 accepted"
KH95,1227,4,ground_truth,0,0.0000,False,0 divider(s)
KH95,1227,4,positional_profile,0,1.0000,False,"start=27, end=11, thr_start=0.333, thr_end=0.333"
KH95,1227,4,viterbi_hmm,3,1.0000,False,"within_pairs=2768, cross_pairs=382"
KH96,1228,6,bigram_transition,0,1.0000,False,"threshold=0.012821, p25"
KH96,1228,6,boundary_entropy,3,1.0000,False,"threshold=1.0000, median=1.0000"
KH96,1228,6,consensus,0,0.0000,False,"4 strategies, 0 accepted"
KH96,1228,6,ground_truth,0,0.0000,False,0 divider(s)
KH96,1228,6,positional_profile,0,1.0000,False,"start=27, end=11, thr_start=0.333, thr_end=0.333"
KH96,1228,6,viterbi_hmm,1,1.0000,False,"within_pairs=2768, cross_pairs=382"
KH97a,1229,9,bigram_transition,0,1.0000,False,"threshold=0.012821, p25"
KH97a,1229,9,boundary_entropy,8,1.0000,False,"threshold=1.0000, median=1.0000"
KH97a,1229,9,consensus,0,0.0000,False,"4 strategies, 0 accepted"
KH97a,1229,9,ground_truth,0,0.0000,False,0 divider(s)
KH97a,1229,9,positional_profile,0,1.0000,False,"start=27, end=11, thr_start=0.333, thr_end=0.333"
KH97a,1229,9,viterbi_hmm,2,1.0000,False,"within_pairs=2768, cross_pairs=382"
KH97b,1230,6,bigram_transition,0,1.0000,False,"threshold=0.012821, p25"
KH97b,1230,6,boundary_entropy,5,1.0000,False,"threshold=1.0000, median=1.0000"
KH97b,1230,6,consensus,0,0.0000,False,"4 strategies, 0 accepted"
KH97b,1230,6,ground_truth,0,0.0000,False,0 divider(s)
KH97b,1230,6,positional_profile,0,1.0000,False,"start=27, end=11, thr_start=0.333, thr_end=0.333"
KH97b,1230,6,viterbi_hmm,1,1.0000,False,"within_pairs=2768, cross_pairs=382"
KH99,1231,13,bigram_transition,1,1.0000,False,"threshold=0.012821, p25"
KH99,1231,13,boundary_entropy,12,1.0000,False,"threshold=1.0000, median=1.0000"
KH99,1231,13,consensus,1,0.7500,False,"4 strategies, 1 accepted"
KH99,1231,13,ground_truth,0,0.0000,False,0 divider(s)
KH99,1231,13,positional_profile,0,1.0000,False,"start=27, end=11, thr_start=0.333, thr_end=0.333"
KH99,1231,13,viterbi_hmm,6,1.0000,False,"within_pairs=2768, cross_pairs=382"
KHWa1001,1234,2,bigram_transition,0,1.0000,False,"threshold=0.012821, p25"
KHWa1001,1234,2,boundary_entropy,0,1.0000,False,"threshold=1.0000, median=1.0000"
KHWa1001,1234,2,consensus,0,0.0000,False,"4 strategies, 0 accepted"
KHWa1001,1234,2,ground_truth,0,0.0000,False,0 divider(s)
KHWa1001,1234,2,positional_profile,0,1.0000,False,"start=27, end=11, thr_start=0.333, thr_end=0.333"
KHWa1001,1234,2,viterbi_hmm,1,1.0000,False,"within_pairs=2768, cross_pairs=382"
KHWa1002,1235,2,bigram_transition,0,1.0000,False,"threshold=0.012821, p25"
KHWa1002,1235,2,boundary_entropy,0,1.0000,False,"threshold=1.0000, median=1.0000"
KHWa1002,1235,2,consensus,0,0.0000,False,"4 strategies, 0 accepted"
KHWa1002,1235,2,ground_truth,0,0.0000,False,0 divider(s)
KHWa1002,1235,2,positional_profile,0,1.0000,False,"start=27, end=11, thr_start=0.333, thr_end=0.333"
KHWa1002,1235,2,viterbi_hmm,1,1.0000,False,"within_pairs=2768, cross_pairs=382"
KHWa1003,1236,1,bigram_transition,0,1.0000,False,"threshold=0.012821, p25"
KHWa1003,1236,1,boundary_entropy,0,1.0000,False,"threshold=1.0000, median=1.0000"
KHWa1003,1236,1,consensus,0,0.0000,False,"4 strategies, 0 accepted"
KHWa1003,1236,1,ground_truth,0,0.0000,False,0 divider(s)
KHWa1003,1236,1,positional_profile,0,1.0000,False,"start=27, end=11, thr_start=0.333, thr_end=0.333"
KHWa1003,1236,1,viterbi_hmm,0,1.0000,False,too short
KHWa1004,1237,1,bigram_transition,0,1.0000,False,"threshold=0.012821, p25"
KHWa1004,1237,1,boundary_entropy,0,1.0000,False,"threshold=1.0000, median=1.0000"
KHWa1004,1237,1,consensus,0,0.0000,False,"4 strategies, 0 accepted"
KHWa1004,1237,1,ground_truth,0,0.0000,False,0 divider(s)
KHWa1004,1237,1,positional_profile,0,1.0000,False,"start=27, end=11, thr_start=0.333, thr_end=0.333"
KHWa1004,1237,1,viterbi_hmm,0,1.0000,False,too short
KHWa1005,1238,1,bigram_transition,0,1.0000,False,"threshold=0.012821, p25"
KHWa1005,1238,1,boundary_entropy,0,1.0000,False,"threshold=1.0000, median=1.0000"
KHWa1005,1238,1,consensus,0,0.0000,False,"4 strategies, 0 accepted"
KHWa1005,1238,1,ground_truth,0,0.0000,False,0 divider(s)
KHWa1005,1238,1,positional_profile,0,1.0000,False,"start=27, end=11, thr_start=0.333, thr_end=0.333"
KHWa1005,1238,1,viterbi_hmm,0,1.0000,False,too short
KHWa1006,1239,1,bigram_transition,0,1.0000,False,"threshold=0.012821, p25"
KHWa1006,1239,1,boundary_entropy,0,1.0000,False,"threshold=1.0000, median=1.0000"
KHWa1006,1239,1,consensus,0,0.0000,False,"4 strategies, 0 accepted"
KHWa1006,1239,1,ground_truth,0,0.0000,False,0 divider(s)
KHWa1006,1239,1,positional_profile,0,1.0000,False,"start=27, end=11, thr_start=0.333, thr_end=0.333"
KHWa1006,1239,1,viterbi_hmm,0,1.0000,False,too short
KHWa1007,1240,1,bigram_transition,0,1.0000,False,"threshold=0.012821, p25"
KHWa1007,1240,1,boundary_entropy,0,1.0000,False,"threshold=1.0000, median=1.0000"
KHWa1007,1240,1,consensus,0,0.0000,False,"4 strategies, 0 accepted"
KHWa1007,1240,1,ground_truth,0,0.0000,False,0 divider(s)
KHWa1007,1240,1,positional_profile,0,1.0000,False,"start=27, end=11, thr_start=0.333, thr_end=0.333"
KHWa1007,1240,1,viterbi_hmm,0,1.0000,False,too short
KHWa1008,1241,1,bigram_transition,0,1.0000,False,"threshold=0.012821, p25"
KHWa1008,1241,1,boundary_entropy,0,1.0000,False,"threshold=1.0000, median=1.0000"
KHWa1008,1241,1,consensus,0,0.0000,False,"4 strategies, 0 accepted"
KHWa1008,1241,1,ground_truth,0,0.0000,False,0 divider(s)
KHWa1008,1241,1,positional_profile,0,1.0000,False,"start=27, end=11, thr_start=0.333, thr_end=0.333"
KHWa1008,1241,1,viterbi_hmm,0,1.0000,False,too short
KHWa1009,1242,1,bigram_transition,0,1.0000,False,"threshold=0.012821, p25"
KHWa1009,1242,1,boundary_entropy,0,1.0000,False,"threshold=1.0000, median=1.0000"
KHWa1009,1242,1,consensus,0,0.0000,False,"4 strategies, 0 accepted"
KHWa1009,1242,1,ground_truth,0,0.0000,False,0 divider(s)
KHWa1009,1242,1,positional_profile,0,1.0000,False,"start=27, end=11, thr_start=0.333, thr_end=0.333"
KHWa1009,1242,1,viterbi_hmm,0,1.0000,False,too short
KHWa1010,1243,1,bigram_transition,0,1.0000,False,"threshold=0.012821, p25"
KHWa1010,1243,1,boundary_entropy,0,1.0000,False,"threshold=1.0000, median=1.0000"
KHWa1010,1243,1,consensus,0,0.0000,False,"4 strategies, 0 accepted"
KHWa1010,1243,1,ground_truth,0,0.0000,False,0 divider(s)
KHWa1010,1243,1,positional_profile,0,1.0000,False,"start=27, end=11, thr_start=0.333, thr_end=0.333"
KHWa1010,1243,1,viterbi_hmm,0,1.0000,False,too short
KHWa1011,1244,1,bigram_transition,0,1.0000,False,"threshold=0.012821, p25"
KHWa1011,1244,1,boundary_entropy,0,1.0000,False,"threshold=1.0000, median=1.0000"
KHWa1011,1244,1,consensus,0,0.0000,False,"4 strategies, 0 accepted"
KHWa1011,1244,1,ground_truth,0,0.0000,False,0 divider(s)
KHWa1011,1244,1,positional_profile,0,1.0000,False,"start=27, end=11, thr_start=0.333, thr_end=0.333"
KHWa1011,1244,1,viterbi_hmm,0,1.0000,False,too short
KHWa1012,1245,1,bigram_transition,0,1.0000,False,"threshold=0.012821, p25"
KHWa1012,1245,1,boundary_entropy,0,1.0000,False,"threshold=1.0000, median=1.0000"
KHWa1012,1245,1,consensus,0,0.0000,False,"4 strategies, 0 accepted"
KHWa1012,1245,1,ground_truth,0,0.0000,False,0 divider(s)
KHWa1012,1245,1,positional_profile,0,1.0000,False,"start=27, end=11, thr_start=0.333, thr_end=0.333"
KHWa1012,1245,1,viterbi_hmm,0,1.0000,False,too short
KHWa1013,1246,2,bigram_transition,0,1.0000,False,"threshold=0.012821, p25"
KHWa1013,1246,2,boundary_entropy,1,1.0000,False,"threshold=1.0000, median=1.0000"
KHWa1013,1246,2,consensus,0,0.0000,False,"4 strategies, 0 accepted"
KHWa1013,1246,2,ground_truth,0,0.0000,False,0 divider(s)
KHWa1013,1246,2,positional_profile,0,1.0000,False,"start=27, end=11, thr_start=0.333, thr_end=0.333"
KHWa1013,1246,2,viterbi_hmm,1,1.0000,False,"within_pairs=2768, cross_pairs=382"
KHWa1014,1247,2,bigram_transition,0,1.0000,False,"threshold=0.012821, p25"
KHWa1014,1247,2,boundary_entropy,1,1.0000,False,"threshold=1.0000, median=1.0000"
KHWa1014,1247,2,consensus,0,0.0000,False,"4 strategies, 0 accepted"
KHWa1014,1247,2,ground_truth,0,0.0000,False,0 divider(s)
KHWa1014,1247,2,positional_profile,0,1.0000,False,"start=27, end=11, thr_start=0.333, thr_end=0.333"
KHWa1014,1247,2,viterbi_hmm,1,1.0000,False,"within_pairs=2768, cross_pairs=382"
KHWa1015,1248,2,bigram_transition,0,1.0000,False,"threshold=0.012821, p25"
KHWa1015,1248,2,boundary_entropy,1,1.0000,False,"threshold=1.0000, median=1.0000"
KHWa1015,1248,2,consensus,0,0.0000,False,"4 strategies, 0 accepted"
KHWa1015,1248,2,ground_truth,0,0.0000,False,0 divider(s)
KHWa1015,1248,2,positional_profile,0,1.0000,False,"start=27, end=11, thr_start=0.333, thr_end=0.333"
KHWa1015,1248,2,viterbi_hmm,1,1.0000,False,"within_pairs=2768, cross_pairs=382"
KHWa1016,1249,2,bigram_transition,0,1.0000,False,"threshold=0.012821, p25"
KHWa1016,1249,2,boundary_entropy,1,1.0000,False,"threshold=1.0000, median=1.0000"
KHWa1016,1249,2,consensus,0,0.0000,False,"4 strategies, 0 accepted"
KHWa1016,1249,2,ground_truth,0,0.0000,False,0 divider(s)
KHWa1016,1249,2,positional_profile,0,1.0000,False,"start=27, end=11, thr_start=0.333, thr_end=0.333"
KHWa1016,1249,2,viterbi_hmm,1,1.0000,False,"within_pairs=2768, cross_pairs=382"
KHWa1017,1250,1,bigram_transition,0,1.0000,False,"threshold=0.012821, p25"
KHWa1017,1250,1,boundary_entropy,0,1.0000,False,"threshold=1.0000, median=1.0000"
KHWa1017,1250,1,consensus,0,0.0000,False,"4 strategies, 0 accepted"
KHWa1017,1250,1,ground_truth,0,0.0000,False,0 divider(s)
KHWa1017,1250,1,positional_profile,0,1.0000,False,"start=27, end=11, thr_start=0.333, thr_end=0.333"
KHWa1017,1250,1,viterbi_hmm,0,1.0000,False,too short
KHWa1018,1251,1,bigram_transition,0,1.0000,False,"threshold=0.012821, p25"
KHWa1018,1251,1,boundary_entropy,0,1.0000,False,"threshold=1.0000, median=1.0000"
KHWa1018,1251,1,consensus,0,0.0000,False,"4 strategies, 0 accepted"
KHWa1018,1251,1,ground_truth,0,0.0000,False,0 divider(s)
KHWa1018,1251,1,positional_profile,0,1.0000,False,"start=27, end=11, thr_start=0.333, thr_end=0.333"
KHWa1018,1251,1,viterbi_hmm,0,1.0000,False,too short
KHWa1019,1252,1,bigram_transition,0,1.0000,False,"threshold=0.012821, p25"
KHWa1019,1252,1,boundary_entropy,0,1.0000,False,"threshold=1.0000, median=1.0000"
KHWa1019,1252,1,consensus,0,0.0000,False,"4 strategies, 0 accepted"
KHWa1019,1252,1,ground_truth,0,0.0000,False,0 divider(s)
KHWa1019,1252,1,positional_profile,0,1.0000,False,"start=27, end=11, thr_start=0.333, thr_end=0.333"
KHWa1019,1252,1,viterbi_hmm,0,1.0000,False,too short
KHWa1020,1253,2,bigram_transition,1,1.0000,True,"threshold=0.012821, p25"
KHWa1020,1253,2,boundary_entropy,1,1.0000,True,"threshold=1.0000, median=1.0000"
KHWa1020,1253,2,consensus,1,1.0000,True,"4 strategies, 1 accepted"
KHWa1020,1253,2,ground_truth,1,1.0000,True,1 divider(s)
KHWa1020,1253,2,positional_profile,1,1.0000,True,"start=27, end=11, thr_start=0.333, thr_end=0.333"
KHWa1020,1253,2,viterbi_hmm,1,1.0000,True,"within_pairs=2768, cross_pairs=382"
KHWc2001,1254,1,bigram_transition,0,1.0000,False,"threshold=0.012821, p25"
KHWc2001,1254,1,boundary_entropy,0,1.0000,False,"threshold=1.0000, median=1.0000"
KHWc2001,1254,1,consensus,0,0.0000,False,"4 strategies, 0 accepted"
KHWc2001,1254,1,ground_truth,0,0.0000,False,0 divider(s)
KHWc2001,1254,1,positional_profile,0,1.0000,False,"start=27, end=11, thr_start=0.333, thr_end=0.333"
KHWc2001,1254,1,viterbi_hmm,0,1.0000,False,too short
KHWc2002,1255,1,bigram_transition,0,1.0000,False,"threshold=0.012821, p25"
KHWc2002,1255,1,boundary_entropy,0,1.0000,False,"threshold=1.0000, median=1.0000"
KHWc2002,1255,1,consensus,0,0.0000,False,"4 strategies, 0 accepted"
KHWc2002,1255,1,ground_truth,0,0.0000,False,0 divider(s)
KHWc2002,1255,1,positional_profile,0,1.0000,False,"start=27, end=11, thr_start=0.333, thr_end=0.333"
KHWc2002,1255,1,viterbi_hmm,0,1.0000,False,too short
KHWc2003,1256,1,bigram_transition,0,1.0000,False,"threshold=0.012821, p25"
KHWc2003,1256,1,boundary_entropy,0,1.0000,False,"threshold=1.0000, median=1.0000"
KHWc2003,1256,1,consensus,0,0.0000,False,"4 strategies, 0 accepted"
KHWc2003,1256,1,ground_truth,0,0.0000,False,0 divider(s)
KHWc2003,1256,1,positional_profile,0,1.0000,False,"start=27, end=11, thr_start=0.333, thr_end=0.333"
KHWc2003,1256,1,viterbi_hmm,0,1.0000,False,too short
KHWc2004,1257,2,bigram_transition,0,1.0000,False,"threshold=0.012821, p25"
KHWc2004,1257,2,boundary_entropy,1,1.0000,False,"threshold=1.0000, median=1.0000"
KHWc2004,1257,2,consensus,0,0.0000,False,"4 strategies, 0 accepted"
KHWc2004,1257,2,ground_truth,0,0.0000,False,0 divider(s)
KHWc2004,1257,2,positional_profile,0,1.0000,False,"start=27, end=11, thr_start=0.333, thr_end=0.333"
KHWc2004,1257,2,viterbi_hmm,0,1.0000,False,"within_pairs=2768, cross_pairs=382"
KHWc2005,1258,4,bigram_transition,0,1.0000,False,"threshold=0.012821, p25"
KHWc2005,1258,4,boundary_entropy,3,1.0000,False,"threshold=1.0000, median=1.0000"
KHWc2005,1258,4,consensus,0,0.0000,False,"4 strategies, 0 accepted"
KHWc2005,1258,4,ground_truth,0,0.0000,False,0 divider(s)
KHWc2005,1258,4,positional_profile,0,1.0000,False,"start=27, end=11, thr_start=0.333, thr_end=0.333"
KHWc2005,1258,4,viterbi_hmm,2,1.0000,False,"within_pairs=2768, cross_pairs=382"
KHWc2006,1259,1,bigram_transition,0,1.0000,False,"threshold=0.012821, p25"
KHWc2006,1259,1,boundary_entropy,0,1.0000,False,"threshold=1.0000, median=1.0000"
KHWc2006,1259,1,consensus,0,0.0000,False,"4 strategies, 0 accepted"
KHWc2006,1259,1,ground_truth,0,0.0000,False,0 divider(s)
KHWc2006,1259,1,positional_profile,0,1.0000,False,"start=27, end=11, thr_start=0.333, thr_end=0.333"
KHWc2006,1259,1,viterbi_hmm,0,1.0000,False,too short
KHWc2007,1260,1,bigram_transition,0,1.0000,False,"threshold=0.012821, p25"
KHWc2007,1260,1,boundary_entropy,0,1.0000,False,"threshold=1.0000, median=1.0000"
KHWc2007,1260,1,consensus,0,0.0000,False,"4 strategies, 0 accepted"
KHWc2007,1260,1,ground_truth,0,0.0000,False,0 divider(s)
KHWc2007,1260,1,positional_profile,0,1.0000,False,"start=27, end=11, thr_start=0.333, thr_end=0.333"
KHWc2007,1260,1,viterbi_hmm,0,1.0000,False,too short
KHWc2008,1261,1,bigram_transition,0,1.0000,False,"threshold=0.012821, p25"
KHWc2008,1261,1,boundary_entropy,0,1.0000,False,"threshold=1.0000, median=1.0000"
KHWc2008,1261,1,consensus,0,0.0000,False,"4 strategies, 0 accepted"
KHWc2008,1261,1,ground_truth,0,0.0000,False,0 divider(s)
KHWc2008,1261,1,positional_profile,0,1.0000,False,"start=27, end=11, thr_start=0.333, thr_end=0.333"
KHWc2008,1261,1,viterbi_hmm,0,1.0000,False,too short
KHWc2009,1262,1,bigram_transition,0,1.0000,False,"threshold=0.012821, p25"
KHWc2009,1262,1,boundary_entropy,0,1.0000,False,"threshold=1.0000, median=1.0000"
KHWc2009,1262,1,consensus,0,0.0000,False,"4 strategies, 0 accepted"
KHWc2009,1262,1,ground_truth,0,0.0000,False,0 divider(s)
KHWc2009,1262,1,positional_profile,0,1.0000,False,"start=27, end=11, thr_start=0.333, thr_end=0.333"
KHWc2009,1262,1,viterbi_hmm,0,1.0000,False,too short
KHWc2010,1263,1,bigram_transition,0,1.0000,False,"threshold=0.012821, p25"
KHWc2010,1263,1,boundary_entropy,0,1.0000,False,"threshold=1.0000, median=1.0000"
KHWc2010,1263,1,consensus,0,0.0000,False,"4 strategies, 0 accepted"
KHWc2010,1263,1,ground_truth,0,0.0000,False,0 divider(s)
KHWc2010,1263,1,positional_profile,0,1.0000,False,"start=27, end=11, thr_start=0.333, thr_end=0.333"
KHWc2010,1263,1,viterbi_hmm,0,1.0000,False,too short
KHWc2011,1264,1,bigram_transition,0,1.0000,False,"threshold=0.012821, p25"
KHWc2011,1264,1,boundary_entropy,0,1.0000,False,"threshold=1.0000, median=1.0000"
KHWc2011,1264,1,consensus,0,0.0000,False,"4 strategies, 0 accepted"
KHWc2011,1264,1,ground_truth,0,0.0000,False,0 divider(s)
KHWc2011,1264,1,positional_profile,0,1.0000,False,"start=27, end=11, thr_start=0.333, thr_end=0.333"
KHWc2011,1264,1,viterbi_hmm,0,1.0000,False,too short
KHWc2012,1265,1,bigram_transition,0,1.0000,False,"threshold=0.012821, p25"
KHWc2012,1265,1,boundary_entropy,0,1.0000,False,"threshold=1.0000, median=1.0000"
KHWc2012,1265,1,consensus,0,0.0000,False,"4 strategies, 0 accepted"
KHWc2012,1265,1,ground_truth,0,0.0000,False,0 divider(s)
KHWc2012,1265,1,positional_profile,0,1.0000,False,"start=27, end=11, thr_start=0.333, thr_end=0.333"
KHWc2012,1265,1,viterbi_hmm,0,1.0000,False,too short
KHWc2013,1266,1,bigram_transition,0,1.0000,False,"threshold=0.012821, p25"
KHWc2013,1266,1,boundary_entropy,0,1.0000,False,"threshold=1.0000, median=1.0000"
KHWc2013,1266,1,consensus,0,0.0000,False,"4 strategies, 0 accepted"
KHWc2013,1266,1,ground_truth,0,0.0000,False,0 divider(s)
KHWc2013,1266,1,positional_profile,0,1.0000,False,"start=27, end=11, thr_start=0.333, thr_end=0.333"
KHWc2013,1266,1,viterbi_hmm,0,1.0000,False,too short
KHWc2014,1267,1,bigram_transition,0,1.0000,False,"threshold=0.012821, p25"
KHWc2014,1267,1,boundary_entropy,0,1.0000,False,"threshold=1.0000, median=1.0000"
KHWc2014,1267,1,consensus,0,0.0000,False,"4 strategies, 0 accepted"
KHWc2014,1267,1,ground_truth,0,0.0000,False,0 divider(s)
KHWc2014,1267,1,positional_profile,0,1.0000,False,"start=27, end=11, thr_start=0.333, thr_end=0.333"
KHWc2014,1267,1,viterbi_hmm,0,1.0000,False,too short
KHWc2015,1268,1,bigram_transition,0,1.0000,False,"threshold=0.012821, p25"
KHWc2015,1268,1,boundary_entropy,0,1.0000,False,"threshold=1.0000, median=1.0000"
KHWc2015,1268,1,consensus,0,0.0000,False,"4 strategies, 0 accepted"
KHWc2015,1268,1,ground_truth,0,0.0000,False,0 divider(s)
KHWc2015,1268,1,positional_profile,0,1.0000,False,"start=27, end=11, thr_start=0.333, thr_end=0.333"
KHWc2015,1268,1,viterbi_hmm,0,1.0000,False,too short
KHWc2016,1269,1,bigram_transition,0,1.0000,False,"threshold=0.012821, p25"
KHWc2016,1269,1,boundary_entropy,0,1.0000,False,"threshold=1.0000, median=1.0000"
KHWc2016,1269,1,consensus,0,0.0000,False,"4 strategies, 0 accepted"
KHWc2016,1269,1,ground_truth,0,0.0000,False,0 divider(s)
KHWc2016,1269,1,positional_profile,0,1.0000,False,"start=27, end=11, thr_start=0.333, thr_end=0.333"
KHWc2016,1269,1,viterbi_hmm,0,1.0000,False,too short
KHWc2017,1270,1,bigram_transition,0,1.0000,False,"threshold=0.012821, p25"
KHWc2017,1270,1,boundary_entropy,0,1.0000,False,"threshold=1.0000, median=1.0000"
KHWc2017,1270,1,consensus,0,0.0000,False,"4 strategies, 0 accepted"
KHWc2017,1270,1,ground_truth,0,0.0000,False,0 divider(s)
KHWc2017,1270,1,positional_profile,0,1.0000,False,"start=27, end=11, thr_start=0.333, thr_end=0.333"
KHWc2017,1270,1,viterbi_hmm,0,1.0000,False,too short
KHWc2018,1271,1,bigram_transition,0,1.0000,False,"threshold=0.012821, p25"
KHWc2018,1271,1,boundary_entropy,0,1.0000,False,"threshold=1.0000, median=1.0000"
KHWc2018,1271,1,consensus,0,0.0000,False,"4 strategies, 0 accepted"
KHWc2018,1271,1,ground_truth,0,0.0000,False,0 divider(s)
KHWc2018,1271,1,positional_profile,0,1.0000,False,"start=27, end=11, thr_start=0.333, thr_end=0.333"
KHWc2018,1271,1,viterbi_hmm,0,1.0000,False,too short
KHWc2019,1272,1,bigram_transition,0,1.0000,False,"threshold=0.012821, p25"
KHWc2019,1272,1,boundary_entropy,0,1.0000,False,"threshold=1.0000, median=1.0000"
KHWc2019,1272,1,consensus,0,0.0000,False,"4 strategies, 0 accepted"
KHWc2019,1272,1,ground_truth,0,0.0000,False,0 divider(s)
KHWc2019,1272,1,positional_profile,0,1.0000,False,"start=27, end=11, thr_start=0.333, thr_end=0.333"
KHWc2019,1272,1,viterbi_hmm,0,1.0000,False,too short
KHWc2020,1273,1,bigram_transition,0,1.0000,False,"threshold=0.012821, p25"
KHWc2020,1273,1,boundary_entropy,0,1.0000,False,"threshold=1.0000, median=1.0000"
KHWc2020,1273,1,consensus,0,0.0000,False,"4 strategies, 0 accepted"
KHWc2020,1273,1,ground_truth,0,0.0000,False,0 divider(s)
KHWc2020,1273,1,positional_profile,0,1.0000,False,"start=27, end=11, thr_start=0.333, thr_end=0.333"
KHWc2020,1273,1,viterbi_hmm,0,1.0000,False,too short
KHWc2021,1274,1,bigram_transition,0,1.0000,False,"threshold=0.012821, p25"
KHWc2021,1274,1,boundary_entropy,0,1.0000,False,"threshold=1.0000, median=1.0000"
KHWc2021,1274,1,consensus,0,0.0000,False,"4 strategies, 0 accepted"
KHWc2021,1274,1,ground_truth,0,0.0000,False,0 divider(s)
KHWc2021,1274,1,positional_profile,0,1.0000,False,"start=27, end=11, thr_start=0.333, thr_end=0.333"
KHWc2021,1274,1,viterbi_hmm,0,1.0000,False,too short
KHWc2022,1275,1,bigram_transition,0,1.0000,False,"threshold=0.012821, p25"
KHWc2022,1275,1,boundary_entropy,0,1.0000,False,"threshold=1.0000, median=1.0000"
KHWc2022,1275,1,consensus,0,0.0000,False,"4 strategies, 0 accepted"
KHWc2022,1275,1,ground_truth,0,0.0000,False,0 divider(s)
KHWc2022,1275,1,positional_profile,0,1.0000,False,"start=27, end=11, thr_start=0.333, thr_end=0.333"
KHWc2022,1275,1,viterbi_hmm,0,1.0000,False,too short
KHWc2023,1276,1,bigram_transition,0,1.0000,False,"threshold=0.012821, p25"
KHWc2023,1276,1,boundary_entropy,0,1.0000,False,"threshold=1.0000, median=1.0000"
KHWc2023,1276,1,consensus,0,0.0000,False,"4 strategies, 0 accepted"
KHWc2023,1276,1,ground_truth,0,0.0000,False,0 divider(s)
KHWc2023,1276,1,positional_profile,0,1.0000,False,"start=27, end=11, thr_start=0.333, thr_end=0.333"
KHWc2023,1276,1,viterbi_hmm,0,1.0000,False,too short
KHWc2024,1277,1,bigram_transition,0,1.0000,False,"threshold=0.012821, p25"
KHWc2024,1277,1,boundary_entropy,0,1.0000,False,"threshold=1.0000, median=1.0000"
KHWc2024,1277,1,consensus,0,0.0000,False,"4 strategies, 0 accepted"
KHWc2024,1277,1,ground_truth,0,0.0000,False,0 divider(s)
KHWc2024,1277,1,positional_profile,0,1.0000,False,"start=27, end=11, thr_start=0.333, thr_end=0.333"
KHWc2024,1277,1,viterbi_hmm,0,1.0000,False,too short
KHWc2025,1278,2,bigram_transition,0,1.0000,False,"threshold=0.012821, p25"
KHWc2025,1278,2,boundary_entropy,0,1.0000,False,"threshold=1.0000, median=1.0000"
KHWc2025,1278,2,consensus,0,0.0000,False,"4 strategies, 0 accepted"
KHWc2025,1278,2,ground_truth,0,0.0000,False,0 divider(s)
KHWc2025,1278,2,positional_profile,0,1.0000,False,"start=27, end=11, thr_start=0.333, thr_end=0.333"
KHWc2025,1278,2,viterbi_hmm,1,1.0000,False,"within_pairs=2768, cross_pairs=382"
KHWc2026,1279,1,bigram_transition,0,1.0000,False,"threshold=0.012821, p25"
KHWc2026,1279,1,boundary_entropy,0,1.0000,False,"threshold=1.0000, median=1.0000"
KHWc2026,1279,1,consensus,0,0.0000,False,"4 strategies, 0 accepted"
KHWc2026,1279,1,ground_truth,0,0.0000,False,0 divider(s)
KHWc2026,1279,1,positional_profile,0,1.0000,False,"start=27, end=11, thr_start=0.333, thr_end=0.333"
KHWc2026,1279,1,viterbi_hmm,0,1.0000,False,too short
KHWc2027,1280,1,bigram_transition,0,1.0000,False,"threshold=0.012821, p25"
KHWc2027,1280,1,boundary_entropy,0,1.0000,False,"threshold=1.0000, median=1.0000"
KHWc2027,1280,1,consensus,0,0.0000,False,"4 strategies, 0 accepted"
KHWc2027,1280,1,ground_truth,0,0.0000,False,0 divider(s)
KHWc2027,1280,1,positional_profile,0,1.0000,False,"start=27, end=11, thr_start=0.333, thr_end=0.333"
KHWc2027,1280,1,viterbi_hmm,0,1.0000,False,too short
KHWc2028,1281,1,bigram_transition,0,1.0000,False,"threshold=0.012821, p25"
KHWc2028,1281,1,boundary_entropy,0,1.0000,False,"threshold=1.0000, median=1.0000"
KHWc2028,1281,1,consensus,0,0.0000,False,"4 strategies, 0 accepted"
KHWc2028,1281,1,ground_truth,0,0.0000,False,0 divider(s)
KHWc2028,1281,1,positional_profile,0,1.0000,False,"start=27, end=11, thr_start=0.333, thr_end=0.333"
KHWc2028,1281,1,viterbi_hmm,0,1.0000,False,too short
KHWc2029,1282,1,bigram_transition,0,1.0000,False,"threshold=0.012821, p25"
KHWc2029,1282,1,boundary_entropy,0,1.0000,False,"threshold=1.0000, median=1.0000"
KHWc2029,1282,1,consensus,0,0.0000,False,"4 strategies, 0 accepted"
KHWc2029,1282,1,ground_truth,0,0.0000,False,0 divider(s)
KHWc2029,1282,1,positional_profile,0,1.0000,False,"start=27, end=11, thr_start=0.333, thr_end=0.333"
KHWc2029,1282,1,viterbi_hmm,0,1.0000,False,too short
KHWc2030,1283,1,bigram_transition,0,1.0000,False,"threshold=0.012821, p25"
KHWc2030,1283,1,boundary_entropy,0,1.0000,False,"threshold=1.0000, median=1.0000"
KHWc2030,1283,1,consensus,0,0.0000,False,"4 strategies, 0 accepted"
KHWc2030,1283,1,ground_truth,0,0.0000,False,0 divider(s)
KHWc2030,1283,1,positional_profile,0,1.0000,False,"start=27, end=11, thr_start=0.333, thr_end=0.333"
KHWc2030,1283,1,viterbi_hmm,0,1.0000,False,too short
KHWc2031,1284,1,bigram_transition,0,1.0000,False,"threshold=0.012821, p25"
KHWc2031,1284,1,boundary_entropy,0,1.0000,False,"threshold=1.0000, median=1.0000"
KHWc2031,1284,1,consensus,0,0.0000,False,"4 strategies, 0 accepted"
KHWc2031,1284,1,ground_truth,0,0.0000,False,0 divider(s)
KHWc2031,1284,1,positional_profile,0,1.0000,False,"start=27, end=11, thr_start=0.333, thr_end=0.333"
KHWc2031,1284,1,viterbi_hmm,0,1.0000,False,too short
KHWc2032,1285,1,bigram_transition,0,1.0000,False,"threshold=0.012821, p25"
KHWc2032,1285,1,boundary_entropy,0,1.0000,False,"threshold=1.0000, median=1.0000"
KHWc2032,1285,1,consensus,0,0.0000,False,"4 strategies, 0 accepted"
KHWc2032,1285,1,ground_truth,0,0.0000,False,0 divider(s)
KHWc2032,1285,1,positional_profile,0,1.0000,False,"start=27, end=11, thr_start=0.333, thr_end=0.333"
KHWc2032,1285,1,viterbi_hmm,0,1.0000,False,too short
KHWc2033,1286,1,bigram_transition,0,1.0000,False,"threshold=0.012821, p25"
KHWc2033,1286,1,boundary_entropy,0,1.0000,False,"threshold=1.0000, median=1.0000"
KHWc2033,1286,1,consensus,0,0.0000,False,"4 strategies, 0 accepted"
KHWc2033,1286,1,ground_truth,0,0.0000,False,0 divider(s)
KHWc2033,1286,1,positional_profile,0,1.0000,False,"start=27, end=11, thr_start=0.333, thr_end=0.333"
KHWc2033,1286,1,viterbi_hmm,0,1.0000,False,too short
KHWc2034,1287,1,bigram_transition,0,1.0000,False,"threshold=0.012821, p25"
KHWc2034,1287,1,boundary_entropy,0,1.0000,False,"threshold=1.0000, median=1.0000"
KHWc2034,1287,1,consensus,0,0.0000,False,"4 strategies, 0 accepted"
KHWc2034,1287,1,ground_truth,0,0.0000,False,0 divider(s)
KHWc2034,1287,1,positional_profile,0,1.0000,False,"start=27, end=11, thr_start=0.333, thr_end=0.333"
KHWc2034,1287,1,viterbi_hmm,0,1.0000,False,too short
KHWc2035,1288,1,bigram_transition,0,1.0000,False,"threshold=0.012821, p25"
KHWc2035,1288,1,boundary_entropy,0,1.0000,False,"threshold=1.0000, median=1.0000"
KHWc2035,1288,1,consensus,0,0.0000,False,"4 strategies, 0 accepted"
KHWc2035,1288,1,ground_truth,0,0.0000,False,0 divider(s)
KHWc2035,1288,1,positional_profile,0,1.0000,False,"start=27, end=11, thr_start=0.333, thr_end=0.333"
KHWc2035,1288,1,viterbi_hmm,0,1.0000,False,too short
KHWc2036,1289,1,bigram_transition,0,1.0000,False,"threshold=0.012821, p25"
KHWc2036,1289,1,boundary_entropy,0,1.0000,False,"threshold=1.0000, median=1.0000"
KHWc2036,1289,1,consensus,0,0.0000,False,"4 strategies, 0 accepted"
KHWc2036,1289,1,ground_truth,0,0.0000,False,0 divider(s)
KHWc2036,1289,1,positional_profile,0,1.0000,False,"start=27, end=11, thr_start=0.333, thr_end=0.333"
KHWc2036,1289,1,viterbi_hmm,0,1.0000,False,too short
KHWc2037,1290,1,bigram_transition,0,1.0000,False,"threshold=0.012821, p25"
KHWc2037,1290,1,boundary_entropy,0,1.0000,False,"threshold=1.0000, median=1.0000"
KHWc2037,1290,1,consensus,0,0.0000,False,"4 strategies, 0 accepted"
KHWc2037,1290,1,ground_truth,0,0.0000,False,0 divider(s)
KHWc2037,1290,1,positional_profile,0,1.0000,False,"start=27, end=11, thr_start=0.333, thr_end=0.333"
KHWc2037,1290,1,viterbi_hmm,0,1.0000,False,too short
KHWc2038,1291,1,bigram_transition,0,1.0000,False,"threshold=0.012821, p25"
KHWc2038,1291,1,boundary_entropy,0,1.0000,False,"threshold=1.0000, median=1.0000"
KHWc2038,1291,1,consensus,0,0.0000,False,"4 strategies, 0 accepted"
KHWc2038,1291,1,ground_truth,0,0.0000,False,0 divider(s)
KHWc2038,1291,1,positional_profile,0,1.0000,False,"start=27, end=11, thr_start=0.333, thr_end=0.333"
KHWc2038,1291,1,viterbi_hmm,0,1.0000,False,too short
KHWc2039,1292,1,bigram_transition,0,1.0000,False,"threshold=0.012821, p25"
KHWc2039,1292,1,boundary_entropy,0,1.0000,False,"threshold=1.0000, median=1.0000"
KHWc2039,1292,1,consensus,0,0.0000,False,"4 strategies, 0 accepted"
KHWc2039,1292,1,ground_truth,0,0.0000,False,0 divider(s)
KHWc2039,1292,1,positional_profile,0,1.0000,False,"start=27, end=11, thr_start=0.333, thr_end=0.333"
KHWc2039,1292,1,viterbi_hmm,0,1.0000,False,too short
KHWc2040,1293,1,bigram_transition,0,1.0000,False,"threshold=0.012821, p25"
KHWc2040,1293,1,boundary_entropy,0,1.0000,False,"threshold=1.0000, median=1.0000"
KHWc2040,1293,1,consensus,0,0.0000,False,"4 strategies, 0 accepted"
KHWc2040,1293,1,ground_truth,0,0.0000,False,0 divider(s)
KHWc2040,1293,1,positional_profile,0,1.0000,False,"start=27, end=11, thr_start=0.333, thr_end=0.333"
KHWc2040,1293,1,viterbi_hmm,0,1.0000,False,too short
KHWc2041,1294,1,bigram_transition,0,1.0000,False,"threshold=0.012821, p25"
KHWc2041,1294,1,boundary_entropy,0,1.0000,False,"threshold=1.0000, median=1.0000"
KHWc2041,1294,1,consensus,0,0.0000,False,"4 strategies, 0 accepted"
KHWc2041,1294,1,ground_truth,0,0.0000,False,0 divider(s)
KHWc2041,1294,1,positional_profile,0,1.0000,False,"start=27, end=11, thr_start=0.333, thr_end=0.333"
KHWc2041,1294,1,viterbi_hmm,0,1.0000,False,too short
KHWc2042,1295,1,bigram_transition,0,1.0000,False,"threshold=0.012821, p25"
KHWc2042,1295,1,boundary_entropy,0,1.0000,False,"threshold=1.0000, median=1.0000"
KHWc2042,1295,1,consensus,0,0.0000,False,"4 strategies, 0 accepted"
KHWc2042,1295,1,ground_truth,0,0.0000,False,0 divider(s)
KHWc2042,1295,1,positional_profile,0,1.0000,False,"start=27, end=11, thr_start=0.333, thr_end=0.333"
KHWc2042,1295,1,viterbi_hmm,0,1.0000,False,too short
KHWc2043,1296,1,bigram_transition,0,1.0000,False,"threshold=0.012821, p25"
KHWc2043,1296,1,boundary_entropy,0,1.0000,False,"threshold=1.0000, median=1.0000"
KHWc2043,1296,1,consensus,0,0.0000,False,"4 strategies, 0 accepted"
KHWc2043,1296,1,ground_truth,0,0.0000,False,0 divider(s)
KHWc2043,1296,1,positional_profile,0,1.0000,False,"start=27, end=11, thr_start=0.333, thr_end=0.333"
KHWc2043,1296,1,viterbi_hmm,0,1.0000,False,too short
KHWc2044,1297,1,bigram_transition,0,1.0000,False,"threshold=0.012821, p25"
KHWc2044,1297,1,boundary_entropy,0,1.0000,False,"threshold=1.0000, median=1.0000"
KHWc2044,1297,1,consensus,0,0.0000,False,"4 strategies, 0 accepted"
KHWc2044,1297,1,ground_truth,0,0.0000,False,0 divider(s)
KHWc2044,1297,1,positional_profile,0,1.0000,False,"start=27, end=11, thr_start=0.333, thr_end=0.333"
KHWc2044,1297,1,viterbi_hmm,0,1.0000,False,too short
KHWc2045,1298,1,bigram_transition,0,1.0000,False,"threshold=0.012821, p25"
KHWc2045,1298,1,boundary_entropy,0,1.0000,False,"threshold=1.0000, median=1.0000"
KHWc2045,1298,1,consensus,0,0.0000,False,"4 strategies, 0 accepted"
KHWc2045,1298,1,ground_truth,0,0.0000,False,0 divider(s)
KHWc2045,1298,1,positional_profile,0,1.0000,False,"start=27, end=11, thr_start=0.333, thr_end=0.333"
KHWc2045,1298,1,viterbi_hmm,0,1.0000,False,too short
KHWc2046,1299,1,bigram_transition,0,1.0000,False,"threshold=0.012821, p25"
KHWc2046,1299,1,boundary_entropy,0,1.0000,False,"threshold=1.0000, median=1.0000"
KHWc2046,1299,1,consensus,0,0.0000,False,"4 strategies, 0 accepted"
KHWc2046,1299,1,ground_truth,0,0.0000,False,0 divider(s)
KHWc2046,1299,1,positional_profile,0,1.0000,False,"start=27, end=11, thr_start=0.333, thr_end=0.333"
KHWc2046,1299,1,viterbi_hmm,0,1.0000,False,too short
KHWc2047,1300,1,bigram_transition,0,1.0000,False,"threshold=0.012821, p25"
KHWc2047,1300,1,boundary_entropy,0,1.0000,False,"threshold=1.0000, median=1.0000"
KHWc2047,1300,1,consensus,0,0.0000,False,"4 strategies, 0 accepted"
KHWc2047,1300,1,ground_truth,0,0.0000,False,0 divider(s)
KHWc2047,1300,1,positional_profile,0,1.0000,False,"start=27, end=11, thr_start=0.333, thr_end=0.333"
KHWc2047,1300,1,viterbi_hmm,0,1.0000,False,too short
KHWc2048,1301,1,bigram_transition,0,1.0000,False,"threshold=0.012821, p25"
KHWc2048,1301,1,boundary_entropy,0,1.0000,False,"threshold=1.0000, median=1.0000"
KHWc2048,1301,1,consensus,0,0.0000,False,"4 strategies, 0 accepted"
KHWc2048,1301,1,ground_truth,0,0.0000,False,0 divider(s)
KHWc2048,1301,1,positional_profile,0,1.0000,False,"start=27, end=11, thr_start=0.333, thr_end=0.333"
KHWc2048,1301,1,viterbi_hmm,0,1.0000,False,too short
KHWc2049,1302,1,bigram_transition,0,1.0000,False,"threshold=0.012821, p25"
KHWc2049,1302,1,boundary_entropy,0,1.0000,False,"threshold=1.0000, median=1.0000"
KHWc2049,1302,1,consensus,0,0.0000,False,"4 strategies, 0 accepted"
KHWc2049,1302,1,ground_truth,0,0.0000,False,0 divider(s)
KHWc2049,1302,1,positional_profile,0,1.0000,False,"start=27, end=11, thr_start=0.333, thr_end=0.333"
KHWc2049,1302,1,viterbi_hmm,0,1.0000,False,too short
KHWc2050,1303,1,bigram_transition,0,1.0000,False,"threshold=0.012821, p25"
KHWc2050,1303,1,boundary_entropy,0,1.0000,False,"threshold=1.0000, median=1.0000"
KHWc2050,1303,1,consensus,0,0.0000,False,"4 strategies, 0 accepted"
KHWc2050,1303,1,ground_truth,0,0.0000,False,0 divider(s)
KHWc2050,1303,1,positional_profile,0,1.0000,False,"start=27, end=11, thr_start=0.333, thr_end=0.333"
KHWc2050,1303,1,viterbi_hmm,0,1.0000,False,too short
KHWc2051,1304,1,bigram_transition,0,1.0000,False,"threshold=0.012821, p25"
KHWc2051,1304,1,boundary_entropy,0,1.0000,False,"threshold=1.0000, median=1.0000"
KHWc2051,1304,1,consensus,0,0.0000,False,"4 strategies, 0 accepted"
KHWc2051,1304,1,ground_truth,0,0.0000,False,0 divider(s)
KHWc2051,1304,1,positional_profile,0,1.0000,False,"start=27, end=11, thr_start=0.333, thr_end=0.333"
KHWc2051,1304,1,viterbi_hmm,0,1.0000,False,too short
KHWc2052,1305,1,bigram_transition,0,1.0000,False,"threshold=0.012821, p25"
KHWc2052,1305,1,boundary_entropy,0,1.0000,False,"threshold=1.0000, median=1.0000"
KHWc2052,1305,1,consensus,0,0.0000,False,"4 strategies, 0 accepted"
KHWc2052,1305,1,ground_truth,0,0.0000,False,0 divider(s)
KHWc2052,1305,1,positional_profile,0,1.0000,False,"start=27, end=11, thr_start=0.333, thr_end=0.333"
KHWc2052,1305,1,viterbi_hmm,0,1.0000,False,too short
KHWc2053,1306,1,bigram_transition,0,1.0000,False,"threshold=0.012821, p25"
KHWc2053,1306,1,boundary_entropy,0,1.0000,False,"threshold=1.0000, median=1.0000"
KHWc2053,1306,1,consensus,0,0.0000,False,"4 strategies, 0 accepted"
KHWc2053,1306,1,ground_truth,0,0.0000,False,0 divider(s)
KHWc2053,1306,1,positional_profile,0,1.0000,False,"start=27, end=11, thr_start=0.333, thr_end=0.333"
KHWc2053,1306,1,viterbi_hmm,0,1.0000,False,too short
KHWc2054,1307,2,bigram_transition,0,1.0000,False,"threshold=0.012821, p25"
KHWc2054,1307,2,boundary_entropy,0,1.0000,False,"threshold=1.0000, median=1.0000"
KHWc2054,1307,2,consensus,0,0.0000,False,"4 strategies, 0 accepted"
KHWc2054,1307,2,ground_truth,0,0.0000,False,0 divider(s)
KHWc2054,1307,2,positional_profile,0,1.0000,False,"start=27, end=11, thr_start=0.333, thr_end=0.333"
KHWc2054,1307,2,viterbi_hmm,1,1.0000,False,"within_pairs=2768, cross_pairs=382"
KHWc2055,1308,2,bigram_transition,0,1.0000,False,"threshold=0.012821, p25"
KHWc2055,1308,2,boundary_entropy,0,1.0000,False,"threshold=1.0000, median=1.0000"
KHWc2055,1308,2,consensus,0,0.0000,False,"4 strategies, 0 accepted"
KHWc2055,1308,2,ground_truth,0,0.0000,False,0 divider(s)
KHWc2055,1308,2,positional_profile,0,1.0000,False,"start=27, end=11, thr_start=0.333, thr_end=0.333"
KHWc2055,1308,2,viterbi_hmm,1,1.0000,False,"within_pairs=2768, cross_pairs=382"
KHWc2056,1309,1,bigram_transition,0,1.0000,False,"threshold=0.012821, p25"
KHWc2056,1309,1,boundary_entropy,0,1.0000,False,"threshold=1.0000, median=1.0000"
KHWc2056,1309,1,consensus,0,0.0000,False,"4 strategies, 0 accepted"
KHWc2056,1309,1,ground_truth,0,0.0000,False,0 divider(s)
KHWc2056,1309,1,positional_profile,0,1.0000,False,"start=27, end=11, thr_start=0.333, thr_end=0.333"
KHWc2056,1309,1,viterbi_hmm,0,1.0000,False,too short
KHWc2057,1310,1,bigram_transition,0,1.0000,False,"threshold=0.012821, p25"
KHWc2057,1310,1,boundary_entropy,0,1.0000,False,"threshold=1.0000, median=1.0000"
KHWc2057,1310,1,consensus,0,0.0000,False,"4 strategies, 0 accepted"
KHWc2057,1310,1,ground_truth,0,0.0000,False,0 divider(s)
KHWc2057,1310,1,positional_profile,0,1.0000,False,"start=27, end=11, thr_start=0.333, thr_end=0.333"
KHWc2057,1310,1,viterbi_hmm,0,1.0000,False,too short
KHWc2058,1311,1,bigram_transition,0,1.0000,False,"threshold=0.012821, p25"
KHWc2058,1311,1,boundary_entropy,0,1.0000,False,"threshold=1.0000, median=1.0000"
KHWc2058,1311,1,consensus,0,0.0000,False,"4 strategies, 0 accepted"
KHWc2058,1311,1,ground_truth,0,0.0000,False,0 divider(s)
KHWc2058,1311,1,positional_profile,0,1.0000,False,"start=27, end=11, thr_start=0.333, thr_end=0.333"
KHWc2058,1311,1,viterbi_hmm,0,1.0000,False,too short
KHWc2059,1314,1,bigram_transition,0,1.0000,False,"threshold=0.012821, p25"
KHWc2059,1314,1,boundary_entropy,0,1.0000,False,"threshold=1.0000, median=1.0000"
KHWc2059,1314,1,consensus,0,0.0000,False,"4 strategies, 0 accepted"
KHWc2059,1314,1,ground_truth,0,0.0000,False,0 divider(s)
KHWc2059,1314,1,positional_profile,0,1.0000,False,"start=27, end=11, thr_start=0.333, thr_end=0.333"
KHWc2059,1314,1,viterbi_hmm,0,1.0000,False,too short
KHWc2060,1315,1,bigram_transition,0,1.0000,False,"threshold=0.012821, p25"
KHWc2060,1315,1,boundary_entropy,0,1.0000,False,"threshold=1.0000, median=1.0000"
KHWc2060,1315,1,consensus,0,0.0000,False,"4 strategies, 0 accepted"
KHWc2060,1315,1,ground_truth,0,0.0000,False,0 divider(s)
KHWc2060,1315,1,positional_profile,0,1.0000,False,"start=27, end=11, thr_start=0.333, thr_end=0.333"
KHWc2060,1315,1,viterbi_hmm,0,1.0000,False,too short
KHWc2061,1316,1,bigram_transition,0,1.0000,False,"threshold=0.012821, p25"
KHWc2061,1316,1,boundary_entropy,0,1.0000,False,"threshold=1.0000, median=1.0000"
KHWc2061,1316,1,consensus,0,0.0000,False,"4 strategies, 0 accepted"
KHWc2061,1316,1,ground_truth,0,0.0000,False,0 divider(s)
KHWc2061,1316,1,positional_profile,0,1.0000,False,"start=27, end=11, thr_start=0.333, thr_end=0.333"
KHWc2061,1316,1,viterbi_hmm,0,1.0000,False,too short
KHWc2062,1317,1,bigram_transition,0,1.0000,False,"threshold=0.012821, p25"
KHWc2062,1317,1,boundary_entropy,0,1.0000,False,"threshold=1.0000, median=1.0000"
KHWc2062,1317,1,consensus,0,0.0000,False,"4 strategies, 0 accepted"
KHWc2062,1317,1,ground_truth,0,0.0000,False,0 divider(s)
KHWc2062,1317,1,positional_profile,0,1.0000,False,"start=27, end=11, thr_start=0.333, thr_end=0.333"
KHWc2062,1317,1,viterbi_hmm,0,1.0000,False,too short
KHWc2063,1318,1,bigram_transition,0,1.0000,False,"threshold=0.012821, p25"
KHWc2063,1318,1,boundary_entropy,0,1.0000,False,"threshold=1.0000, median=1.0000"
KHWc2063,1318,1,consensus,0,0.0000,False,"4 strategies, 0 accepted"
KHWc2063,1318,1,ground_truth,0,0.0000,False,0 divider(s)
KHWc2063,1318,1,positional_profile,0,1.0000,False,"start=27, end=11, thr_start=0.333, thr_end=0.333"
KHWc2063,1318,1,viterbi_hmm,0,1.0000,False,too short
KHWc2064,1319,1,bigram_transition,0,1.0000,False,"threshold=0.012821, p25"
KHWc2064,1319,1,boundary_entropy,0,1.0000,False,"threshold=1.0000, median=1.0000"
KHWc2064,1319,1,consensus,0,0.0000,False,"4 strategies, 0 accepted"
KHWc2064,1319,1,ground_truth,0,0.0000,False,0 divider(s)
KHWc2064,1319,1,positional_profile,0,1.0000,False,"start=27, end=11, thr_start=0.333, thr_end=0.333"
KHWc2064,1319,1,viterbi_hmm,0,1.0000,False,too short
KHWc2065,1320,2,bigram_transition,0,1.0000,False,"threshold=0.012821, p25"
KHWc2065,1320,2,boundary_entropy,0,1.0000,False,"threshold=1.0000, median=1.0000"
KHWc2065,1320,2,consensus,0,0.0000,False,"4 strategies, 0 accepted"
KHWc2065,1320,2,ground_truth,0,0.0000,False,0 divider(s)
KHWc2065,1320,2,positional_profile,0,1.0000,False,"start=27, end=11, thr_start=0.333, thr_end=0.333"
KHWc2065,1320,2,viterbi_hmm,1,1.0000,False,"within_pairs=2768, cross_pairs=382"
KHWc2066,1321,1,bigram_transition,0,1.0000,False,"threshold=0.012821, p25"
KHWc2066,1321,1,boundary_entropy,0,1.0000,False,"threshold=1.0000, median=1.0000"
KHWc2066,1321,1,consensus,0,0.0000,False,"4 strategies, 0 accepted"
KHWc2066,1321,1,ground_truth,0,0.0000,False,0 divider(s)
KHWc2066,1321,1,positional_profile,0,1.0000,False,"start=27, end=11, thr_start=0.333, thr_end=0.333"
KHWc2066,1321,1,viterbi_hmm,0,1.0000,False,too short
KHWc2067,1322,1,bigram_transition,0,1.0000,False,"threshold=0.012821, p25"
KHWc2067,1322,1,boundary_entropy,0,1.0000,False,"threshold=1.0000, median=1.0000"
KHWc2067,1322,1,consensus,0,0.0000,False,"4 strategies, 0 accepted"
KHWc2067,1322,1,ground_truth,0,0.0000,False,0 divider(s)
KHWc2067,1322,1,positional_profile,0,1.0000,False,"start=27, end=11, thr_start=0.333, thr_end=0.333"
KHWc2067,1322,1,viterbi_hmm,0,1.0000,False,too short
KHWc2068,1323,1,bigram_transition,0,1.0000,False,"threshold=0.012821, p25"
KHWc2068,1323,1,boundary_entropy,0,1.0000,False,"threshold=1.0000, median=1.0000"
KHWc2068,1323,1,consensus,0,0.0000,False,"4 strategies, 0 accepted"
KHWc2068,1323,1,ground_truth,0,0.0000,False,0 divider(s)
KHWc2068,1323,1,positional_profile,0,1.0000,False,"start=27, end=11, thr_start=0.333, thr_end=0.333"
KHWc2068,1323,1,viterbi_hmm,0,1.0000,False,too short
KHWc2069,1324,1,bigram_transition,0,1.0000,False,"threshold=0.012821, p25"
KHWc2069,1324,1,boundary_entropy,0,1.0000,False,"threshold=1.0000, median=1.0000"
KHWc2069,1324,1,consensus,0,0.0000,False,"4 strategies, 0 accepted"
KHWc2069,1324,1,ground_truth,0,0.0000,False,0 divider(s)
KHWc2069,1324,1,positional_profile,0,1.0000,False,"start=27, end=11, thr_start=0.333, thr_end=0.333"
KHWc2069,1324,1,viterbi_hmm,0,1.0000,False,too short
KHWc2070,1325,1,bigram_transition,0,1.0000,False,"threshold=0.012821, p25"
KHWc2070,1325,1,boundary_entropy,0,1.0000,False,"threshold=1.0000, median=1.0000"
KHWc2070,1325,1,consensus,0,0.0000,False,"4 strategies, 0 accepted"
KHWc2070,1325,1,ground_truth,0,0.0000,False,0 divider(s)
KHWc2070,1325,1,positional_profile,0,1.0000,False,"start=27, end=11, thr_start=0.333, thr_end=0.333"
KHWc2070,1325,1,viterbi_hmm,0,1.0000,False,too short
KHWc2074,1326,1,bigram_transition,0,1.0000,False,"threshold=0.012821, p25"
KHWc2074,1326,1,boundary_entropy,0,1.0000,False,"threshold=1.0000, median=1.0000"
KHWc2074,1326,1,consensus,0,0.0000,False,"4 strategies, 0 accepted"
KHWc2074,1326,1,ground_truth,0,0.0000,False,0 divider(s)
KHWc2074,1326,1,positional_profile,0,1.0000,False,"start=27, end=11, thr_start=0.333, thr_end=0.333"
KHWc2074,1326,1,viterbi_hmm,0,1.0000,False,too short
KHWc2079,1327,1,bigram_transition,0,1.0000,False,"threshold=0.012821, p25"
KHWc2079,1327,1,boundary_entropy,0,1.0000,False,"threshold=1.0000, median=1.0000"
KHWc2079,1327,1,consensus,0,0.0000,False,"4 strategies, 0 accepted"
KHWc2079,1327,1,ground_truth,0,0.0000,False,0 divider(s)
KHWc2079,1327,1,positional_profile,0,1.0000,False,"start=27, end=11, thr_start=0.333, thr_end=0.333"
KHWc2079,1327,1,viterbi_hmm,0,1.0000,False,too short
KHWc2084,1328,1,bigram_transition,0,1.0000,False,"threshold=0.012821, p25"
KHWc2084,1328,1,boundary_entropy,0,1.0000,False,"threshold=1.0000, median=1.0000"
KHWc2084,1328,1,consensus,0,0.0000,False,"4 strategies, 0 accepted"
KHWc2084,1328,1,ground_truth,0,0.0000,False,0 divider(s)
KHWc2084,1328,1,positional_profile,0,1.0000,False,"start=27, end=11, thr_start=0.333, thr_end=0.333"
KHWc2084,1328,1,viterbi_hmm,0,1.0000,False,too short
KHWc2088,1329,1,bigram_transition,0,1.0000,False,"threshold=0.012821, p25"
KHWc2088,1329,1,boundary_entropy,0,1.0000,False,"threshold=1.0000, median=1.0000"
KHWc2088,1329,1,consensus,0,0.0000,False,"4 strategies, 0 accepted"
KHWc2088,1329,1,ground_truth,0,0.0000,False,0 divider(s)
KHWc2088,1329,1,positional_profile,0,1.0000,False,"start=27, end=11, thr_start=0.333, thr_end=0.333"
KHWc2088,1329,1,viterbi_hmm,0,1.0000,False,too short
KHWc2089,1330,1,bigram_transition,0,1.0000,False,"threshold=0.012821, p25"
KHWc2089,1330,1,boundary_entropy,0,1.0000,False,"threshold=1.0000, median=1.0000"
KHWc2089,1330,1,consensus,0,0.0000,False,"4 strategies, 0 accepted"
KHWc2089,1330,1,ground_truth,0,0.0000,False,0 divider(s)
KHWc2089,1330,1,positional_profile,0,1.0000,False,"start=27, end=11, thr_start=0.333, thr_end=0.333"
KHWc2089,1330,1,viterbi_hmm,0,1.0000,False,too short
KHWc2091,1313,1,bigram_transition,0,1.0000,False,"threshold=0.012821, p25"
KHWc2091,1313,1,boundary_entropy,0,1.0000,False,"threshold=1.0000, median=1.0000"
KHWc2091,1313,1,consensus,0,0.0000,False,"4 strategies, 0 accepted"
KHWc2091,1313,1,ground_truth,0,0.0000,False,0 divider(s)
KHWc2091,1313,1,positional_profile,0,1.0000,False,"start=27, end=11, thr_start=0.333, thr_end=0.333"
KHWc2091,1313,1,viterbi_hmm,0,1.0000,False,too short
KHWc2092,1312,1,bigram_transition,0,1.0000,False,"threshold=0.012821, p25"
KHWc2092,1312,1,boundary_entropy,0,1.0000,False,"threshold=1.0000, median=1.0000"
KHWc2092,1312,1,consensus,0,0.0000,False,"4 strategies, 0 accepted"
KHWc2092,1312,1,ground_truth,0,0.0000,False,0 divider(s)
KHWc2092,1312,1,positional_profile,0,1.0000,False,"start=27, end=11, thr_start=0.333, thr_end=0.333"
KHWc2092,1312,1,viterbi_hmm,0,1.0000,False,too short
KHWc2095,1331,1,bigram_transition,0,1.0000,False,"threshold=0.012821, p25"
KHWc2095,1331,1,boundary_entropy,0,1.0000,False,"threshold=1.0000, median=1.0000"
KHWc2095,1331,1,consensus,0,0.0000,False,"4 strategies, 0 accepted"
KHWc2095,1331,1,ground_truth,0,0.0000,False,0 divider(s)
KHWc2095,1331,1,positional_profile,0,1.0000,False,"start=27, end=11, thr_start=0.333, thr_end=0.333"
KHWc2095,1331,1,viterbi_hmm,0,1.0000,False,too short
KHWc2096,1333,1,bigram_transition,0,1.0000,False,"threshold=0.012821, p25"
KHWc2096,1333,1,boundary_entropy,0,1.0000,False,"threshold=1.0000, median=1.0000"
KHWc2096,1333,1,consensus,0,0.0000,False,"4 strategies, 0 accepted"
KHWc2096,1333,1,ground_truth,0,0.0000,False,0 divider(s)
KHWc2096,1333,1,positional_profile,0,1.0000,False,"start=27, end=11, thr_start=0.333, thr_end=0.333"
KHWc2096,1333,1,viterbi_hmm,0,1.0000,False,too short
KHWc2097,1332,1,bigram_transition,0,1.0000,False,"threshold=0.012821, p25"
KHWc2097,1332,1,boundary_entropy,0,1.0000,False,"threshold=1.0000, median=1.0000"
KHWc2097,1332,1,consensus,0,0.0000,False,"4 strategies, 0 accepted"
KHWc2097,1332,1,ground_truth,0,0.0000,False,0 divider(s)
KHWc2097,1332,1,positional_profile,0,1.0000,False,"start=27, end=11, thr_start=0.333, thr_end=0.333"
KHWc2097,1332,1,viterbi_hmm,0,1.0000,False,too short
KHWc2098,1334,1,bigram_transition,0,1.0000,False,"threshold=0.012821, p25"
KHWc2098,1334,1,boundary_entropy,0,1.0000,False,"threshold=1.0000, median=1.0000"
KHWc2098,1334,1,consensus,0,0.0000,False,"4 strategies, 0 accepted"
KHWc2098,1334,1,ground_truth,0,0.0000,False,0 divider(s)
KHWc2098,1334,1,positional_profile,0,1.0000,False,"start=27, end=11, thr_start=0.333, thr_end=0.333"
KHWc2098,1334,1,viterbi_hmm,0,1.0000,False,too short
KHWc2099,1335,1,bigram_transition,0,1.0000,False,"threshold=0.012821, p25"
KHWc2099,1335,1,boundary_entropy,0,1.0000,False,"threshold=1.0000, median=1.0000"
KHWc2099,1335,1,consensus,0,0.0000,False,"4 strategies, 0 accepted"
KHWc2099,1335,1,ground_truth,0,0.0000,False,0 divider(s)
KHWc2099,1335,1,positional_profile,0,1.0000,False,"start=27, end=11, thr_start=0.333, thr_end=0.333"
KHWc2099,1335,1,viterbi_hmm,0,1.0000,False,too short
KHWc2100,1336,3,bigram_transition,0,1.0000,False,"threshold=0.012821, p25"
KHWc2100,1336,3,boundary_entropy,1,1.0000,False,"threshold=1.0000, median=1.0000"
KHWc2100,1336,3,consensus,0,0.0000,False,"4 strategies, 0 accepted"
KHWc2100,1336,3,ground_truth,0,0.0000,False,0 divider(s)
KHWc2100,1336,3,positional_profile,0,1.0000,False,"start=27, end=11, thr_start=0.333, thr_end=0.333"
KHWc2100,1336,3,viterbi_hmm,2,1.0000,False,"within_pairs=2768, cross_pairs=382"
KHWc2101,1337,1,bigram_transition,0,1.0000,False,"threshold=0.012821, p25"
KHWc2101,1337,1,boundary_entropy,0,1.0000,False,"threshold=1.0000, median=1.0000"
KHWc2101,1337,1,consensus,0,0.0000,False,"4 strategies, 0 accepted"
KHWc2101,1337,1,ground_truth,0,0.0000,False,0 divider(s)
KHWc2101,1337,1,positional_profile,0,1.0000,False,"start=27, end=11, thr_start=0.333, thr_end=0.333"
KHWc2101,1337,1,viterbi_hmm,0,1.0000,False,too short
KHWc2102,1338,1,bigram_transition,0,1.0000,False,"threshold=0.012821, p25"
KHWc2102,1338,1,boundary_entropy,0,1.0000,False,"threshold=1.0000, median=1.0000"
KHWc2102,1338,1,consensus,0,0.0000,False,"4 strategies, 0 accepted"
KHWc2102,1338,1,ground_truth,0,0.0000,False,0 divider(s)
KHWc2102,1338,1,positional_profile,0,1.0000,False,"start=27, end=11, thr_start=0.333, thr_end=0.333"
KHWc2102,1338,1,viterbi_hmm,0,1.0000,False,too short
KHWc2103,1339,1,bigram_transition,0,1.0000,False,"threshold=0.012821, p25"
KHWc2103,1339,1,boundary_entropy,0,1.0000,False,"threshold=1.0000, median=1.0000"
KHWc2103,1339,1,consensus,0,0.0000,False,"4 strategies, 0 accepted"
KHWc2103,1339,1,ground_truth,0,0.0000,False,0 divider(s)
KHWc2103,1339,1,positional_profile,0,1.0000,False,"start=27, end=11, thr_start=0.333, thr_end=0.333"
KHWc2103,1339,1,viterbi_hmm,0,1.0000,False,too short
KHWc2104,1340,1,bigram_transition,0,1.0000,False,"threshold=0.012821, p25"
KHWc2104,1340,1,boundary_entropy,0,1.0000,False,"threshold=1.0000, median=1.0000"
KHWc2104,1340,1,consensus,0,0.0000,False,"4 strategies, 0 accepted"
KHWc2104,1340,1,ground_truth,0,0.0000,False,0 divider(s)
KHWc2104,1340,1,positional_profile,0,1.0000,False,"start=27, end=11, thr_start=0.333, thr_end=0.333"
KHWc2104,1340,1,viterbi_hmm,0,1.0000,False,too short
KHWc2105,1341,1,bigram_transition,0,1.0000,False,"threshold=0.012821, p25"
KHWc2105,1341,1,boundary_entropy,0,1.0000,False,"threshold=1.0000, median=1.0000"
KHWc2105,1341,1,consensus,0,0.0000,False,"4 strategies, 0 accepted"
KHWc2105,1341,1,ground_truth,0,0.0000,False,0 divider(s)
KHWc2105,1341,1,positional_profile,0,1.0000,False,"start=27, end=11, thr_start=0.333, thr_end=0.333"
KHWc2105,1341,1,viterbi_hmm,0,1.0000,False,too short
KHWc2106,1342,1,bigram_transition,0,1.0000,False,"threshold=0.012821, p25"
KHWc2106,1342,1,boundary_entropy,0,1.0000,False,"threshold=1.0000, median=1.0000"
KHWc2106,1342,1,consensus,0,0.0000,False,"4 strategies, 0 accepted"
KHWc2106,1342,1,ground_truth,0,0.0000,False,0 divider(s)
KHWc2106,1342,1,positional_profile,0,1.0000,False,"start=27, end=11, thr_start=0.333, thr_end=0.333"
KHWc2106,1342,1,viterbi_hmm,0,1.0000,False,too short
KHWc2109,1343,1,bigram_transition,0,1.0000,False,"threshold=0.012821, p25"
KHWc2109,1343,1,boundary_entropy,0,1.0000,False,"threshold=1.0000, median=1.0000"
KHWc2109,1343,1,consensus,0,0.0000,False,"4 strategies, 0 accepted"
KHWc2109,1343,1,ground_truth,0,0.0000,False,0 divider(s)
KHWc2109,1343,1,positional_profile,0,1.0000,False,"start=27, end=11, thr_start=0.333, thr_end=0.333"
KHWc2109,1343,1,viterbi_hmm,0,1.0000,False,too short
KHWc2110,1344,1,bigram_transition,0,1.0000,False,"threshold=0.012821, p25"
KHWc2110,1344,1,boundary_entropy,0,1.0000,False,"threshold=1.0000, median=1.0000"
KHWc2110,1344,1,consensus,0,0.0000,False,"4 strategies, 0 accepted"
KHWc2110,1344,1,ground_truth,0,0.0000,False,0 divider(s)
KHWc2110,1344,1,positional_profile,0,1.0000,False,"start=27, end=11, thr_start=0.333, thr_end=0.333"
KHWc2110,1344,1,viterbi_hmm,0,1.0000,False,too short
KHWc2111,1345,1,bigram_transition,0,1.0000,False,"threshold=0.012821, p25"
KHWc2111,1345,1,boundary_entropy,0,1.0000,False,"threshold=1.0000, median=1.0000"
KHWc2111,1345,1,consensus,0,0.0000,False,"4 strategies, 0 accepted"
KHWc2111,1345,1,ground_truth,0,0.0000,False,0 divider(s)
KHWc2111,1345,1,positional_profile,0,1.0000,False,"start=27, end=11, thr_start=0.333, thr_end=0.333"
KHWc2111,1345,1,viterbi_hmm,0,1.0000,False,too short
KHWc2113,1346,1,bigram_transition,0,1.0000,False,"threshold=0.012821, p25"
KHWc2113,1346,1,boundary_entropy,0,1.0000,False,"threshold=1.0000, median=1.0000"
KHWc2113,1346,1,consensus,0,0.0000,False,"4 strategies, 0 accepted"
KHWc2113,1346,1,ground_truth,0,0.0000,False,0 divider(s)
KHWc2113,1346,1,positional_profile,0,1.0000,False,"start=27, end=11, thr_start=0.333, thr_end=0.333"
KHWc2113,1346,1,viterbi_hmm,0,1.0000,False,too short
KHWc2114,1347,2,bigram_transition,0,1.0000,False,"threshold=0.012821, p25"
KHWc2114,1347,2,boundary_entropy,0,1.0000,False,"threshold=1.0000, median=1.0000"
KHWc2114,1347,2,consensus,0,0.0000,False,"4 strategies, 0 accepted"
KHWc2114,1347,2,ground_truth,0,0.0000,False,0 divider(s)
KHWc2114,1347,2,positional_profile,0,1.0000,False,"start=27, end=11, thr_start=0.333, thr_end=0.333"
KHWc2114,1347,2,viterbi_hmm,1,1.0000,False,"within_pairs=2768, cross_pairs=382"
KHWc2115,1348,1,bigram_transition,0,1.0000,False,"threshold=0.012821, p25"
KHWc2115,1348,1,boundary_entropy,0,1.0000,False,"threshold=1.0000, median=1.0000"
KHWc2115,1348,1,consensus,0,0.0000,False,"4 strategies, 0 accepted"
KHWc2115,1348,1,ground_truth,0,0.0000,False,0 divider(s)
KHWc2115,1348,1,positional_profile,0,1.0000,False,"start=27, end=11, thr_start=0.333, thr_end=0.333"
KHWc2115,1348,1,viterbi_hmm,0,1.0000,False,too short
KHWc2117,1349,3,bigram_transition,0,1.0000,False,"threshold=0.012821, p25"
KHWc2117,1349,3,boundary_entropy,2,1.0000,False,"threshold=1.0000, median=1.0000"
KHWc2117,1349,3,consensus,0,0.0000,False,"4 strategies, 0 accepted"
KHWc2117,1349,3,ground_truth,0,0.0000,False,0 divider(s)
KHWc2117,1349,3,positional_profile,0,1.0000,False,"start=27, end=11, thr_start=0.333, thr_end=0.333"
KHWc2117,1349,3,viterbi_hmm,1,1.0000,False,"within_pairs=2768, cross_pairs=382"
KHWc2118,1350,1,bigram_transition,0,1.0000,False,"threshold=0.012821, p25"
KHWc2118,1350,1,boundary_entropy,0,1.0000,False,"threshold=1.0000, median=1.0000"
KHWc2118,1350,1,consensus,0,0.0000,False,"4 strategies, 0 accepted"
KHWc2118,1350,1,ground_truth,0,0.0000,False,0 divider(s)
KHWc2118,1350,1,positional_profile,0,1.0000,False,"start=27, end=11, thr_start=0.333, thr_end=0.333"
KHWc2118,1350,1,viterbi_hmm,0,1.0000,False,too short
KHWc2121,1351,1,bigram_transition,0,1.0000,False,"threshold=0.012821, p25"
KHWc2121,1351,1,boundary_entropy,0,1.0000,False,"threshold=1.0000, median=1.0000"
KHWc2121,1351,1,consensus,0,0.0000,False,"4 strategies, 0 accepted"
KHWc2121,1351,1,ground_truth,0,0.0000,False,0 divider(s)
KHWc2121,1351,1,positional_profile,0,1.0000,False,"start=27, end=11, thr_start=0.333, thr_end=0.333"
KHWc2121,1351,1,viterbi_hmm,0,1.0000,False,too short
KHWc2122,1352,1,bigram_transition,0,1.0000,False,"threshold=0.012821, p25"
KHWc2122,1352,1,boundary_entropy,0,1.0000,False,"threshold=1.0000, median=1.0000"
KHWc2122,1352,1,consensus,0,0.0000,False,"4 strategies, 0 accepted"
KHWc2122,1352,1,ground_truth,0,0.0000,False,0 divider(s)
KHWc2122,1352,1,positional_profile,0,1.0000,False,"start=27, end=11, thr_start=0.333, thr_end=0.333"
KHWc2122,1352,1,viterbi_hmm,0,1.0000,False,too short
KHWc2123,1353,3,bigram_transition,0,1.0000,False,"threshold=0.012821, p25"
KHWc2123,1353,3,boundary_entropy,1,1.0000,False,"threshold=1.0000, median=1.0000"
KHWc2123,1353,3,consensus,0,0.0000,False,"4 strategies, 0 accepted"
KHWc2123,1353,3,ground_truth,0,0.0000,False,0 divider(s)
KHWc2123,1353,3,positional_profile,0,1.0000,False,"start=27, end=11, thr_start=0.333, thr_end=0.333"
KHWc2123,1353,3,viterbi_hmm,1,1.0000,False,"within_pairs=2768, cross_pairs=382"
KHWc2124,1354,1,bigram_transition,0,1.0000,False,"threshold=0.012821, p25"
KHWc2124,1354,1,boundary_entropy,0,1.0000,False,"threshold=1.0000, median=1.0000"
KHWc2124,1354,1,consensus,0,0.0000,False,"4 strategies, 0 accepted"
KHWc2124,1354,1,ground_truth,0,0.0000,False,0 divider(s)
KHWc2124,1354,1,positional_profile,0,1.0000,False,"start=27, end=11, thr_start=0.333, thr_end=0.333"
KHWc2124,1354,1,viterbi_hmm,0,1.0000,False,too short
KHZb98,1355,1,bigram_transition,0,1.0000,False,"threshold=0.012821, p25"
KHZb98,1355,1,boundary_entropy,0,1.0000,False,"threshold=1.0000, median=1.0000"
KHZb98,1355,1,consensus,0,0.0000,False,"4 strategies, 0 accepted"
KHZb98,1355,1,ground_truth,0,0.0000,False,0 divider(s)
KHZb98,1355,1,positional_profile,0,1.0000,False,"start=27, end=11, thr_start=0.333, thr_end=0.333"
KHZb98,1355,1,viterbi_hmm,0,1.0000,False,too short
KHZc106,1397,4,bigram_transition,0,1.0000,False,"threshold=0.012821, p25"
KHZc106,1397,4,boundary_entropy,3,1.0000,False,"threshold=1.0000, median=1.0000"
KHZc106,1397,4,consensus,0,0.0000,False,"4 strategies, 0 accepted"
KHZc106,1397,4,ground_truth,0,0.0000,False,0 divider(s)
KHZc106,1397,4,positional_profile,0,1.0000,False,"start=27, end=11, thr_start=0.333, thr_end=0.333"
KHZc106,1397,4,viterbi_hmm,0,1.0000,False,"within_pairs=2768, cross_pairs=382"
KKHZb1,1711,1,bigram_transition,0,1.0000,False,"threshold=0.012821, p25"
KKHZb1,1711,1,boundary_entropy,0,1.0000,False,"threshold=1.0000, median=1.0000"
KKHZb1,1711,1,consensus,0,0.0000,False,"4 strategies, 0 accepted"
KKHZb1,1711,1,ground_truth,0,0.0000,False,0 divider(s)
KKHZb1,1711,1,positional_profile,0,1.0000,False,"start=27, end=11, thr_start=0.333, thr_end=0.333"
KKHZb1,1711,1,viterbi_hmm,0,1.0000,False,too short
KN1a,1356,6,bigram_transition,0,1.0000,False,"threshold=0.012821, p25"
KN1a,1356,6,boundary_entropy,3,1.0000,False,"threshold=1.0000, median=1.0000"
KN1a,1356,6,consensus,0,0.0000,False,"4 strategies, 0 accepted"
KN1a,1356,6,ground_truth,0,0.0000,False,0 divider(s)
KN1a,1356,6,positional_profile,0,1.0000,False,"start=27, end=11, thr_start=0.333, thr_end=0.333"
KN1a,1356,6,viterbi_hmm,4,1.0000,False,"within_pairs=2768, cross_pairs=382"
KN1b,1357,7,bigram_transition,0,1.0000,False,"threshold=0.012821, p25"
KN1b,1357,7,boundary_entropy,4,1.0000,False,"threshold=1.0000, median=1.0000"
KN1b,1357,7,consensus,0,0.0000,False,"4 strategies, 0 accepted"
KN1b,1357,7,ground_truth,0,0.0000,False,0 divider(s)
KN1b,1357,7,positional_profile,0,1.0000,False,"start=27, end=11, thr_start=0.333, thr_end=0.333"
KN1b,1357,7,viterbi_hmm,4,1.0000,False,"within_pairs=2768, cross_pairs=382"
KN2,1358,10,bigram_transition,0,1.0000,False,"threshold=0.012821, p25"
KN2,1358,10,boundary_entropy,3,1.0000,False,"threshold=1.0000, median=1.0000"
KN2,1358,10,consensus,0,0.0000,False,"4 strategies, 0 accepted"
KN2,1358,10,ground_truth,0,0.0000,False,0 divider(s)
KN2,1358,10,positional_profile,0,1.0000,False,"start=27, end=11, thr_start=0.333, thr_end=0.333"
KN2,1358,10,viterbi_hmm,1,1.0000,False,"within_pairs=2768, cross_pairs=382"
KN22a,1359,12,bigram_transition,1,1.0000,False,"threshold=0.012821, p25"
KN22a,1359,12,boundary_entropy,7,1.0000,False,"threshold=1.0000, median=1.0000"
KN22a,1359,12,consensus,1,0.7500,False,"4 strategies, 1 accepted"
KN22a,1359,12,ground_truth,0,0.0000,False,0 divider(s)
KN22a,1359,12,positional_profile,0,1.0000,False,"start=27, end=11, thr_start=0.333, thr_end=0.333"
KN22a,1359,12,viterbi_hmm,9,1.0000,False,"within_pairs=2768, cross_pairs=382"
KN22b,1360,6,bigram_transition,0,1.0000,False,"threshold=0.012821, p25"
KN22b,1360,6,boundary_entropy,3,1.0000,False,"threshold=1.0000, median=1.0000"
KN22b,1360,6,consensus,0,0.0000,False,"4 strategies, 0 accepted"
KN22b,1360,6,ground_truth,0,0.0000,False,0 divider(s)
KN22b,1360,6,positional_profile,0,1.0000,False,"start=27, end=11, thr_start=0.333, thr_end=0.333"
KN22b,1360,6,viterbi_hmm,5,1.0000,False,"within_pairs=2768, cross_pairs=382"
KN22c,1361,11,bigram_transition,2,1.0000,True,"threshold=0.012821, p25"
KN22c,1361,11,boundary_entropy,8,1.0000,True,"threshold=1.0000, median=1.0000"
KN22c,1361,11,consensus,2,1.0000,True,"4 strategies, 2 accepted"
KN22c,1361,11,ground_truth,2,1.0000,True,2 divider(s)
KN22c,1361,11,positional_profile,2,1.0000,True,"start=27, end=11, thr_start=0.333, thr_end=0.333"
KN22c,1361,11,viterbi_hmm,2,1.0000,True,"within_pairs=2768, cross_pairs=382"
KN28a,1362,16,bigram_transition,1,1.0000,False,"threshold=0.012821, p25"
KN28a,1362,16,boundary_entropy,9,1.0000,False,"threshold=1.0000, median=1.0000"
KN28a,1362,16,consensus,0,0.0000,False,"4 strategies, 0 accepted"
KN28a,1362,16,ground_truth,0,0.0000,False,0 divider(s)
KN28a,1362,16,positional_profile,0,1.0000,False,"start=27, end=11, thr_start=0.333, thr_end=0.333"
KN28a,1362,16,viterbi_hmm,5,1.0000,False,"within_pairs=2768, cross_pairs=382"
KN28b,1363,12,bigram_transition,1,1.0000,False,"threshold=0.012821, p25"
KN28b,1363,12,boundary_entropy,5,1.0000,False,"threshold=1.0000, median=1.0000"
KN28b,1363,12,consensus,1,0.7500,False,"4 strategies, 1 accepted"
KN28b,1363,12,ground_truth,0,0.0000,False,0 divider(s)
KN28b,1363,12,positional_profile,0,1.0000,False,"start=27, end=11, thr_start=0.333, thr_end=0.333"
KN28b,1363,12,viterbi_hmm,5,1.0000,False,"within_pairs=2768, cross_pairs=382"
KN32a,1364,10,bigram_transition,1,1.0000,False,"threshold=0.012821, p25"
KN32a,1364,10,boundary_entropy,9,1.0000,False,"threshold=1.0000, median=1.0000"
KN32a,1364,10,consensus,1,0.7500,False,"4 strategies, 1 accepted"
KN32a,1364,10,ground_truth,0,0.0000,False,0 divider(s)
KN32a,1364,10,positional_profile,0,1.0000,False,"start=27, end=11, thr_start=0.333, thr_end=0.333"
KN32a,1364,10,viterbi_hmm,5,1.0000,False,"within_pairs=2768, cross_pairs=382"
KN32b,1365,13,bigram_transition,1,1.0000,False,"threshold=0.012821, p25"
KN32b,1365,13,boundary_entropy,9,1.0000,False,"threshold=1.0000, median=1.0000"
KN32b,1365,13,consensus,1,0.7500,False,"4 strategies, 1 accepted"
KN32b,1365,13,ground_truth,0,0.0000,False,0 divider(s)
KN32b,1365,13,positional_profile,0,1.0000,False,"start=27, end=11, thr_start=0.333, thr_end=0.333"
KN32b,1365,13,viterbi_hmm,7,1.0000,False,"within_pairs=2768, cross_pairs=382"
KN49,1367,3,bigram_transition,1,1.0000,True,"threshold=0.012821, p25"
KN49,1367,3,boundary_entropy,2,1.0000,True,"threshold=1.0000, median=1.0000"
KN49,1367,3,consensus,1,1.0000,True,"4 strategies, 1 accepted"
KN49,1367,3,ground_truth,1,1.0000,True,1 divider(s)
KN49,1367,3,positional_profile,1,1.0000,True,"start=27, end=11, thr_start=0.333, thr_end=0.333"
KN49,1367,3,viterbi_hmm,1,1.0000,True,"within_pairs=2768, cross_pairs=382"
KN54,1366,10,bigram_transition,1,1.0000,False,"threshold=0.012821, p25"
KN54,1366,10,boundary_entropy,9,1.0000,False,"threshold=1.0000, median=1.0000"
KN54,1366,10,consensus,1,0.7500,False,"4 strategies, 1 accepted"
KN54,1366,10,ground_truth,0,0.0000,False,0 divider(s)
KN54,1366,10,positional_profile,0,1.0000,False,"start=27, end=11, thr_start=0.333, thr_end=0.333"
KN54,1366,10,viterbi_hmm,3,1.0000,False,"within_pairs=2768, cross_pairs=382"
KNWa50,1368,1,bigram_transition,0,1.0000,False,"threshold=0.012821, p25"
KNWa50,1368,1,boundary_entropy,0,1.0000,False,"threshold=1.0000, median=1.0000"
KNWa50,1368,1,consensus,0,0.0000,False,"4 strategies, 0 accepted"
KNWa50,1368,1,ground_truth,0,0.0000,False,0 divider(s)
KNWa50,1368,1,positional_profile,0,1.0000,False,"start=27, end=11, thr_start=0.333, thr_end=0.333"
KNWa50,1368,1,viterbi_hmm,0,1.0000,False,too short
KNWa51,1699,1,bigram_transition,0,1.0000,False,"threshold=0.012821, p25"
KNWa51,1699,1,boundary_entropy,0,1.0000,False,"threshold=1.0000, median=1.0000"
KNWa51,1699,1,consensus,0,0.0000,False,"4 strategies, 0 accepted"
KNWa51,1699,1,ground_truth,0,0.0000,False,0 divider(s)
KNWa51,1699,1,positional_profile,0,1.0000,False,"start=27, end=11, thr_start=0.333, thr_end=0.333"
KNWa51,1699,1,viterbi_hmm,0,1.0000,False,too short
KNWb33,1369,6,bigram_transition,1,1.0000,False,"threshold=0.012821, p25"
KNWb33,1369,6,boundary_entropy,4,1.0000,False,"threshold=1.0000, median=1.0000"
KNWb33,1369,6,consensus,1,0.7500,False,"4 strategies, 1 accepted"
KNWb33,1369,6,ground_truth,0,0.0000,False,0 divider(s)
KNWb33,1369,6,positional_profile,0,1.0000,False,"start=27, end=11, thr_start=0.333, thr_end=0.333"
KNWb33,1369,6,viterbi_hmm,2,1.0000,False,"within_pairs=2768, cross_pairs=382"
KNWb50,1370,1,bigram_transition,0,1.0000,False,"threshold=0.012821, p25"
KNWb50,1370,1,boundary_entropy,0,1.0000,False,"threshold=1.0000, median=1.0000"
KNWb50,1370,1,consensus,0,0.0000,False,"4 strategies, 0 accepted"
KNWb50,1370,1,ground_truth,0,0.0000,False,0 divider(s)
KNWb50,1370,1,positional_profile,0,1.0000,False,"start=27, end=11, thr_start=0.333, thr_end=0.333"
KNWb50,1370,1,viterbi_hmm,0,1.0000,False,too short
KNWb51,1371,1,bigram_transition,1,1.0000,True,"threshold=0.012821, p25"
KNWb51,1371,1,boundary_entropy,1,1.0000,True,"threshold=1.0000, median=1.0000"
KNWb51,1371,1,consensus,1,1.0000,True,"4 strategies, 1 accepted"
KNWb51,1371,1,ground_truth,1,1.0000,True,1 divider(s)
KNWb51,1371,1,positional_profile,1,1.0000,True,"start=27, end=11, thr_start=0.333, thr_end=0.333"
KNWb51,1371,1,viterbi_hmm,1,1.0000,True,too short
KNWc23,1373,1,bigram_transition,0,1.0000,False,"threshold=0.012821, p25"
KNWc23,1373,1,boundary_entropy,0,1.0000,False,"threshold=1.0000, median=1.0000"
KNWc23,1373,1,consensus,0,0.0000,False,"4 strategies, 0 accepted"
KNWc23,1373,1,ground_truth,0,0.0000,False,0 divider(s)
KNWc23,1373,1,positional_profile,0,1.0000,False,"start=27, end=11, thr_start=0.333, thr_end=0.333"
KNWc23,1373,1,viterbi_hmm,0,1.0000,False,too short
KNWc26,1374,4,bigram_transition,0,1.0000,False,"threshold=0.012821, p25"
KNWc26,1374,4,boundary_entropy,3,1.0000,False,"threshold=1.0000, median=1.0000"
KNWc26,1374,4,consensus,0,0.0000,False,"4 strategies, 0 accepted"
KNWc26,1374,4,ground_truth,0,0.0000,False,0 divider(s)
KNWc26,1374,4,positional_profile,0,1.0000,False,"start=27, end=11, thr_start=0.333, thr_end=0.333"
KNWc26,1374,4,viterbi_hmm,2,1.0000,False,"within_pairs=2768, cross_pairs=382"
KNWc29,1375,1,bigram_transition,0,1.0000,False,"threshold=0.012821, p25"
KNWc29,1375,1,boundary_entropy,0,1.0000,False,"threshold=1.0000, median=1.0000"
KNWc29,1375,1,consensus,0,0.0000,False,"4 strategies, 0 accepted"
KNWc29,1375,1,ground_truth,0,0.0000,False,0 divider(s)
KNWc29,1375,1,positional_profile,0,1.0000,False,"start=27, end=11, thr_start=0.333, thr_end=0.333"
KNWc29,1375,1,viterbi_hmm,0,1.0000,False,too short
KNWc3,1372,5,bigram_transition,1,1.0000,False,"threshold=0.012821, p25"
KNWc3,1372,5,boundary_entropy,4,1.0000,False,"threshold=1.0000, median=1.0000"
KNWc3,1372,5,consensus,1,0.7500,False,"4 strategies, 1 accepted"
KNWc3,1372,5,ground_truth,0,0.0000,False,0 divider(s)
KNWc3,1372,5,positional_profile,0,1.0000,False,"start=27, end=11, thr_start=0.333, thr_end=0.333"
KNWc3,1372,5,viterbi_hmm,2,1.0000,False,"within_pairs=2768, cross_pairs=382"
KNWc30,1376,3,bigram_transition,0,1.0000,False,"threshold=0.012821, p25"
KNWc30,1376,3,boundary_entropy,2,1.0000,False,"threshold=1.0000, median=1.0000"
KNWc30,1376,3,consensus,0,0.0000,False,"4 strategies, 0 accepted"
KNWc30,1376,3,ground_truth,0,0.0000,False,0 divider(s)
KNWc30,1376,3,positional_profile,0,1.0000,False,"start=27, end=11, thr_start=0.333, thr_end=0.333"
KNWc30,1376,3,viterbi_hmm,1,1.0000,False,"within_pairs=2768, cross_pairs=382"
KNWc42,1377,3,bigram_transition,0,1.0000,False,"threshold=0.012821, p25"
KNWc42,1377,3,boundary_entropy,2,1.0000,False,"threshold=1.0000, median=1.0000"
KNWc42,1377,3,consensus,0,0.0000,False,"4 strategies, 0 accepted"
KNWc42,1377,3,ground_truth,0,0.0000,False,0 divider(s)
KNWc42,1377,3,positional_profile,0,1.0000,False,"start=27, end=11, thr_start=0.333, thr_end=0.333"
KNWc42,1377,3,viterbi_hmm,2,1.0000,False,"within_pairs=2768, cross_pairs=382"
KNWc43,1378,2,bigram_transition,1,1.0000,True,"threshold=0.012821, p25"
KNWc43,1378,2,boundary_entropy,1,1.0000,True,"threshold=1.0000, median=1.0000"
KNWc43,1378,2,consensus,1,1.0000,True,"4 strategies, 1 accepted"
KNWc43,1378,2,ground_truth,1,1.0000,True,1 divider(s)
KNWc43,1378,2,positional_profile,1,1.0000,True,"start=27, end=11, thr_start=0.333, thr_end=0.333"
KNWc43,1378,2,viterbi_hmm,1,1.0000,True,"within_pairs=2768, cross_pairs=382"
KNWc48,1379,2,bigram_transition,0,1.0000,False,"threshold=0.012821, p25"
KNWc48,1379,2,boundary_entropy,1,1.0000,False,"threshold=1.0000, median=1.0000"
KNWc48,1379,2,consensus,0,0.0000,False,"4 strategies, 0 accepted"
KNWc48,1379,2,ground_truth,0,0.0000,False,0 divider(s)
KNWc48,1379,2,positional_profile,0,1.0000,False,"start=27, end=11, thr_start=0.333, thr_end=0.333"
KNWc48,1379,2,viterbi_hmm,1,1.0000,False,"within_pairs=2768, cross_pairs=382"
KNZa10,1380,25,bigram_transition,4,1.0000,True,"threshold=0.012821, p25"
KNZa10,1380,25,boundary_entropy,20,1.0000,True,"threshold=1.0000, median=1.0000"
KNZa10,1380,25,consensus,4,1.0000,True,"4 strategies, 4 accepted"
KNZa10,1380,25,ground_truth,4,1.0000,True,4 divider(s)
KNZa10,1380,25,positional_profile,4,1.0000,True,"start=27, end=11, thr_start=0.333, thr_end=0.333"
KNZa10,1380,25,viterbi_hmm,5,1.0000,True,"within_pairs=2768, cross_pairs=382"
KNZa17,1381,4,bigram_transition,1,1.0000,True,"threshold=0.012821, p25"
KNZa17,1381,4,boundary_entropy,3,1.0000,True,"threshold=1.0000, median=1.0000"
KNZa17,1381,4,consensus,1,1.0000,True,"4 strategies, 1 accepted"
KNZa17,1381,4,ground_truth,1,1.0000,True,1 divider(s)
KNZa17,1381,4,positional_profile,1,1.0000,True,"start=27, end=11, thr_start=0.333, thr_end=0.333"
KNZa17,1381,4,viterbi_hmm,1,1.0000,True,"within_pairs=2768, cross_pairs=382"
KNZa18,1382,13,bigram_transition,5,1.0000,True,"threshold=0.012821, p25"
KNZa18,1382,13,boundary_entropy,8,1.0000,True,"threshold=1.0000, median=1.0000"
KNZa18,1382,13,consensus,5,1.0000,True,"4 strategies, 5 accepted"
KNZa18,1382,13,ground_truth,5,1.0000,True,5 divider(s)
KNZa18,1382,13,positional_profile,5,1.0000,True,"start=27, end=11, thr_start=0.333, thr_end=0.333"
KNZa18,1382,13,viterbi_hmm,6,1.0000,True,"within_pairs=2768, cross_pairs=382"
KNZa19,1383,11,bigram_transition,1,1.0000,True,"threshold=0.012821, p25"
KNZa19,1383,11,boundary_entropy,9,1.0000,True,"threshold=1.0000, median=1.0000"
KNZa19,1383,11,consensus,1,1.0000,True,"4 strategies, 1 accepted"
KNZa19,1383,11,ground_truth,1,1.0000,True,1 divider(s)
KNZa19,1383,11,positional_profile,1,1.0000,True,"start=27, end=11, thr_start=0.333, thr_end=0.333"
KNZa19,1383,11,viterbi_hmm,1,1.0000,True,"within_pairs=2768, cross_pairs=382"
KNZb20,1386,4,bigram_transition,0,1.0000,False,"threshold=0.012821, p25"
KNZb20,1386,4,boundary_entropy,2,1.0000,False,"threshold=1.0000, median=1.0000"
KNZb20,1386,4,consensus,0,0.0000,False,"4 strategies, 0 accepted"
KNZb20,1386,4,ground_truth,0,0.0000,False,0 divider(s)
KNZb20,1386,4,positional_profile,0,1.0000,False,"start=27, end=11, thr_start=0.333, thr_end=0.333"
KNZb20,1386,4,viterbi_hmm,1,1.0000,False,"within_pairs=2768, cross_pairs=382"
KNZb34,1388,1,bigram_transition,0,1.0000,False,"threshold=0.012821, p25"
KNZb34,1388,1,boundary_entropy,0,1.0000,False,"threshold=1.0000, median=1.0000"
KNZb34,1388,1,consensus,0,0.0000,False,"4 strategies, 0 accepted"
KNZb34,1388,1,ground_truth,0,0.0000,False,0 divider(s)
KNZb34,1388,1,positional_profile,0,1.0000,False,"start=27, end=11, thr_start=0.333, thr_end=0.333"
KNZb34,1388,1,viterbi_hmm,0,1.0000,False,too short
KNZb35,1389,12,bigram_transition,0,1.0000,False,"threshold=0.012821, p25"
KNZb35,1389,12,boundary_entropy,8,1.0000,False,"threshold=1.0000, median=1.0000"
KNZb35,1389,12,consensus,0,0.0000,False,"4 strategies, 0 accepted"
KNZb35,1389,12,ground_truth,0,0.0000,False,0 divider(s)
KNZb35,1389,12,positional_profile,0,1.0000,False,"start=27, end=11, thr_start=0.333, thr_end=0.333"
KNZb35,1389,12,viterbi_hmm,4,1.0000,False,"within_pairs=2768, cross_pairs=382"
KNZb4,1384,8,bigram_transition,2,1.0000,True,"threshold=0.012821, p25"
KNZb4,1384,8,boundary_entropy,5,1.0000,True,"threshold=1.0000, median=1.0000"
KNZb4,1384,8,consensus,2,1.0000,True,"4 strategies, 2 accepted"
KNZb4,1384,8,ground_truth,2,1.0000,True,2 divider(s)
KNZb4,1384,8,positional_profile,2,1.0000,True,"start=27, end=11, thr_start=0.333, thr_end=0.333"
KNZb4,1384,8,viterbi_hmm,2,1.0000,True,"within_pairs=2768, cross_pairs=382"
KNZb40,1394,6,bigram_transition,0,1.0000,False,"threshold=0.012821, p25"
KNZb40,1394,6,boundary_entropy,5,1.0000,False,"threshold=1.0000, median=1.0000"
KNZb40,1394,6,consensus,0,0.0000,False,"4 strategies, 0 accepted"
KNZb40,1394,6,ground_truth,0,0.0000,False,0 divider(s)
KNZb40,1394,6,positional_profile,0,1.0000,False,"start=27, end=11, thr_start=0.333, thr_end=0.333"
KNZb40,1394,6,viterbi_hmm,3,1.0000,False,"within_pairs=2768, cross_pairs=382"
KNZb5,1385,6,bigram_transition,2,1.0000,True,"threshold=0.012821, p25"
KNZb5,1385,6,boundary_entropy,5,1.0000,True,"threshold=1.0000, median=1.0000"
KNZb5,1385,6,consensus,1,1.0000,True,"4 strategies, 1 accepted"
KNZb5,1385,6,ground_truth,1,1.0000,True,1 divider(s)
KNZb5,1385,6,positional_profile,1,1.0000,True,"start=27, end=11, thr_start=0.333, thr_end=0.333"
KNZb5,1385,6,viterbi_hmm,1,1.0000,True,"within_pairs=2768, cross_pairs=382"
KNZb52,1395,4,bigram_transition,0,1.0000,False,"threshold=0.012821, p25"
KNZb52,1395,4,boundary_entropy,3,1.0000,False,"threshold=1.0000, median=1.0000"
KNZb52,1395,4,consensus,0,0.0000,False,"4 strategies, 0 accepted"
KNZb52,1395,4,ground_truth,0,0.0000,False,0 divider(s)
KNZb52,1395,4,positional_profile,0,1.0000,False,"start=27, end=11, thr_start=0.333, thr_end=0.333"
KNZb52,1395,4,viterbi_hmm,0,1.0000,False,"within_pairs=2768, cross_pairs=382"
KNZb56,1396,2,bigram_transition,0,1.0000,False,"threshold=0.012821, p25"
KNZb56,1396,2,boundary_entropy,1,1.0000,False,"threshold=1.0000, median=1.0000"
KNZb56,1396,2,consensus,0,0.0000,False,"4 strategies, 0 accepted"
KNZb56,1396,2,ground_truth,0,0.0000,False,0 divider(s)
KNZb56,1396,2,positional_profile,0,1.0000,False,"start=27, end=11, thr_start=0.333, thr_end=0.333"
KNZb56,1396,2,viterbi_hmm,1,1.0000,False,"within_pairs=2768, cross_pairs=382"
KNZb<27>,1387,7,bigram_transition,1,1.0000,True,"threshold=0.012821, p25"
KNZb<27>,1387,7,boundary_entropy,3,1.0000,True,"threshold=1.0000, median=1.0000"
KNZb<27>,1387,7,consensus,1,1.0000,True,"4 strategies, 1 accepted"
KNZb<27>,1387,7,ground_truth,1,1.0000,True,1 divider(s)
KNZb<27>,1387,7,positional_profile,1,1.0000,True,"start=27, end=11, thr_start=0.333, thr_end=0.333"
KNZb<27>,1387,7,viterbi_hmm,3,1.0000,True,"within_pairs=2768, cross_pairs=382"
KNZb<36>,1390,1,bigram_transition,0,1.0000,False,"threshold=0.012821, p25"
KNZb<36>,1390,1,boundary_entropy,0,1.0000,False,"threshold=1.0000, median=1.0000"
KNZb<36>,1390,1,consensus,0,0.0000,False,"4 strategies, 0 accepted"
KNZb<36>,1390,1,ground_truth,0,0.0000,False,0 divider(s)
KNZb<36>,1390,1,positional_profile,0,1.0000,False,"start=27, end=11, thr_start=0.333, thr_end=0.333"
KNZb<36>,1390,1,viterbi_hmm,0,1.0000,False,too short
KNZb<37>,1391,1,bigram_transition,0,1.0000,False,"threshold=0.012821, p25"
KNZb<37>,1391,1,boundary_entropy,0,1.0000,False,"threshold=1.0000, median=1.0000"
KNZb<37>,1391,1,consensus,0,0.0000,False,"4 strategies, 0 accepted"
KNZb<37>,1391,1,ground_truth,0,0.0000,False,0 divider(s)
KNZb<37>,1391,1,positional_profile,0,1.0000,False,"start=27, end=11, thr_start=0.333, thr_end=0.333"
KNZb<37>,1391,1,viterbi_hmm,0,1.0000,False,too short
KNZb<38>,1392,1,bigram_transition,0,1.0000,False,"threshold=0.012821, p25"
KNZb<38>,1392,1,boundary_entropy,0,1.0000,False,"threshold=1.0000, median=1.0000"
KNZb<38>,1392,1,consensus,0,0.0000,False,"4 strategies, 0 accepted"
KNZb<38>,1392,1,ground_truth,0,0.0000,False,0 divider(s)
KNZb<38>,1392,1,positional_profile,0,1.0000,False,"start=27, end=11, thr_start=0.333, thr_end=0.333"
KNZb<38>,1392,1,viterbi_hmm,0,1.0000,False,too short
KNZb<39>,1393,1,bigram_transition,0,1.0000,False,"threshold=0.012821, p25"
KNZb<39>,1393,1,boundary_entropy,0,1.0000,False,"threshold=1.0000, median=1.0000"
KNZb<39>,1393,1,consensus,0,0.0000,False,"4 strategies, 0 accepted"
KNZb<39>,1393,1,ground_truth,0,0.0000,False,0 divider(s)
KNZb<39>,1393,1,positional_profile,0,1.0000,False,"start=27, end=11, thr_start=0.333, thr_end=0.333"
KNZb<39>,1393,1,viterbi_hmm,0,1.0000,False,too short
KNZc6,1398,26,bigram_transition,3,1.0000,True,"threshold=0.012821, p25"
KNZc6,1398,26,boundary_entropy,23,1.0000,True,"threshold=1.0000, median=1.0000"
KNZc6,1398,26,consensus,3,1.0000,True,"4 strategies, 3 accepted"
KNZc6,1398,26,ground_truth,3,1.0000,True,3 divider(s)
KNZc6,1398,26,positional_profile,3,1.0000,True,"start=27, end=11, thr_start=0.333, thr_end=0.333"
KNZc6,1398,26,viterbi_hmm,3,1.0000,True,"within_pairs=2768, cross_pairs=382"
KNZc7,1399,25,bigram_transition,5,1.0000,True,"threshold=0.012821, p25"
KNZc7,1399,25,boundary_entropy,20,1.0000,True,"threshold=1.0000, median=1.0000"
KNZc7,1399,25,consensus,5,1.0000,True,"4 strategies, 5 accepted"
KNZc7,1399,25,ground_truth,5,1.0000,True,5 divider(s)
KNZc7,1399,25,positional_profile,5,1.0000,True,"start=27, end=11, thr_start=0.333, thr_end=0.333"
KNZc7,1399,25,viterbi_hmm,6,1.0000,True,"within_pairs=2768, cross_pairs=382"
KNZd46,1400,3,bigram_transition,0,1.0000,False,"threshold=0.012821, p25"
KNZd46,1400,3,boundary_entropy,0,1.0000,False,"threshold=1.0000, median=1.0000"
KNZd46,1400,3,consensus,0,0.0000,False,"4 strategies, 0 accepted"
KNZd46,1400,3,ground_truth,0,0.0000,False,0 divider(s)
KNZd46,1400,3,positional_profile,0,1.0000,False,"start=27, end=11, thr_start=0.333, thr_end=0.333"
KNZd46,1400,3,viterbi_hmm,2,1.0000,False,"within_pairs=2768, cross_pairs=382"
KNZe16,1401,2,bigram_transition,0,1.0000,False,"threshold=0.012821, p25"
KNZe16,1401,2,boundary_entropy,1,1.0000,False,"threshold=1.0000, median=1.0000"
KNZe16,1401,2,consensus,0,0.0000,False,"4 strategies, 0 accepted"
KNZe16,1401,2,ground_truth,0,0.0000,False,0 divider(s)
KNZe16,1401,2,positional_profile,0,1.0000,False,"start=27, end=11, thr_start=0.333, thr_end=0.333"
KNZe16,1401,2,viterbi_hmm,1,1.0000,False,"within_pairs=2768, cross_pairs=382"
KNZe44,1402,4,bigram_transition,0,1.0000,False,"threshold=0.012821, p25"
KNZe44,1402,4,boundary_entropy,3,1.0000,False,"threshold=1.0000, median=1.0000"
KNZe44,1402,4,consensus,0,0.0000,False,"4 strategies, 0 accepted"
KNZe44,1402,4,ground_truth,0,0.0000,False,0 divider(s)
KNZe44,1402,4,positional_profile,0,1.0000,False,"start=27, end=11, thr_start=0.333, thr_end=0.333"
KNZe44,1402,4,viterbi_hmm,1,1.0000,False,"within_pairs=2768, cross_pairs=382"
KNZe45,1403,4,bigram_transition,3,1.0000,False,"threshold=0.012821, p25"
KNZe45,1403,4,boundary_entropy,3,1.0000,False,"threshold=1.0000, median=1.0000"
KNZe45,1403,4,consensus,2,0.7500,False,"4 strategies, 2 accepted"
KNZe45,1403,4,ground_truth,0,0.0000,False,0 divider(s)
KNZe45,1403,4,positional_profile,0,1.0000,False,"start=27, end=11, thr_start=0.333, thr_end=0.333"
KNZe45,1403,4,viterbi_hmm,2,1.0000,False,"within_pairs=2768, cross_pairs=382"
KNZe49,1404,3,bigram_transition,0,1.0000,False,"threshold=0.012821, p25"
KNZe49,1404,3,boundary_entropy,2,1.0000,False,"threshold=1.0000, median=1.0000"
KNZe49,1404,3,consensus,0,0.0000,False,"4 strategies, 0 accepted"
KNZe49,1404,3,ground_truth,0,0.0000,False,0 divider(s)
KNZe49,1404,3,positional_profile,0,1.0000,False,"start=27, end=11, thr_start=0.333, thr_end=0.333"
KNZe49,1404,3,viterbi_hmm,0,1.0000,False,"within_pairs=2768, cross_pairs=382"
KNZe56,1405,3,bigram_transition,0,1.0000,False,"threshold=0.012821, p25"
KNZe56,1405,3,boundary_entropy,2,1.0000,False,"threshold=1.0000, median=1.0000"
KNZe56,1405,3,consensus,0,0.0000,False,"4 strategies, 0 accepted"
KNZe56,1405,3,ground_truth,0,0.0000,False,0 divider(s)
KNZe56,1405,3,positional_profile,0,1.0000,False,"start=27, end=11, thr_start=0.333, thr_end=0.333"
KNZe56,1405,3,viterbi_hmm,1,1.0000,False,"within_pairs=2768, cross_pairs=382"
KNZf13,1406,19,bigram_transition,2,1.0000,False,"threshold=0.012821, p25"
KNZf13,1406,19,boundary_entropy,17,1.0000,False,"threshold=1.0000, median=1.0000"
KNZf13,1406,19,consensus,2,0.7500,False,"4 strategies, 2 accepted"
KNZf13,1406,19,ground_truth,0,0.0000,False,0 divider(s)
KNZf13,1406,19,positional_profile,0,1.0000,False,"start=27, end=11, thr_start=0.333, thr_end=0.333"
KNZf13,1406,19,viterbi_hmm,14,1.0000,False,"within_pairs=2768, cross_pairs=382"
KNZf31,1407,51,bigram_transition,10,1.0000,True,"threshold=0.012821, p25"
KNZf31,1407,51,boundary_entropy,42,1.0000,True,"threshold=1.0000, median=1.0000"
KNZf31,1407,51,consensus,9,1.0000,True,"4 strategies, 9 accepted"
KNZf31,1407,51,ground_truth,9,1.0000,True,9 divider(s)
KNZf31,1407,51,positional_profile,11,1.0000,True,"start=27, end=11, thr_start=0.333, thr_end=0.333"
KNZf31,1407,51,viterbi_hmm,10,1.0000,True,"within_pairs=2768, cross_pairs=382"
KNZg55,1409,3,bigram_transition,0,1.0000,False,"threshold=0.012821, p25"
KNZg55,1409,3,boundary_entropy,2,1.0000,False,"threshold=1.0000, median=1.0000"
KNZg55,1409,3,consensus,0,0.0000,False,"4 strategies, 0 accepted"
KNZg55,1409,3,ground_truth,0,0.0000,False,0 divider(s)
KNZg55,1409,3,positional_profile,0,1.0000,False,"start=27, end=11, thr_start=0.333, thr_end=0.333"
KNZg55,1409,3,viterbi_hmm,0,1.0000,False,"within_pairs=2768, cross_pairs=382"
KNZg57a,1718,17,bigram_transition,0,1.0000,False,"threshold=0.012821, p25"
KNZg57a,1718,17,boundary_entropy,9,1.0000,False,"threshold=1.0000, median=1.0000"
KNZg57a,1718,17,consensus,0,0.0000,False,"4 strategies, 0 accepted"
KNZg57a,1718,17,ground_truth,0,0.0000,False,0 divider(s)
KNZg57a,1718,17,positional_profile,0,1.0000,False,"start=27, end=11, thr_start=0.333, thr_end=0.333"
KNZg57a,1718,17,viterbi_hmm,3,1.0000,False,"within_pairs=2768, cross_pairs=382"
KNZg57b,1719,11,bigram_transition,0,1.0000,False,"threshold=0.012821, p25"
KNZg57b,1719,11,boundary_entropy,6,1.0000,False,"threshold=1.0000, median=1.0000"
KNZg57b,1719,11,consensus,0,0.0000,False,"4 strategies, 0 accepted"
KNZg57b,1719,11,ground_truth,0,0.0000,False,0 divider(s)
KNZg57b,1719,11,positional_profile,0,1.0000,False,"start=27, end=11, thr_start=0.333, thr_end=0.333"
KNZg57b,1719,11,viterbi_hmm,6,1.0000,False,"within_pairs=2768, cross_pairs=382"
KNZg<21>,1408,1,bigram_transition,0,1.0000,False,"threshold=0.012821, p25"
KNZg<21>,1408,1,boundary_entropy,0,1.0000,False,"threshold=1.0000, median=1.0000"
KNZg<21>,1408,1,consensus,0,0.0000,False,"4 strategies, 0 accepted"
KNZg<21>,1408,1,ground_truth,0,0.0000,False,0 divider(s)
KNZg<21>,1408,1,positional_profile,0,1.0000,False,"start=27, end=11, thr_start=0.333, thr_end=0.333"
KNZg<21>,1408,1,viterbi_hmm,0,1.0000,False,too short
KO(?)Zf2,1411,16,bigram_transition,0,1.0000,False,"threshold=0.012821, p25"
KO(?)Zf2,1411,16,boundary_entropy,15,1.0000,False,"threshold=1.0000, median=1.0000"
KO(?)Zf2,1411,16,consensus,0,0.0000,False,"4 strategies, 0 accepted"
KO(?)Zf2,1411,16,ground_truth,0,0.0000,False,0 divider(s)
KO(?)Zf2,1411,16,positional_profile,0,1.0000,False,"start=27, end=11, thr_start=0.333, thr_end=0.333"
KO(?)Zf2,1411,16,viterbi_hmm,12,1.0000,False,"within_pairs=2768, cross_pairs=382"
KOZa1,1410,32,bigram_transition,5,1.0000,True,"threshold=0.012821, p25"
KOZa1,1410,32,boundary_entropy,25,1.0000,True,"threshold=1.0000, median=1.0000"
KOZa1,1410,32,consensus,5,1.0000,True,"4 strategies, 5 accepted"
KOZa1,1410,32,ground_truth,5,1.0000,True,5 divider(s)
KOZa1,1410,32,positional_profile,5,1.0000,True,"start=27, end=11, thr_start=0.333, thr_end=0.333"
KOZa1,1410,32,viterbi_hmm,5,1.0000,True,"within_pairs=2768, cross_pairs=382"
KYZa2,1412,3,bigram_transition,0,1.0000,False,"threshold=0.012821, p25"
KYZa2,1412,3,boundary_entropy,2,1.0000,False,"threshold=1.0000, median=1.0000"
KYZa2,1412,3,consensus,0,0.0000,False,"4 strategies, 0 accepted"
KYZa2,1412,3,ground_truth,0,0.0000,False,0 divider(s)
KYZa2,1412,3,positional_profile,0,1.0000,False,"start=27, end=11, thr_start=0.333, thr_end=0.333"
KYZa2,1412,3,viterbi_hmm,1,1.0000,False,"within_pairs=2768, cross_pairs=382"
KYZg1,1413,1,bigram_transition,0,1.0000,False,"threshold=0.012821, p25"
KYZg1,1413,1,boundary_entropy,0,1.0000,False,"threshold=1.0000, median=1.0000"
KYZg1,1413,1,consensus,0,0.0000,False,"4 strategies, 0 accepted"
KYZg1,1413,1,ground_truth,0,0.0000,False,0 divider(s)
KYZg1,1413,1,positional_profile,0,1.0000,False,"start=27, end=11, thr_start=0.333, thr_end=0.333"
KYZg1,1413,1,viterbi_hmm,0,1.0000,False,too short
LACHZa1,1708,8,bigram_transition,2,1.0000,True,"threshold=0.012821, p25"
LACHZa1,1708,8,boundary_entropy,5,1.0000,True,"threshold=1.0000, median=1.0000"
LACHZa1,1708,8,consensus,2,1.0000,True,"4 strategies, 2 accepted"
LACHZa1,1708,8,ground_truth,2,1.0000,True,2 divider(s)
LACHZa1,1708,8,positional_profile,2,1.0000,True,"start=27, end=11, thr_start=0.333, thr_end=0.333"
LACHZa1,1708,8,viterbi_hmm,2,1.0000,True,"within_pairs=2768, cross_pairs=382"
LAZb1(bis),1414,4,bigram_transition,0,1.0000,False,"threshold=0.012821, p25"
LAZb1(bis),1414,4,boundary_entropy,3,1.0000,False,"threshold=1.0000, median=1.0000"
LAZb1(bis),1414,4,consensus,0,0.0000,False,"4 strategies, 0 accepted"
LAZb1(bis),1414,4,ground_truth,0,0.0000,False,0 divider(s)
LAZb1(bis),1414,4,positional_profile,0,1.0000,False,"start=27, end=11, thr_start=0.333, thr_end=0.333"
LAZb1(bis),1414,4,viterbi_hmm,2,1.0000,False,"within_pairs=2768, cross_pairs=382"
MA10a,1428,10,bigram_transition,1,1.0000,True,"threshold=0.012821, p25"
MA10a,1428,10,boundary_entropy,2,1.0000,True,"threshold=1.0000, median=1.0000"
MA10a,1428,10,consensus,1,1.0000,True,"4 strategies, 1 accepted"
MA10a,1428,10,ground_truth,1,1.0000,True,1 divider(s)
MA10a,1428,10,positional_profile,1,1.0000,True,"start=27, end=11, thr_start=0.333, thr_end=0.333"
MA10a,1428,10,viterbi_hmm,7,1.0000,True,"within_pairs=2768, cross_pairs=382"
MA10b,1429,16,bigram_transition,1,1.0000,True,"threshold=0.012821, p25"
MA10b,1429,16,boundary_entropy,5,1.0000,True,"threshold=1.0000, median=1.0000"
MA10b,1429,16,consensus,1,1.0000,True,"4 strategies, 1 accepted"
MA10b,1429,16,ground_truth,1,1.0000,True,1 divider(s)
MA10b,1429,16,positional_profile,1,1.0000,True,"start=27, end=11, thr_start=0.333, thr_end=0.333"
MA10b,1429,16,viterbi_hmm,10,1.0000,True,"within_pairs=2768, cross_pairs=382"
MA10c,1430,7,bigram_transition,0,1.0000,False,"threshold=0.012821, p25"
MA10c,1430,7,boundary_entropy,1,1.0000,False,"threshold=1.0000, median=1.0000"
MA10c,1430,7,consensus,0,0.0000,False,"4 strategies, 0 accepted"
MA10c,1430,7,ground_truth,0,0.0000,False,0 divider(s)
MA10c,1430,7,positional_profile,0,1.0000,False,"start=27, end=11, thr_start=0.333, thr_end=0.333"
MA10c,1430,7,viterbi_hmm,0,1.0000,False,"within_pairs=2768, cross_pairs=382"
MA10d,1431,3,bigram_transition,0,1.0000,False,"threshold=0.012821, p25"
MA10d,1431,3,boundary_entropy,0,1.0000,False,"threshold=1.0000, median=1.0000"
MA10d,1431,3,consensus,0,0.0000,False,"4 strategies, 0 accepted"
MA10d,1431,3,ground_truth,0,0.0000,False,0 divider(s)
MA10d,1431,3,positional_profile,0,1.0000,False,"start=27, end=11, thr_start=0.333, thr_end=0.333"
MA10d,1431,3,viterbi_hmm,1,1.0000,False,"within_pairs=2768, cross_pairs=382"
MA1a,1415,10,bigram_transition,1,1.0000,True,"threshold=0.012821, p25"
MA1a,1415,10,boundary_entropy,8,1.0000,True,"threshold=1.0000, median=1.0000"
MA1a,1415,10,consensus,1,1.0000,True,"4 strategies, 1 accepted"
MA1a,1415,10,ground_truth,1,1.0000,True,1 divider(s)
MA1a,1415,10,positional_profile,1,1.0000,True,"start=27, end=11, thr_start=0.333, thr_end=0.333"
MA1a,1415,10,viterbi_hmm,1,1.0000,True,"within_pairs=2768, cross_pairs=382"
MA1b,1416,8,bigram_transition,1,1.0000,True,"threshold=0.012821, p25"
MA1b,1416,8,boundary_entropy,6,1.0000,True,"threshold=1.0000, median=1.0000"
MA1b,1416,8,consensus,1,1.0000,True,"4 strategies, 1 accepted"
MA1b,1416,8,ground_truth,1,1.0000,True,1 divider(s)
MA1b,1416,8,positional_profile,1,1.0000,True,"start=27, end=11, thr_start=0.333, thr_end=0.333"
MA1b,1416,8,viterbi_hmm,1,1.0000,True,"within_pairs=2768, cross_pairs=382"
MA1c,1417,1,bigram_transition,0,1.0000,False,"threshold=0.012821, p25"
MA1c,1417,1,boundary_entropy,0,1.0000,False,"threshold=1.0000, median=1.0000"
MA1c,1417,1,consensus,0,0.0000,False,"4 strategies, 0 accepted"
MA1c,1417,1,ground_truth,0,0.0000,False,0 divider(s)
MA1c,1417,1,positional_profile,0,1.0000,False,"start=27, end=11, thr_start=0.333, thr_end=0.333"
MA1c,1417,1,viterbi_hmm,0,1.0000,False,too short
MA2a,1418,4,bigram_transition,0,1.0000,False,"threshold=0.012821, p25"
MA2a,1418,4,boundary_entropy,2,1.0000,False,"threshold=1.0000, median=1.0000"
MA2a,1418,4,consensus,0,0.0000,False,"4 strategies, 0 accepted"
MA2a,1418,4,ground_truth,0,0.0000,False,0 divider(s)
MA2a,1418,4,positional_profile,0,1.0000,False,"start=27, end=11, thr_start=0.333, thr_end=0.333"
MA2a,1418,4,viterbi_hmm,0,1.0000,False,"within_pairs=2768, cross_pairs=382"
MA2b,1419,12,bigram_transition,0,1.0000,False,"threshold=0.012821, p25"
MA2b,1419,12,boundary_entropy,5,1.0000,False,"threshold=1.0000, median=1.0000"
MA2b,1419,12,consensus,0,0.0000,False,"4 strategies, 0 accepted"
MA2b,1419,12,ground_truth,0,0.0000,False,0 divider(s)
MA2b,1419,12,positional_profile,0,1.0000,False,"start=27, end=11, thr_start=0.333, thr_end=0.333"
MA2b,1419,12,viterbi_hmm,7,1.0000,False,"within_pairs=2768, cross_pairs=382"
MA2c,1420,11,bigram_transition,1,1.0000,False,"threshold=0.012821, p25"
MA2c,1420,11,boundary_entropy,7,1.0000,False,"threshold=1.0000, median=1.0000"
MA2c,1420,11,consensus,1,0.7500,False,"4 strategies, 1 accepted"
MA2c,1420,11,ground_truth,0,0.0000,False,0 divider(s)
MA2c,1420,11,positional_profile,0,1.0000,False,"start=27, end=11, thr_start=0.333, thr_end=0.333"
MA2c,1420,11,viterbi_hmm,7,1.0000,False,"within_pairs=2768, cross_pairs=382"
MA4a,1421,12,bigram_transition,0,1.0000,False,"threshold=0.012821, p25"
MA4a,1421,12,boundary_entropy,0,1.0000,False,"threshold=1.0000, median=1.0000"
MA4a,1421,12,consensus,0,0.0000,False,"4 strategies, 0 accepted"
MA4a,1421,12,ground_truth,0,0.0000,False,0 divider(s)
MA4a,1421,12,positional_profile,0,1.0000,False,"start=27, end=11, thr_start=0.333, thr_end=0.333"
MA4a,1421,12,viterbi_hmm,11,1.0000,False,"within_pairs=2768, cross_pairs=382"
MA4b,1422,10,bigram_transition,0,1.0000,False,"threshold=0.012821, p25"
MA4b,1422,10,boundary_entropy,2,1.0000,False,"threshold=1.0000, median=1.0000"
MA4b,1422,10,consensus,0,0.0000,False,"4 strategies, 0 accepted"
MA4b,1422,10,ground_truth,0,0.0000,False,0 divider(s)
MA4b,1422,10,positional_profile,0,1.0000,False,"start=27, end=11, thr_start=0.333, thr_end=0.333"
MA4b,1422,10,viterbi_hmm,7,1.0000,False,"within_pairs=2768, cross_pairs=382"
MA6a,1423,9,bigram_transition,0,1.0000,False,"threshold=0.012821, p25"
MA6a,1423,9,boundary_entropy,0,1.0000,False,"threshold=1.0000, median=1.0000"
MA6a,1423,9,consensus,0,0.0000,False,"4 strategies, 0 accepted"
MA6a,1423,9,ground_truth,0,0.0000,False,0 divider(s)
MA6a,1423,9,positional_profile,0,1.0000,False,"start=27, end=11, thr_start=0.333, thr_end=0.333"
MA6a,1423,9,viterbi_hmm,7,1.0000,False,"within_pairs=2768, cross_pairs=382"
MA6b,1424,5,bigram_transition,0,1.0000,False,"threshold=0.012821, p25"
MA6b,1424,5,boundary_entropy,0,1.0000,False,"threshold=1.0000, median=1.0000"
MA6b,1424,5,consensus,0,0.0000,False,"4 strategies, 0 accepted"
MA6b,1424,5,ground_truth,0,0.0000,False,0 divider(s)
MA6b,1424,5,positional_profile,0,1.0000,False,"start=27, end=11, thr_start=0.333, thr_end=0.333"
MA6b,1424,5,viterbi_hmm,4,1.0000,False,"within_pairs=2768, cross_pairs=382"
MA6c,1425,16,bigram_transition,0,1.0000,False,"threshold=0.012821, p25"
MA6c,1425,16,boundary_entropy,5,1.0000,False,"threshold=1.0000, median=1.0000"
MA6c,1425,16,consensus,0,0.0000,False,"4 strategies, 0 accepted"
MA6c,1425,16,ground_truth,0,0.0000,False,0 divider(s)
MA6c,1425,16,positional_profile,0,1.0000,False,"start=27, end=11, thr_start=0.333, thr_end=0.333"
MA6c,1425,16,viterbi_hmm,9,1.0000,False,"within_pairs=2768, cross_pairs=382"
MA6d,1426,4,bigram_transition,0,1.0000,False,"threshold=0.012821, p25"
MA6d,1426,4,boundary_entropy,0,1.0000,False,"threshold=1.0000, median=1.0000"
MA6d,1426,4,consensus,0,0.0000,False,"4 strategies, 0 accepted"
MA6d,1426,4,ground_truth,0,0.0000,False,0 divider(s)
MA6d,1426,4,positional_profile,0,1.0000,False,"start=27, end=11, thr_start=0.333, thr_end=0.333"
MA6d,1426,4,viterbi_hmm,3,1.0000,False,"within_pairs=2768, cross_pairs=382"
MA9,1427,2,bigram_transition,0,1.0000,False,"threshold=0.012821, p25"
MA9,1427,2,boundary_entropy,0,1.0000,False,"threshold=1.0000, median=1.0000"
MA9,1427,2,consensus,0,0.0000,False,"4 strategies, 0 accepted"
MA9,1427,2,ground_truth,0,0.0000,False,0 divider(s)
MA9,1427,2,positional_profile,0,1.0000,False,"start=27, end=11, thr_start=0.333, thr_end=0.333"
MA9,1427,2,viterbi_hmm,1,1.0000,False,"within_pairs=2768, cross_pairs=382"
MARGWa1-26,1437,1,bigram_transition,0,1.0000,False,"threshold=0.012821, p25"
MARGWa1-26,1437,1,boundary_entropy,0,1.0000,False,"threshold=1.0000, median=1.0000"
MARGWa1-26,1437,1,consensus,0,0.0000,False,"4 strategies, 0 accepted"
MARGWa1-26,1437,1,ground_truth,0,0.0000,False,0 divider(s)
MARGWa1-26,1437,1,positional_profile,0,1.0000,False,"start=27, end=11, thr_start=0.333, thr_end=0.333"
MARGWa1-26,1437,1,viterbi_hmm,0,1.0000,False,too short
MAWc7,1433,1,bigram_transition,0,1.0000,False,"threshold=0.012821, p25"
MAWc7,1433,1,boundary_entropy,0,1.0000,False,"threshold=1.0000, median=1.0000"
MAWc7,1433,1,consensus,0,0.0000,False,"4 strategies, 0 accepted"
MAWc7,1433,1,ground_truth,0,0.0000,False,0 divider(s)
MAWc7,1433,1,positional_profile,0,1.0000,False,"start=27, end=11, thr_start=0.333, thr_end=0.333"
MAWc7,1433,1,viterbi_hmm,0,1.0000,False,too short
MAWc<5>,1432,6,bigram_transition,0,1.0000,False,"threshold=0.012821, p25"
MAWc<5>,1432,6,boundary_entropy,3,1.0000,False,"threshold=1.0000, median=1.0000"
MAWc<5>,1432,6,consensus,0,0.0000,False,"4 strategies, 0 accepted"
MAWc<5>,1432,6,ground_truth,0,0.0000,False,0 divider(s)
MAWc<5>,1432,6,positional_profile,0,1.0000,False,"start=27, end=11, thr_start=0.333, thr_end=0.333"
MAWc<5>,1432,6,viterbi_hmm,5,1.0000,False,"within_pairs=2768, cross_pairs=382"
MAZb15,1434,2,bigram_transition,0,1.0000,False,"threshold=0.012821, p25"
MAZb15,1434,2,boundary_entropy,0,1.0000,False,"threshold=1.0000, median=1.0000"
MAZb15,1434,2,consensus,0,0.0000,False,"4 strategies, 0 accepted"
MAZb15,1434,2,ground_truth,0,0.0000,False,0 divider(s)
MAZb15,1434,2,positional_profile,0,1.0000,False,"start=27, end=11, thr_start=0.333, thr_end=0.333"
MAZb15,1434,2,viterbi_hmm,1,1.0000,False,"within_pairs=2768, cross_pairs=382"
MAZb8,1435,3,bigram_transition,0,1.0000,False,"threshold=0.012821, p25"
MAZb8,1435,3,boundary_entropy,2,1.0000,False,"threshold=1.0000, median=1.0000"
MAZb8,1435,3,consensus,0,0.0000,False,"4 strategies, 0 accepted"
MAZb8,1435,3,ground_truth,0,0.0000,False,0 divider(s)
MAZb8,1435,3,positional_profile,0,1.0000,False,"start=27, end=11, thr_start=0.333, thr_end=0.333"
MAZb8,1435,3,viterbi_hmm,1,1.0000,False,"within_pairs=2768, cross_pairs=382"
MAZe11,1436,3,bigram_transition,0,1.0000,False,"threshold=0.012821, p25"
MAZe11,1436,3,boundary_entropy,2,1.0000,False,"threshold=1.0000, median=1.0000"
MAZe11,1436,3,consensus,0,0.0000,False,"4 strategies, 0 accepted"
MAZe11,1436,3,ground_truth,0,0.0000,False,0 divider(s)
MAZe11,1436,3,positional_profile,0,1.0000,False,"start=27, end=11, thr_start=0.333, thr_end=0.333"
MAZe11,1436,3,viterbi_hmm,0,1.0000,False,"within_pairs=2768, cross_pairs=382"
MI2,1438,13,bigram_transition,1,1.0000,True,"threshold=0.012821, p25"
MI2,1438,13,boundary_entropy,11,1.0000,True,"threshold=1.0000, median=1.0000"
MI2,1438,13,consensus,1,1.0000,True,"4 strategies, 1 accepted"
MI2,1438,13,ground_truth,1,1.0000,True,1 divider(s)
MI2,1438,13,positional_profile,1,1.0000,True,"start=27, end=11, thr_start=0.333, thr_end=0.333"
MI2,1438,13,viterbi_hmm,1,1.0000,True,"within_pairs=2768, cross_pairs=382"
MILZb1,1441,4,bigram_transition,0,1.0000,False,"threshold=0.012821, p25"
MILZb1,1441,4,boundary_entropy,3,1.0000,False,"threshold=1.0000, median=1.0000"
MILZb1,1441,4,consensus,0,0.0000,False,"4 strategies, 0 accepted"
MILZb1,1441,4,ground_truth,0,0.0000,False,0 divider(s)
MILZb1,1441,4,positional_profile,0,1.0000,False,"start=27, end=11, thr_start=0.333, thr_end=0.333"
MILZb1,1441,4,viterbi_hmm,3,1.0000,False,"within_pairs=2768, cross_pairs=382"
MILZb2,1687,2,bigram_transition,0,1.0000,False,"threshold=0.012821, p25"
MILZb2,1687,2,boundary_entropy,1,1.0000,False,"threshold=1.0000, median=1.0000"
MILZb2,1687,2,consensus,0,0.0000,False,"4 strategies, 0 accepted"
MILZb2,1687,2,ground_truth,0,0.0000,False,0 divider(s)
MILZb2,1687,2,positional_profile,0,1.0000,False,"start=27, end=11, thr_start=0.333, thr_end=0.333"
MILZb2,1687,2,viterbi_hmm,1,1.0000,False,"within_pairs=2768, cross_pairs=382"
MILZb3,1688,2,bigram_transition,0,1.0000,False,"threshold=0.012821, p25"
MILZb3,1688,2,boundary_entropy,1,1.0000,False,"threshold=1.0000, median=1.0000"
MILZb3,1688,2,consensus,0,0.0000,False,"4 strategies, 0 accepted"
MILZb3,1688,2,ground_truth,0,0.0000,False,0 divider(s)
MILZb3,1688,2,positional_profile,0,1.0000,False,"start=27, end=11, thr_start=0.333, thr_end=0.333"
MILZb3,1688,2,viterbi_hmm,0,1.0000,False,"within_pairs=2768, cross_pairs=382"
MILZb4,1689,2,bigram_transition,0,1.0000,False,"threshold=0.012821, p25"
MILZb4,1689,2,boundary_entropy,1,1.0000,False,"threshold=1.0000, median=1.0000"
MILZb4,1689,2,consensus,0,0.0000,False,"4 strategies, 0 accepted"
MILZb4,1689,2,ground_truth,0,0.0000,False,0 divider(s)
MILZb4,1689,2,positional_profile,0,1.0000,False,"start=27, end=11, thr_start=0.333, thr_end=0.333"
MILZb4,1689,2,viterbi_hmm,1,1.0000,False,"within_pairs=2768, cross_pairs=382"
MIZb1,1439,2,bigram_transition,0,1.0000,False,"threshold=0.012821, p25"
MIZb1,1439,2,boundary_entropy,1,1.0000,False,"threshold=1.0000, median=1.0000"
MIZb1,1439,2,consensus,0,0.0000,False,"4 strategies, 0 accepted"
MIZb1,1439,2,ground_truth,0,0.0000,False,0 divider(s)
MIZb1,1439,2,positional_profile,0,1.0000,False,"start=27, end=11, thr_start=0.333, thr_end=0.333"
MIZb1,1439,2,viterbi_hmm,0,1.0000,False,"within_pairs=2768, cross_pairs=382"
MIZb3,1440,2,bigram_transition,0,1.0000,False,"threshold=0.012821, p25"
MIZb3,1440,2,boundary_entropy,1,1.0000,False,"threshold=1.0000, median=1.0000"
MIZb3,1440,2,consensus,0,0.0000,False,"4 strategies, 0 accepted"
MIZb3,1440,2,ground_truth,0,0.0000,False,0 divider(s)
MIZb3,1440,2,positional_profile,0,1.0000,False,"start=27, end=11, thr_start=0.333, thr_end=0.333"
MIZb3,1440,2,viterbi_hmm,1,1.0000,False,"within_pairs=2768, cross_pairs=382"
MOZf1,1444,3,bigram_transition,0,1.0000,False,"threshold=0.012821, p25"
MOZf1,1444,3,boundary_entropy,1,1.0000,False,"threshold=1.0000, median=1.0000"
MOZf1,1444,3,consensus,0,0.0000,False,"4 strategies, 0 accepted"
MOZf1,1444,3,ground_truth,0,0.0000,False,0 divider(s)
MOZf1,1444,3,positional_profile,0,1.0000,False,"start=27, end=11, thr_start=0.333, thr_end=0.333"
MOZf1,1444,3,viterbi_hmm,0,1.0000,False,"within_pairs=2768, cross_pairs=382"
MYZf1,1445,1,bigram_transition,0,1.0000,False,"threshold=0.012821, p25"
MYZf1,1445,1,boundary_entropy,0,1.0000,False,"threshold=1.0000, median=1.0000"
MYZf1,1445,1,consensus,0,0.0000,False,"4 strategies, 0 accepted"
MYZf1,1445,1,ground_truth,0,0.0000,False,0 divider(s)
MYZf1,1445,1,positional_profile,0,1.0000,False,"start=27, end=11, thr_start=0.333, thr_end=0.333"
MYZf1,1445,1,viterbi_hmm,0,1.0000,False,too short
MYZf2,1446,1,bigram_transition,0,1.0000,False,"threshold=0.012821, p25"
MYZf2,1446,1,boundary_entropy,0,1.0000,False,"threshold=1.0000, median=1.0000"
MYZf2,1446,1,consensus,0,0.0000,False,"4 strategies, 0 accepted"
MYZf2,1446,1,ground_truth,0,0.0000,False,0 divider(s)
MYZf2,1446,1,positional_profile,0,1.0000,False,"start=27, end=11, thr_start=0.333, thr_end=0.333"
MYZf2,1446,1,viterbi_hmm,0,1.0000,False,too short
MYZg1,1447,1,bigram_transition,0,1.0000,False,"threshold=0.012821, p25"
MYZg1,1447,1,boundary_entropy,0,1.0000,False,"threshold=1.0000, median=1.0000"
MYZg1,1447,1,consensus,0,0.0000,False,"4 strategies, 0 accepted"
MYZg1,1447,1,ground_truth,0,0.0000,False,0 divider(s)
MYZg1,1447,1,positional_profile,0,1.0000,False,"start=27, end=11, thr_start=0.333, thr_end=0.333"
MYZg1,1447,1,viterbi_hmm,0,1.0000,False,too short
NEZa1,1448,4,bigram_transition,0,1.0000,False,"threshold=0.012821, p25"
NEZa1,1448,4,boundary_entropy,3,1.0000,False,"threshold=1.0000, median=1.0000"
NEZa1,1448,4,consensus,0,0.0000,False,"4 strategies, 0 accepted"
NEZa1,1448,4,ground_truth,0,0.0000,False,0 divider(s)
NEZa1,1448,4,positional_profile,0,1.0000,False,"start=27, end=11, thr_start=0.333, thr_end=0.333"
NEZa1,1448,4,viterbi_hmm,1,1.0000,False,"within_pairs=2768, cross_pairs=382"
PA1,1449,7,bigram_transition,1,1.0000,False,"threshold=0.012821, p25"
PA1,1449,7,boundary_entropy,4,1.0000,False,"threshold=1.0000, median=1.0000"
PA1,1449,7,consensus,1,0.7500,False,"4 strategies, 1 accepted"
PA1,1449,7,ground_truth,0,0.0000,False,0 divider(s)
PA1,1449,7,positional_profile,0,1.0000,False,"start=27, end=11, thr_start=0.333, thr_end=0.333"
PA1,1449,7,viterbi_hmm,6,1.0000,False,"within_pairs=2768, cross_pairs=382"
PE1,1450,26,bigram_transition,0,1.0000,False,"threshold=0.012821, p25"
PE1,1450,26,boundary_entropy,12,1.0000,False,"threshold=1.0000, median=1.0000"
PE1,1450,26,consensus,0,0.0000,False,"4 strategies, 0 accepted"
PE1,1450,26,ground_truth,0,0.0000,False,0 divider(s)
PE1,1450,26,positional_profile,0,1.0000,False,"start=27, end=11, thr_start=0.333, thr_end=0.333"
PE1,1450,26,viterbi_hmm,21,1.0000,False,"within_pairs=2768, cross_pairs=382"
PE2,1451,30,bigram_transition,0,1.0000,False,"threshold=0.012821, p25"
PE2,1451,30,boundary_entropy,21,1.0000,False,"threshold=1.0000, median=1.0000"
PE2,1451,30,consensus,0,0.0000,False,"4 strategies, 0 accepted"
PE2,1451,30,ground_truth,0,0.0000,False,0 divider(s)
PE2,1451,30,positional_profile,0,1.0000,False,"start=27, end=11, thr_start=0.333, thr_end=0.333"
PE2,1451,30,viterbi_hmm,23,1.0000,False,"within_pairs=2768, cross_pairs=382"
PEWs,1452,4,bigram_transition,0,1.0000,False,"threshold=0.012821, p25"
PEWs,1452,4,boundary_entropy,2,1.0000,False,"threshold=1.0000, median=1.0000"
PEWs,1452,4,consensus,0,0.0000,False,"4 strategies, 0 accepted"
PEWs,1452,4,ground_truth,0,0.0000,False,0 divider(s)
PEWs,1452,4,positional_profile,0,1.0000,False,"start=27, end=11, thr_start=0.333, thr_end=0.333"
PEWs,1452,4,viterbi_hmm,3,1.0000,False,"within_pairs=2768, cross_pairs=382"
PEWy5,1453,4,bigram_transition,0,1.0000,False,"threshold=0.012821, p25"
PEWy5,1453,4,boundary_entropy,1,1.0000,False,"threshold=1.0000, median=1.0000"
PEWy5,1453,4,consensus,0,0.0000,False,"4 strategies, 0 accepted"
PEWy5,1453,4,ground_truth,0,0.0000,False,0 divider(s)
PEWy5,1453,4,positional_profile,0,1.0000,False,"start=27, end=11, thr_start=0.333, thr_end=0.333"
PEWy5,1453,4,viterbi_hmm,3,1.0000,False,"within_pairs=2768, cross_pairs=382"
PEZb,1454,4,bigram_transition,0,1.0000,False,"threshold=0.012821, p25"
PEZb,1454,4,boundary_entropy,3,1.0000,False,"threshold=1.0000, median=1.0000"
PEZb,1454,4,consensus,0,0.0000,False,"4 strategies, 0 accepted"
PEZb,1454,4,ground_truth,0,0.0000,False,0 divider(s)
PEZb,1454,4,positional_profile,0,1.0000,False,"start=27, end=11, thr_start=0.333, thr_end=0.333"
PEZb,1454,4,viterbi_hmm,2,1.0000,False,"within_pairs=2768, cross_pairs=382"
PEZb3,1455,11,bigram_transition,0,1.0000,False,"threshold=0.012821, p25"
PEZb3,1455,11,boundary_entropy,10,1.0000,False,"threshold=1.0000, median=1.0000"
PEZb3,1455,11,consensus,0,0.0000,False,"4 strategies, 0 accepted"
PEZb3,1455,11,ground_truth,0,0.0000,False,0 divider(s)
PEZb3,1455,11,positional_profile,0,1.0000,False,"start=27, end=11, thr_start=0.333, thr_end=0.333"
PEZb3,1455,11,viterbi_hmm,5,1.0000,False,"within_pairs=2768, cross_pairs=382"
PEZb7,1456,6,bigram_transition,0,1.0000,False,"threshold=0.012821, p25"
PEZb7,1456,6,boundary_entropy,4,1.0000,False,"threshold=1.0000, median=1.0000"
PEZb7,1456,6,consensus,0,0.0000,False,"4 strategies, 0 accepted"
PEZb7,1456,6,ground_truth,0,0.0000,False,0 divider(s)
PEZb7,1456,6,positional_profile,0,1.0000,False,"start=27, end=11, thr_start=0.333, thr_end=0.333"
PEZb7,1456,6,viterbi_hmm,4,1.0000,False,"within_pairs=2768, cross_pairs=382"
PEZb8,1457,1,bigram_transition,0,1.0000,False,"threshold=0.012821, p25"
PEZb8,1457,1,boundary_entropy,0,1.0000,False,"threshold=1.0000, median=1.0000"
PEZb8,1457,1,consensus,0,0.0000,False,"4 strategies, 0 accepted"
PEZb8,1457,1,ground_truth,0,0.0000,False,0 divider(s)
PEZb8,1457,1,positional_profile,0,1.0000,False,"start=27, end=11, thr_start=0.333, thr_end=0.333"
PEZb8,1457,1,viterbi_hmm,0,1.0000,False,too short
PEZc4,1458,9,bigram_transition,0,1.0000,False,"threshold=0.012821, p25"
PEZc4,1458,9,boundary_entropy,8,1.0000,False,"threshold=1.0000, median=1.0000"
PEZc4,1458,9,consensus,0,0.0000,False,"4 strategies, 0 accepted"
PEZc4,1458,9,ground_truth,0,0.0000,False,0 divider(s)
PEZc4,1458,9,positional_profile,0,1.0000,False,"start=27, end=11, thr_start=0.333, thr_end=0.333"
PEZc4,1458,9,viterbi_hmm,2,1.0000,False,"within_pairs=2768, cross_pairs=382"
PEZg5,1459,4,bigram_transition,0,1.0000,False,"threshold=0.012821, p25"
PEZg5,1459,4,boundary_entropy,1,1.0000,False,"threshold=1.0000, median=1.0000"
PEZg5,1459,4,consensus,0,0.0000,False,"4 strategies, 0 accepted"
PEZg5,1459,4,ground_truth,0,0.0000,False,0 divider(s)
PEZg5,1459,4,positional_profile,0,1.0000,False,"start=27, end=11, thr_start=0.333, thr_end=0.333"
PEZg5,1459,4,viterbi_hmm,3,1.0000,False,"within_pairs=2768, cross_pairs=382"
PEZg6,1460,12,bigram_transition,1,1.0000,True,"threshold=0.012821, p25"
PEZg6,1460,12,boundary_entropy,10,1.0000,True,"threshold=1.0000, median=1.0000"
PEZg6,1460,12,consensus,1,1.0000,True,"4 strategies, 1 accepted"
PEZg6,1460,12,ground_truth,1,1.0000,True,1 divider(s)
PEZg6,1460,12,positional_profile,1,1.0000,True,"start=27, end=11, thr_start=0.333, thr_end=0.333"
PEZg6,1460,12,viterbi_hmm,1,1.0000,True,"within_pairs=2768, cross_pairs=382"
PH(?)31a,1504,40,bigram_transition,2,1.0000,True,"threshold=0.012821, p25"
PH(?)31a,1504,40,boundary_entropy,20,1.0000,True,"threshold=1.0000, median=1.0000"
PH(?)31a,1504,40,consensus,2,0.8750,True,"4 strategies, 2 accepted"
PH(?)31a,1504,40,ground_truth,1,1.0000,True,1 divider(s)
PH(?)31a,1504,40,positional_profile,1,1.0000,True,"start=27, end=11, thr_start=0.333, thr_end=0.333"
PH(?)31a,1504,40,viterbi_hmm,2,1.0000,True,"within_pairs=2768, cross_pairs=382"
PH(?)31b,1505,41,bigram_transition,1,1.0000,False,"threshold=0.012821, p25"
PH(?)31b,1505,41,boundary_entropy,22,1.0000,False,"threshold=1.0000, median=1.0000"
PH(?)31b,1505,41,consensus,1,0.7500,False,"4 strategies, 1 accepted"
PH(?)31b,1505,41,ground_truth,0,0.0000,False,0 divider(s)
PH(?)31b,1505,41,positional_profile,0,1.0000,False,"start=27, end=11, thr_start=0.333, thr_end=0.333"
PH(?)31b,1505,41,viterbi_hmm,37,1.0000,False,"within_pairs=2768, cross_pairs=382"
PH10,1474,6,bigram_transition,0,1.0000,False,"threshold=0.012821, p25"
PH10,1474,6,boundary_entropy,0,1.0000,False,"threshold=1.0000, median=1.0000"
PH10,1474,6,consensus,0,0.0000,False,"4 strategies, 0 accepted"
PH10,1474,6,ground_truth,0,0.0000,False,0 divider(s)
PH10,1474,6,positional_profile,0,1.0000,False,"start=27, end=11, thr_start=0.333, thr_end=0.333"
PH10,1474,6,viterbi_hmm,2,1.0000,False,"within_pairs=2768, cross_pairs=382"
PH11,1475,15,bigram_transition,0,1.0000,False,"threshold=0.012821, p25"
PH11,1475,15,boundary_entropy,0,1.0000,False,"threshold=1.0000, median=1.0000"
PH11,1475,15,consensus,0,0.0000,False,"4 strategies, 0 accepted"
PH11,1475,15,ground_truth,0,0.0000,False,0 divider(s)
PH11,1475,15,positional_profile,0,1.0000,False,"start=27, end=11, thr_start=0.333, thr_end=0.333"
PH11,1475,15,viterbi_hmm,3,1.0000,False,"within_pairs=2768, cross_pairs=382"
PH12a,1476,7,bigram_transition,0,1.0000,False,"threshold=0.012821, p25"
PH12a,1476,7,boundary_entropy,3,1.0000,False,"threshold=1.0000, median=1.0000"
PH12a,1476,7,consensus,0,0.0000,False,"4 strategies, 0 accepted"
PH12a,1476,7,ground_truth,0,0.0000,False,0 divider(s)
PH12a,1476,7,positional_profile,0,1.0000,False,"start=27, end=11, thr_start=0.333, thr_end=0.333"
PH12a,1476,7,viterbi_hmm,1,1.0000,False,"within_pairs=2768, cross_pairs=382"
PH12b,1477,6,bigram_transition,0,1.0000,False,"threshold=0.012821, p25"
PH12b,1477,6,boundary_entropy,5,1.0000,False,"threshold=1.0000, median=1.0000"
PH12b,1477,6,consensus,0,0.0000,False,"4 strategies, 0 accepted"
PH12b,1477,6,ground_truth,0,0.0000,False,0 divider(s)
PH12b,1477,6,positional_profile,0,1.0000,False,"start=27, end=11, thr_start=0.333, thr_end=0.333"
PH12b,1477,6,viterbi_hmm,0,1.0000,False,"within_pairs=2768, cross_pairs=382"
PH12c,1478,1,bigram_transition,0,1.0000,False,"threshold=0.012821, p25"
PH12c,1478,1,boundary_entropy,0,1.0000,False,"threshold=1.0000, median=1.0000"
PH12c,1478,1,consensus,0,0.0000,False,"4 strategies, 0 accepted"
PH12c,1478,1,ground_truth,0,0.0000,False,0 divider(s)
PH12c,1478,1,positional_profile,0,1.0000,False,"start=27, end=11, thr_start=0.333, thr_end=0.333"
PH12c,1478,1,viterbi_hmm,0,1.0000,False,too short
PH13a,1479,6,bigram_transition,0,1.0000,False,"threshold=0.012821, p25"
PH13a,1479,6,boundary_entropy,2,1.0000,False,"threshold=1.0000, median=1.0000"
PH13a,1479,6,consensus,0,0.0000,False,"4 strategies, 0 accepted"
PH13a,1479,6,ground_truth,0,0.0000,False,0 divider(s)
PH13a,1479,6,positional_profile,0,1.0000,False,"start=27, end=11, thr_start=0.333, thr_end=0.333"
PH13a,1479,6,viterbi_hmm,0,1.0000,False,"within_pairs=2768, cross_pairs=382"
PH13b,1480,2,bigram_transition,0,1.0000,False,"threshold=0.012821, p25"
PH13b,1480,2,boundary_entropy,0,1.0000,False,"threshold=1.0000, median=1.0000"
PH13b,1480,2,consensus,0,0.0000,False,"4 strategies, 0 accepted"
PH13b,1480,2,ground_truth,0,0.0000,False,0 divider(s)
PH13b,1480,2,positional_profile,0,1.0000,False,"start=27, end=11, thr_start=0.333, thr_end=0.333"
PH13b,1480,2,viterbi_hmm,1,1.0000,False,"within_pairs=2768, cross_pairs=382"
PH13c,1481,6,bigram_transition,0,1.0000,False,"threshold=0.012821, p25"
PH13c,1481,6,boundary_entropy,3,1.0000,False,"threshold=1.0000, median=1.0000"
PH13c,1481,6,consensus,0,0.0000,False,"4 strategies, 0 accepted"
PH13c,1481,6,ground_truth,0,0.0000,False,0 divider(s)
PH13c,1481,6,positional_profile,0,1.0000,False,"start=27, end=11, thr_start=0.333, thr_end=0.333"
PH13c,1481,6,viterbi_hmm,2,1.0000,False,"within_pairs=2768, cross_pairs=382"
PH14a,1482,4,bigram_transition,0,1.0000,False,"threshold=0.012821, p25"
PH14a,1482,4,boundary_entropy,3,1.0000,False,"threshold=1.0000, median=1.0000"
PH14a,1482,4,consensus,0,0.0000,False,"4 strategies, 0 accepted"
PH14a,1482,4,ground_truth,0,0.0000,False,0 divider(s)
PH14a,1482,4,positional_profile,0,1.0000,False,"start=27, end=11, thr_start=0.333, thr_end=0.333"
PH14a,1482,4,viterbi_hmm,3,1.0000,False,"within_pairs=2768, cross_pairs=382"
PH14b,1483,3,bigram_transition,0,1.0000,False,"threshold=0.012821, p25"
PH14b,1483,3,boundary_entropy,2,1.0000,False,"threshold=1.0000, median=1.0000"
PH14b,1483,3,consensus,0,0.0000,False,"4 strategies, 0 accepted"
PH14b,1483,3,ground_truth,0,0.0000,False,0 divider(s)
PH14b,1483,3,positional_profile,0,1.0000,False,"start=27, end=11, thr_start=0.333, thr_end=0.333"
PH14b,1483,3,viterbi_hmm,1,1.0000,False,"within_pairs=2768, cross_pairs=382"
PH15a,1484,8,bigram_transition,0,1.0000,False,"threshold=0.012821, p25"
PH15a,1484,8,boundary_entropy,4,1.0000,False,"threshold=1.0000, median=1.0000"
PH15a,1484,8,consensus,0,0.0000,False,"4 strategies, 0 accepted"
PH15a,1484,8,ground_truth,0,0.0000,False,0 divider(s)
PH15a,1484,8,positional_profile,0,1.0000,False,"start=27, end=11, thr_start=0.333, thr_end=0.333"
PH15a,1484,8,viterbi_hmm,7,1.0000,False,"within_pairs=2768, cross_pairs=382"
PH15b,1485,4,bigram_transition,0,1.0000,False,"threshold=0.012821, p25"
PH15b,1485,4,boundary_entropy,2,1.0000,False,"threshold=1.0000, median=1.0000"
PH15b,1485,4,consensus,0,0.0000,False,"4 strategies, 0 accepted"
PH15b,1485,4,ground_truth,0,0.0000,False,0 divider(s)
PH15b,1485,4,positional_profile,0,1.0000,False,"start=27, end=11, thr_start=0.333, thr_end=0.333"
PH15b,1485,4,viterbi_hmm,1,1.0000,False,"within_pairs=2768, cross_pairs=382"
PH16a,1486,9,bigram_transition,0,1.0000,False,"threshold=0.012821, p25"
PH16a,1486,9,boundary_entropy,4,1.0000,False,"threshold=1.0000, median=1.0000"
PH16a,1486,9,consensus,0,0.0000,False,"4 strategies, 0 accepted"
PH16a,1486,9,ground_truth,0,0.0000,False,0 divider(s)
PH16a,1486,9,positional_profile,0,1.0000,False,"start=27, end=11, thr_start=0.333, thr_end=0.333"
PH16a,1486,9,viterbi_hmm,4,1.0000,False,"within_pairs=2768, cross_pairs=382"
PH16b,1487,7,bigram_transition,0,1.0000,False,"threshold=0.012821, p25"
PH16b,1487,7,boundary_entropy,6,1.0000,False,"threshold=1.0000, median=1.0000"
PH16b,1487,7,consensus,0,0.0000,False,"4 strategies, 0 accepted"
PH16b,1487,7,ground_truth,0,0.0000,False,0 divider(s)
PH16b,1487,7,positional_profile,0,1.0000,False,"start=27, end=11, thr_start=0.333, thr_end=0.333"
PH16b,1487,7,viterbi_hmm,3,1.0000,False,"within_pairs=2768, cross_pairs=382"
PH17a,1488,3,bigram_transition,0,1.0000,False,"threshold=0.012821, p25"
PH17a,1488,3,boundary_entropy,0,1.0000,False,"threshold=1.0000, median=1.0000"
PH17a,1488,3,consensus,0,0.0000,False,"4 strategies, 0 accepted"
PH17a,1488,3,ground_truth,0,0.0000,False,0 divider(s)
PH17a,1488,3,positional_profile,0,1.0000,False,"start=27, end=11, thr_start=0.333, thr_end=0.333"
PH17a,1488,3,viterbi_hmm,1,1.0000,False,"within_pairs=2768, cross_pairs=382"
PH17b,1489,3,bigram_transition,0,1.0000,False,"threshold=0.012821, p25"
PH17b,1489,3,boundary_entropy,0,1.0000,False,"threshold=1.0000, median=1.0000"
PH17b,1489,3,consensus,0,0.0000,False,"4 strategies, 0 accepted"
PH17b,1489,3,ground_truth,0,0.0000,False,0 divider(s)
PH17b,1489,3,positional_profile,0,1.0000,False,"start=27, end=11, thr_start=0.333, thr_end=0.333"
PH17b,1489,3,viterbi_hmm,1,1.0000,False,"within_pairs=2768, cross_pairs=382"
PH18a,1490,5,bigram_transition,0,1.0000,False,"threshold=0.012821, p25"
PH18a,1490,5,boundary_entropy,4,1.0000,False,"threshold=1.0000, median=1.0000"
PH18a,1490,5,consensus,0,0.0000,False,"4 strategies, 0 accepted"
PH18a,1490,5,ground_truth,0,0.0000,False,0 divider(s)
PH18a,1490,5,positional_profile,0,1.0000,False,"start=27, end=11, thr_start=0.333, thr_end=0.333"
PH18a,1490,5,viterbi_hmm,1,1.0000,False,"within_pairs=2768, cross_pairs=382"
PH18b,1491,2,bigram_transition,0,1.0000,False,"threshold=0.012821, p25"
PH18b,1491,2,boundary_entropy,1,1.0000,False,"threshold=1.0000, median=1.0000"
PH18b,1491,2,consensus,0,0.0000,False,"4 strategies, 0 accepted"
PH18b,1491,2,ground_truth,0,0.0000,False,0 divider(s)
PH18b,1491,2,positional_profile,0,1.0000,False,"start=27, end=11, thr_start=0.333, thr_end=0.333"
PH18b,1491,2,viterbi_hmm,0,1.0000,False,"within_pairs=2768, cross_pairs=382"
PH19,1492,4,bigram_transition,0,1.0000,False,"threshold=0.012821, p25"
PH19,1492,4,boundary_entropy,3,1.0000,False,"threshold=1.0000, median=1.0000"
PH19,1492,4,consensus,0,0.0000,False,"4 strategies, 0 accepted"
PH19,1492,4,ground_truth,0,0.0000,False,0 divider(s)
PH19,1492,4,positional_profile,0,1.0000,False,"start=27, end=11, thr_start=0.333, thr_end=0.333"
PH19,1492,4,viterbi_hmm,1,1.0000,False,"within_pairs=2768, cross_pairs=382"
PH1a,1462,16,bigram_transition,2,1.0000,True,"threshold=0.012821, p25"
PH1a,1462,16,boundary_entropy,10,1.0000,True,"threshold=1.0000, median=1.0000"
PH1a,1462,16,consensus,2,1.0000,True,"4 strategies, 2 accepted"
PH1a,1462,16,ground_truth,2,1.0000,True,2 divider(s)
PH1a,1462,16,positional_profile,2,1.0000,True,"start=27, end=11, thr_start=0.333, thr_end=0.333"
PH1a,1462,16,viterbi_hmm,4,1.0000,True,"within_pairs=2768, cross_pairs=382"
PH1b,1463,11,bigram_transition,1,1.0000,True,"threshold=0.012821, p25"
PH1b,1463,11,boundary_entropy,4,1.0000,True,"threshold=1.0000, median=1.0000"
PH1b,1463,11,consensus,1,1.0000,True,"4 strategies, 1 accepted"
PH1b,1463,11,ground_truth,1,1.0000,True,1 divider(s)
PH1b,1463,11,positional_profile,1,1.0000,True,"start=27, end=11, thr_start=0.333, thr_end=0.333"
PH1b,1463,11,viterbi_hmm,1,1.0000,True,"within_pairs=2768, cross_pairs=382"
PH2,1464,20,bigram_transition,0,1.0000,False,"threshold=0.012821, p25"
PH2,1464,20,boundary_entropy,11,1.0000,False,"threshold=1.0000, median=1.0000"
PH2,1464,20,consensus,0,0.0000,False,"4 strategies, 0 accepted"
PH2,1464,20,ground_truth,0,0.0000,False,0 divider(s)
PH2,1464,20,positional_profile,0,1.0000,False,"start=27, end=11, thr_start=0.333, thr_end=0.333"
PH2,1464,20,viterbi_hmm,15,1.0000,False,"within_pairs=2768, cross_pairs=382"
PH22a,1493,3,bigram_transition,0,1.0000,False,"threshold=0.012821, p25"
PH22a,1493,3,boundary_entropy,1,1.0000,False,"threshold=1.0000, median=1.0000"
PH22a,1493,3,consensus,0,0.0000,False,"4 strategies, 0 accepted"
PH22a,1493,3,ground_truth,0,0.0000,False,0 divider(s)
PH22a,1493,3,positional_profile,0,1.0000,False,"start=27, end=11, thr_start=0.333, thr_end=0.333"
PH22a,1493,3,viterbi_hmm,0,1.0000,False,"within_pairs=2768, cross_pairs=382"
PH22b,1494,1,bigram_transition,0,1.0000,False,"threshold=0.012821, p25"
PH22b,1494,1,boundary_entropy,0,1.0000,False,"threshold=1.0000, median=1.0000"
PH22b,1494,1,consensus,0,0.0000,False,"4 strategies, 0 accepted"
PH22b,1494,1,ground_truth,0,0.0000,False,0 divider(s)
PH22b,1494,1,positional_profile,0,1.0000,False,"start=27, end=11, thr_start=0.333, thr_end=0.333"
PH22b,1494,1,viterbi_hmm,0,1.0000,False,too short
PH24,1495,2,bigram_transition,0,1.0000,False,"threshold=0.012821, p25"
PH24,1495,2,boundary_entropy,1,1.0000,False,"threshold=1.0000, median=1.0000"
PH24,1495,2,consensus,0,0.0000,False,"4 strategies, 0 accepted"
PH24,1495,2,ground_truth,0,0.0000,False,0 divider(s)
PH24,1495,2,positional_profile,0,1.0000,False,"start=27, end=11, thr_start=0.333, thr_end=0.333"
PH24,1495,2,viterbi_hmm,1,1.0000,False,"within_pairs=2768, cross_pairs=382"
PH25,1496,5,bigram_transition,0,1.0000,False,"threshold=0.012821, p25"
PH25,1496,5,boundary_entropy,2,1.0000,False,"threshold=1.0000, median=1.0000"
PH25,1496,5,consensus,0,0.0000,False,"4 strategies, 0 accepted"
PH25,1496,5,ground_truth,0,0.0000,False,0 divider(s)
PH25,1496,5,positional_profile,0,1.0000,False,"start=27, end=11, thr_start=0.333, thr_end=0.333"
PH25,1496,5,viterbi_hmm,2,1.0000,False,"within_pairs=2768, cross_pairs=382"
PH26,1497,7,bigram_transition,0,1.0000,False,"threshold=0.012821, p25"
PH26,1497,7,boundary_entropy,4,1.0000,False,"threshold=1.0000, median=1.0000"
PH26,1497,7,consensus,0,0.0000,False,"4 strategies, 0 accepted"
PH26,1497,7,ground_truth,0,0.0000,False,0 divider(s)
PH26,1497,7,positional_profile,0,1.0000,False,"start=27, end=11, thr_start=0.333, thr_end=0.333"
PH26,1497,7,viterbi_hmm,2,1.0000,False,"within_pairs=2768, cross_pairs=382"
PH27,1498,8,bigram_transition,1,1.0000,False,"threshold=0.012821, p25"
PH27,1498,8,boundary_entropy,7,1.0000,False,"threshold=1.0000, median=1.0000"
PH27,1498,8,consensus,1,0.7500,False,"4 strategies, 1 accepted"
PH27,1498,8,ground_truth,0,0.0000,False,0 divider(s)
PH27,1498,8,positional_profile,0,1.0000,False,"start=27, end=11, thr_start=0.333, thr_end=0.333"
PH27,1498,8,viterbi_hmm,3,1.0000,False,"within_pairs=2768, cross_pairs=382"
PH28a,1499,15,bigram_transition,3,1.0000,True,"threshold=0.012821, p25"
PH28a,1499,15,boundary_entropy,11,1.0000,True,"threshold=1.0000, median=1.0000"
PH28a,1499,15,consensus,3,0.9167,True,"4 strategies, 3 accepted"
PH28a,1499,15,ground_truth,2,1.0000,True,2 divider(s)
PH28a,1499,15,positional_profile,2,1.0000,True,"start=27, end=11, thr_start=0.333, thr_end=0.333"
PH28a,1499,15,viterbi_hmm,3,1.0000,True,"within_pairs=2768, cross_pairs=382"
PH28b,1500,11,bigram_transition,0,1.0000,False,"threshold=0.012821, p25"
PH28b,1500,11,boundary_entropy,1,1.0000,False,"threshold=1.0000, median=1.0000"
PH28b,1500,11,consensus,0,0.0000,False,"4 strategies, 0 accepted"
PH28b,1500,11,ground_truth,0,0.0000,False,0 divider(s)
PH28b,1500,11,positional_profile,0,1.0000,False,"start=27, end=11, thr_start=0.333, thr_end=0.333"
PH28b,1500,11,viterbi_hmm,10,1.0000,False,"within_pairs=2768, cross_pairs=382"
PH29a,1501,3,bigram_transition,0,1.0000,False,"threshold=0.012821, p25"
PH29a,1501,3,boundary_entropy,2,1.0000,False,"threshold=1.0000, median=1.0000"
PH29a,1501,3,consensus,0,0.0000,False,"4 strategies, 0 accepted"
PH29a,1501,3,ground_truth,0,0.0000,False,0 divider(s)
PH29a,1501,3,positional_profile,0,1.0000,False,"start=27, end=11, thr_start=0.333, thr_end=0.333"
PH29a,1501,3,viterbi_hmm,0,1.0000,False,"within_pairs=2768, cross_pairs=382"
PH29b,1502,2,bigram_transition,0,1.0000,False,"threshold=0.012821, p25"
PH29b,1502,2,boundary_entropy,1,1.0000,False,"threshold=1.0000, median=1.0000"
PH29b,1502,2,consensus,0,0.0000,False,"4 strategies, 0 accepted"
PH29b,1502,2,ground_truth,0,0.0000,False,0 divider(s)
PH29b,1502,2,positional_profile,0,1.0000,False,"start=27, end=11, thr_start=0.333, thr_end=0.333"
PH29b,1502,2,viterbi_hmm,0,1.0000,False,"within_pairs=2768, cross_pairs=382"
PH30,1503,12,bigram_transition,1,1.0000,False,"threshold=0.012821, p25"
PH30,1503,12,boundary_entropy,10,1.0000,False,"threshold=1.0000, median=1.0000"
PH30,1503,12,consensus,1,0.7500,False,"4 strategies, 1 accepted"
PH30,1503,12,ground_truth,0,0.0000,False,0 divider(s)
PH30,1503,12,positional_profile,0,1.0000,False,"start=27, end=11, thr_start=0.333, thr_end=0.333"
PH30,1503,12,viterbi_hmm,10,1.0000,False,"within_pairs=2768, cross_pairs=382"
PH3a,1465,21,bigram_transition,0,1.0000,False,"threshold=0.012821, p25"
PH3a,1465,21,boundary_entropy,11,1.0000,False,"threshold=1.0000, median=1.0000"
PH3a,1465,21,consensus,0,0.0000,False,"4 strategies, 0 accepted"
PH3a,1465,21,ground_truth,0,0.0000,False,0 divider(s)
PH3a,1465,21,positional_profile,0,1.0000,False,"start=27, end=11, thr_start=0.333, thr_end=0.333"
PH3a,1465,21,viterbi_hmm,7,1.0000,False,"within_pairs=2768, cross_pairs=382"
PH3b,1466,15,bigram_transition,0,1.0000,False,"threshold=0.012821, p25"
PH3b,1466,15,boundary_entropy,11,1.0000,False,"threshold=1.0000, median=1.0000"
PH3b,1466,15,consensus,0,0.0000,False,"4 strategies, 0 accepted"
PH3b,1466,15,ground_truth,0,0.0000,False,0 divider(s)
PH3b,1466,15,positional_profile,0,1.0000,False,"start=27, end=11, thr_start=0.333, thr_end=0.333"
PH3b,1466,15,viterbi_hmm,5,1.0000,False,"within_pairs=2768, cross_pairs=382"
PH54,1709,4,bigram_transition,0,1.0000,False,"threshold=0.012821, p25"
PH54,1709,4,boundary_entropy,3,1.0000,False,"threshold=1.0000, median=1.0000"
PH54,1709,4,consensus,0,0.0000,False,"4 strategies, 0 accepted"
PH54,1709,4,ground_truth,0,0.0000,False,0 divider(s)
PH54,1709,4,positional_profile,0,1.0000,False,"start=27, end=11, thr_start=0.333, thr_end=0.333"
PH54,1709,4,viterbi_hmm,1,1.0000,False,"within_pairs=2768, cross_pairs=382"
PH6,1467,19,bigram_transition,1,1.0000,True,"threshold=0.012821, p25"
PH6,1467,19,boundary_entropy,17,1.0000,True,"threshold=1.0000, median=1.0000"
PH6,1467,19,consensus,1,1.0000,True,"4 strategies, 1 accepted"
PH6,1467,19,ground_truth,1,1.0000,True,1 divider(s)
PH6,1467,19,positional_profile,1,1.0000,True,"start=27, end=11, thr_start=0.333, thr_end=0.333"
PH6,1467,19,viterbi_hmm,1,1.0000,True,"within_pairs=2768, cross_pairs=382"
PH7a,1468,24,bigram_transition,2,1.0000,False,"threshold=0.012821, p25"
PH7a,1468,24,boundary_entropy,23,1.0000,False,"threshold=1.0000, median=1.0000"
PH7a,1468,24,consensus,1,0.7500,False,"4 strategies, 1 accepted"
PH7a,1468,24,ground_truth,0,0.0000,False,0 divider(s)
PH7a,1468,24,positional_profile,0,1.0000,False,"start=27, end=11, thr_start=0.333, thr_end=0.333"
PH7a,1468,24,viterbi_hmm,10,1.0000,False,"within_pairs=2768, cross_pairs=382"
PH7b,1469,16,bigram_transition,1,1.0000,False,"threshold=0.012821, p25"
PH7b,1469,16,boundary_entropy,9,1.0000,False,"threshold=1.0000, median=1.0000"
PH7b,1469,16,consensus,1,0.7500,False,"4 strategies, 1 accepted"
PH7b,1469,16,ground_truth,0,0.0000,False,0 divider(s)
PH7b,1469,16,positional_profile,0,1.0000,False,"start=27, end=11, thr_start=0.333, thr_end=0.333"
PH7b,1469,16,viterbi_hmm,4,1.0000,False,"within_pairs=2768, cross_pairs=382"
PH8a,1470,19,bigram_transition,0,1.0000,False,"threshold=0.012821, p25"
PH8a,1470,19,boundary_entropy,4,1.0000,False,"threshold=1.0000, median=1.0000"
PH8a,1470,19,consensus,0,0.0000,False,"4 strategies, 0 accepted"
PH8a,1470,19,ground_truth,0,0.0000,False,0 divider(s)
PH8a,1470,19,positional_profile,0,1.0000,False,"start=27, end=11, thr_start=0.333, thr_end=0.333"
PH8a,1470,19,viterbi_hmm,9,1.0000,False,"within_pairs=2768, cross_pairs=382"
PH8b,1471,7,bigram_transition,0,1.0000,False,"threshold=0.012821, p25"
PH8b,1471,7,boundary_entropy,4,1.0000,False,"threshold=1.0000, median=1.0000"
PH8b,1471,7,consensus,0,0.0000,False,"4 strategies, 0 accepted"
PH8b,1471,7,ground_truth,0,0.0000,False,0 divider(s)
PH8b,1471,7,positional_profile,0,1.0000,False,"start=27, end=11, thr_start=0.333, thr_end=0.333"
PH8b,1471,7,viterbi_hmm,2,1.0000,False,"within_pairs=2768, cross_pairs=382"
PH9a,1472,4,bigram_transition,0,1.0000,False,"threshold=0.012821, p25"
PH9a,1472,4,boundary_entropy,1,1.0000,False,"threshold=1.0000, median=1.0000"
PH9a,1472,4,consensus,0,0.0000,False,"4 strategies, 0 accepted"
PH9a,1472,4,ground_truth,0,0.0000,False,0 divider(s)
PH9a,1472,4,positional_profile,0,1.0000,False,"start=27, end=11, thr_start=0.333, thr_end=0.333"
PH9a,1472,4,viterbi_hmm,2,1.0000,False,"within_pairs=2768, cross_pairs=382"
PH9b,1473,6,bigram_transition,0,1.0000,False,"threshold=0.012821, p25"
PH9b,1473,6,boundary_entropy,1,1.0000,False,"threshold=1.0000, median=1.0000"
PH9b,1473,6,consensus,0,0.0000,False,"4 strategies, 0 accepted"
PH9b,1473,6,ground_truth,0,0.0000,False,0 divider(s)
PH9b,1473,6,positional_profile,0,1.0000,False,"start=27, end=11, thr_start=0.333, thr_end=0.333"
PH9b,1473,6,viterbi_hmm,4,1.0000,False,"within_pairs=2768, cross_pairs=382"
PHWa32,1506,4,bigram_transition,0,1.0000,False,"threshold=0.012821, p25"
PHWa32,1506,4,boundary_entropy,3,1.0000,False,"threshold=1.0000, median=1.0000"
PHWa32,1506,4,consensus,0,0.0000,False,"4 strategies, 0 accepted"
PHWa32,1506,4,ground_truth,0,0.0000,False,0 divider(s)
PHWa32,1506,4,positional_profile,0,1.0000,False,"start=27, end=11, thr_start=0.333, thr_end=0.333"
PHWa32,1506,4,viterbi_hmm,1,1.0000,False,"within_pairs=2768, cross_pairs=382"
PHWa52,1701,1,bigram_transition,0,1.0000,False,"threshold=0.012821, p25"
PHWa52,1701,1,boundary_entropy,0,1.0000,False,"threshold=1.0000, median=1.0000"
PHWa52,1701,1,consensus,0,0.0000,False,"4 strategies, 0 accepted"
PHWa52,1701,1,ground_truth,0,0.0000,False,0 divider(s)
PHWa52,1701,1,positional_profile,0,1.0000,False,"start=27, end=11, thr_start=0.333, thr_end=0.333"
PHWa52,1701,1,viterbi_hmm,0,1.0000,False,too short
PHWb33,1507,1,bigram_transition,0,1.0000,False,"threshold=0.012821, p25"
PHWb33,1507,1,boundary_entropy,0,1.0000,False,"threshold=1.0000, median=1.0000"
PHWb33,1507,1,consensus,0,0.0000,False,"4 strategies, 0 accepted"
PHWb33,1507,1,ground_truth,0,0.0000,False,0 divider(s)
PHWb33,1507,1,positional_profile,0,1.0000,False,"start=27, end=11, thr_start=0.333, thr_end=0.333"
PHWb33,1507,1,viterbi_hmm,0,1.0000,False,too short
PHWb34,1508,1,bigram_transition,0,1.0000,False,"threshold=0.012821, p25"
PHWb34,1508,1,boundary_entropy,0,1.0000,False,"threshold=1.0000, median=1.0000"
PHWb34,1508,1,consensus,0,0.0000,False,"4 strategies, 0 accepted"
PHWb34,1508,1,ground_truth,0,0.0000,False,0 divider(s)
PHWb34,1508,1,positional_profile,0,1.0000,False,"start=27, end=11, thr_start=0.333, thr_end=0.333"
PHWb34,1508,1,viterbi_hmm,0,1.0000,False,too short
PHWb35,1509,1,bigram_transition,0,1.0000,False,"threshold=0.012821, p25"
PHWb35,1509,1,boundary_entropy,0,1.0000,False,"threshold=1.0000, median=1.0000"
PHWb35,1509,1,consensus,0,0.0000,False,"4 strategies, 0 accepted"
PHWb35,1509,1,ground_truth,0,0.0000,False,0 divider(s)
PHWb35,1509,1,positional_profile,0,1.0000,False,"start=27, end=11, thr_start=0.333, thr_end=0.333"
PHWb35,1509,1,viterbi_hmm,0,1.0000,False,too short
PHWb36,1510,1,bigram_transition,0,1.0000,False,"threshold=0.012821, p25"
PHWb36,1510,1,boundary_entropy,0,1.0000,False,"threshold=1.0000, median=1.0000"
PHWb36,1510,1,consensus,0,0.0000,False,"4 strategies, 0 accepted"
PHWb36,1510,1,ground_truth,0,0.0000,False,0 divider(s)
PHWb36,1510,1,positional_profile,0,1.0000,False,"start=27, end=11, thr_start=0.333, thr_end=0.333"
PHWb36,1510,1,viterbi_hmm,0,1.0000,False,too short
PHWb55,1511,1,bigram_transition,0,1.0000,False,"threshold=0.012821, p25"
PHWb55,1511,1,boundary_entropy,0,1.0000,False,"threshold=1.0000, median=1.0000"
PHWb55,1511,1,consensus,0,0.0000,False,"4 strategies, 0 accepted"
PHWb55,1511,1,ground_truth,0,0.0000,False,0 divider(s)
PHWb55,1511,1,positional_profile,0,1.0000,False,"start=27, end=11, thr_start=0.333, thr_end=0.333"
PHWb55,1511,1,viterbi_hmm,0,1.0000,False,too short
PHWc37,1512,4,bigram_transition,0,1.0000,False,"threshold=0.012821, p25"
PHWc37,1512,4,boundary_entropy,2,1.0000,False,"threshold=1.0000, median=1.0000"
PHWc37,1512,4,consensus,0,0.0000,False,"4 strategies, 0 accepted"
PHWc37,1512,4,ground_truth,0,0.0000,False,0 divider(s)
PHWc37,1512,4,positional_profile,0,1.0000,False,"start=27, end=11, thr_start=0.333, thr_end=0.333"
PHWc37,1512,4,viterbi_hmm,3,1.0000,False,"within_pairs=2768, cross_pairs=382"
PHWc38,1513,3,bigram_transition,0,1.0000,False,"threshold=0.012821, p25"
PHWc38,1513,3,boundary_entropy,2,1.0000,False,"threshold=1.0000, median=1.0000"
PHWc38,1513,3,consensus,0,0.0000,False,"4 strategies, 0 accepted"
PHWc38,1513,3,ground_truth,0,0.0000,False,0 divider(s)
PHWc38,1513,3,positional_profile,0,1.0000,False,"start=27, end=11, thr_start=0.333, thr_end=0.333"
PHWc38,1513,3,viterbi_hmm,1,1.0000,False,"within_pairs=2768, cross_pairs=382"
PHWc39,1514,3,bigram_transition,0,1.0000,False,"threshold=0.012821, p25"
PHWc39,1514,3,boundary_entropy,2,1.0000,False,"threshold=1.0000, median=1.0000"
PHWc39,1514,3,consensus,0,0.0000,False,"4 strategies, 0 accepted"
PHWc39,1514,3,ground_truth,0,0.0000,False,0 divider(s)
PHWc39,1514,3,positional_profile,0,1.0000,False,"start=27, end=11, thr_start=0.333, thr_end=0.333"
PHWc39,1514,3,viterbi_hmm,1,1.0000,False,"within_pairs=2768, cross_pairs=382"
PHWc40,1515,4,bigram_transition,0,1.0000,False,"threshold=0.012821, p25"
PHWc40,1515,4,boundary_entropy,3,1.0000,False,"threshold=1.0000, median=1.0000"
PHWc40,1515,4,consensus,0,0.0000,False,"4 strategies, 0 accepted"
PHWc40,1515,4,ground_truth,0,0.0000,False,0 divider(s)
PHWc40,1515,4,positional_profile,0,1.0000,False,"start=27, end=11, thr_start=0.333, thr_end=0.333"
PHWc40,1515,4,viterbi_hmm,1,1.0000,False,"within_pairs=2768, cross_pairs=382"
PHWc41,1516,3,bigram_transition,0,1.0000,False,"threshold=0.012821, p25"
PHWc41,1516,3,boundary_entropy,0,1.0000,False,"threshold=1.0000, median=1.0000"
PHWc41,1516,3,consensus,0,0.0000,False,"4 strategies, 0 accepted"
PHWc41,1516,3,ground_truth,0,0.0000,False,0 divider(s)
PHWc41,1516,3,positional_profile,0,1.0000,False,"start=27, end=11, thr_start=0.333, thr_end=0.333"
PHWc41,1516,3,viterbi_hmm,2,1.0000,False,"within_pairs=2768, cross_pairs=382"
PHWc43,1517,1,bigram_transition,0,1.0000,False,"threshold=0.012821, p25"
PHWc43,1517,1,boundary_entropy,0,1.0000,False,"threshold=1.0000, median=1.0000"
PHWc43,1517,1,consensus,0,0.0000,False,"4 strategies, 0 accepted"
PHWc43,1517,1,ground_truth,0,0.0000,False,0 divider(s)
PHWc43,1517,1,positional_profile,0,1.0000,False,"start=27, end=11, thr_start=0.333, thr_end=0.333"
PHWc43,1517,1,viterbi_hmm,0,1.0000,False,too short
PHWc44,1518,1,bigram_transition,0,1.0000,False,"threshold=0.012821, p25"
PHWc44,1518,1,boundary_entropy,0,1.0000,False,"threshold=1.0000, median=1.0000"
PHWc44,1518,1,consensus,0,0.0000,False,"4 strategies, 0 accepted"
PHWc44,1518,1,ground_truth,0,0.0000,False,0 divider(s)
PHWc44,1518,1,positional_profile,0,1.0000,False,"start=27, end=11, thr_start=0.333, thr_end=0.333"
PHWc44,1518,1,viterbi_hmm,0,1.0000,False,too short
PHWc46,1519,4,bigram_transition,0,1.0000,False,"threshold=0.012821, p25"
PHWc46,1519,4,boundary_entropy,3,1.0000,False,"threshold=1.0000, median=1.0000"
PHWc46,1519,4,consensus,0,0.0000,False,"4 strategies, 0 accepted"
PHWc46,1519,4,ground_truth,0,0.0000,False,0 divider(s)
PHWc46,1519,4,positional_profile,0,1.0000,False,"start=27, end=11, thr_start=0.333, thr_end=0.333"
PHWc46,1519,4,viterbi_hmm,2,1.0000,False,"within_pairs=2768, cross_pairs=382"
PHWg45,1520,3,bigram_transition,0,1.0000,False,"threshold=0.012821, p25"
PHWg45,1520,3,boundary_entropy,2,1.0000,False,"threshold=1.0000, median=1.0000"
PHWg45,1520,3,consensus,0,0.0000,False,"4 strategies, 0 accepted"
PHWg45,1520,3,ground_truth,0,0.0000,False,0 divider(s)
PHWg45,1520,3,positional_profile,0,1.0000,False,"start=27, end=11, thr_start=0.333, thr_end=0.333"
PHWg45,1520,3,viterbi_hmm,2,1.0000,False,"within_pairs=2768, cross_pairs=382"
PHWy42,1521,1,bigram_transition,0,1.0000,False,"threshold=0.012821, p25"
PHWy42,1521,1,boundary_entropy,0,1.0000,False,"threshold=1.0000, median=1.0000"
PHWy42,1521,1,consensus,0,0.0000,False,"4 strategies, 0 accepted"
PHWy42,1521,1,ground_truth,0,0.0000,False,0 divider(s)
PHWy42,1521,1,positional_profile,0,1.0000,False,"start=27, end=11, thr_start=0.333, thr_end=0.333"
PHWy42,1521,1,viterbi_hmm,0,1.0000,False,too short
PHZb4,1522,6,bigram_transition,3,1.0000,True,"threshold=0.012821, p25"
PHZb4,1522,6,boundary_entropy,4,1.0000,True,"threshold=1.0000, median=1.0000"
PHZb4,1522,6,consensus,1,1.0000,True,"4 strategies, 1 accepted"
PHZb4,1522,6,ground_truth,1,1.0000,True,1 divider(s)
PHZb4,1522,6,positional_profile,1,1.0000,True,"start=27, end=11, thr_start=0.333, thr_end=0.333"
PHZb4,1522,6,viterbi_hmm,2,1.0000,True,"within_pairs=2768, cross_pairs=382"
PHZb48,1525,4,bigram_transition,1,1.0000,True,"threshold=0.012821, p25"
PHZb48,1525,4,boundary_entropy,3,1.0000,True,"threshold=1.0000, median=1.0000"
PHZb48,1525,4,consensus,1,1.0000,True,"4 strategies, 1 accepted"
PHZb48,1525,4,ground_truth,1,1.0000,True,1 divider(s)
PHZb48,1525,4,positional_profile,1,1.0000,True,"start=27, end=11, thr_start=0.333, thr_end=0.333"
PHZb48,1525,4,viterbi_hmm,1,1.0000,True,"within_pairs=2768, cross_pairs=382"
PHZb5,1523,5,bigram_transition,0,1.0000,False,"threshold=0.012821, p25"
PHZb5,1523,5,boundary_entropy,4,1.0000,False,"threshold=1.0000, median=1.0000"
PHZb5,1523,5,consensus,0,0.0000,False,"4 strategies, 0 accepted"
PHZb5,1523,5,ground_truth,0,0.0000,False,0 divider(s)
PHZb5,1523,5,positional_profile,0,1.0000,False,"start=27, end=11, thr_start=0.333, thr_end=0.333"
PHZb5,1523,5,viterbi_hmm,4,1.0000,False,"within_pairs=2768, cross_pairs=382"
PHZb<47>,1524,1,bigram_transition,0,1.0000,False,"threshold=0.012821, p25"
PHZb<47>,1524,1,boundary_entropy,0,1.0000,False,"threshold=1.0000, median=1.0000"
PHZb<47>,1524,1,consensus,0,0.0000,False,"4 strategies, 0 accepted"
PHZb<47>,1524,1,ground_truth,0,0.0000,False,0 divider(s)
PHZb<47>,1524,1,positional_profile,0,1.0000,False,"start=27, end=11, thr_start=0.333, thr_end=0.333"
PHZb<47>,1524,1,viterbi_hmm,0,1.0000,False,too short
PK1,1526,66,bigram_transition,2,1.0000,True,"threshold=0.012821, p25"
PK1,1526,66,boundary_entropy,39,1.0000,True,"threshold=1.0000, median=1.0000"
PK1,1526,66,consensus,1,1.0000,True,"4 strategies, 1 accepted"
PK1,1526,66,ground_truth,1,1.0000,True,1 divider(s)
PK1,1526,66,positional_profile,1,1.0000,True,"start=27, end=11, thr_start=0.333, thr_end=0.333"
PK1,1526,66,viterbi_hmm,2,1.0000,True,"within_pairs=2768, cross_pairs=382"
PK3,1527,19,bigram_transition,0,1.0000,False,"threshold=0.012821, p25"
PK3,1527,19,boundary_entropy,4,1.0000,False,"threshold=1.0000, median=1.0000"
PK3,1527,19,consensus,0,0.0000,False,"4 strategies, 0 accepted"
PK3,1527,19,ground_truth,0,0.0000,False,0 divider(s)
PK3,1527,19,positional_profile,0,1.0000,False,"start=27, end=11, thr_start=0.333, thr_end=0.333"
PK3,1527,19,viterbi_hmm,15,1.0000,False,"within_pairs=2768, cross_pairs=382"
PKZa10,1531,11,bigram_transition,2,1.0000,True,"threshold=0.012821, p25"
PKZa10,1531,11,boundary_entropy,8,1.0000,True,"threshold=1.0000, median=1.0000"
PKZa10,1531,11,consensus,2,1.0000,True,"4 strategies, 2 accepted"
PKZa10,1531,11,ground_truth,2,1.0000,True,2 divider(s)
PKZa10,1531,11,positional_profile,2,1.0000,True,"start=27, end=11, thr_start=0.333, thr_end=0.333"
PKZa10,1531,11,viterbi_hmm,2,1.0000,True,"within_pairs=2768, cross_pairs=382"
PKZa11,1532,57,bigram_transition,11,1.0000,True,"threshold=0.012821, p25"
PKZa11,1532,57,boundary_entropy,45,1.0000,True,"threshold=1.0000, median=1.0000"
PKZa11,1532,57,consensus,10,1.0000,True,"4 strategies, 10 accepted"
PKZa11,1532,57,ground_truth,10,1.0000,True,10 divider(s)
PKZa11,1532,57,positional_profile,12,1.0000,True,"start=27, end=11, thr_start=0.333, thr_end=0.333"
PKZa11,1532,57,viterbi_hmm,11,1.0000,True,"within_pairs=2768, cross_pairs=382"
PKZa12,1533,45,bigram_transition,5,1.0000,True,"threshold=0.012821, p25"
PKZa12,1533,45,boundary_entropy,40,1.0000,True,"threshold=1.0000, median=1.0000"
PKZa12,1533,45,consensus,3,1.0000,True,"4 strategies, 3 accepted"
PKZa12,1533,45,ground_truth,3,1.0000,True,3 divider(s)
PKZa12,1533,45,positional_profile,3,1.0000,True,"start=27, end=11, thr_start=0.333, thr_end=0.333"
PKZa12,1533,45,viterbi_hmm,7,1.0000,True,"within_pairs=2768, cross_pairs=382"
PKZa14,1534,9,bigram_transition,1,1.0000,True,"threshold=0.012821, p25"
PKZa14,1534,9,boundary_entropy,7,1.0000,True,"threshold=1.0000, median=1.0000"
PKZa14,1534,9,consensus,1,1.0000,True,"4 strategies, 1 accepted"
PKZa14,1534,9,ground_truth,1,1.0000,True,1 divider(s)
PKZa14,1534,9,positional_profile,1,1.0000,True,"start=27, end=11, thr_start=0.333, thr_end=0.333"
PKZa14,1534,9,viterbi_hmm,1,1.0000,True,"within_pairs=2768, cross_pairs=382"
PKZa15,1535,10,bigram_transition,0,1.0000,False,"threshold=0.012821, p25"
PKZa15,1535,10,boundary_entropy,9,1.0000,False,"threshold=1.0000, median=1.0000"
PKZa15,1535,10,consensus,0,0.0000,False,"4 strategies, 0 accepted"
PKZa15,1535,10,ground_truth,0,0.0000,False,0 divider(s)
PKZa15,1535,10,positional_profile,0,1.0000,False,"start=27, end=11, thr_start=0.333, thr_end=0.333"
PKZa15,1535,10,viterbi_hmm,3,1.0000,False,"within_pairs=2768, cross_pairs=382"
PKZa16,1536,8,bigram_transition,1,1.0000,True,"threshold=0.012821, p25"
PKZa16,1536,8,boundary_entropy,5,1.0000,True,"threshold=1.0000, median=1.0000"
PKZa16,1536,8,consensus,1,1.0000,True,"4 strategies, 1 accepted"
PKZa16,1536,8,ground_truth,1,1.0000,True,1 divider(s)
PKZa16,1536,8,positional_profile,1,1.0000,True,"start=27, end=11, thr_start=0.333, thr_end=0.333"
PKZa16,1536,8,viterbi_hmm,1,1.0000,True,"within_pairs=2768, cross_pairs=382"
PKZa17,1537,5,bigram_transition,2,1.0000,True,"threshold=0.012821, p25"
PKZa17,1537,5,boundary_entropy,4,1.0000,True,"threshold=1.0000, median=1.0000"
PKZa17,1537,5,consensus,2,1.0000,True,"4 strategies, 2 accepted"
PKZa17,1537,5,ground_truth,2,1.0000,True,2 divider(s)
PKZa17,1537,5,positional_profile,2,1.0000,True,"start=27, end=11, thr_start=0.333, thr_end=0.333"
PKZa17,1537,5,viterbi_hmm,3,1.0000,True,"within_pairs=2768, cross_pairs=382"
PKZa18,1538,9,bigram_transition,2,1.0000,True,"threshold=0.012821, p25"
PKZa18,1538,9,boundary_entropy,6,1.0000,True,"threshold=1.0000, median=1.0000"
PKZa18,1538,9,consensus,2,1.0000,True,"4 strategies, 2 accepted"
PKZa18,1538,9,ground_truth,2,1.0000,True,2 divider(s)
PKZa18,1538,9,positional_profile,2,1.0000,True,"start=27, end=11, thr_start=0.333, thr_end=0.333"
PKZa18,1538,9,viterbi_hmm,3,1.0000,True,"within_pairs=2768, cross_pairs=382"
PKZa20,1539,5,bigram_transition,0,1.0000,False,"threshold=0.012821, p25"
PKZa20,1539,5,boundary_entropy,4,1.0000,False,"threshold=1.0000, median=1.0000"
PKZa20,1539,5,consensus,0,0.0000,False,"4 strategies, 0 accepted"
PKZa20,1539,5,ground_truth,0,0.0000,False,0 divider(s)
PKZa20,1539,5,positional_profile,0,1.0000,False,"start=27, end=11, thr_start=0.333, thr_end=0.333"
PKZa20,1539,5,viterbi_hmm,1,1.0000,False,"within_pairs=2768, cross_pairs=382"
PKZa27,1704,10,bigram_transition,0,1.0000,False,"threshold=0.012821, p25"
PKZa27,1704,10,boundary_entropy,9,1.0000,False,"threshold=1.0000, median=1.0000"
PKZa27,1704,10,consensus,0,0.0000,False,"4 strategies, 0 accepted"
PKZa27,1704,10,ground_truth,0,0.0000,False,0 divider(s)
PKZa27,1704,10,positional_profile,0,1.0000,False,"start=27, end=11, thr_start=0.333, thr_end=0.333"
PKZa27,1704,10,viterbi_hmm,1,1.0000,False,"within_pairs=2768, cross_pairs=382"
PKZa28,1710,6,bigram_transition,1,1.0000,True,"threshold=0.012821, p25"
PKZa28,1710,6,boundary_entropy,4,1.0000,True,"threshold=1.0000, median=1.0000"
PKZa28,1710,6,consensus,1,1.0000,True,"4 strategies, 1 accepted"
PKZa28,1710,6,ground_truth,1,1.0000,True,1 divider(s)
PKZa28,1710,6,positional_profile,1,1.0000,True,"start=27, end=11, thr_start=0.333, thr_end=0.333"
PKZa28,1710,6,viterbi_hmm,1,1.0000,True,"within_pairs=2768, cross_pairs=382"
PKZa4,1528,5,bigram_transition,0,1.0000,False,"threshold=0.012821, p25"
PKZa4,1528,5,boundary_entropy,4,1.0000,False,"threshold=1.0000, median=1.0000"
PKZa4,1528,5,consensus,0,0.0000,False,"4 strategies, 0 accepted"
PKZa4,1528,5,ground_truth,0,0.0000,False,0 divider(s)
PKZa4,1528,5,positional_profile,0,1.0000,False,"start=27, end=11, thr_start=0.333, thr_end=0.333"
PKZa4,1528,5,viterbi_hmm,2,1.0000,False,"within_pairs=2768, cross_pairs=382"
PKZa8,1529,30,bigram_transition,3,1.0000,True,"threshold=0.012821, p25"
PKZa8,1529,30,boundary_entropy,26,1.0000,True,"threshold=1.0000, median=1.0000"
PKZa8,1529,30,consensus,3,1.0000,True,"4 strategies, 3 accepted"
PKZa8,1529,30,ground_truth,3,1.0000,True,3 divider(s)
PKZa8,1529,30,positional_profile,5,1.0000,True,"start=27, end=11, thr_start=0.333, thr_end=0.333"
PKZa8,1529,30,viterbi_hmm,4,1.0000,True,"within_pairs=2768, cross_pairs=382"
PKZa9,1530,13,bigram_transition,2,1.0000,True,"threshold=0.012821, p25"
PKZa9,1530,13,boundary_entropy,10,1.0000,True,"threshold=1.0000, median=1.0000"
PKZa9,1530,13,consensus,2,0.8750,True,"4 strategies, 2 accepted"
PKZa9,1530,13,ground_truth,1,1.0000,True,1 divider(s)
PKZa9,1530,13,positional_profile,1,1.0000,True,"start=27, end=11, thr_start=0.333, thr_end=0.333"
PKZa9,1530,13,viterbi_hmm,5,1.0000,True,"within_pairs=2768, cross_pairs=382"
PKZb19,1541,4,bigram_transition,1,1.0000,False,"threshold=0.012821, p25"
PKZb19,1541,4,boundary_entropy,3,1.0000,False,"threshold=1.0000, median=1.0000"
PKZb19,1541,4,consensus,1,0.7500,False,"4 strategies, 1 accepted"
PKZb19,1541,4,ground_truth,0,0.0000,False,0 divider(s)
PKZb19,1541,4,positional_profile,0,1.0000,False,"start=27, end=11, thr_start=0.333, thr_end=0.333"
PKZb19,1541,4,viterbi_hmm,2,1.0000,False,"within_pairs=2768, cross_pairs=382"
PKZb21,1542,4,bigram_transition,0,1.0000,False,"threshold=0.012821, p25"
PKZb21,1542,4,boundary_entropy,3,1.0000,False,"threshold=1.0000, median=1.0000"
PKZb21,1542,4,consensus,0,0.0000,False,"4 strategies, 0 accepted"
PKZb21,1542,4,ground_truth,0,0.0000,False,0 divider(s)
PKZb21,1542,4,positional_profile,0,1.0000,False,"start=27, end=11, thr_start=0.333, thr_end=0.333"
PKZb21,1542,4,viterbi_hmm,1,1.0000,False,"within_pairs=2768, cross_pairs=382"
PKZb23,1543,2,bigram_transition,0,1.0000,False,"threshold=0.012821, p25"
PKZb23,1543,2,boundary_entropy,1,1.0000,False,"threshold=1.0000, median=1.0000"
PKZb23,1543,2,consensus,0,0.0000,False,"4 strategies, 0 accepted"
PKZb23,1543,2,ground_truth,0,0.0000,False,0 divider(s)
PKZb23,1543,2,positional_profile,0,1.0000,False,"start=27, end=11, thr_start=0.333, thr_end=0.333"
PKZb23,1543,2,viterbi_hmm,0,1.0000,False,"within_pairs=2768, cross_pairs=382"
PKZb24,1544,1,bigram_transition,0,1.0000,False,"threshold=0.012821, p25"
PKZb24,1544,1,boundary_entropy,0,1.0000,False,"threshold=1.0000, median=1.0000"
PKZb24,1544,1,consensus,0,0.0000,False,"4 strategies, 0 accepted"
PKZb24,1544,1,ground_truth,0,0.0000,False,0 divider(s)
PKZb24,1544,1,positional_profile,0,1.0000,False,"start=27, end=11, thr_start=0.333, thr_end=0.333"
PKZb24,1544,1,viterbi_hmm,0,1.0000,False,too short
PKZb25,1545,3,bigram_transition,0,1.0000,False,"threshold=0.012821, p25"
PKZb25,1545,3,boundary_entropy,2,1.0000,False,"threshold=1.0000, median=1.0000"
PKZb25,1545,3,consensus,0,0.0000,False,"4 strategies, 0 accepted"
PKZb25,1545,3,ground_truth,0,0.0000,False,0 divider(s)
PKZb25,1545,3,positional_profile,0,1.0000,False,"start=27, end=11, thr_start=0.333, thr_end=0.333"
PKZb25,1545,3,viterbi_hmm,0,1.0000,False,"within_pairs=2768, cross_pairs=382"
PKZb26,1692,3,bigram_transition,0,1.0000,False,"threshold=0.012821, p25"
PKZb26,1692,3,boundary_entropy,0,1.0000,False,"threshold=1.0000, median=1.0000"
PKZb26,1692,3,consensus,0,0.0000,False,"4 strategies, 0 accepted"
PKZb26,1692,3,ground_truth,0,0.0000,False,0 divider(s)
PKZb26,1692,3,positional_profile,0,1.0000,False,"start=27, end=11, thr_start=0.333, thr_end=0.333"
PKZb26,1692,3,viterbi_hmm,2,1.0000,False,"within_pairs=2768, cross_pairs=382"
PKZb?,1540,6,bigram_transition,0,1.0000,False,"threshold=0.012821, p25"
PKZb?,1540,6,boundary_entropy,5,1.0000,False,"threshold=1.0000, median=1.0000"
PKZb?,1540,6,consensus,0,0.0000,False,"4 strategies, 0 accepted"
PKZb?,1540,6,ground_truth,0,0.0000,False,0 divider(s)
PKZb?,1540,6,positional_profile,0,1.0000,False,"start=27, end=11, thr_start=0.333, thr_end=0.333"
PKZb?,1540,6,viterbi_hmm,4,1.0000,False,"within_pairs=2768, cross_pairs=382"
PKZc13,1546,5,bigram_transition,0,1.0000,False,"threshold=0.012821, p25"
PKZc13,1546,5,boundary_entropy,4,1.0000,False,"threshold=1.0000, median=1.0000"
PKZc13,1546,5,consensus,0,0.0000,False,"4 strategies, 0 accepted"
PKZc13,1546,5,ground_truth,0,0.0000,False,0 divider(s)
PKZc13,1546,5,positional_profile,0,1.0000,False,"start=27, end=11, thr_start=0.333, thr_end=0.333"
PKZc13,1546,5,viterbi_hmm,2,1.0000,False,"within_pairs=2768, cross_pairs=382"
PKZg22,1547,2,bigram_transition,0,1.0000,False,"threshold=0.012821, p25"
PKZg22,1547,2,boundary_entropy,1,1.0000,False,"threshold=1.0000, median=1.0000"
PKZg22,1547,2,consensus,0,0.0000,False,"4 strategies, 0 accepted"
PKZg22,1547,2,ground_truth,0,0.0000,False,0 divider(s)
PKZg22,1547,2,positional_profile,0,1.0000,False,"start=27, end=11, thr_start=0.333, thr_end=0.333"
PKZg22,1547,2,viterbi_hmm,1,1.0000,False,"within_pairs=2768, cross_pairs=382"
PLZf1,1548,34,bigram_transition,8,1.0000,True,"threshold=0.012821, p25"
PLZf1,1548,34,boundary_entropy,26,1.0000,True,"threshold=1.0000, median=1.0000"
PLZf1,1548,34,consensus,8,1.0000,True,"4 strategies, 8 accepted"
PLZf1,1548,34,ground_truth,8,1.0000,True,8 divider(s)
PLZf1,1548,34,positional_profile,8,1.0000,True,"start=27, end=11, thr_start=0.333, thr_end=0.333"
PLZf1,1548,34,viterbi_hmm,9,1.0000,True,"within_pairs=2768, cross_pairs=382"
PORZf2,1691,3,bigram_transition,0,1.0000,False,"threshold=0.012821, p25"
PORZf2,1691,3,boundary_entropy,2,1.0000,False,"threshold=1.0000, median=1.0000"
PORZf2,1691,3,consensus,0,0.0000,False,"4 strategies, 0 accepted"
PORZf2,1691,3,ground_truth,0,0.0000,False,0 divider(s)
PORZf2,1691,3,positional_profile,0,1.0000,False,"start=27, end=11, thr_start=0.333, thr_end=0.333"
PORZf2,1691,3,viterbi_hmm,1,1.0000,False,"within_pairs=2768, cross_pairs=382"
POZc1,1549,9,bigram_transition,1,1.0000,True,"threshold=0.012821, p25"
POZc1,1549,9,boundary_entropy,8,1.0000,True,"threshold=1.0000, median=1.0000"
POZc1,1549,9,consensus,1,1.0000,True,"4 strategies, 1 accepted"
POZc1,1549,9,ground_truth,1,1.0000,True,1 divider(s)
POZc1,1549,9,positional_profile,1,1.0000,True,"start=27, end=11, thr_start=0.333, thr_end=0.333"
POZc1,1549,9,viterbi_hmm,3,1.0000,True,"within_pairs=2768, cross_pairs=382"
PRZa1,1550,15,bigram_transition,0,1.0000,False,"threshold=0.012821, p25"
PRZa1,1550,15,boundary_entropy,12,1.0000,False,"threshold=1.0000, median=1.0000"
PRZa1,1550,15,consensus,0,0.0000,False,"4 strategies, 0 accepted"
PRZa1,1550,15,ground_truth,0,0.0000,False,0 divider(s)
PRZa1,1550,15,positional_profile,0,1.0000,False,"start=27, end=11, thr_start=0.333, thr_end=0.333"
PRZa1,1550,15,viterbi_hmm,7,1.0000,False,"within_pairs=2768, cross_pairs=382"
PSIZa1,1552,4,bigram_transition,0,1.0000,False,"threshold=0.012821, p25"
PSIZa1,1552,4,boundary_entropy,3,1.0000,False,"threshold=1.0000, median=1.0000"
PSIZa1,1552,4,consensus,0,0.0000,False,"4 strategies, 0 accepted"
PSIZa1,1552,4,ground_truth,0,0.0000,False,0 divider(s)
PSIZa1,1552,4,positional_profile,0,1.0000,False,"start=27, end=11, thr_start=0.333, thr_end=0.333"
PSIZa1,1552,4,viterbi_hmm,1,1.0000,False,"within_pairs=2768, cross_pairs=382"
PSIZa2,1553,2,bigram_transition,1,1.0000,True,"threshold=0.012821, p25"
PSIZa2,1553,2,boundary_entropy,1,1.0000,True,"threshold=1.0000, median=1.0000"
PSIZa2,1553,2,consensus,1,1.0000,True,"4 strategies, 1 accepted"
PSIZa2,1553,2,ground_truth,1,1.0000,True,1 divider(s)
PSIZa2,1553,2,positional_profile,1,1.0000,True,"start=27, end=11, thr_start=0.333, thr_end=0.333"
PSIZa2,1553,2,viterbi_hmm,1,1.0000,True,"within_pairs=2768, cross_pairs=382"
PSZa2,1551,22,bigram_transition,4,1.0000,True,"threshold=0.012821, p25"
PSZa2,1551,22,boundary_entropy,16,1.0000,True,"threshold=1.0000, median=1.0000"
PSZa2,1551,22,consensus,3,1.0000,True,"4 strategies, 3 accepted"
PSZa2,1551,22,ground_truth,3,1.0000,True,3 divider(s)
PSZa2,1551,22,positional_profile,3,1.0000,True,"start=27, end=11, thr_start=0.333, thr_end=0.333"
PSZa2,1551,22,viterbi_hmm,7,1.0000,True,"within_pairs=2768, cross_pairs=382"
PYR1,1554,8,bigram_transition,0,1.0000,False,"threshold=0.012821, p25"
PYR1,1554,8,boundary_entropy,4,1.0000,False,"threshold=1.0000, median=1.0000"
PYR1,1554,8,consensus,0,0.0000,False,"4 strategies, 0 accepted"
PYR1,1554,8,ground_truth,0,0.0000,False,0 divider(s)
PYR1,1554,8,positional_profile,0,1.0000,False,"start=27, end=11, thr_start=0.333, thr_end=0.333"
PYR1,1554,8,viterbi_hmm,6,1.0000,False,"within_pairs=2768, cross_pairs=382"
PYR2,1555,3,bigram_transition,0,1.0000,False,"threshold=0.012821, p25"
PYR2,1555,3,boundary_entropy,2,1.0000,False,"threshold=1.0000, median=1.0000"
PYR2,1555,3,consensus,0,0.0000,False,"4 strategies, 0 accepted"
PYR2,1555,3,ground_truth,0,0.0000,False,0 divider(s)
PYR2,1555,3,positional_profile,0,1.0000,False,"start=27, end=11, thr_start=0.333, thr_end=0.333"
PYR2,1555,3,viterbi_hmm,2,1.0000,False,"within_pairs=2768, cross_pairs=382"
PYRWc4,1556,6,bigram_transition,1,1.0000,True,"threshold=0.012821, p25"
PYRWc4,1556,6,boundary_entropy,4,1.0000,True,"threshold=1.0000, median=1.0000"
PYRWc4,1556,6,consensus,1,1.0000,True,"4 strategies, 1 accepted"
PYRWc4,1556,6,ground_truth,1,1.0000,True,1 divider(s)
PYRWc4,1556,6,positional_profile,1,1.0000,True,"start=27, end=11, thr_start=0.333, thr_end=0.333"
PYRWc4,1556,6,viterbi_hmm,1,1.0000,True,"within_pairs=2768, cross_pairs=382"
PYRZb5,1557,4,bigram_transition,0,1.0000,False,"threshold=0.012821, p25"
PYRZb5,1557,4,boundary_entropy,3,1.0000,False,"threshold=1.0000, median=1.0000"
PYRZb5,1557,4,consensus,0,0.0000,False,"4 strategies, 0 accepted"
PYRZb5,1557,4,ground_truth,0,0.0000,False,0 divider(s)
PYRZb5,1557,4,positional_profile,0,1.0000,False,"start=27, end=11, thr_start=0.333, thr_end=0.333"
PYRZb5,1557,4,viterbi_hmm,0,1.0000,False,"within_pairs=2768, cross_pairs=382"
SAMWa1,1558,7,bigram_transition,0,1.0000,False,"threshold=0.012821, p25"
SAMWa1,1558,7,boundary_entropy,4,1.0000,False,"threshold=1.0000, median=1.0000"
SAMWa1,1558,7,consensus,0,0.0000,False,"4 strategies, 0 accepted"
SAMWa1,1558,7,ground_truth,0,0.0000,False,0 divider(s)
SAMWa1,1558,7,positional_profile,0,1.0000,False,"start=27, end=11, thr_start=0.333, thr_end=0.333"
SAMWa1,1558,7,viterbi_hmm,3,1.0000,False,"within_pairs=2768, cross_pairs=382"
SAMWe4,1559,1,bigram_transition,0,1.0000,False,"threshold=0.012821, p25"
SAMWe4,1559,1,boundary_entropy,0,1.0000,False,"threshold=1.0000, median=1.0000"
SAMWe4,1559,1,consensus,0,0.0000,False,"4 strategies, 0 accepted"
SAMWe4,1559,1,ground_truth,0,0.0000,False,0 divider(s)
SAMWe4,1559,1,positional_profile,0,1.0000,False,"start=27, end=11, thr_start=0.333, thr_end=0.333"
SAMWe4,1559,1,viterbi_hmm,0,1.0000,False,too short
SEZf1,1560,2,bigram_transition,0,1.0000,False,"threshold=0.012821, p25"
SEZf1,1560,2,boundary_entropy,1,1.0000,False,"threshold=1.0000, median=1.0000"
SEZf1,1560,2,consensus,0,0.0000,False,"4 strategies, 0 accepted"
SEZf1,1560,2,ground_truth,0,0.0000,False,0 divider(s)
SEZf1,1560,2,positional_profile,0,1.0000,False,"start=27, end=11, thr_start=0.333, thr_end=0.333"
SEZf1,1560,2,viterbi_hmm,0,1.0000,False,"within_pairs=2768, cross_pairs=382"
SIZg1,1561,6,bigram_transition,1,1.0000,True,"threshold=0.012821, p25"
SIZg1,1561,6,boundary_entropy,4,1.0000,True,"threshold=1.0000, median=1.0000"
SIZg1,1561,6,consensus,1,1.0000,True,"4 strategies, 1 accepted"
SIZg1,1561,6,ground_truth,1,1.0000,True,1 divider(s)
SIZg1,1561,6,positional_profile,1,1.0000,True,"start=27, end=11, thr_start=0.333, thr_end=0.333"
SIZg1,1561,6,viterbi_hmm,1,1.0000,True,"within_pairs=2768, cross_pairs=382"
SKOZc1,1563,11,bigram_transition,2,1.0000,True,"threshold=0.012821, p25"
SKOZc1,1563,11,boundary_entropy,9,1.0000,True,"threshold=1.0000, median=1.0000"
SKOZc1,1563,11,consensus,1,1.0000,True,"4 strategies, 1 accepted"
SKOZc1,1563,11,ground_truth,1,1.0000,True,1 divider(s)
SKOZc1,1563,11,positional_profile,1,1.0000,True,"start=27, end=11, thr_start=0.333, thr_end=0.333"
SKOZc1,1563,11,viterbi_hmm,1,1.0000,True,"within_pairs=2768, cross_pairs=382"
SKZb1,1562,5,bigram_transition,0,1.0000,False,"threshold=0.012821, p25"
SKZb1,1562,5,boundary_entropy,4,1.0000,False,"threshold=1.0000, median=1.0000"
SKZb1,1562,5,consensus,0,0.0000,False,"4 strategies, 0 accepted"
SKZb1,1562,5,ground_truth,0,0.0000,False,0 divider(s)
SKZb1,1562,5,positional_profile,0,1.0000,False,"start=27, end=11, thr_start=0.333, thr_end=0.333"
SKZb1,1562,5,viterbi_hmm,1,1.0000,False,"within_pairs=2768, cross_pairs=382"
SYZa1,1564,14,bigram_transition,2,1.0000,True,"threshold=0.012821, p25"
SYZa1,1564,14,boundary_entropy,10,1.0000,True,"threshold=1.0000, median=1.0000"
SYZa1,1564,14,consensus,2,1.0000,True,"4 strategies, 2 accepted"
SYZa1,1564,14,ground_truth,2,1.0000,True,2 divider(s)
SYZa1,1564,14,positional_profile,2,1.0000,True,"start=27, end=11, thr_start=0.333, thr_end=0.333"
SYZa1,1564,14,viterbi_hmm,3,1.0000,True,"within_pairs=2768, cross_pairs=382"
SYZa10,1573,4,bigram_transition,1,1.0000,False,"threshold=0.012821, p25"
SYZa10,1573,4,boundary_entropy,3,1.0000,False,"threshold=1.0000, median=1.0000"
SYZa10,1573,4,consensus,1,0.7500,False,"4 strategies, 1 accepted"
SYZa10,1573,4,ground_truth,0,0.0000,False,0 divider(s)
SYZa10,1573,4,positional_profile,0,1.0000,False,"start=27, end=11, thr_start=0.333, thr_end=0.333"
SYZa10,1573,4,viterbi_hmm,1,1.0000,False,"within_pairs=2768, cross_pairs=382"
SYZa11,1574,4,bigram_transition,1,1.0000,True,"threshold=0.012821, p25"
SYZa11,1574,4,boundary_entropy,3,1.0000,True,"threshold=1.0000, median=1.0000"
SYZa11,1574,4,consensus,1,1.0000,True,"4 strategies, 1 accepted"
SYZa11,1574,4,ground_truth,1,1.0000,True,1 divider(s)
SYZa11,1574,4,positional_profile,1,1.0000,True,"start=27, end=11, thr_start=0.333, thr_end=0.333"
SYZa11,1574,4,viterbi_hmm,1,1.0000,True,"within_pairs=2768, cross_pairs=382"
SYZa12,1575,3,bigram_transition,1,1.0000,True,"threshold=0.012821, p25"
SYZa12,1575,3,boundary_entropy,2,1.0000,True,"threshold=1.0000, median=1.0000"
SYZa12,1575,3,consensus,1,1.0000,True,"4 strategies, 1 accepted"
SYZa12,1575,3,ground_truth,1,1.0000,True,1 divider(s)
SYZa12,1575,3,positional_profile,1,1.0000,True,"start=27, end=11, thr_start=0.333, thr_end=0.333"
SYZa12,1575,3,viterbi_hmm,1,1.0000,True,"within_pairs=2768, cross_pairs=382"
SYZa2,1565,21,bigram_transition,1,1.0000,True,"threshold=0.012821, p25"
SYZa2,1565,21,boundary_entropy,16,1.0000,True,"threshold=1.0000, median=1.0000"
SYZa2,1565,21,consensus,1,1.0000,True,"4 strategies, 1 accepted"
SYZa2,1565,21,ground_truth,1,1.0000,True,1 divider(s)
SYZa2,1565,21,positional_profile,1,1.0000,True,"start=27, end=11, thr_start=0.333, thr_end=0.333"
SYZa2,1565,21,viterbi_hmm,1,1.0000,True,"within_pairs=2768, cross_pairs=382"
SYZa3,1566,15,bigram_transition,1,1.0000,False,"threshold=0.012821, p25"
SYZa3,1566,15,boundary_entropy,13,1.0000,False,"threshold=1.0000, median=1.0000"
SYZa3,1566,15,consensus,0,0.0000,False,"4 strategies, 0 accepted"
SYZa3,1566,15,ground_truth,0,0.0000,False,0 divider(s)
SYZa3,1566,15,positional_profile,0,1.0000,False,"start=27, end=11, thr_start=0.333, thr_end=0.333"
SYZa3,1566,15,viterbi_hmm,3,1.0000,False,"within_pairs=2768, cross_pairs=382"
SYZa4,1567,15,bigram_transition,2,1.0000,True,"threshold=0.012821, p25"
SYZa4,1567,15,boundary_entropy,9,1.0000,True,"threshold=1.0000, median=1.0000"
SYZa4,1567,15,consensus,2,1.0000,True,"4 strategies, 2 accepted"
SYZa4,1567,15,ground_truth,2,1.0000,True,2 divider(s)
SYZa4,1567,15,positional_profile,2,1.0000,True,"start=27, end=11, thr_start=0.333, thr_end=0.333"
SYZa4,1567,15,viterbi_hmm,3,1.0000,True,"within_pairs=2768, cross_pairs=382"
SYZa5,1568,8,bigram_transition,1,1.0000,True,"threshold=0.012821, p25"
SYZa5,1568,8,boundary_entropy,5,1.0000,True,"threshold=1.0000, median=1.0000"
SYZa5,1568,8,consensus,1,1.0000,True,"4 strategies, 1 accepted"
SYZa5,1568,8,ground_truth,1,1.0000,True,1 divider(s)
SYZa5,1568,8,positional_profile,1,1.0000,True,"start=27, end=11, thr_start=0.333, thr_end=0.333"
SYZa5,1568,8,viterbi_hmm,1,1.0000,True,"within_pairs=2768, cross_pairs=382"
SYZa6,1569,4,bigram_transition,0,1.0000,False,"threshold=0.012821, p25"
SYZa6,1569,4,boundary_entropy,3,1.0000,False,"threshold=1.0000, median=1.0000"
SYZa6,1569,4,consensus,0,0.0000,False,"4 strategies, 0 accepted"
SYZa6,1569,4,ground_truth,0,0.0000,False,0 divider(s)
SYZa6,1569,4,positional_profile,0,1.0000,False,"start=27, end=11, thr_start=0.333, thr_end=0.333"
SYZa6,1569,4,viterbi_hmm,3,1.0000,False,"within_pairs=2768, cross_pairs=382"
SYZa8,1571,11,bigram_transition,1,1.0000,True,"threshold=0.012821, p25"
SYZa8,1571,11,boundary_entropy,8,1.0000,True,"threshold=1.0000, median=1.0000"
SYZa8,1571,11,consensus,1,1.0000,True,"4 strategies, 1 accepted"
SYZa8,1571,11,ground_truth,1,1.0000,True,1 divider(s)
SYZa8,1571,11,positional_profile,1,1.0000,True,"start=27, end=11, thr_start=0.333, thr_end=0.333"
SYZa8,1571,11,viterbi_hmm,1,1.0000,True,"within_pairs=2768, cross_pairs=382"
SYZa9,1572,5,bigram_transition,0,1.0000,False,"threshold=0.012821, p25"
SYZa9,1572,5,boundary_entropy,4,1.0000,False,"threshold=1.0000, median=1.0000"
SYZa9,1572,5,consensus,0,0.0000,False,"4 strategies, 0 accepted"
SYZa9,1572,5,ground_truth,0,0.0000,False,0 divider(s)
SYZa9,1572,5,positional_profile,0,1.0000,False,"start=27, end=11, thr_start=0.333, thr_end=0.333"
SYZa9,1572,5,viterbi_hmm,2,1.0000,False,"within_pairs=2768, cross_pairs=382"
SYZb7,1570,5,bigram_transition,0,1.0000,False,"threshold=0.012821, p25"
SYZb7,1570,5,boundary_entropy,4,1.0000,False,"threshold=1.0000, median=1.0000"
SYZb7,1570,5,consensus,0,0.0000,False,"4 strategies, 0 accepted"
SYZb7,1570,5,ground_truth,0,0.0000,False,0 divider(s)
SYZb7,1570,5,positional_profile,0,1.0000,False,"start=27, end=11, thr_start=0.333, thr_end=0.333"
SYZb7,1570,5,viterbi_hmm,3,1.0000,False,"within_pairs=2768, cross_pairs=382"
TELZb1,1576,6,bigram_transition,0,1.0000,False,"threshold=0.012821, p25"
TELZb1,1576,6,boundary_entropy,5,1.0000,False,"threshold=1.0000, median=1.0000"
TELZb1,1576,6,consensus,0,0.0000,False,"4 strategies, 0 accepted"
TELZb1,1576,6,ground_truth,0,0.0000,False,0 divider(s)
TELZb1,1576,6,positional_profile,0,1.0000,False,"start=27, end=11, thr_start=0.333, thr_end=0.333"
TELZb1,1576,6,viterbi_hmm,5,1.0000,False,"within_pairs=2768, cross_pairs=382"
THEZb1,1583,4,bigram_transition,0,1.0000,False,"threshold=0.012821, p25"
THEZb1,1583,4,boundary_entropy,3,1.0000,False,"threshold=1.0000, median=1.0000"
THEZb1,1583,4,consensus,0,0.0000,False,"4 strategies, 0 accepted"
THEZb1,1583,4,ground_truth,0,0.0000,False,0 divider(s)
THEZb1,1583,4,positional_profile,0,1.0000,False,"start=27, end=11, thr_start=0.333, thr_end=0.333"
THEZb1,1583,4,viterbi_hmm,1,1.0000,False,"within_pairs=2768, cross_pairs=382"
THEZb13,1590,11,bigram_transition,0,1.0000,False,"threshold=0.012821, p25"
THEZb13,1590,11,boundary_entropy,2,1.0000,False,"threshold=1.0000, median=1.0000"
THEZb13,1590,11,consensus,0,0.0000,False,"4 strategies, 0 accepted"
THEZb13,1590,11,ground_truth,0,0.0000,False,0 divider(s)
THEZb13,1590,11,positional_profile,0,1.0000,False,"start=27, end=11, thr_start=0.333, thr_end=0.333"
THEZb13,1590,11,viterbi_hmm,8,1.0000,False,"within_pairs=2768, cross_pairs=382"
THEZb15,1694,3,bigram_transition,0,1.0000,False,"threshold=0.012821, p25"
THEZb15,1694,3,boundary_entropy,1,1.0000,False,"threshold=1.0000, median=1.0000"
THEZb15,1694,3,consensus,0,0.0000,False,"4 strategies, 0 accepted"
THEZb15,1694,3,ground_truth,0,0.0000,False,0 divider(s)
THEZb15,1694,3,positional_profile,0,1.0000,False,"start=27, end=11, thr_start=0.333, thr_end=0.333"
THEZb15,1694,3,viterbi_hmm,2,1.0000,False,"within_pairs=2768, cross_pairs=382"
THEZb2,1584,4,bigram_transition,0,1.0000,False,"threshold=0.012821, p25"
THEZb2,1584,4,boundary_entropy,3,1.0000,False,"threshold=1.0000, median=1.0000"
THEZb2,1584,4,consensus,0,0.0000,False,"4 strategies, 0 accepted"
THEZb2,1584,4,ground_truth,0,0.0000,False,0 divider(s)
THEZb2,1584,4,positional_profile,0,1.0000,False,"start=27, end=11, thr_start=0.333, thr_end=0.333"
THEZb2,1584,4,viterbi_hmm,2,1.0000,False,"within_pairs=2768, cross_pairs=382"
THEZb3,1585,3,bigram_transition,0,1.0000,False,"threshold=0.012821, p25"
THEZb3,1585,3,boundary_entropy,2,1.0000,False,"threshold=1.0000, median=1.0000"
THEZb3,1585,3,consensus,0,0.0000,False,"4 strategies, 0 accepted"
THEZb3,1585,3,ground_truth,0,0.0000,False,0 divider(s)
THEZb3,1585,3,positional_profile,0,1.0000,False,"start=27, end=11, thr_start=0.333, thr_end=0.333"
THEZb3,1585,3,viterbi_hmm,0,1.0000,False,"within_pairs=2768, cross_pairs=382"
THEZb4,1586,4,bigram_transition,0,1.0000,False,"threshold=0.012821, p25"
THEZb4,1586,4,boundary_entropy,3,1.0000,False,"threshold=1.0000, median=1.0000"
THEZb4,1586,4,consensus,0,0.0000,False,"4 strategies, 0 accepted"
THEZb4,1586,4,ground_truth,0,0.0000,False,0 divider(s)
THEZb4,1586,4,positional_profile,0,1.0000,False,"start=27, end=11, thr_start=0.333, thr_end=0.333"
THEZb4,1586,4,viterbi_hmm,1,1.0000,False,"within_pairs=2768, cross_pairs=382"
THEZb5,1588,1,bigram_transition,0,1.0000,False,"threshold=0.012821, p25"
THEZb5,1588,1,boundary_entropy,0,1.0000,False,"threshold=1.0000, median=1.0000"
THEZb5,1588,1,consensus,0,0.0000,False,"4 strategies, 0 accepted"
THEZb5,1588,1,ground_truth,0,0.0000,False,0 divider(s)
THEZb5,1588,1,positional_profile,0,1.0000,False,"start=27, end=11, thr_start=0.333, thr_end=0.333"
THEZb5,1588,1,viterbi_hmm,0,1.0000,False,too short
THEZb6,1700,4,bigram_transition,0,1.0000,False,"threshold=0.012821, p25"
THEZb6,1700,4,boundary_entropy,3,1.0000,False,"threshold=1.0000, median=1.0000"
THEZb6,1700,4,consensus,0,0.0000,False,"4 strategies, 0 accepted"
THEZb6,1700,4,ground_truth,0,0.0000,False,0 divider(s)
THEZb6,1700,4,positional_profile,0,1.0000,False,"start=27, end=11, thr_start=0.333, thr_end=0.333"
THEZb6,1700,4,viterbi_hmm,1,1.0000,False,"within_pairs=2768, cross_pairs=382"
THEZb7,1589,2,bigram_transition,0,1.0000,False,"threshold=0.012821, p25"
THEZb7,1589,2,boundary_entropy,1,1.0000,False,"threshold=1.0000, median=1.0000"
THEZb7,1589,2,consensus,0,0.0000,False,"4 strategies, 0 accepted"
THEZb7,1589,2,ground_truth,0,0.0000,False,0 divider(s)
THEZb7,1589,2,positional_profile,0,1.0000,False,"start=27, end=11, thr_start=0.333, thr_end=0.333"
THEZb7,1589,2,viterbi_hmm,1,1.0000,False,"within_pairs=2768, cross_pairs=382"
THEZg15,1714,3,bigram_transition,0,1.0000,False,"threshold=0.012821, p25"
THEZg15,1714,3,boundary_entropy,1,1.0000,False,"threshold=1.0000, median=1.0000"
THEZg15,1714,3,consensus,0,0.0000,False,"4 strategies, 0 accepted"
THEZg15,1714,3,ground_truth,0,0.0000,False,0 divider(s)
THEZg15,1714,3,positional_profile,0,1.0000,False,"start=27, end=11, thr_start=0.333, thr_end=0.333"
THEZg15,1714,3,viterbi_hmm,1,1.0000,False,"within_pairs=2768, cross_pairs=382"
THEZg16,1715,5,bigram_transition,0,1.0000,False,"threshold=0.012821, p25"
THEZg16,1715,5,boundary_entropy,4,1.0000,False,"threshold=1.0000, median=1.0000"
THEZg16,1715,5,consensus,0,0.0000,False,"4 strategies, 0 accepted"
THEZg16,1715,5,ground_truth,0,0.0000,False,0 divider(s)
THEZg16,1715,5,positional_profile,0,1.0000,False,"start=27, end=11, thr_start=0.333, thr_end=0.333"
THEZg16,1715,5,viterbi_hmm,3,1.0000,False,"within_pairs=2768, cross_pairs=382"
THEZg5,1587,10,bigram_transition,0,1.0000,False,"threshold=0.012821, p25"
THEZg5,1587,10,boundary_entropy,0,1.0000,False,"threshold=1.0000, median=1.0000"
THEZg5,1587,10,consensus,0,0.0000,False,"4 strategies, 0 accepted"
THEZg5,1587,10,ground_truth,0,0.0000,False,0 divider(s)
THEZg5,1587,10,positional_profile,0,1.0000,False,"start=27, end=11, thr_start=0.333, thr_end=0.333"
THEZg5,1587,10,viterbi_hmm,9,1.0000,False,"within_pairs=2768, cross_pairs=382"
THEfr.1,1577,3,bigram_transition,0,1.0000,False,"threshold=0.012821, p25"
THEfr.1,1577,3,boundary_entropy,2,1.0000,False,"threshold=1.0000, median=1.0000"
THEfr.1,1577,3,consensus,0,0.0000,False,"4 strategies, 0 accepted"
THEfr.1,1577,3,ground_truth,0,0.0000,False,0 divider(s)
THEfr.1,1577,3,positional_profile,0,1.0000,False,"start=27, end=11, thr_start=0.333, thr_end=0.333"
THEfr.1,1577,3,viterbi_hmm,0,1.0000,False,"within_pairs=2768, cross_pairs=382"
THEfr.2,1578,3,bigram_transition,0,1.0000,False,"threshold=0.012821, p25"
THEfr.2,1578,3,boundary_entropy,2,1.0000,False,"threshold=1.0000, median=1.0000"
THEfr.2,1578,3,consensus,0,0.0000,False,"4 strategies, 0 accepted"
THEfr.2,1578,3,ground_truth,0,0.0000,False,0 divider(s)
THEfr.2,1578,3,positional_profile,0,1.0000,False,"start=27, end=11, thr_start=0.333, thr_end=0.333"
THEfr.2,1578,3,viterbi_hmm,2,1.0000,False,"within_pairs=2768, cross_pairs=382"
THEfr.3,1579,3,bigram_transition,0,1.0000,False,"threshold=0.012821, p25"
THEfr.3,1579,3,boundary_entropy,2,1.0000,False,"threshold=1.0000, median=1.0000"
THEfr.3,1579,3,consensus,0,0.0000,False,"4 strategies, 0 accepted"
THEfr.3,1579,3,ground_truth,0,0.0000,False,0 divider(s)
THEfr.3,1579,3,positional_profile,0,1.0000,False,"start=27, end=11, thr_start=0.333, thr_end=0.333"
THEfr.3,1579,3,viterbi_hmm,2,1.0000,False,"within_pairs=2768, cross_pairs=382"
THEtab.4,1580,9,bigram_transition,0,1.0000,False,"threshold=0.012821, p25"
THEtab.4,1580,9,boundary_entropy,2,1.0000,False,"threshold=1.0000, median=1.0000"
THEtab.4,1580,9,consensus,0,0.0000,False,"4 strategies, 0 accepted"
THEtab.4,1580,9,ground_truth,0,0.0000,False,0 divider(s)
THEtab.4,1580,9,positional_profile,0,1.0000,False,"start=27, end=11, thr_start=0.333, thr_end=0.333"
THEtab.4,1580,9,viterbi_hmm,4,1.0000,False,"within_pairs=2768, cross_pairs=382"
THEtab.5,1581,6,bigram_transition,1,1.0000,True,"threshold=0.012821, p25"
THEtab.5,1581,6,boundary_entropy,5,1.0000,True,"threshold=1.0000, median=1.0000"
THEtab.5,1581,6,consensus,1,1.0000,True,"4 strategies, 1 accepted"
THEtab.5,1581,6,ground_truth,1,1.0000,True,1 divider(s)
THEtab.5,1581,6,positional_profile,1,1.0000,True,"start=27, end=11, thr_start=0.333, thr_end=0.333"
THEtab.5,1581,6,viterbi_hmm,1,1.0000,True,"within_pairs=2768, cross_pairs=382"
THEtab.6,1582,8,bigram_transition,0,1.0000,False,"threshold=0.012821, p25"
THEtab.6,1582,8,boundary_entropy,0,1.0000,False,"threshold=1.0000, median=1.0000"
THEtab.6,1582,8,consensus,0,0.0000,False,"4 strategies, 0 accepted"
THEtab.6,1582,8,ground_truth,0,0.0000,False,0 divider(s)
THEtab.6,1582,8,positional_profile,0,1.0000,False,"start=27, end=11, thr_start=0.333, thr_end=0.333"
THEtab.6,1582,8,viterbi_hmm,6,1.0000,False,"within_pairs=2768, cross_pairs=382"
TIZb1,1591,4,bigram_transition,1,1.0000,False,"threshold=0.012821, p25"
TIZb1,1591,4,boundary_entropy,2,1.0000,False,"threshold=1.0000, median=1.0000"
TIZb1,1591,4,consensus,0,0.0000,False,"4 strategies, 0 accepted"
TIZb1,1591,4,ground_truth,0,0.0000,False,0 divider(s)
TIZb1,1591,4,positional_profile,0,1.0000,False,"start=27, end=11, thr_start=0.333, thr_end=0.333"
TIZb1,1591,4,viterbi_hmm,2,1.0000,False,"within_pairs=2768, cross_pairs=382"
TLZa1,1592,32,bigram_transition,3,1.0000,True,"threshold=0.012821, p25"
TLZa1,1592,32,boundary_entropy,27,1.0000,True,"threshold=1.0000, median=1.0000"
TLZa1,1592,32,consensus,3,1.0000,True,"4 strategies, 3 accepted"
TLZa1,1592,32,ground_truth,3,1.0000,True,3 divider(s)
TLZa1,1592,32,positional_profile,3,1.0000,True,"start=27, end=11, thr_start=0.333, thr_end=0.333"
TLZa1,1592,32,viterbi_hmm,4,1.0000,True,"within_pairs=2768, cross_pairs=382"
TRAZb1,1593,4,bigram_transition,0,1.0000,False,"threshold=0.012821, p25"
TRAZb1,1593,4,boundary_entropy,3,1.0000,False,"threshold=1.0000, median=1.0000"
TRAZb1,1593,4,consensus,0,0.0000,False,"4 strategies, 0 accepted"
TRAZb1,1593,4,ground_truth,0,0.0000,False,0 divider(s)
TRAZb1,1593,4,positional_profile,0,1.0000,False,"start=27, end=11, thr_start=0.333, thr_end=0.333"
TRAZb1,1593,4,viterbi_hmm,1,1.0000,False,"within_pairs=2768, cross_pairs=382"
TROZg1,1594,5,bigram_transition,0,1.0000,False,"threshold=0.012821, p25"
TROZg1,1594,5,boundary_entropy,4,1.0000,False,"threshold=1.0000, median=1.0000"
TROZg1,1594,5,consensus,0,0.0000,False,"4 strategies, 0 accepted"
TROZg1,1594,5,ground_truth,0,0.0000,False,0 divider(s)
TROZg1,1594,5,positional_profile,0,1.0000,False,"start=27, end=11, thr_start=0.333, thr_end=0.333"
TROZg1,1594,5,viterbi_hmm,1,1.0000,False,"within_pairs=2768, cross_pairs=382"
TROZg2,1595,5,bigram_transition,0,1.0000,False,"threshold=0.012821, p25"
TROZg2,1595,5,boundary_entropy,4,1.0000,False,"threshold=1.0000, median=1.0000"
TROZg2,1595,5,consensus,0,0.0000,False,"4 strategies, 0 accepted"
TROZg2,1595,5,ground_truth,0,0.0000,False,0 divider(s)
TROZg2,1595,5,positional_profile,0,1.0000,False,"start=27, end=11, thr_start=0.333, thr_end=0.333"
TROZg2,1595,5,viterbi_hmm,2,1.0000,False,"within_pairs=2768, cross_pairs=382"
TRYZb1,1596,9,bigram_transition,0,1.0000,False,"threshold=0.012821, p25"
TRYZb1,1596,9,boundary_entropy,8,1.0000,False,"threshold=1.0000, median=1.0000"
TRYZb1,1596,9,consensus,0,0.0000,False,"4 strategies, 0 accepted"
TRYZb1,1596,9,ground_truth,0,0.0000,False,0 divider(s)
TRYZb1,1596,9,positional_profile,0,1.0000,False,"start=27, end=11, thr_start=0.333, thr_end=0.333"
TRYZb1,1596,9,viterbi_hmm,3,1.0000,False,"within_pairs=2768, cross_pairs=382"
TY2,1597,62,bigram_transition,0,1.0000,False,"threshold=0.012821, p25"
TY2,1597,62,boundary_entropy,26,1.0000,False,"threshold=1.0000, median=1.0000"
TY2,1597,62,consensus,0,0.0000,False,"4 strategies, 0 accepted"
TY2,1597,62,ground_truth,0,0.0000,False,0 divider(s)
TY2,1597,62,positional_profile,0,1.0000,False,"start=27, end=11, thr_start=0.333, thr_end=0.333"
TY2,1597,62,viterbi_hmm,29,1.0000,False,"within_pairs=2768, cross_pairs=382"
TY3a,1598,73,bigram_transition,2,1.0000,True,"threshold=0.012821, p25"
TY3a,1598,73,boundary_entropy,26,1.0000,True,"threshold=1.0000, median=1.0000"
TY3a,1598,73,consensus,1,1.0000,True,"4 strategies, 1 accepted"
TY3a,1598,73,ground_truth,1,1.0000,True,1 divider(s)
TY3a,1598,73,positional_profile,1,1.0000,True,"start=27, end=11, thr_start=0.333, thr_end=0.333"
TY3a,1598,73,viterbi_hmm,12,1.0000,True,"within_pairs=2768, cross_pairs=382"
TY3b,1599,28,bigram_transition,0,1.0000,False,"threshold=0.012821, p25"
TY3b,1599,28,boundary_entropy,8,1.0000,False,"threshold=1.0000, median=1.0000"
TY3b,1599,28,consensus,0,0.0000,False,"4 strategies, 0 accepted"
TY3b,1599,28,ground_truth,0,0.0000,False,0 divider(s)
TY3b,1599,28,positional_profile,0,1.0000,False,"start=27, end=11, thr_start=0.333, thr_end=0.333"
TY3b,1599,28,viterbi_hmm,14,1.0000,False,"within_pairs=2768, cross_pairs=382"
TYWc5,1600,1,bigram_transition,0,1.0000,False,"threshold=0.012821, p25"
TYWc5,1600,1,boundary_entropy,0,1.0000,False,"threshold=1.0000, median=1.0000"
TYWc5,1600,1,consensus,0,0.0000,False,"4 strategies, 0 accepted"
TYWc5,1600,1,ground_truth,0,0.0000,False,0 divider(s)
TYWc5,1600,1,positional_profile,0,1.0000,False,"start=27, end=11, thr_start=0.333, thr_end=0.333"
TYWc5,1600,1,viterbi_hmm,0,1.0000,False,too short
TYZb4,1601,5,bigram_transition,2,1.0000,False,"threshold=0.012821, p25"
TYZb4,1601,5,boundary_entropy,3,1.0000,False,"threshold=1.0000, median=1.0000"
TYZb4,1601,5,consensus,1,0.7500,False,"4 strategies, 1 accepted"
TYZb4,1601,5,ground_truth,0,0.0000,False,0 divider(s)
TYZb4,1601,5,positional_profile,0,1.0000,False,"start=27, end=11, thr_start=0.333, thr_end=0.333"
TYZb4,1601,5,viterbi_hmm,2,1.0000,False,"within_pairs=2768, cross_pairs=382"
TYZg1,1602,4,bigram_transition,0,1.0000,False,"threshold=0.012821, p25"
TYZg1,1602,4,boundary_entropy,3,1.0000,False,"threshold=1.0000, median=1.0000"
TYZg1,1602,4,consensus,0,0.0000,False,"4 strategies, 0 accepted"
TYZg1,1602,4,ground_truth,0,0.0000,False,0 divider(s)
TYZg1,1602,4,positional_profile,0,1.0000,False,"start=27, end=11, thr_start=0.333, thr_end=0.333"
TYZg1,1602,4,viterbi_hmm,2,1.0000,False,"within_pairs=2768, cross_pairs=382"
VRYZa1,1603,9,bigram_transition,1,1.0000,True,"threshold=0.012821, p25"
VRYZa1,1603,9,boundary_entropy,8,1.0000,True,"threshold=1.0000, median=1.0000"
VRYZa1,1603,9,consensus,1,1.0000,True,"4 strategies, 1 accepted"
VRYZa1,1603,9,ground_truth,1,1.0000,True,1 divider(s)
VRYZa1,1603,9,positional_profile,1,1.0000,True,"start=27, end=11, thr_start=0.333, thr_end=0.333"
VRYZa1,1603,9,viterbi_hmm,1,1.0000,True,"within_pairs=2768, cross_pairs=382"
VRYZb2,1716,2,bigram_transition,0,1.0000,False,"threshold=0.012821, p25"
VRYZb2,1716,2,boundary_entropy,1,1.0000,False,"threshold=1.0000, median=1.0000"
VRYZb2,1716,2,consensus,0,0.0000,False,"4 strategies, 0 accepted"
VRYZb2,1716,2,ground_truth,0,0.0000,False,0 divider(s)
VRYZb2,1716,2,positional_profile,0,1.0000,False,"start=27, end=11, thr_start=0.333, thr_end=0.333"
VRYZb2,1716,2,viterbi_hmm,1,1.0000,False,"within_pairs=2768, cross_pairs=382"
VRYZb3,1717,2,bigram_transition,0,1.0000,False,"threshold=0.012821, p25"
VRYZb3,1717,2,boundary_entropy,1,1.0000,False,"threshold=1.0000, median=1.0000"
VRYZb3,1717,2,consensus,0,0.0000,False,"4 strategies, 0 accepted"
VRYZb3,1717,2,ground_truth,0,0.0000,False,0 divider(s)
VRYZb3,1717,2,positional_profile,0,1.0000,False,"start=27, end=11, thr_start=0.333, thr_end=0.333"
VRYZb3,1717,2,viterbi_hmm,1,1.0000,False,"within_pairs=2768, cross_pairs=382"
ZA10a,1616,38,bigram_transition,0,1.0000,False,"threshold=0.012821, p25"
ZA10a,1616,38,boundary_entropy,22,1.0000,False,"threshold=1.0000, median=1.0000"
ZA10a,1616,38,consensus,0,0.0000,False,"4 strategies, 0 accepted"
ZA10a,1616,38,ground_truth,0,0.0000,False,0 divider(s)
ZA10a,1616,38,positional_profile,0,1.0000,False,"start=27, end=11, thr_start=0.333, thr_end=0.333"
ZA10a,1616,38,viterbi_hmm,7,1.0000,False,"within_pairs=2768, cross_pairs=382"
ZA10b,1617,48,bigram_transition,0,1.0000,False,"threshold=0.012821, p25"
ZA10b,1617,48,boundary_entropy,21,1.0000,False,"threshold=1.0000, median=1.0000"
ZA10b,1617,48,consensus,0,0.0000,False,"4 strategies, 0 accepted"
ZA10b,1617,48,ground_truth,0,0.0000,False,0 divider(s)
ZA10b,1617,48,positional_profile,0,1.0000,False,"start=27, end=11, thr_start=0.333, thr_end=0.333"
ZA10b,1617,48,viterbi_hmm,25,1.0000,False,"within_pairs=2768, cross_pairs=382"
ZA11a,1618,46,bigram_transition,4,1.0000,True,"threshold=0.012821, p25"
ZA11a,1618,46,boundary_entropy,31,1.0000,True,"threshold=1.0000, median=1.0000"
ZA11a,1618,46,consensus,3,1.0000,True,"4 strategies, 3 accepted"
ZA11a,1618,46,ground_truth,3,1.0000,True,3 divider(s)
ZA11a,1618,46,positional_profile,3,1.0000,True,"start=27, end=11, thr_start=0.333, thr_end=0.333"
ZA11a,1618,46,viterbi_hmm,8,1.0000,True,"within_pairs=2768, cross_pairs=382"
ZA11b,1619,29,bigram_transition,7,1.0000,True,"threshold=0.012821, p25"
ZA11b,1619,29,boundary_entropy,16,1.0000,True,"threshold=1.0000, median=1.0000"
ZA11b,1619,29,consensus,3,1.0000,True,"4 strategies, 3 accepted"
ZA11b,1619,29,ground_truth,3,1.0000,True,3 divider(s)
ZA11b,1619,29,positional_profile,3,1.0000,True,"start=27, end=11, thr_start=0.333, thr_end=0.333"
ZA11b,1619,29,viterbi_hmm,7,1.0000,True,"within_pairs=2768, cross_pairs=382"
ZA12a,1620,14,bigram_transition,0,1.0000,False,"threshold=0.012821, p25"
ZA12a,1620,14,boundary_entropy,3,1.0000,False,"threshold=1.0000, median=1.0000"
ZA12a,1620,14,consensus,0,0.0000,False,"4 strategies, 0 accepted"
ZA12a,1620,14,ground_truth,0,0.0000,False,0 divider(s)
ZA12a,1620,14,positional_profile,0,1.0000,False,"start=27, end=11, thr_start=0.333, thr_end=0.333"
ZA12a,1620,14,viterbi_hmm,12,1.0000,False,"within_pairs=2768, cross_pairs=382"
ZA12b,1621,16,bigram_transition,0,1.0000,False,"threshold=0.012821, p25"
ZA12b,1621,16,boundary_entropy,6,1.0000,False,"threshold=1.0000, median=1.0000"
ZA12b,1621,16,consensus,0,0.0000,False,"4 strategies, 0 accepted"
ZA12b,1621,16,ground_truth,0,0.0000,False,0 divider(s)
ZA12b,1621,16,positional_profile,0,1.0000,False,"start=27, end=11, thr_start=0.333, thr_end=0.333"
ZA12b,1621,16,viterbi_hmm,13,1.0000,False,"within_pairs=2768, cross_pairs=382"
ZA13,1622,6,bigram_transition,0,1.0000,False,"threshold=0.012821, p25"
ZA13,1622,6,boundary_entropy,5,1.0000,False,"threshold=1.0000, median=1.0000"
ZA13,1622,6,consensus,0,0.0000,False,"4 strategies, 0 accepted"
ZA13,1622,6,ground_truth,0,0.0000,False,0 divider(s)
ZA13,1622,6,positional_profile,0,1.0000,False,"start=27, end=11, thr_start=0.333, thr_end=0.333"
ZA13,1622,6,viterbi_hmm,4,1.0000,False,"within_pairs=2768, cross_pairs=382"
ZA14,1623,36,bigram_transition,0,1.0000,False,"threshold=0.012821, p25"
ZA14,1623,36,boundary_entropy,19,1.0000,False,"threshold=1.0000, median=1.0000"
ZA14,1623,36,consensus,0,0.0000,False,"4 strategies, 0 accepted"
ZA14,1623,36,ground_truth,0,0.0000,False,0 divider(s)
ZA14,1623,36,positional_profile,0,1.0000,False,"start=27, end=11, thr_start=0.333, thr_end=0.333"
ZA14,1623,36,viterbi_hmm,22,1.0000,False,"within_pairs=2768, cross_pairs=382"
ZA15a,1624,46,bigram_transition,0,1.0000,False,"threshold=0.012821, p25"
ZA15a,1624,46,boundary_entropy,29,1.0000,False,"threshold=1.0000, median=1.0000"
ZA15a,1624,46,consensus,0,0.0000,False,"4 strategies, 0 accepted"
ZA15a,1624,46,ground_truth,0,0.0000,False,0 divider(s)
ZA15a,1624,46,positional_profile,0,1.0000,False,"start=27, end=11, thr_start=0.333, thr_end=0.333"
ZA15a,1624,46,viterbi_hmm,30,1.0000,False,"within_pairs=2768, cross_pairs=382"
ZA15b,1625,15,bigram_transition,2,1.0000,True,"threshold=0.012821, p25"
ZA15b,1625,15,boundary_entropy,5,1.0000,True,"threshold=1.0000, median=1.0000"
ZA15b,1625,15,consensus,2,1.0000,True,"4 strategies, 2 accepted"
ZA15b,1625,15,ground_truth,2,1.0000,True,2 divider(s)
ZA15b,1625,15,positional_profile,2,1.0000,True,"start=27, end=11, thr_start=0.333, thr_end=0.333"
ZA15b,1625,15,viterbi_hmm,9,1.0000,True,"within_pairs=2768, cross_pairs=382"
ZA16,1626,14,bigram_transition,1,1.0000,False,"threshold=0.012821, p25"
ZA16,1626,14,boundary_entropy,9,1.0000,False,"threshold=1.0000, median=1.0000"
ZA16,1626,14,consensus,0,0.0000,False,"4 strategies, 0 accepted"
ZA16,1626,14,ground_truth,0,0.0000,False,0 divider(s)
ZA16,1626,14,positional_profile,0,1.0000,False,"start=27, end=11, thr_start=0.333, thr_end=0.333"
ZA16,1626,14,viterbi_hmm,6,1.0000,False,"within_pairs=2768, cross_pairs=382"
ZA17,1627,3,bigram_transition,0,1.0000,False,"threshold=0.012821, p25"
ZA17,1627,3,boundary_entropy,2,1.0000,False,"threshold=1.0000, median=1.0000"
ZA17,1627,3,consensus,0,0.0000,False,"4 strategies, 0 accepted"
ZA17,1627,3,ground_truth,0,0.0000,False,0 divider(s)
ZA17,1627,3,positional_profile,0,1.0000,False,"start=27, end=11, thr_start=0.333, thr_end=0.333"
ZA17,1627,3,viterbi_hmm,0,1.0000,False,"within_pairs=2768, cross_pairs=382"
ZA18a,1628,23,bigram_transition,3,1.0000,True,"threshold=0.012821, p25"
ZA18a,1628,23,boundary_entropy,14,1.0000,True,"threshold=1.0000, median=1.0000"
ZA18a,1628,23,consensus,2,1.0000,True,"4 strategies, 2 accepted"
ZA18a,1628,23,ground_truth,2,1.0000,True,2 divider(s)
ZA18a,1628,23,positional_profile,2,1.0000,True,"start=27, end=11, thr_start=0.333, thr_end=0.333"
ZA18a,1628,23,viterbi_hmm,4,1.0000,True,"within_pairs=2768, cross_pairs=382"
ZA18b,1629,6,bigram_transition,0,1.0000,False,"threshold=0.012821, p25"
ZA18b,1629,6,boundary_entropy,3,1.0000,False,"threshold=1.0000, median=1.0000"
ZA18b,1629,6,consensus,0,0.0000,False,"4 strategies, 0 accepted"
ZA18b,1629,6,ground_truth,0,0.0000,False,0 divider(s)
ZA18b,1629,6,positional_profile,0,1.0000,False,"start=27, end=11, thr_start=0.333, thr_end=0.333"
ZA18b,1629,6,viterbi_hmm,4,1.0000,False,"within_pairs=2768, cross_pairs=382"
ZA19,1630,6,bigram_transition,1,1.0000,False,"threshold=0.012821, p25"
ZA19,1630,6,boundary_entropy,5,1.0000,False,"threshold=1.0000, median=1.0000"
ZA19,1630,6,consensus,0,0.0000,False,"4 strategies, 0 accepted"
ZA19,1630,6,ground_truth,0,0.0000,False,0 divider(s)
ZA19,1630,6,positional_profile,0,1.0000,False,"start=27, end=11, thr_start=0.333, thr_end=0.333"
ZA19,1630,6,viterbi_hmm,2,1.0000,False,"within_pairs=2768, cross_pairs=382"
ZA1a,1604,13,bigram_transition,2,1.0000,True,"threshold=0.012821, p25"
ZA1a,1604,13,boundary_entropy,5,1.0000,True,"threshold=1.0000, median=1.0000"
ZA1a,1604,13,consensus,2,1.0000,True,"4 strategies, 2 accepted"
ZA1a,1604,13,ground_truth,2,1.0000,True,2 divider(s)
ZA1a,1604,13,positional_profile,2,1.0000,True,"start=27, end=11, thr_start=0.333, thr_end=0.333"
ZA1a,1604,13,viterbi_hmm,5,1.0000,True,"within_pairs=2768, cross_pairs=382"
ZA1b,1605,9,bigram_transition,1,1.0000,False,"threshold=0.012821, p25"
ZA1b,1605,9,boundary_entropy,5,1.0000,False,"threshold=1.0000, median=1.0000"
ZA1b,1605,9,consensus,0,0.0000,False,"4 strategies, 0 accepted"
ZA1b,1605,9,ground_truth,0,0.0000,False,0 divider(s)
ZA1b,1605,9,positional_profile,0,1.0000,False,"start=27, end=11, thr_start=0.333, thr_end=0.333"
ZA1b,1605,9,viterbi_hmm,6,1.0000,False,"within_pairs=2768, cross_pairs=382"
ZA20,1631,33,bigram_transition,2,1.0000,True,"threshold=0.012821, p25"
ZA20,1631,33,boundary_entropy,18,1.0000,True,"threshold=1.0000, median=1.0000"
ZA20,1631,33,consensus,1,1.0000,True,"4 strategies, 1 accepted"
ZA20,1631,33,ground_truth,1,1.0000,True,1 divider(s)
ZA20,1631,33,positional_profile,1,1.0000,True,"start=27, end=11, thr_start=0.333, thr_end=0.333"
ZA20,1631,33,viterbi_hmm,2,1.0000,True,"within_pairs=2768, cross_pairs=382"
ZA21a,1632,36,bigram_transition,1,1.0000,False,"threshold=0.012821, p25"
ZA21a,1632,36,boundary_entropy,26,1.0000,False,"threshold=1.0000, median=1.0000"
ZA21a,1632,36,consensus,1,0.7500,False,"4 strategies, 1 accepted"
ZA21a,1632,36,ground_truth,0,0.0000,False,0 divider(s)
ZA21a,1632,36,positional_profile,0,1.0000,False,"start=27, end=11, thr_start=0.333, thr_end=0.333"
ZA21a,1632,36,viterbi_hmm,16,1.0000,False,"within_pairs=2768, cross_pairs=382"
ZA21b,1633,14,bigram_transition,1,1.0000,False,"threshold=0.012821, p25"
ZA21b,1633,14,boundary_entropy,11,1.0000,False,"threshold=1.0000, median=1.0000"
ZA21b,1633,14,consensus,0,0.0000,False,"4 strategies, 0 accepted"
ZA21b,1633,14,ground_truth,0,0.0000,False,0 divider(s)
ZA21b,1633,14,positional_profile,0,1.0000,False,"start=27, end=11, thr_start=0.333, thr_end=0.333"
ZA21b,1633,14,viterbi_hmm,2,1.0000,False,"within_pairs=2768, cross_pairs=382"
ZA22,1634,24,bigram_transition,2,1.0000,True,"threshold=0.012821, p25"
ZA22,1634,24,boundary_entropy,11,1.0000,True,"threshold=1.0000, median=1.0000"
ZA22,1634,24,consensus,1,1.0000,True,"4 strategies, 1 accepted"
ZA22,1634,24,ground_truth,1,1.0000,True,1 divider(s)
ZA22,1634,24,positional_profile,1,1.0000,True,"start=27, end=11, thr_start=0.333, thr_end=0.333"
ZA22,1634,24,viterbi_hmm,1,1.0000,True,"within_pairs=2768, cross_pairs=382"
ZA23,1635,10,bigram_transition,0,1.0000,False,"threshold=0.012821, p25"
ZA23,1635,10,boundary_entropy,9,1.0000,False,"threshold=1.0000, median=1.0000"
ZA23,1635,10,consensus,0,0.0000,False,"4 strategies, 0 accepted"
ZA23,1635,10,ground_truth,0,0.0000,False,0 divider(s)
ZA23,1635,10,positional_profile,0,1.0000,False,"start=27, end=11, thr_start=0.333, thr_end=0.333"
ZA23,1635,10,viterbi_hmm,4,1.0000,False,"within_pairs=2768, cross_pairs=382"
ZA24a,1636,6,bigram_transition,0,1.0000,False,"threshold=0.012821, p25"
ZA24a,1636,6,boundary_entropy,5,1.0000,False,"threshold=1.0000, median=1.0000"
ZA24a,1636,6,consensus,0,0.0000,False,"4 strategies, 0 accepted"
ZA24a,1636,6,ground_truth,0,0.0000,False,0 divider(s)
ZA24a,1636,6,positional_profile,0,1.0000,False,"start=27, end=11, thr_start=0.333, thr_end=0.333"
ZA24a,1636,6,viterbi_hmm,1,1.0000,False,"within_pairs=2768, cross_pairs=382"
ZA24b,1637,4,bigram_transition,0,1.0000,False,"threshold=0.012821, p25"
ZA24b,1637,4,boundary_entropy,3,1.0000,False,"threshold=1.0000, median=1.0000"
ZA24b,1637,4,consensus,0,0.0000,False,"4 strategies, 0 accepted"
ZA24b,1637,4,ground_truth,0,0.0000,False,0 divider(s)
ZA24b,1637,4,positional_profile,0,1.0000,False,"start=27, end=11, thr_start=0.333, thr_end=0.333"
ZA24b,1637,4,viterbi_hmm,0,1.0000,False,"within_pairs=2768, cross_pairs=382"
ZA25,1638,2,bigram_transition,0,1.0000,False,"threshold=0.012821, p25"
ZA25,1638,2,boundary_entropy,1,1.0000,False,"threshold=1.0000, median=1.0000"
ZA25,1638,2,consensus,0,0.0000,False,"4 strategies, 0 accepted"
ZA25,1638,2,ground_truth,0,0.0000,False,0 divider(s)
ZA25,1638,2,positional_profile,0,1.0000,False,"start=27, end=11, thr_start=0.333, thr_end=0.333"
ZA25,1638,2,viterbi_hmm,0,1.0000,False,"within_pairs=2768, cross_pairs=382"
ZA26a,1639,17,bigram_transition,1,1.0000,True,"threshold=0.012821, p25"
ZA26a,1639,17,boundary_entropy,12,1.0000,True,"threshold=1.0000, median=1.0000"
ZA26a,1639,17,consensus,1,1.0000,True,"4 strategies, 1 accepted"
ZA26a,1639,17,ground_truth,1,1.0000,True,1 divider(s)
ZA26a,1639,17,positional_profile,1,1.0000,True,"start=27, end=11, thr_start=0.333, thr_end=0.333"
ZA26a,1639,17,viterbi_hmm,2,1.0000,True,"within_pairs=2768, cross_pairs=382"
ZA26b,1640,4,bigram_transition,0,1.0000,False,"threshold=0.012821, p25"
ZA26b,1640,4,boundary_entropy,1,1.0000,False,"threshold=1.0000, median=1.0000"
ZA26b,1640,4,consensus,0,0.0000,False,"4 strategies, 0 accepted"
ZA26b,1640,4,ground_truth,0,0.0000,False,0 divider(s)
ZA26b,1640,4,positional_profile,0,1.0000,False,"start=27, end=11, thr_start=0.333, thr_end=0.333"
ZA26b,1640,4,viterbi_hmm,3,1.0000,False,"within_pairs=2768, cross_pairs=382"
ZA27,1641,9,bigram_transition,1,1.0000,False,"threshold=0.012821, p25"
ZA27,1641,9,boundary_entropy,6,1.0000,False,"threshold=1.0000, median=1.0000"
ZA27,1641,9,consensus,0,0.0000,False,"4 strategies, 0 accepted"
ZA27,1641,9,ground_truth,0,0.0000,False,0 divider(s)
ZA27,1641,9,positional_profile,0,1.0000,False,"start=27, end=11, thr_start=0.333, thr_end=0.333"
ZA27,1641,9,viterbi_hmm,0,1.0000,False,"within_pairs=2768, cross_pairs=382"
ZA28,1642,6,bigram_transition,0,1.0000,False,"threshold=0.012821, p25"
ZA28,1642,6,boundary_entropy,3,1.0000,False,"threshold=1.0000, median=1.0000"
ZA28,1642,6,consensus,0,0.0000,False,"4 strategies, 0 accepted"
ZA28,1642,6,ground_truth,0,0.0000,False,0 divider(s)
ZA28,1642,6,positional_profile,0,1.0000,False,"start=27, end=11, thr_start=0.333, thr_end=0.333"
ZA28,1642,6,viterbi_hmm,1,1.0000,False,"within_pairs=2768, cross_pairs=382"
ZA29,1643,9,bigram_transition,1,1.0000,False,"threshold=0.012821, p25"
ZA29,1643,9,boundary_entropy,6,1.0000,False,"threshold=1.0000, median=1.0000"
ZA29,1643,9,consensus,1,0.7500,False,"4 strategies, 1 accepted"
ZA29,1643,9,ground_truth,0,0.0000,False,0 divider(s)
ZA29,1643,9,positional_profile,0,1.0000,False,"start=27, end=11, thr_start=0.333, thr_end=0.333"
ZA29,1643,9,viterbi_hmm,4,1.0000,False,"within_pairs=2768, cross_pairs=382"
ZA30,1644,6,bigram_transition,1,1.0000,False,"threshold=0.012821, p25"
ZA30,1644,6,boundary_entropy,3,1.0000,False,"threshold=1.0000, median=1.0000"
ZA30,1644,6,consensus,1,0.7500,False,"4 strategies, 1 accepted"
ZA30,1644,6,ground_truth,0,0.0000,False,0 divider(s)
ZA30,1644,6,positional_profile,0,1.0000,False,"start=27, end=11, thr_start=0.333, thr_end=0.333"
ZA30,1644,6,viterbi_hmm,3,1.0000,False,"within_pairs=2768, cross_pairs=382"
ZA31,1645,6,bigram_transition,0,1.0000,False,"threshold=0.012821, p25"
ZA31,1645,6,boundary_entropy,3,1.0000,False,"threshold=1.0000, median=1.0000"
ZA31,1645,6,consensus,0,0.0000,False,"4 strategies, 0 accepted"
ZA31,1645,6,ground_truth,0,0.0000,False,0 divider(s)
ZA31,1645,6,positional_profile,0,1.0000,False,"start=27, end=11, thr_start=0.333, thr_end=0.333"
ZA31,1645,6,viterbi_hmm,3,1.0000,False,"within_pairs=2768, cross_pairs=382"
ZA32,1646,5,bigram_transition,1,1.0000,False,"threshold=0.012821, p25"
ZA32,1646,5,boundary_entropy,4,1.0000,False,"threshold=1.0000, median=1.0000"
ZA32,1646,5,consensus,1,0.7500,False,"4 strategies, 1 accepted"
ZA32,1646,5,ground_truth,0,0.0000,False,0 divider(s)
ZA32,1646,5,positional_profile,0,1.0000,False,"start=27, end=11, thr_start=0.333, thr_end=0.333"
ZA32,1646,5,viterbi_hmm,1,1.0000,False,"within_pairs=2768, cross_pairs=382"
ZA33,1647,6,bigram_transition,0,1.0000,False,"threshold=0.012821, p25"
ZA33,1647,6,boundary_entropy,2,1.0000,False,"threshold=1.0000, median=1.0000"
ZA33,1647,6,consensus,0,0.0000,False,"4 strategies, 0 accepted"
ZA33,1647,6,ground_truth,0,0.0000,False,0 divider(s)
ZA33,1647,6,positional_profile,0,1.0000,False,"start=27, end=11, thr_start=0.333, thr_end=0.333"
ZA33,1647,6,viterbi_hmm,4,1.0000,False,"within_pairs=2768, cross_pairs=382"
ZA4a,1606,57,bigram_transition,3,1.0000,True,"threshold=0.012821, p25"
ZA4a,1606,57,boundary_entropy,31,1.0000,True,"threshold=1.0000, median=1.0000"
ZA4a,1606,57,consensus,2,1.0000,True,"4 strategies, 2 accepted"
ZA4a,1606,57,ground_truth,2,1.0000,True,2 divider(s)
ZA4a,1606,57,positional_profile,2,1.0000,True,"start=27, end=11, thr_start=0.333, thr_end=0.333"
ZA4a,1606,57,viterbi_hmm,5,1.0000,True,"within_pairs=2768, cross_pairs=382"
ZA4b,1607,6,bigram_transition,1,1.0000,False,"threshold=0.012821, p25"
ZA4b,1607,6,boundary_entropy,1,1.0000,False,"threshold=1.0000, median=1.0000"
ZA4b,1607,6,consensus,1,0.7500,False,"4 strategies, 1 accepted"
ZA4b,1607,6,ground_truth,0,0.0000,False,0 divider(s)
ZA4b,1607,6,positional_profile,0,1.0000,False,"start=27, end=11, thr_start=0.333, thr_end=0.333"
ZA4b,1607,6,viterbi_hmm,5,1.0000,False,"within_pairs=2768, cross_pairs=382"
ZA5a,1608,24,bigram_transition,1,1.0000,True,"threshold=0.012821, p25"
ZA5a,1608,24,boundary_entropy,18,1.0000,True,"threshold=1.0000, median=1.0000"
ZA5a,1608,24,consensus,1,1.0000,True,"4 strategies, 1 accepted"
ZA5a,1608,24,ground_truth,1,1.0000,True,1 divider(s)
ZA5a,1608,24,positional_profile,1,1.0000,True,"start=27, end=11, thr_start=0.333, thr_end=0.333"
ZA5a,1608,24,viterbi_hmm,1,1.0000,True,"within_pairs=2768, cross_pairs=382"
ZA5b,1609,15,bigram_transition,1,1.0000,False,"threshold=0.012821, p25"
ZA5b,1609,15,boundary_entropy,8,1.0000,False,"threshold=1.0000, median=1.0000"
ZA5b,1609,15,consensus,1,0.7500,False,"4 strategies, 1 accepted"
ZA5b,1609,15,ground_truth,0,0.0000,False,0 divider(s)
ZA5b,1609,15,positional_profile,0,1.0000,False,"start=27, end=11, thr_start=0.333, thr_end=0.333"
ZA5b,1609,15,viterbi_hmm,3,1.0000,False,"within_pairs=2768, cross_pairs=382"
ZA6a,1610,49,bigram_transition,2,1.0000,True,"threshold=0.012821, p25"
ZA6a,1610,49,boundary_entropy,25,1.0000,True,"threshold=1.0000, median=1.0000"
ZA6a,1610,49,consensus,1,1.0000,True,"4 strategies, 1 accepted"
ZA6a,1610,49,ground_truth,1,1.0000,True,1 divider(s)
ZA6a,1610,49,positional_profile,1,1.0000,True,"start=27, end=11, thr_start=0.333, thr_end=0.333"
ZA6a,1610,49,viterbi_hmm,2,1.0000,True,"within_pairs=2768, cross_pairs=382"
ZA6b,1611,27,bigram_transition,0,1.0000,False,"threshold=0.012821, p25"
ZA6b,1611,27,boundary_entropy,14,1.0000,False,"threshold=1.0000, median=1.0000"
ZA6b,1611,27,consensus,0,0.0000,False,"4 strategies, 0 accepted"
ZA6b,1611,27,ground_truth,0,0.0000,False,0 divider(s)
ZA6b,1611,27,positional_profile,0,1.0000,False,"start=27, end=11, thr_start=0.333, thr_end=0.333"
ZA6b,1611,27,viterbi_hmm,21,1.0000,False,"within_pairs=2768, cross_pairs=382"
ZA7a,1612,13,bigram_transition,0,1.0000,False,"threshold=0.012821, p25"
ZA7a,1612,13,boundary_entropy,8,1.0000,False,"threshold=1.0000, median=1.0000"
ZA7a,1612,13,consensus,0,0.0000,False,"4 strategies, 0 accepted"
ZA7a,1612,13,ground_truth,0,0.0000,False,0 divider(s)
ZA7a,1612,13,positional_profile,0,1.0000,False,"start=27, end=11, thr_start=0.333, thr_end=0.333"
ZA7a,1612,13,viterbi_hmm,6,1.0000,False,"within_pairs=2768, cross_pairs=382"
ZA7b,1613,8,bigram_transition,0,1.0000,False,"threshold=0.012821, p25"
ZA7b,1613,8,boundary_entropy,7,1.0000,False,"threshold=1.0000, median=1.0000"
ZA7b,1613,8,consensus,0,0.0000,False,"4 strategies, 0 accepted"
ZA7b,1613,8,ground_truth,0,0.0000,False,0 divider(s)
ZA7b,1613,8,positional_profile,0,1.0000,False,"start=27, end=11, thr_start=0.333, thr_end=0.333"
ZA7b,1613,8,viterbi_hmm,0,1.0000,False,"within_pairs=2768, cross_pairs=382"
ZA8,1614,48,bigram_transition,2,1.0000,True,"threshold=0.012821, p25"
ZA8,1614,48,boundary_entropy,36,1.0000,True,"threshold=1.0000, median=1.0000"
ZA8,1614,48,consensus,2,1.0000,True,"4 strategies, 2 accepted"
ZA8,1614,48,ground_truth,2,1.0000,True,2 divider(s)
ZA8,1614,48,positional_profile,2,1.0000,True,"start=27, end=11, thr_start=0.333, thr_end=0.333"
ZA8,1614,48,viterbi_hmm,3,1.0000,True,"within_pairs=2768, cross_pairs=382"
ZA9,1615,39,bigram_transition,3,1.0000,True,"threshold=0.012821, p25"
ZA9,1615,39,boundary_entropy,26,1.0000,True,"threshold=1.0000, median=1.0000"
ZA9,1615,39,consensus,3,1.0000,True,"4 strategies, 3 accepted"
ZA9,1615,39,ground_truth,3,1.0000,True,3 divider(s)
ZA9,1615,39,positional_profile,3,1.0000,True,"start=27, end=11, thr_start=0.333, thr_end=0.333"
ZA9,1615,39,viterbi_hmm,3,1.0000,True,"within_pairs=2768, cross_pairs=382"
ZAWa36,1648,1,bigram_transition,0,1.0000,False,"threshold=0.012821, p25"
ZAWa36,1648,1,boundary_entropy,0,1.0000,False,"threshold=1.0000, median=1.0000"
ZAWa36,1648,1,consensus,0,0.0000,False,"4 strategies, 0 accepted"
ZAWa36,1648,1,ground_truth,0,0.0000,False,0 divider(s)
ZAWa36,1648,1,positional_profile,0,1.0000,False,"start=27, end=11, thr_start=0.333, thr_end=0.333"
ZAWa36,1648,1,viterbi_hmm,0,1.0000,False,too short
ZAWa38,1649,1,bigram_transition,0,1.0000,False,"threshold=0.012821, p25"
ZAWa38,1649,1,boundary_entropy,0,1.0000,False,"threshold=1.0000, median=1.0000"
ZAWa38,1649,1,consensus,0,0.0000,False,"4 strategies, 0 accepted"
ZAWa38,1649,1,ground_truth,0,0.0000,False,0 divider(s)
ZAWa38,1649,1,positional_profile,0,1.0000,False,"start=27, end=11, thr_start=0.333, thr_end=0.333"
ZAWa38,1649,1,viterbi_hmm,0,1.0000,False,too short
ZAWb37,1650,1,bigram_transition,0,1.0000,False,"threshold=0.012821, p25"
ZAWb37,1650,1,boundary_entropy,0,1.0000,False,"threshold=1.0000, median=1.0000"
ZAWb37,1650,1,consensus,0,0.0000,False,"4 strategies, 0 accepted"
ZAWb37,1650,1,ground_truth,0,0.0000,False,0 divider(s)
ZAWb37,1650,1,positional_profile,0,1.0000,False,"start=27, end=11, thr_start=0.333, thr_end=0.333"
ZAWb37,1650,1,viterbi_hmm,0,1.0000,False,too short
ZAWc2,1651,14,bigram_transition,0,1.0000,False,"threshold=0.012821, p25"
ZAWc2,1651,14,boundary_entropy,13,1.0000,False,"threshold=1.0000, median=1.0000"
ZAWc2,1651,14,consensus,0,0.0000,False,"4 strategies, 0 accepted"
ZAWc2,1651,14,ground_truth,0,0.0000,False,0 divider(s)
ZAWc2,1651,14,positional_profile,0,1.0000,False,"start=27, end=11, thr_start=0.333, thr_end=0.333"
ZAWc2,1651,14,viterbi_hmm,11,1.0000,False,"within_pairs=2768, cross_pairs=382"
ZAZb3,1652,29,bigram_transition,4,1.0000,True,"threshold=0.012821, p25"
ZAZb3,1652,29,boundary_entropy,22,1.0000,True,"threshold=1.0000, median=1.0000"
ZAZb3,1652,29,consensus,2,1.0000,True,"4 strategies, 2 accepted"
ZAZb3,1652,29,ground_truth,2,1.0000,True,2 divider(s)
ZAZb3,1652,29,positional_profile,2,1.0000,True,"start=27, end=11, thr_start=0.333, thr_end=0.333"
ZAZb3,1652,29,viterbi_hmm,7,1.0000,True,"within_pairs=2768, cross_pairs=382"
ZAZb34,1653,11,bigram_transition,2,1.0000,True,"threshold=0.012821, p25"
ZAZb34,1653,11,boundary_entropy,7,1.0000,True,"threshold=1.0000, median=1.0000"
ZAZb34,1653,11,consensus,2,1.0000,True,"4 strategies, 2 accepted"
ZAZb34,1653,11,ground_truth,2,1.0000,True,2 divider(s)
ZAZb34,1653,11,positional_profile,2,1.0000,True,"start=27, end=11, thr_start=0.333, thr_end=0.333"
ZAZb34,1653,11,viterbi_hmm,3,1.0000,True,"within_pairs=2768, cross_pairs=382"
ZAZg34,1654,2,bigram_transition,0,1.0000,False,"threshold=0.012821, p25"
ZAZg34,1654,2,boundary_entropy,0,1.0000,False,"threshold=1.0000, median=1.0000"
ZAZg34,1654,2,consensus,0,0.0000,False,"4 strategies, 0 accepted"
ZAZg34,1654,2,ground_truth,0,0.0000,False,0 divider(s)
ZAZg34,1654,2,positional_profile,0,1.0000,False,"start=27, end=11, thr_start=0.333, thr_end=0.333"
ZAZg34,1654,2,viterbi_hmm,1,1.0000,False,"within_pairs=2768, cross_pairs=382"
ZAZg35,1655,10,bigram_transition,1,1.0000,True,"threshold=0.012821, p25"
ZAZg35,1655,10,boundary_entropy,8,1.0000,True,"threshold=1.0000, median=1.0000"
ZAZg35,1655,10,consensus,1,1.0000,True,"4 strategies, 1 accepted"
ZAZg35,1655,10,ground_truth,1,1.0000,True,1 divider(s)
ZAZg35,1655,10,positional_profile,1,1.0000,True,"start=27, end=11, thr_start=0.333, thr_end=0.333"
ZAZg35,1655,10,viterbi_hmm,1,1.0000,True,"within_pairs=2768, cross_pairs=382"
ZO1,1706,4,bigram_transition,0,1.0000,False,"threshold=0.012821, p25"
ZO1,1706,4,boundary_entropy,0,1.0000,False,"threshold=1.0000, median=1.0000"
ZO1,1706,4,consensus,0,0.0000,False,"4 strategies, 0 accepted"
ZO1,1706,4,ground_truth,0,0.0000,False,0 divider(s)
ZO1,1706,4,positional_profile,0,1.0000,False,"start=27, end=11, thr_start=0.333, thr_end=0.333"
ZO1,1706,4,viterbi_hmm,3,1.0000,False,"within_pairs=2768, cross_pairs=382"
