link_type,sign_a,sign_b,shared_following_sign,shared_preceding_sign,bigram_total,total_common_right,total_common_left,common_right_signs,common_left_signs
consonant-candidate,AB 56,AB 66,AB 02,,56,13,,"AB 01, AB 02, AB 06, AB 09, AB 23",
vowel-candidate,AB 48,AB 02,,AB 66,53,,2,,"AB 01, AB 66"
vowel-candidate,AB 02,AB 03,,AB 66,51,,5,,"AB 24, AB 47, AB 62, AB 65, AB 66"
consonant-candidate,AB 30,AB 66,AB 02,,44,7,,"AB 02, AB 23, AB 24, AB 26, AB 52",
consonant-candidate,AB 66,AB 01,AB 02,,44,14,,"AB 01, AB 02, AB 06, AB 23, AB 24",
vowel-candidate,AB 02,AB 64,,AB 66,44,,1,,AB 66
vowel-candidate,AB 02,AB 59,,AB 66,44,,5,,"AB 01, AB 24, AB 30, AB 47, AB 66"
consonant-candidate,AB 66,AB 69,AB 02,,43,1,,AB 02,
consonant-candidate,AB 66,AB 65,AB 02,,42,11,,"AB 02, AB 03, AB 06, AB 09, AB 23",
vowel-candidate,AB 02,AB 66,,AB 66,42,,5,,"AB 01, AB 24, AB 62, AB 65, AB 66"
consonant-candidate,AB 66,AB 62,AB 02,,41,10,,"AB 02, AB 03, AB 06, AB 09, AB 23",
consonant-candidate,AB 66,AB 24,AB 02,,41,11,,"AB 02, AB 03, AB 06, AB 26, AB 32",
consonant-candidate,AB 66,AB 47,AB 02,,41,10,,"AB 01, AB 02, AB 03, AB 09, AB 26",
vowel-candidate,AB 02,AB 26,,AB 66,41,,7,,"AB 01, AB 24, AB 30, AB 47, AB 62"
vowel-candidate,AB 02,AB 54,,AB 66,41,,4,,"AB 01, AB 24, AB 65, AB 66"
vowel-candidate,AB 44,AB 51,,AB 08,37,,7,,"AB 01, AB 08, AB 26, AB 36, AB 49"
consonant-candidate,AB 08,AB 30,AB 52,,32,10,,"AB 22f, AB 23, AB 24, AB 26, AB 30",
consonant-candidate,AB 30,AB 26,AB 61,,29,4,,"AB 30, AB 49, AB 59, AB 61",
consonant-candidate,AB 30,AB 03,AB 52,,29,7,,"AB 24, AB 26, AB 30, AB 45, AB 49",
consonant-candidate,AB 51,AB 34,AB 06,,29,5,,"AB 04, AB 06, AB 32, AB 51, AB 62",
consonant-candidate,AB 07,AB 30,AB 52,,28,6,,"AB 22f, AB 24, AB 45, AB 49, AB 52",
consonant-candidate,AB 96,AB 51,AB 26,,27,1,,AB 26,
vowel-candidate,AB 52,AB 44,,AB 08,27,,7,,"AB 01, AB 06, AB 08, AB 36, AB 49"
consonant-candidate,AB 51,AB 30,AB 52,,26,7,,"AB 22f, AB 24, AB 26, AB 45, AB 49",
consonant-candidate,AB 30,AB 36,AB 52,,26,7,,"AB 23, AB 24, AB 26, AB 30, AB 49",
consonant-candidate,AB 51,AB 45,AB 06,,26,11,,"AB 01, AB 04, AB 06, AB 08, AB 26",
consonant-candidate,AB 51,AB 05,AB 26,,26,2,,"AB 26, AB 66",
vowel-candidate,AB 48,AB 03,,AB 66,26,,2,,"AB 08, AB 66"
vowel-candidate,AB 62,AB 51,,AB 08,26,,12,,"AB 01, AB 08, AB 23, AB 26, AB 29"
vowel-candidate,AB 44,AB 30,,AB 08,26,,9,,"AB 02, AB 06, AB 08, AB 26, AB 36"
vowel-candidate,AB 10,AB 36,,AB 06,26,,8,,"AB 01, AB 06, AB 24, AB 29, AB 49"
vowel-candidate,AB 02,AB 61,,AB 30,26,,1,,AB 30
consonant-candidate,AB 63,AB 30,AB 61,,25,5,,"AB 43, AB 45, AB 49, AB 52, AB 61",
consonant-candidate,AB 30,AB 44,AB 52,,25,8,,"AB 22f, AB 23, AB 24, AB 30, AB 45",
vowel-candidate,AB 36,AB 44,,AB 08,25,,9,,"AB 01, AB 02, AB 06, AB 08, AB 26"
vowel-candidate,AB 45,AB 44,,AB 08,25,,7,,"AB 01, AB 08, AB 32, AB 51, AB 52"
vowel-candidate,AB 09,AB 44,,AB 08,25,,4,,"AB 08, AB 26, AB 49, AB 62"
vowel-candidate,AB 61,AB 24,,AB 30,25,,1,,AB 30
vowel-candidate,AB 61,AB 22f,,AB 30,25,,1,,AB 30
vowel-candidate,AB 52,AB 77,,AB 30,25,,1,,AB 30
vowel-candidate,AB 52,AB 21f,,AB 30,25,,1,,AB 30
consonant-candidate,AB 59,AB 30,AB 52,,24,6,,"AB 22f, AB 24, AB 26, AB 49, AB 52",
consonant-candidate,AB 30,AB 35,AB 52,,24,4,,"AB 26, AB 30, AB 49, AB 52",
consonant-candidate,AB 51,AB 29,AB 06,,24,12,,"AB 01, AB 04, AB 06, AB 08, AB 26",
consonant-candidate,AB 66,AB 87,AB 29,,24,1,,AB 29,
vowel-candidate,AB 02,AB 24,,AB 56,24,,6,,"AB 01, AB 30, AB 56, AB 62, AB 65"
vowel-candidate,AB 02,AB 51,,AB 56,24,,6,,"AB 01, AB 24, AB 56, AB 62, AB 65"
vowel-candidate,AB 24,AB 44,,AB 08,24,,8,,"AB 01, AB 06, AB 08, AB 36, AB 49"
vowel-candidate,AB 44,AB 49,,AB 08,24,,11,,"AB 06, AB 08, AB 26, AB 32, AB 36"
vowel-candidate,AB 26,AB 37,,AB 51,24,,2,,"AB 04, AB 51"
vowel-candidate,AB 26,AB 38,,AB 51,24,,3,,"AB 03, AB 45, AB 51"
vowel-candidate,AB 61,AB 85,,AB 26,24,,1,,AB 26
vowel-candidate,AB 61,AB 12,,AB 30,24,,1,,AB 30
vowel-candidate,AB 61,AB 77,,AB 30,24,,2,,"AB 30, AB 43"
vowel-candidate,AB 61,AB 21f,,AB 30,24,,1,,AB 30
vowel-candidate,AB 52,AB 111,,AB 30,24,,1,,AB 30
consonant-candidate,AB 30,AB 43,AB 61,,23,2,,"AB 61, AB 77",
consonant-candidate,AB 30,AB 32,AB 61,,23,6,,"AB 23, AB 26, AB 45, AB 49, AB 61",
consonant-candidate,AB 12,AB 08,AB 51,,23,5,,"AB 01, AB 03, AB 26, AB 51, AB 59",
vowel-candidate,AB 02,AB 52,,AB 56,23,,5,,"AB 01, AB 30, AB 56, AB 62, AB 66"
vowel-candidate,AB 02,AB 45,,AB 56,23,,5,,"AB 01, AB 30, AB 56, AB 62, AB 65"
vowel-candidate,AB 62,AB 44,,AB 08,23,,10,,"AB 01, AB 06, AB 08, AB 26, AB 32"
vowel-candidate,AB 50,AB 51,,AB 08,23,,6,,"AB 01, AB 08, AB 29, AB 45, AB 49"
vowel-candidate,AB 44,AB 03,,AB 08,23,,9,,"AB 06, AB 08, AB 32, AB 36, AB 49"
vowel-candidate,AB 44,AB 01,,AB 08,23,,10,,"AB 01, AB 02, AB 06, AB 08, AB 26"
vowel-candidate,AB 44,AB 65,,AB 08,23,,9,,"AB 01, AB 02, AB 06, AB 08, AB 32"
vowel-candidate,AB 51,AB 22f,,AB 08,23,,5,,"AB 08, AB 23, AB 51, AB 59, AB 65"
vowel-candidate,AB 08,AB 12,,AB 52,23,,2,,"AB 01, AB 52"
vowel-candidate,AB 06,AB 37,,AB 51,23,,2,,"AB 26, AB 51"
vowel-candidate,AB 61,AB 111,,AB 30,23,,1,,AB 30
vowel-candidate,AB 61,AB 10,,AB 30,23,,1,,AB 30
vowel-candidate,AB 30,AB 21f,,AB 30,23,,1,,AB 30
consonant-candidate,AB 56,AB 30,AB 02,,22,8,,"AB 02, AB 23, AB 24, AB 30, AB 45",
consonant-candidate,AB 08,AB 90,AB 51,,22,2,,"AB 51, AB 57",
consonant-candidate,AB 30,AB 73,AB 30,,22,1,,AB 30,
consonant-candidate,AB 30,AB 55,AB 30,,22,1,,AB 30,
vowel-candidate,AB 02,AB 30,,AB 56,22,,4,,"AB 24, AB 30, AB 56, AB 62"
vowel-candidate,AB 02,AB 09,,AB 56,22,,5,,"AB 47, AB 56, AB 62, AB 65, AB 66"
vowel-candidate,AB 23,AB 44,,AB 08,22,,8,,"AB 01, AB 06, AB 08, AB 32, AB 36"
vowel-candidate,AB 44,AB 59,,AB 08,22,,7,,"AB 01, AB 06, AB 08, AB 26, AB 36"
vowel-candidate,AB 39,AB 51,,AB 08,22,,2,,"AB 08, AB 51"
vowel-candidate,AB 51,AB 85,,AB 08,22,,3,,"AB 04, AB 08, AB 26"
vowel-candidate,AB 30,AB 111,,AB 30,22,,1,,AB 30
vowel-candidate,AB 88,AB 86,,AB 73,22,,1,,AB 73
consonant-candidate,AB 56,AB 69,AB 02,,21,2,,"AB 02, AB 36",
consonant-candidate,AB 31,AB 06,AB 36,,21,1,,AB 36,
consonant-candidate,AB 48,AB 87,AB 29,,21,1,,AB 29,
consonant-candidate,AB 08,AB 83,AB 44,,21,1,,AB 44,
vowel-candidate,AB 02,AB 01,,AB 56,21,,4,,"AB 01, AB 47, AB 56, AB 66"
vowel-candidate,AB 02,AB 08,,AB 56,21,,4,,"AB 01, AB 24, AB 56, AB 62"
vowel-candidate,AB 02,AB 32,,AB 56,21,,5,,"AB 24, AB 47, AB 56, AB 65, AB 66"
vowel-candidate,AB 02,AB 04,,AB 56,21,,5,,"AB 01, AB 24, AB 47, AB 56, AB 65"
vowel-candidate,AB 29,AB 03,,AB 66,21,,9,,"AB 04, AB 06, AB 08, AB 32, AB 36"
vowel-candidate,AB 66,AB 44,,AB 08,21,,12,,"AB 01, AB 02, AB 06, AB 08, AB 26"
vowel-candidate,AB 44,AB 06,,AB 08,21,,10,,"AB 01, AB 06, AB 08, AB 26, AB 32"
vowel-candidate,AB 44,AB 07,,AB 08,21,,10,,"AB 08, AB 26, AB 32, AB 36, AB 46"
vowel-candidate,AB 63,AB 36,,AB 06,21,,3,,"AB 01, AB 06, AB 09"
vowel-candidate,AB 36,AB 73,,AB 06,21,,5,,"AB 02, AB 04, AB 06, AB 22f, AB 24"
vowel-candidate,AB 30,AB 46,,AB 49,21,,3,,"AB 09, AB 44, AB 49"
consonant-candidate,AB 45,AB 62,AB 06,,20,9,,"AB 06, AB 08, AB 23, AB 26, AB 36",
consonant-candidate,AB 06,AB 69,AB 36,,20,1,,AB 36,
consonant-candidate,AB 06,AB 68,AB 36,,20,1,,AB 36,
consonant-candidate,AB 73,AB 87,AB 29,,20,1,,AB 29,
consonant-candidate,AB 55,AB 49,AB 30,,20,1,,AB 30,
vowel-candidate,AB 02,AB 56,,AB 56,20,,5,,"AB 01, AB 24, AB 56, AB 62, AB 65"
vowel-candidate,AB 02,AB 23,,AB 56,20,,6,,"AB 01, AB 30, AB 56, AB 62, AB 65"
vowel-candidate,AB 02,AB 47,,AB 56,20,,2,,"AB 56, AB 62"
vowel-candidate,AB 50,AB 44,,AB 08,20,,5,,"AB 01, AB 06, AB 08, AB 49, AB 57"
vowel-candidate,AB 44,AB 48,,AB 08,20,,3,,"AB 01, AB 08, AB 73"
vowel-candidate,AB 44,AB 22f,,AB 08,20,,4,,"AB 08, AB 51, AB 52, AB 57"
vowel-candidate,AB 44,AB 32,,AB 08,20,,7,,"AB 06, AB 08, AB 26, AB 32, AB 49"
vowel-candidate,AB 04,AB 12,,AB 52,20,,4,,"AB 01, AB 23, AB 52, AB 57"
vowel-candidate,AB 36,AB 17,,AB 06,20,,3,,"AB 06, AB 49, AB 57"
vowel-candidate,AB 36,AB 53,,AB 06,20,,1,,AB 06
vowel-candidate,AB 50,AB 77,,AB 29,20,,1,,AB 29
vowel-candidate,AB 85,AB 64,,AB 26,20,,1,,AB 26
consonant-candidate,AB 56,AB 47,AB 02,,19,8,,"AB 01, AB 02, AB 04, AB 09, AB 29",
consonant-candidate,AB 07,AB 45,AB 06,,19,8,,"AB 01, AB 04, AB 06, AB 29, AB 36",
consonant-candidate,AB 45,AB 59,AB 06,,19,9,,"AB 01, AB 06, AB 08, AB 26, AB 36",
consonant-candidate,AB 01,AB 28,AB 24,,19,1,,AB 24,
consonant-candidate,AB 44,AB 87,AB 29,,19,1,,AB 29,
consonant-candidate,AB 87,AB 07,AB 29,,19,1,,AB 29,
vowel-candidate,AB 02,AB 65,,AB 56,19,,5,,"AB 01, AB 30, AB 47, AB 56, AB 66"
vowel-candidate,AB 02,AB 96,,AB 56,19,,1,,AB 56
vowel-candidate,AB 02,AB 38,,AB 56,19,,1,,AB 56
vowel-candidate,AB 02,AB 57,,AB 56,19,,4,,"AB 24, AB 47, AB 56, AB 66"
vowel-candidate,AB 02,AB 06,,AB 56,19,,6,,"AB 01, AB 24, AB 56, AB 62, AB 65"
vowel-candidate,AB 02,AB 07,,AB 56,19,,4,,"AB 24, AB 56, AB 62, AB 65"
vowel-candidate,AB 02,AB 13,,AB 56,19,,2,,"AB 56, AB 62"
vowel-candidate,AB 02,AB 36,,AB 56,19,,6,,"AB 01, AB 24, AB 56, AB 62, AB 65"
vowel-candidate,AB 02,AB 34,,AB 56,19,,3,,"AB 24, AB 56, AB 66"
vowel-candidate,AB 02,AB 49,,AB 56,19,,4,,"AB 24, AB 30, AB 56, AB 62"
vowel-candidate,AB 02,AB 29,,AB 56,19,,4,,"AB 01, AB 47, AB 56, AB 66"
vowel-candidate,AB 48,AB 64,,AB 66,19,,1,,AB 66
vowel-candidate,AB 48,AB 59,,AB 66,19,,3,,"AB 01, AB 08, AB 66"
vowel-candidate,AB 44,AB 57,,AB 08,19,,4,,"AB 06, AB 08, AB 36, AB 52"
vowel-candidate,AB 44,AB 26,,AB 08,19,,8,,"AB 01, AB 06, AB 08, AB 32, AB 36"
vowel-candidate,AB 44,AB 54,,AB 08,19,,4,,"AB 01, AB 08, AB 32, AB 52"
vowel-candidate,AB 44,AB 39,,AB 08,19,,2,,"AB 08, AB 51"
vowel-candidate,AB 44,AB 29,,AB 08,19,,9,,"AB 01, AB 02, AB 06, AB 08, AB 32"
vowel-candidate,AB 44,AB 56,,AB 08,19,,11,,"AB 01, AB 02, AB 06, AB 08, AB 26"
vowel-candidate,AB 44,AB 85,,AB 08,19,,2,,"AB 08, AB 26"
vowel-candidate,AB 32,AB 12,,AB 52,19,,1,,AB 52
vowel-candidate,AB 03,AB 12,,AB 52,19,,2,,"AB 52, AB 57"
vowel-candidate,AB 22f,AB 12,,AB 52,19,,4,,"AB 23, AB 30, AB 52, AB 57"
vowel-candidate,AB 24,AB 12,,AB 52,19,,3,,"AB 01, AB 30, AB 52"
vowel-candidate,AB 62,AB 77,,AB 29,19,,1,,AB 29
vowel-candidate,AB 76,AB 85,,AB 26,19,,1,,AB 26
vowel-candidate,AB 61,AB 34,,AB 26,19,,1,,AB 26
consonant-candidate,AB 45,AB 10,AB 06,,18,5,,"AB 06, AB 08, AB 38, AB 51, AB 59",
consonant-candidate,AB 47,AB 23,AB 65,,18,5,,"AB 01, AB 04, AB 26, AB 35, AB 65",
consonant-candidate,AB 64,AB 87,AB 29,,18,1,,AB 29,
consonant-candidate,AB 87,AB 14,AB 29,,18,2,,"AB 29, AB 87",
consonant-candidate,AB 87,AB 88,AB 29,,18,2,,"AB 29, AB 87",
vowel-candidate,AB 32,AB 06,,AB 10,18,,13,,"AB 06, AB 08, AB 10, AB 24, AB 26"
vowel-candidate,AB 03,AB 24,,AB 66,18,,11,,"AB 04, AB 06, AB 08, AB 36, AB 44"
vowel-candidate,AB 06,AB 12,,AB 52,18,,2,,"AB 01, AB 52"
vowel-candidate,AB 56,AB 12,,AB 52,18,,4,,"AB 01, AB 23, AB 52, AB 57"
vowel-candidate,AB 49,AB 12,,AB 52,18,,4,,"AB 23, AB 30, AB 52, AB 57"
vowel-candidate,AB 10,AB 65,,AB 06,18,,5,,"AB 01, AB 06, AB 29, AB 30, AB 49"
vowel-candidate,AB 51,AB 14,,AB 24,18,,4,,"AB 12, AB 24, AB 29, AB 59"
vowel-candidate,AB 07,AB 14,,AB 24,18,,2,,"AB 24, AB 32"
vowel-candidate,AB 01,AB 77,,AB 29,18,,2,,"AB 02, AB 29"
vowel-candidate,AB 38,AB 85,,AB 26,18,,1,,AB 26
vowel-candidate,AB 05,AB 85,,AB 26,18,,1,,AB 26
vowel-candidate,AB 75,AB 85,,AB 26,18,,1,,AB 26
consonant-candidate,AB 50,AB 07,AB 56,,17,7,,"AB 07, AB 24, AB 29, AB 36, AB 56",
consonant-candidate,AB 66,AB 73,AB 48,,17,4,,"AB 01, AB 29, AB 48, AB 66",
consonant-candidate,AB 66,AB 08,AB 48,,17,17,,"AB 01, AB 03, AB 06, AB 09, AB 23",
consonant-candidate,AB 30,AB 23,AB 65,,17,6,,"AB 12, AB 22f, AB 26, AB 30, AB 49",
consonant-candidate,AB 87,AB 61,AB 29,,17,2,,"AB 29, AB 87",
consonant-candidate,AB 87,AB 50,AB 29,,17,1,,AB 29,
consonant-candidate,AB 87,AB 71,AB 29,,17,1,,AB 29,
consonant-candidate,AB 87,AB 08,AB 29,,17,1,,AB 29,
consonant-candidate,AB 87,AB 47,AB 29,,17,1,,AB 29,
consonant-candidate,AB 46,AB 30,AB 49,,17,2,,"AB 30, AB 49",
consonant-candidate,AB 43,AB 29,AB 77,,17,1,,AB 77,
vowel-candidate,AB 38,AB 06,,AB 10,17,,6,,"AB 07, AB 10, AB 26, AB 45, AB 51"
vowel-candidate,AB 06,AB 62,,AB 07,17,,15,,"AB 01, AB 06, AB 07, AB 08, AB 26"
vowel-candidate,AB 48,AB 51,,AB 66,17,,3,,"AB 01, AB 08, AB 66"
vowel-candidate,AB 48,AB 66,,AB 66,17,,4,,"AB 01, AB 08, AB 66, AB 73"
vowel-candidate,AB 48,AB 23,,AB 66,17,,3,,"AB 01, AB 08, AB 66"
vowel-candidate,AB 48,AB 09,,AB 66,17,,2,,"AB 08, AB 66"
vowel-candidate,AB 48,AB 57,,AB 66,17,,2,,"AB 08, AB 66"
vowel-candidate,AB 48,AB 32,,AB 66,17,,2,,"AB 08, AB 66"
vowel-candidate,AB 64,AB 03,,AB 66,17,,2,,"AB 36, AB 66"
vowel-candidate,AB 03,AB 59,,AB 66,17,,11,,"AB 04, AB 06, AB 08, AB 12, AB 24"
vowel-candidate,AB 63,AB 12,,AB 52,17,,3,,"AB 01, AB 23, AB 52"
vowel-candidate,AB 66,AB 12,,AB 52,17,,4,,"AB 01, AB 23, AB 52, AB 57"
vowel-candidate,AB 57,AB 12,,AB 52,17,,1,,AB 52
vowel-candidate,AB 10,AB 62,,AB 06,17,,6,,"AB 01, AB 06, AB 29, AB 49, AB 62"
vowel-candidate,AB 06,AB 71,,AB 62,17,,2,,"AB 32, AB 62"
vowel-candidate,AB 77,AB 87,,AB 29,17,,3,,"AB 02, AB 29, AB 87"
vowel-candidate,AB 88,AB 29,,AB 73,17,,1,,AB 73
vowel-candidate,AB 88,AB 75,,AB 73,17,,1,,AB 73
consonant-candidate,AB 66,AB 07,AB 48,,16,7,,"AB 01, AB 06, AB 24, AB 29, AB 48",
consonant-candidate,AB 48,AB 59,AB 47,,16,2,,"AB 06, AB 47",
consonant-candidate,AB 64,AB 59,AB 06,,16,1,,AB 06,
consonant-candidate,AB 66,AB 10,AB 06,,16,4,,"AB 06, AB 32, AB 51, AB 59",
consonant-candidate,AB 34,AB 03,AB 51,,16,4,,"AB 04, AB 30, AB 32, AB 51",
consonant-candidate,AB 46,AB 57,AB 49,,16,2,,"AB 44, AB 49",
consonant-candidate,AB 46,AB 63,AB 49,,16,1,,AB 49,
consonant-candidate,AB 64,AB 85,AB 46,,16,1,,AB 46,
vowel-candidate,AB 113,AB 06,,AB 10,16,,1,,AB 10
vowel-candidate,AB 31,AB 06,,AB 10,16,,1,,AB 10
vowel-candidate,AB 51,AB 06,,AB 10,16,,15,,"AB 01, AB 08, AB 10, AB 24, AB 26"
vowel-candidate,AB 42,AB 06,,AB 10,16,,1,,AB 10
vowel-candidate,AB 06,AB 22f,,AB 07,16,,6,,"AB 07, AB 08, AB 51, AB 52, AB 59"
vowel-candidate,AB 06,AB 48,,AB 07,16,,4,,"AB 01, AB 07, AB 08, AB 66"
vowel-candidate,AB 06,AB 18,,AB 07,16,,1,,AB 07
vowel-candidate,AB 48,AB 26,,AB 66,16,,3,,"AB 01, AB 08, AB 66"
vowel-candidate,AB 48,AB 34,,AB 66,16,,1,,AB 66
vowel-candidate,AB 48,AB 54,,AB 66,16,,3,,"AB 01, AB 08, AB 66"
vowel-candidate,AB 62,AB 12,,AB 52,16,,3,,"AB 01, AB 23, AB 52"
vowel-candidate,AB 07,AB 12,,AB 52,16,,2,,"AB 23, AB 52"
vowel-candidate,AB 44,AB 12,,AB 52,16,,3,,"AB 01, AB 52, AB 57"
vowel-candidate,AB 54,AB 12,,AB 52,16,,2,,"AB 01, AB 52"
vowel-candidate,AB 45,AB 12,,AB 52,16,,3,,"AB 01, AB 30, AB 52"
vowel-candidate,AB 58,AB 12,,AB 52,16,,1,,AB 52
vowel-candidate,AB 12,AB 79,,AB 52,16,,1,,AB 52
vowel-candidate,AB 12,AB 65,,AB 52,16,,5,,"AB 01, AB 23, AB 30, AB 52, AB 57"
vowel-candidate,AB 32,AB 10,,AB 06,16,,4,,"AB 06, AB 24, AB 49, AB 65"
vowel-candidate,AB 72,AB 23,,AB 36,16,,2,,"AB 13, AB 36"
vowel-candidate,AB 72,AB 62,,AB 36,16,,1,,AB 36
vowel-candidate,AB 76,AB 01,,AB 26,16,,1,,AB 26
vowel-candidate,AB 46,AB 90,,AB 85,16,,1,,AB 85
consonant-candidate,AB 01,AB 07,AB 56,,15,12,,"AB 01, AB 04, AB 06, AB 24, AB 29",
consonant-candidate,AB 49,AB 07,AB 56,,15,10,,"AB 01, AB 04, AB 07, AB 24, AB 36",
consonant-candidate,AB 26,AB 07,AB 56,,15,8,,"AB 01, AB 06, AB 07, AB 36, AB 38",
consonant-candidate,AB 01,AB 14,AB 24,,15,5,,"AB 01, AB 24, AB 26, AB 29, AB 36",
consonant-candidate,AB 49,AB 28,AB 24,,15,1,,AB 24,
consonant-candidate,AB 44,AB 26,AB 01,,15,5,,"AB 01, AB 30, AB 59, AB 66, AB 85",
consonant-candidate,AB 14,AB 26,AB 01,,15,3,,"AB 01, AB 09, AB 36",
consonant-candidate,AB 73,AB 26,AB 01,,15,5,,"AB 01, AB 30, AB 44, AB 66, AB 75",
consonant-candidate,AB 47,AB 26,AB 01,,15,4,,"AB 01, AB 09, AB 32, AB 59",
vowel-candidate,AB 56,AB 06,,AB 10,15,,16,,"AB 01, AB 06, AB 07, AB 08, AB 10"
vowel-candidate,AB 63,AB 06,,AB 10,15,,4,,"AB 01, AB 06, AB 10, AB 52"
vowel-candidate,AB 08,AB 06,,AB 10,15,,13,,"AB 01, AB 06, AB 10, AB 24, AB 29"
vowel-candidate,AB 59,AB 06,,AB 10,15,,12,,"AB 01, AB 06, AB 08, AB 10, AB 24"
vowel-candidate,AB 07,AB 06,,AB 10,15,,14,,"AB 07, AB 08, AB 10, AB 24, AB 26"
vowel-candidate,AB 03,AB 51,,AB 66,15,,10,,"AB 04, AB 08, AB 12, AB 24, AB 36"
vowel-candidate,AB 03,AB 66,,AB 66,15,,15,,"AB 04, AB 06, AB 08, AB 09, AB 24"
vowel-candidate,AB 03,AB 23,,AB 66,15,,10,,"AB 06, AB 08, AB 32, AB 36, AB 44"
vowel-candidate,AB 03,AB 09,,AB 66,15,,6,,"AB 08, AB 47, AB 49, AB 62, AB 65"
vowel-candidate,AB 03,AB 06,,AB 66,15,,10,,"AB 06, AB 08, AB 24, AB 32, AB 36"
vowel-candidate,AB 03,AB 57,,AB 66,15,,8,,"AB 04, AB 06, AB 08, AB 24, AB 36"
vowel-candidate,AB 03,AB 52,,AB 66,15,,8,,"AB 06, AB 08, AB 36, AB 44, AB 49"
vowel-candidate,AB 03,AB 32,,AB 66,15,,10,,"AB 06, AB 08, AB 24, AB 32, AB 47"
vowel-candidate,AB 30,AB 03,,AB 08,15,,9,,"AB 04, AB 06, AB 08, AB 09, AB 24"
vowel-candidate,AB 10,AB 57,,AB 06,15,,2,,"AB 06, AB 24"
vowel-candidate,AB 14,AB 66,,AB 24,15,,4,,"AB 24, AB 29, AB 32, AB 44"
vowel-candidate,AB 14,AB 08,,AB 24,15,,5,,"AB 24, AB 29, AB 32, AB 38, AB 59"
vowel-candidate,AB 49,AB 46,,AB 49,15,,2,,"AB 09, AB 49"
vowel-candidate,AB 23,AB 87,,AB 36,15,,1,,AB 36
vowel-candidate,AB 87,AB 62,,AB 36,15,,2,,"AB 29, AB 36"
vowel-candidate,AB 24,AB 05,,AB 01,15,,1,,AB 01
vowel-candidate,AB 24,AB 33,,AB 01,15,,1,,AB 01
vowel-candidate,AB 75,AB 01,,AB 26,15,,2,,"AB 26, AB 73"
vowel-candidate,AB 88,AB 48,,AB 73,15,,1,,AB 73
vowel-candidate,AB 29,AB 86,,AB 73,15,,2,,"AB 73, AB 86"
vowel-candidate,AB 75,AB 86,,AB 73,15,,1,,AB 73
consonant-candidate,AB 06,AB 12,AB 10,,14,5,,"AB 01, AB 03, AB 10, AB 26, AB 59",
consonant-candidate,AB 36,AB 07,AB 56,,14,11,,"AB 01, AB 04, AB 06, AB 07, AB 24",
consonant-candidate,AB 52,AB 07,AB 56,,14,10,,"AB 04, AB 06, AB 07, AB 22f, AB 24",
consonant-candidate,AB 34,AB 07,AB 56,,14,4,,"AB 04, AB 06, AB 56, AB 62",
consonant-candidate,AB 07,AB 92,AB 56,,14,1,,AB 56,
consonant-candidate,AB 07,AB 13,AB 56,,14,2,,"AB 24, AB 56",
consonant-candidate,AB 29,AB 03,AB 51,,14,9,,"AB 01, AB 04, AB 08, AB 26, AB 49",
consonant-candidate,AB 23,AB 44,AB 65,,14,5,,"AB 01, AB 22f, AB 30, AB 65, AB 66",
consonant-candidate,AB 66,AB 09,AB 03,,14,3,,"AB 03, AB 26, AB 66",
consonant-candidate,AB 66,AB 43,AB 03,,14,1,,AB 03,
consonant-candidate,AB 66,AB 37,AB 03,,14,1,,AB 03,
vowel-candidate,AB 73,AB 87,,AB 61,14,,2,,"AB 02, AB 61"
vowel-candidate,AB 24,AB 51,,AB 56,14,,12,,"AB 01, AB 03, AB 04, AB 08, AB 36"
vowel-candidate,AB 29,AB 64,,AB 66,14,,2,,"AB 36, AB 66"
vowel-candidate,AB 03,AB 65,,AB 66,14,,12,,"AB 04, AB 06, AB 08, AB 32, AB 44"
vowel-candidate,AB 03,AB 26,,AB 66,14,,14,,"AB 04, AB 06, AB 08, AB 09, AB 12"
vowel-candidate,AB 03,AB 01,,AB 66,14,,10,,"AB 06, AB 08, AB 12, AB 32, AB 36"
vowel-candidate,AB 03,AB 34,,AB 66,14,,6,,"AB 04, AB 24, AB 36, AB 49, AB 51"
vowel-candidate,AB 03,AB 54,,AB 66,14,,6,,"AB 08, AB 24, AB 32, AB 52, AB 65"
vowel-candidate,AB 62,AB 09,,AB 08,14,,5,,"AB 08, AB 26, AB 49, AB 62, AB 65"
vowel-candidate,AB 36,AB 03,,AB 08,14,,11,,"AB 04, AB 06, AB 08, AB 09, AB 24"
vowel-candidate,AB 45,AB 03,,AB 08,14,,8,,"AB 04, AB 08, AB 32, AB 44, AB 51"
vowel-candidate,AB 03,AB 08,,AB 52,14,,10,,"AB 04, AB 06, AB 09, AB 24, AB 32"
vowel-candidate,AB 08,AB 22f,,AB 52,14,,4,,"AB 09, AB 51, AB 52, AB 59"
vowel-candidate,AB 10,AB 04,,AB 06,14,,6,,"AB 01, AB 06, AB 24, AB 29, AB 49"
vowel-candidate,AB 72,AB 01,,AB 36,14,,2,,"AB 36, AB 59"
vowel-candidate,AB 72,AB 26,,AB 36,14,,2,,"AB 36, AB 59"
vowel-candidate,AB 76,AB 49,,AB 26,14,,1,,AB 26
vowel-candidate,AB 76,AB 34,,AB 26,14,,1,,AB 26
vowel-candidate,AB 88,AB 44,,AB 73,14,,1,,AB 73
vowel-candidate,AB 88,AB 30,,AB 73,14,,1,,AB 73
vowel-candidate,AB 88,AB 66,,AB 73,14,,1,,AB 73
vowel-candidate,AB 88,AB 01,,AB 73,14,,1,,AB 73
vowel-candidate,AB 88,AB 73,,AB 73,14,,1,,AB 73
consonant-candidate,AB 04,AB 07,AB 56,,13,9,,"AB 04, AB 07, AB 24, AB 29, AB 36",
consonant-candidate,AB 59,AB 07,AB 56,,13,8,,"AB 01, AB 06, AB 22f, AB 24, AB 36",
consonant-candidate,AB 65,AB 07,AB 56,,13,9,,"AB 04, AB 06, AB 07, AB 22f, AB 24",
consonant-candidate,AB 62,AB 07,AB 56,,13,9,,"AB 06, AB 07, AB 24, AB 36, AB 45",
consonant-candidate,AB 56,AB 07,AB 56,,13,13,,"AB 01, AB 04, AB 06, AB 07, AB 24",
consonant-candidate,AB 07,AB 06,AB 56,,13,11,,"AB 01, AB 04, AB 06, AB 24, AB 29",
consonant-candidate,AB 07,AB 22f,AB 56,,13,4,,"AB 01, AB 04, AB 36, AB 56",
consonant-candidate,AB 07,AB 32,AB 56,,13,10,,"AB 01, AB 04, AB 06, AB 07, AB 29",
consonant-candidate,AB 07,AB 02,AB 56,,13,6,,"AB 01, AB 04, AB 29, AB 36, AB 56",
consonant-candidate,AB 24,AB 39,AB 07,,13,1,,AB 07,
consonant-candidate,AB 08,AB 44,AB 52,,13,13,,"AB 01, AB 03, AB 22f, AB 23, AB 24",
consonant-candidate,AB 01,AB 03,AB 52,,13,10,,"AB 01, AB 04, AB 08, AB 24, AB 26",
consonant-candidate,AB 45,AB 26,AB 06,,13,9,,"AB 01, AB 06, AB 36, AB 38, AB 49",
consonant-candidate,AB 45,AB 34,AB 06,,13,5,,"AB 04, AB 06, AB 51, AB 59, AB 62",
consonant-candidate,AB 48,AB 34,AB 06,,13,2,,"AB 06, AB 62",
consonant-candidate,AB 56,AB 28,AB 24,,13,1,,AB 24,
consonant-candidate,AB 08,AB 28,AB 24,,13,1,,AB 24,
consonant-candidate,AB 44,AB 65,AB 24,,13,6,,"AB 03, AB 22f, AB 23, AB 24, AB 45",
consonant-candidate,AB 44,AB 28,AB 24,,13,1,,AB 24,
consonant-candidate,AB 21f,AB 36,AB 23,,13,1,,AB 23,
consonant-candidate,AB 36,AB 38,AB 23,,13,3,,"AB 08, AB 23, AB 59",
consonant-candidate,AB 47,AB 50,AB 65,,13,3,,"AB 29, AB 59, AB 65",
consonant-candidate,AB 47,AB 32,AB 65,,13,7,,"AB 01, AB 03, AB 04, AB 26, AB 29",
consonant-candidate,AB 23,AB 89,AB 65,,13,2,,"AB 65, AB 66",
consonant-candidate,AB 23,AB 21f,AB 65,,13,1,,AB 65,
consonant-candidate,AB 38,AB 52,AB 08,,13,1,,AB 08,
consonant-candidate,AB 96,AB 65,AB 26,,13,1,,AB 26,
consonant-candidate,AB 96,AB 36,AB 26,,13,1,,AB 26,
consonant-candidate,AB 113,AB 24,AB 14,,13,1,,AB 14,
vowel-candidate,AB 24,AB 52,,AB 56,13,,14,,"AB 01, AB 03, AB 06, AB 07, AB 08"
vowel-candidate,AB 24,AB 45,,AB 56,13,,12,,"AB 01, AB 03, AB 04, AB 07, AB 08"
vowel-candidate,AB 52,AB 51,,AB 56,13,,10,,"AB 01, AB 03, AB 08, AB 36, AB 49"
vowel-candidate,AB 51,AB 45,,AB 56,13,,8,,"AB 01, AB 03, AB 04, AB 08, AB 51"
vowel-candidate,AB 52,AB 50,,AB 08,13,,4,,"AB 01, AB 06, AB 08, AB 49"
vowel-candidate,AB 45,AB 59,,AB 08,13,,5,,"AB 01, AB 04, AB 08, AB 30, AB 44"
vowel-candidate,AB 66,AB 30,,AB 08,13,,14,,"AB 02, AB 03, AB 04, AB 06, AB 08"
vowel-candidate,AB 03,AB 49,,AB 08,13,,12,,"AB 04, AB 06, AB 08, AB 09, AB 24"
vowel-candidate,AB 10,AB 03,,AB 06,13,,6,,"AB 06, AB 12, AB 24, AB 49, AB 62"
vowel-candidate,AB 10,AB 01,,AB 06,13,,5,,"AB 01, AB 06, AB 12, AB 29, AB 49"
vowel-candidate,AB 73,AB 65,,AB 06,13,,5,,"AB 02, AB 04, AB 06, AB 44, AB 51"
vowel-candidate,AB 65,AB 35,,AB 23,13,,2,,"AB 23, AB 47"
vowel-candidate,AB 51,AB 55,,AB 24,13,,2,,"AB 24, AB 45"
vowel-candidate,AB 07,AB 55,,AB 24,13,,1,,AB 24
vowel-candidate,AB 26,AB 14,,AB 24,13,,5,,"AB 12, AB 24, AB 29, AB 32, AB 59"
vowel-candidate,AB 14,AB 55,,AB 24,13,,1,,AB 24
vowel-candidate,AB 14,AB 36,,AB 24,13,,3,,"AB 24, AB 29, AB 59"
vowel-candidate,AB 14,AB 49,,AB 24,13,,4,,"AB 24, AB 29, AB 32, AB 59"
vowel-candidate,AB 72,AB 04,,AB 36,13,,1,,AB 36
vowel-candidate,AB 01,AB 87,,AB 36,13,,5,,"AB 02, AB 03, AB 14, AB 29, AB 36"
vowel-candidate,AB 87,AB 26,,AB 36,13,,5,,"AB 03, AB 14, AB 29, AB 36, AB 88"
vowel-candidate,AB 62,AB 64,,AB 36,13,,2,,"AB 26, AB 36"
vowel-candidate,AB 05,AB 49,,AB 26,13,,1,,AB 26
vowel-candidate,AB 05,AB 34,,AB 26,13,,1,,AB 26
vowel-candidate,AB 49,AB 75,,AB 26,13,,2,,"AB 26, AB 57"
vowel-candidate,AB 75,AB 34,,AB 26,13,,1,,AB 26
vowel-candidate,AB 61,AB 09,,AB 26,13,,1,,AB 26
vowel-candidate,AB 48,AB 86,,AB 73,13,,1,,AB 73
consonant-candidate,AB 63,AB 26,AB 61,,12,7,,"AB 32, AB 36, AB 38, AB 49, AB 56",
consonant-candidate,AB 06,AB 85,AB 10,,12,2,,"AB 10, AB 36",
consonant-candidate,AB 06,AB 01,AB 10,,12,19,,"AB 01, AB 04, AB 06, AB 08, AB 10",
consonant-candidate,AB 10,AB 07,AB 56,,12,4,,"AB 06, AB 07, AB 38, AB 56",
consonant-candidate,AB 23,AB 07,AB 56,,12,8,,"AB 01, AB 04, AB 07, AB 22f, AB 49",
consonant-candidate,AB 01,AB 50,AB 56,,12,7,,"AB 24, AB 29, AB 36, AB 56, AB 59",
consonant-candidate,AB 49,AB 50,AB 56,,12,8,,"AB 07, AB 24, AB 30, AB 36, AB 56",
consonant-candidate,AB 26,AB 50,AB 56,,12,6,,"AB 07, AB 30, AB 36, AB 56, AB 59",
consonant-candidate,AB 63,AB 07,AB 56,,12,7,,"AB 36, AB 38, AB 45, AB 49, AB 52",
consonant-candidate,AB 24,AB 07,AB 56,,12,6,,"AB 04, AB 06, AB 07, AB 36, AB 49",
consonant-candidate,AB 57,AB 07,AB 56,,12,6,,"AB 04, AB 22f, AB 36, AB 49, AB 56",
consonant-candidate,AB 07,AB 29,AB 56,,12,9,,"AB 01, AB 04, AB 06, AB 29, AB 36",
consonant-candidate,AB 07,AB 54,AB 56,,12,2,,"AB 04, AB 56",
consonant-candidate,AB 07,AB 08,AB 56,,12,14,,"AB 01, AB 06, AB 07, AB 22f, AB 24",
consonant-candidate,AB 24,AB 112,AB 07,,12,1,,AB 07,
consonant-candidate,AB 24,AB 03,AB 07,,12,9,,"AB 04, AB 07, AB 08, AB 26, AB 30",
consonant-candidate,AB 24,AB 71,AB 07,,12,3,,"AB 07, AB 26, AB 66",
consonant-candidate,AB 24,AB 48,AB 07,,12,2,,"AB 06, AB 07",
consonant-candidate,AB 24,AB 64,AB 07,,12,2,,"AB 06, AB 07",
consonant-candidate,AB 66,AB 28,AB 24,,12,1,,AB 24,
consonant-candidate,AB 44,AB 52,AB 24,,12,7,,"AB 03, AB 22f, AB 24, AB 45, AB 58",
consonant-candidate,AB 65,AB 28,AB 24,,12,1,,AB 24,
consonant-candidate,AB 03,AB 45,AB 51,,12,8,,"AB 01, AB 04, AB 08, AB 26, AB 38",
consonant-candidate,AB 17,AB 06,AB 57,,12,1,,AB 57,
consonant-candidate,AB 90,AB 06,AB 57,,12,1,,AB 57,
consonant-candidate,AB 47,AB 49,AB 65,,12,8,,"AB 01, AB 03, AB 04, AB 09, AB 26",
consonant-candidate,AB 89,AB 06,AB 65,,12,3,,"AB 03, AB 65, AB 66",
consonant-candidate,AB 59,AB 73,AB 01,,12,1,,AB 01,
consonant-candidate,AB 66,AB 86,AB 29,,12,1,,AB 29,
consonant-candidate,AB 66,AB 88,AB 29,,12,2,,"AB 26, AB 29",
consonant-candidate,AB 65,AB 05,AB 26,,12,2,,"AB 26, AB 66",
consonant-candidate,AB 36,AB 05,AB 26,,12,1,,AB 26,
consonant-candidate,AB 61,AB 22f,AB 73,,12,1,,AB 73,
consonant-candidate,AB 61,AB 55,AB 73,,12,1,,AB 73,
vowel-candidate,AB 10,AB 73,,AB 61,12,,3,,"AB 06, AB 24, AB 61"
vowel-candidate,AB 24,AB 30,,AB 56,12,,12,,"AB 03, AB 04, AB 06, AB 08, AB 13"
vowel-candidate,AB 24,AB 09,,AB 56,12,,8,,"AB 03, AB 08, AB 14, AB 49, AB 56"
vowel-candidate,AB 30,AB 51,,AB 56,12,,11,,"AB 03, AB 04, AB 08, AB 23, AB 24"
vowel-candidate,AB 09,AB 51,,AB 56,12,,8,,"AB 03, AB 08, AB 26, AB 49, AB 56"
vowel-candidate,AB 22f,AB 56,,AB 07,12,,7,,"AB 07, AB 08, AB 23, AB 52, AB 57"
vowel-candidate,AB 48,AB 56,,AB 07,12,,3,,"AB 01, AB 07, AB 08"
vowel-candidate,AB 18,AB 56,,AB 07,12,,1,,AB 07
vowel-candidate,AB 29,AB 66,,AB 66,12,,14,,"AB 01, AB 02, AB 04, AB 06, AB 08"
vowel-candidate,AB 52,AB 39,,AB 08,12,,2,,"AB 08, AB 51"
vowel-candidate,AB 52,AB 85,,AB 08,12,,2,,"AB 08, AB 44"
vowel-candidate,AB 62,AB 03,,AB 08,12,,9,,"AB 06, AB 08, AB 32, AB 36, AB 49"
vowel-candidate,AB 36,AB 66,,AB 08,12,,15,,"AB 01, AB 02, AB 04, AB 06, AB 08"
vowel-candidate,AB 50,AB 30,,AB 08,12,,3,,"AB 06, AB 08, AB 49"
vowel-candidate,AB 45,AB 66,,AB 08,12,,10,,"AB 01, AB 03, AB 04, AB 08, AB 32"
vowel-candidate,AB 30,AB 48,,AB 08,12,,2,,"AB 08, AB 73"
vowel-candidate,AB 30,AB 22f,,AB 08,12,,5,,"AB 08, AB 09, AB 23, AB 30, AB 44"
vowel-candidate,AB 49,AB 59,,AB 08,12,,12,,"AB 04, AB 06, AB 08, AB 24, AB 26"
vowel-candidate,AB 08,AB 66,,AB 52,12,,17,,"AB 01, AB 02, AB 03, AB 04, AB 06"
vowel-candidate,AB 10,AB 23,,AB 06,12,,6,,"AB 01, AB 06, AB 30, AB 49, AB 62"
vowel-candidate,AB 10,AB 66,,AB 06,12,,7,,"AB 01, AB 06, AB 24, AB 29, AB 49"
vowel-candidate,AB 10,AB 26,,AB 06,12,,10,,"AB 01, AB 06, AB 12, AB 24, AB 29"
vowel-candidate,AB 10,AB 08,,AB 06,12,,7,,"AB 01, AB 06, AB 24, AB 29, AB 49"
vowel-candidate,AB 62,AB 73,,AB 06,12,,2,,"AB 06, AB 51"
vowel-candidate,AB 65,AB 17,,AB 06,12,,3,,"AB 06, AB 49, AB 57"
vowel-candidate,AB 65,AB 53,,AB 06,12,,1,,AB 06
vowel-candidate,AB 04,AB 14,,AB 24,12,,3,,"AB 24, AB 29, AB 32"
vowel-candidate,AB 14,AB 54,,AB 24,12,,2,,"AB 24, AB 32"
vowel-candidate,AB 14,AB 57,,AB 24,12,,2,,"AB 24, AB 59"
vowel-candidate,AB 14,AB 59,,AB 24,12,,6,,"AB 12, AB 24, AB 29, AB 38, AB 44"
vowel-candidate,AB 14,AB 30,,AB 24,12,,2,,"AB 24, AB 44"
vowel-candidate,AB 14,AB 32,,AB 24,12,,3,,"AB 24, AB 32, AB 59"
vowel-candidate,AB 24,AB 46,,AB 49,12,,2,,"AB 44, AB 49"
vowel-candidate,AB 72,AB 49,,AB 36,12,,2,,"AB 36, AB 59"
vowel-candidate,AB 72,AB 36,,AB 36,12,,2,,"AB 36, AB 59"
vowel-candidate,AB 23,AB 69,,AB 36,12,,1,,AB 36
vowel-candidate,AB 23,AB 79,,AB 36,12,,1,,AB 36
vowel-candidate,AB 87,AB 04,,AB 36,12,,4,,"AB 02, AB 03, AB 29, AB 36"
vowel-candidate,AB 69,AB 62,,AB 36,12,,1,,AB 36
vowel-candidate,AB 30,AB 61,,AB 26,12,,2,,"AB 26, AB 30"
vowel-candidate,AB 61,AB 64,,AB 26,12,,1,,AB 26
vowel-candidate,AB 44,AB 86,,AB 73,12,,1,,AB 73
vowel-candidate,AB 30,AB 86,,AB 73,12,,1,,AB 73
vowel-candidate,AB 66,AB 86,,AB 73,12,,1,,AB 73
vowel-candidate,AB 01,AB 86,,AB 73,12,,1,,AB 73
vowel-candidate,AB 86,AB 73,,AB 73,12,,1,,AB 73
consonant-candidate,AB 61,AB 06,AB 10,,11,3,,"AB 10, AB 29, AB 73",
consonant-candidate,AB 06,AB 62,AB 10,,11,15,,"AB 03, AB 06, AB 08, AB 10, AB 23",
consonant-candidate,AB 06,AB 49,AB 10,,11,21,,"AB 01, AB 03, AB 04, AB 08, AB 10",
consonant-candidate,AB 36,AB 50,AB 56,,11,8,,"AB 07, AB 24, AB 29, AB 30, AB 36",
consonant-candidate,AB 52,AB 50,AB 56,,11,5,,"AB 07, AB 24, AB 56, AB 62, AB 65",
consonant-candidate,AB 50,AB 34,AB 56,,11,4,,"AB 30, AB 56, AB 59, AB 62",
consonant-candidate,AB 50,AB 92,AB 56,,11,1,,AB 56,
consonant-candidate,AB 50,AB 13,AB 56,,11,3,,"AB 24, AB 30, AB 56",
consonant-candidate,AB 65,AB 39,AB 07,,11,1,,AB 07,
consonant-candidate,AB 24,AB 35,AB 07,,11,5,,"AB 04, AB 07, AB 26, AB 30, AB 49",
consonant-candidate,AB 24,AB 51,AB 07,,11,12,,"AB 03, AB 04, AB 06, AB 07, AB 08",
consonant-candidate,AB 24,AB 46,AB 07,,11,5,,"AB 07, AB 08, AB 30, AB 34, AB 49",
consonant-candidate,AB 24,AB 121,AB 07,,11,1,,AB 07,
consonant-candidate,AB 48,AB 27,AB 47,,11,1,,AB 47,
consonant-candidate,AB 59,AB 27,AB 47,,11,1,,AB 47,
consonant-candidate,AB 66,AB 26,AB 06,,11,9,,"AB 01, AB 06, AB 09, AB 32, AB 34",
consonant-candidate,AB 66,AB 34,AB 06,,11,4,,"AB 06, AB 32, AB 51, AB 59",
consonant-candidate,AB 49,AB 14,AB 24,,11,5,,"AB 01, AB 09, AB 24, AB 26, AB 36",
consonant-candidate,AB 51,AB 28,AB 24,,11,1,,AB 24,
consonant-candidate,AB 52,AB 28,AB 24,,11,1,,AB 24,
consonant-candidate,AB 24,AB 90,AB 51,,11,2,,"AB 51, AB 57",
consonant-candidate,AB 34,AB 12,AB 51,,11,2,,"AB 51, AB 59",
consonant-candidate,AB 03,AB 12,AB 51,,11,3,,"AB 01, AB 26, AB 51",
consonant-candidate,AB 76,AB 52,AB 08,,11,1,,AB 08,
consonant-candidate,AB 75,AB 52,AB 08,,11,1,,AB 08,
consonant-candidate,AB 77,AB 52,AB 08,,11,3,,"AB 04, AB 08, AB 66",
consonant-candidate,AB 52,AB 72,AB 08,,11,2,,"AB 08, AB 66",
consonant-candidate,AB 52,AB 87,AB 08,,11,1,,AB 08,
consonant-candidate,AB 52,AB 58,AB 08,,11,1,,AB 08,
consonant-candidate,AB 52,AB 86,AB 08,,11,1,,AB 08,
consonant-candidate,AB 52,AB 78,AB 08,,11,1,,AB 08,
consonant-candidate,AB 65,AB 31,AB 36,,11,1,,AB 36,
consonant-candidate,AB 08,AB 31,AB 36,,11,1,,AB 36,
consonant-candidate,AB 48,AB 73,AB 29,,11,1,,AB 29,
consonant-candidate,AB 66,AB 72,AB 29,,11,3,,"AB 29, AB 59, AB 66",
consonant-candidate,AB 66,AB 61,AB 29,,11,1,,AB 29,
consonant-candidate,AB 66,AB 75,AB 29,,11,2,,"AB 26, AB 29",
consonant-candidate,AB 66,AB 71,AB 29,,11,3,,"AB 26, AB 29, AB 66",
consonant-candidate,AB 96,AB 01,AB 26,,11,1,,AB 26,
consonant-candidate,AB 96,AB 49,AB 26,,11,1,,AB 26,
consonant-candidate,AB 08,AB 55,AB 30,,11,1,,AB 30,
consonant-candidate,AB 23,AB 98,AB 66,,11,1,,AB 66,
consonant-candidate,AB 23,AB 72,AB 66,,11,1,,AB 66,
consonant-candidate,AB 61,AB 77,AB 73,,11,1,,AB 73,
vowel-candidate,AB 73,AB 29,,AB 61,11,,8,,"AB 02, AB 04, AB 06, AB 44, AB 51"
vowel-candidate,AB 24,AB 01,,AB 56,11,,13,,"AB 01, AB 03, AB 06, AB 07, AB 08"
vowel-candidate,AB 24,AB 08,,AB 56,11,,11,,"AB 01, AB 03, AB 04, AB 06, AB 36"
vowel-candidate,AB 24,AB 32,,AB 56,11,,11,,"AB 03, AB 06, AB 08, AB 13, AB 49"
vowel-candidate,AB 24,AB 04,,AB 56,11,,11,,"AB 01, AB 03, AB 04, AB 06, AB 07"
vowel-candidate,AB 30,AB 52,,AB 56,11,,10,,"AB 03, AB 06, AB 08, AB 30, AB 35"
vowel-candidate,AB 30,AB 45,,AB 56,11,,7,,"AB 03, AB 04, AB 08, AB 30, AB 44"
vowel-candidate,AB 52,AB 09,,AB 56,11,,6,,"AB 03, AB 08, AB 49, AB 56, AB 62"
vowel-candidate,AB 09,AB 45,,AB 56,11,,5,,"AB 03, AB 08, AB 56, AB 62, AB 65"
vowel-candidate,AB 01,AB 51,,AB 56,11,,14,,"AB 01, AB 03, AB 08, AB 12, AB 23"
vowel-candidate,AB 51,AB 04,,AB 56,11,,13,,"AB 01, AB 03, AB 04, AB 23, AB 24"
vowel-candidate,AB 29,AB 26,,AB 66,11,,15,,"AB 01, AB 04, AB 06, AB 08, AB 14"
vowel-candidate,AB 29,AB 54,,AB 66,11,,5,,"AB 01, AB 08, AB 32, AB 45, AB 66"
vowel-candidate,AB 64,AB 24,,AB 66,11,,2,,"AB 36, AB 66"
vowel-candidate,AB 62,AB 23,,AB 08,11,,9,,"AB 01, AB 06, AB 08, AB 32, AB 36"
vowel-candidate,AB 36,AB 50,,AB 08,11,,8,,"AB 01, AB 06, AB 08, AB 29, AB 45"
vowel-candidate,AB 50,AB 45,,AB 08,11,,3,,"AB 01, AB 08, AB 65"
vowel-candidate,AB 50,AB 09,,AB 08,11,,3,,"AB 08, AB 49, AB 65"
vowel-candidate,AB 66,AB 49,,AB 08,11,,16,,"AB 03, AB 04, AB 06, AB 08, AB 09"
vowel-candidate,AB 09,AB 22f,,AB 08,11,,2,,"AB 08, AB 65"
vowel-candidate,AB 30,AB 26,,AB 08,11,,12,,"AB 03, AB 04, AB 06, AB 08, AB 09"
vowel-candidate,AB 30,AB 54,,AB 08,11,,2,,"AB 08, AB 24"
vowel-candidate,AB 30,AB 39,,AB 08,11,,1,,AB 08
vowel-candidate,AB 30,AB 85,,AB 08,11,,4,,"AB 04, AB 08, AB 26, AB 44"
vowel-candidate,AB 04,AB 03,,AB 52,11,,12,,"AB 04, AB 06, AB 09, AB 24, AB 32"
vowel-candidate,AB 62,AB 08,,AB 52,11,,10,,"AB 01, AB 06, AB 29, AB 32, AB 36"
vowel-candidate,AB 08,AB 44,,AB 52,11,,10,,"AB 01, AB 02, AB 06, AB 32, AB 36"
vowel-candidate,AB 08,AB 54,,AB 52,11,,5,,"AB 01, AB 24, AB 32, AB 45, AB 52"
vowel-candidate,AB 08,AB 58,,AB 52,11,,1,,AB 52
vowel-candidate,AB 08,AB 79,,AB 52,11,,2,,"AB 36, AB 52"
vowel-candidate,AB 63,AB 10,,AB 06,11,,2,,"AB 01, AB 06"
vowel-candidate,AB 32,AB 73,,AB 06,11,,4,,"AB 06, AB 22f, AB 24, AB 51"
vowel-candidate,AB 10,AB 50,,AB 06,11,,5,,"AB 01, AB 06, AB 29, AB 49, AB 65"
vowel-candidate,AB 10,AB 56,,AB 06,11,,7,,"AB 01, AB 06, AB 24, AB 29, AB 49"
vowel-candidate,AB 10,AB 59,,AB 06,11,,7,,"AB 01, AB 06, AB 12, AB 24, AB 29"
vowel-candidate,AB 10,AB 49,,AB 06,11,,6,,"AB 06, AB 24, AB 29, AB 30, AB 49"
vowel-candidate,AB 62,AB 17,,AB 06,11,,2,,"AB 06, AB 49"
vowel-candidate,AB 62,AB 53,,AB 06,11,,1,,AB 06
vowel-candidate,AB 03,AB 13,,AB 62,11,,4,,"AB 04, AB 49, AB 51, AB 62"
vowel-candidate,AB 66,AB 13,,AB 62,11,,7,,"AB 03, AB 04, AB 22f, AB 26, AB 49"
vowel-candidate,AB 66,AB 35,,AB 23,11,,2,,"AB 22f, AB 23"
vowel-candidate,AB 51,AB 77,,AB 24,11,,3,,"AB 04, AB 24, AB 29"
vowel-candidate,AB 51,AB 73,,AB 24,11,,3,,"AB 04, AB 24, AB 51"
vowel-candidate,AB 07,AB 77,,AB 24,11,,2,,"AB 04, AB 24"
vowel-candidate,AB 07,AB 73,,AB 24,11,,3,,"AB 04, AB 24, AB 51"
vowel-candidate,AB 10,AB 14,,AB 24,11,,3,,"AB 12, AB 24, AB 29"
vowel-candidate,AB 14,AB 77,,AB 24,11,,2,,"AB 24, AB 29"
vowel-candidate,AB 14,AB 56,,AB 24,11,,4,,"AB 24, AB 29, AB 32, AB 59"
vowel-candidate,AB 14,AB 73,,AB 24,11,,2,,"AB 24, AB 44"
vowel-candidate,AB 14,AB 06,,AB 24,11,,4,,"AB 24, AB 29, AB 32, AB 59"
vowel-candidate,AB 14,AB 02,,AB 24,11,,1,,AB 24
vowel-candidate,AB 14,AB 03,,AB 24,11,,4,,"AB 12, AB 24, AB 32, AB 44"
vowel-candidate,AB 14,AB 34,,AB 24,11,,2,,"AB 24, AB 29"
vowel-candidate,AB 72,AB 87,,AB 36,11,,1,,AB 36
vowel-candidate,AB 49,AB 87,,AB 36,11,,3,,"AB 03, AB 29, AB 36"
vowel-candidate,AB 36,AB 87,,AB 36,11,,4,,"AB 02, AB 14, AB 29, AB 36"
vowel-candidate,AB 12,AB 36,,AB 01,11,,2,,"AB 01, AB 57"
vowel-candidate,AB 12,AB 52,,AB 01,11,,2,,"AB 01, AB 30"
vowel-candidate,AB 76,AB 06,,AB 26,11,,1,,AB 26
vowel-candidate,AB 76,AB 61,,AB 26,11,,1,,AB 26
vowel-candidate,AB 51,AB 61,,AB 26,11,,1,,AB 26
consonant-candidate,AB 43,AB 26,AB 61,,10,1,,AB 61,
consonant-candidate,AB 26,AB 32,AB 61,,10,10,,"AB 01, AB 06, AB 07, AB 32, AB 44",
consonant-candidate,AB 06,AB 24,AB 10,,10,15,,"AB 03, AB 04, AB 06, AB 08, AB 10",
consonant-candidate,AB 06,AB 29,AB 10,,10,15,,"AB 01, AB 04, AB 06, AB 08, AB 10",
consonant-candidate,AB 06,AB 30,AB 10,,10,9,,"AB 10, AB 23, AB 24, AB 26, AB 30",
consonant-candidate,AB 06,AB 75,AB 10,,10,4,,"AB 08, AB 10, AB 26, AB 29",
consonant-candidate,AB 06,AB 65,AB 10,,10,13,,"AB 03, AB 04, AB 06, AB 10, AB 23",
consonant-candidate,AB 85,AB 12,AB 10,,10,1,,AB 10,
consonant-candidate,AB 01,AB 12,AB 10,,10,5,,"AB 01, AB 10, AB 26, AB 51, AB 59",
consonant-candidate,AB 01,AB 26,AB 56,,10,10,,"AB 01, AB 05, AB 06, AB 36, AB 44",
consonant-candidate,AB 04,AB 50,AB 56,,10,8,,"AB 07, AB 24, AB 29, AB 30, AB 36",
consonant-candidate,AB 49,AB 26,AB 56,,10,15,,"AB 01, AB 07, AB 09, AB 13, AB 30",
consonant-candidate,AB 59,AB 50,AB 56,,10,4,,"AB 24, AB 36, AB 56, AB 59",
consonant-candidate,AB 65,AB 50,AB 56,,10,5,,"AB 07, AB 24, AB 36, AB 56, AB 62",
consonant-candidate,AB 62,AB 50,AB 56,,10,6,,"AB 07, AB 24, AB 30, AB 36, AB 56",
consonant-candidate,AB 50,AB 56,AB 56,,10,7,,"AB 07, AB 24, AB 29, AB 30, AB 36",
consonant-candidate,AB 50,AB 06,AB 56,,10,8,,"AB 24, AB 29, AB 30, AB 36, AB 56",
consonant-candidate,AB 50,AB 22f,AB 56,,10,3,,"AB 36, AB 56, AB 59",
consonant-candidate,AB 50,AB 32,AB 56,,10,5,,"AB 07, AB 29, AB 56, AB 62, AB 65",
consonant-candidate,AB 50,AB 02,AB 56,,10,6,,"AB 29, AB 30, AB 36, AB 43, AB 56",
consonant-candidate,AB 65,AB 112,AB 07,,10,1,,AB 07,
consonant-candidate,AB 65,AB 03,AB 07,,10,9,,"AB 04, AB 07, AB 09, AB 24, AB 26",
consonant-candidate,AB 65,AB 71,AB 07,,10,3,,"AB 07, AB 26, AB 66",
consonant-candidate,AB 65,AB 48,AB 07,,10,3,,"AB 06, AB 07, AB 62",
consonant-candidate,AB 65,AB 64,AB 07,,10,3,,"AB 06, AB 07, AB 45",
consonant-candidate,AB 49,AB 39,AB 07,,10,1,,AB 07,
consonant-candidate,AB 39,AB 23,AB 07,,10,1,,AB 07,
consonant-candidate,AB 48,AB 13,AB 47,,10,1,,AB 47,
consonant-candidate,AB 59,AB 51,AB 47,,10,11,,"AB 01, AB 06, AB 08, AB 22f, AB 24",
consonant-candidate,AB 51,AB 01,AB 52,,10,14,,"AB 01, AB 04, AB 06, AB 08, AB 24",
consonant-candidate,AB 63,AB 03,AB 52,,10,5,,"AB 32, AB 38, AB 45, AB 49, AB 52",
consonant-candidate,AB 03,AB 66,AB 52,,10,9,,"AB 01, AB 09, AB 24, AB 26, AB 32",
consonant-candidate,AB 03,AB 44,AB 52,,10,8,,"AB 01, AB 24, AB 30, AB 45, AB 52",
consonant-candidate,AB 45,AB 48,AB 06,,10,3,,"AB 06, AB 29, AB 62",
consonant-candidate,AB 64,AB 34,AB 06,,10,1,,AB 06,
consonant-candidate,AB 04,AB 44,AB 24,,10,10,,"AB 03, AB 24, AB 29, AB 30, AB 45",
consonant-candidate,AB 30,AB 28,AB 24,,10,1,,AB 24,
consonant-candidate,AB 21f,AB 30,AB 23,,10,2,,"AB 23, AB 65",
consonant-candidate,AB 21f,AB 65,AB 23,,10,1,,AB 23,
consonant-candidate,AB 30,AB 38,AB 23,,10,2,,"AB 23, AB 59",
consonant-candidate,AB 30,AB 45,AB 23,,10,4,,"AB 23, AB 26, AB 49, AB 59",
consonant-candidate,AB 65,AB 38,AB 23,,10,1,,AB 23,
consonant-candidate,AB 34,AB 90,AB 51,,10,1,,AB 51,
consonant-candidate,AB 56,AB 12,AB 51,,10,2,,"AB 01, AB 51",
consonant-candidate,AB 03,AB 90,AB 51,,10,2,,"AB 51, AB 87",
consonant-candidate,AB 17,AB 90,AB 57,,10,1,,AB 57,
consonant-candidate,AB 47,AB 44,AB 65,,10,5,,"AB 01, AB 03, AB 29, AB 59, AB 65",
consonant-candidate,AB 47,AB 29,AB 65,,10,6,,"AB 01, AB 04, AB 26, AB 29, AB 59",
consonant-candidate,AB 47,AB 51,AB 65,,10,7,,"AB 01, AB 03, AB 04, AB 26, AB 29",
consonant-candidate,AB 36,AB 73,AB 01,,10,4,,"AB 01, AB 29, AB 30, AB 44",
consonant-candidate,AB 38,AB 22f,AB 08,,10,2,,"AB 08, AB 59",
consonant-candidate,AB 38,AB 24,AB 08,,10,3,,"AB 08, AB 14, AB 59",
consonant-candidate,AB 08,AB 93,AB 45,,10,1,,AB 45,
consonant-candidate,AB 77,AB 65,AB 04,,10,2,,"AB 04, AB 66",
consonant-candidate,AB 09,AB 65,AB 04,,10,6,,"AB 03, AB 04, AB 22f, AB 26, AB 36",
consonant-candidate,AB 65,AB 33,AB 04,,10,1,,AB 04,
consonant-candidate,AB 62,AB 89,AB 03,,10,2,,"AB 03, AB 66",
consonant-candidate,AB 62,AB 43,AB 03,,10,1,,AB 03,
consonant-candidate,AB 62,AB 37,AB 03,,10,2,,"AB 03, AB 36",
consonant-candidate,AB 65,AB 68,AB 36,,10,1,,AB 36,
consonant-candidate,AB 08,AB 85,AB 36,,10,2,,"AB 36, AB 85",
consonant-candidate,AB 08,AB 69,AB 36,,10,1,,AB 36,
consonant-candidate,AB 08,AB 68,AB 36,,10,1,,AB 36,
consonant-candidate,AB 51,AB 88,AB 29,,10,2,,"AB 26, AB 29",
consonant-candidate,AB 44,AB 48,AB 29,,10,1,,AB 29,
consonant-candidate,AB 96,AB 04,AB 26,,10,1,,AB 26,
consonant-candidate,AB 96,AB 62,AB 26,,10,1,,AB 26,
consonant-candidate,AB 01,AB 05,AB 26,,10,2,,"AB 26, AB 66",
consonant-candidate,AB 88,AB 65,AB 26,,10,1,,AB 26,
consonant-candidate,AB 49,AB 05,AB 26,,10,2,,"AB 26, AB 66",
consonant-candidate,AB 62,AB 98,AB 66,,10,1,,AB 66,
consonant-candidate,AB 62,AB 40,AB 66,,10,1,,AB 66,
vowel-candidate,AB 24,AB 56,,AB 56,10,,14,,"AB 01, AB 04, AB 06, AB 07, AB 08"
vowel-candidate,AB 24,AB 23,,AB 56,10,,12,,"AB 01, AB 06, AB 08, AB 13, AB 30"
vowel-candidate,AB 24,AB 47,,AB 56,10,,6,,"AB 13, AB 49, AB 51, AB 56, AB 59"
vowel-candidate,AB 30,AB 09,,AB 56,10,,6,,"AB 03, AB 08, AB 26, AB 49, AB 56"
vowel-candidate,AB 52,AB 01,,AB 56,10,,12,,"AB 01, AB 03, AB 06, AB 07, AB 08"
vowel-candidate,AB 52,AB 08,,AB 56,10,,9,,"AB 01, AB 03, AB 06, AB 36, AB 49"
vowel-candidate,AB 52,AB 04,,AB 56,10,,9,,"AB 01, AB 03, AB 06, AB 07, AB 35"
vowel-candidate,AB 01,AB 45,,AB 56,10,,8,,"AB 01, AB 03, AB 07, AB 08, AB 32"
vowel-candidate,AB 51,AB 23,,AB 56,10,,9,,"AB 01, AB 08, AB 36, AB 45, AB 49"
vowel-candidate,AB 51,AB 47,,AB 56,10,,5,,"AB 49, AB 51, AB 56, AB 59, AB 62"
vowel-candidate,AB 08,AB 45,,AB 56,10,,8,,"AB 01, AB 03, AB 04, AB 32, AB 51"
vowel-candidate,AB 45,AB 04,,AB 56,10,,9,,"AB 01, AB 03, AB 04, AB 07, AB 32"
vowel-candidate,AB 28,AB 56,,AB 50,10,,1,,AB 50
vowel-candidate,AB 64,AB 59,,AB 66,10,,3,,"AB 26, AB 36, AB 66"
vowel-candidate,AB 47,AB 62,,AB 48,10,,5,,"AB 32, AB 48, AB 49, AB 51, AB 62"
vowel-candidate,AB 62,AB 66,,AB 08,10,,13,,"AB 01, AB 06, AB 08, AB 23, AB 26"
vowel-candidate,AB 24,AB 50,,AB 08,10,,5,,"AB 01, AB 06, AB 08, AB 49, AB 65"
vowel-candidate,AB 36,AB 26,,AB 08,10,,14,,"AB 01, AB 04, AB 06, AB 08, AB 09"
vowel-candidate,AB 36,AB 54,,AB 08,10,,5,,"AB 01, AB 08, AB 24, AB 45, AB 65"
vowel-candidate,AB 36,AB 39,,AB 08,10,,1,,AB 08
vowel-candidate,AB 36,AB 85,,AB 08,10,,4,,"AB 04, AB 08, AB 26, AB 85"
vowel-candidate,AB 50,AB 49,,AB 08,10,,6,,"AB 06, AB 08, AB 29, AB 45, AB 49"
vowel-candidate,AB 45,AB 26,,AB 08,10,,9,,"AB 01, AB 03, AB 04, AB 08, AB 30"
vowel-candidate,AB 45,AB 54,,AB 08,10,,5,,"AB 01, AB 08, AB 32, AB 52, AB 65"
vowel-candidate,AB 45,AB 39,,AB 08,10,,2,,"AB 08, AB 51"
vowel-candidate,AB 45,AB 85,,AB 08,10,,3,,"AB 04, AB 08, AB 44"
vowel-candidate,AB 09,AB 39,,AB 08,10,,1,,AB 08
vowel-candidate,AB 09,AB 85,,AB 08,10,,2,,"AB 08, AB 26"
vowel-candidate,AB 03,AB 07,,AB 08,10,,10,,"AB 04, AB 08, AB 24, AB 32, AB 36"
vowel-candidate,AB 24,AB 10,,AB 06,10,,6,,"AB 01, AB 06, AB 30, AB 49, AB 62"
vowel-candidate,AB 32,AB 17,,AB 06,10,,2,,"AB 06, AB 49"
vowel-candidate,AB 32,AB 53,,AB 06,10,,1,,AB 06
vowel-candidate,AB 10,AB 44,,AB 06,10,,4,,"AB 01, AB 06, AB 49, AB 62"
vowel-candidate,AB 10,AB 06,,AB 06,10,,6,,"AB 01, AB 06, AB 24, AB 29, AB 62"
vowel-candidate,AB 10,AB 30,,AB 06,10,,5,,"AB 06, AB 24, AB 30, AB 49, AB 62"
vowel-candidate,AB 10,AB 17,,AB 06,10,,2,,"AB 06, AB 49"
vowel-candidate,AB 10,AB 52,,AB 06,10,,5,,"AB 01, AB 06, AB 30, AB 49, AB 62"
vowel-candidate,AB 10,AB 53,,AB 06,10,,1,,AB 06
vowel-candidate,AB 57,AB 73,,AB 06,10,,3,,"AB 04, AB 06, AB 24"
vowel-candidate,AB 04,AB 26,,AB 06,10,,16,,"AB 01, AB 03, AB 04, AB 06, AB 09"
vowel-candidate,AB 03,AB 71,,AB 62,10,,4,,"AB 32, AB 44, AB 49, AB 62"
vowel-candidate,AB 03,AB 47,,AB 62,10,,4,,"AB 32, AB 49, AB 51, AB 62"
vowel-candidate,AB 62,AB 13,,AB 62,10,,4,,"AB 26, AB 49, AB 51, AB 62"
vowel-candidate,AB 66,AB 71,,AB 62,10,,6,,"AB 03, AB 32, AB 44, AB 49, AB 62"
vowel-candidate,AB 66,AB 47,,AB 62,10,,4,,"AB 32, AB 49, AB 51, AB 62"
vowel-candidate,AB 66,AB 55,,AB 24,10,,2,,"AB 24, AB 45"
vowel-candidate,AB 55,AB 08,,AB 24,10,,2,,"AB 24, AB 45"
vowel-candidate,AB 57,AB 72,,AB 36,10,,3,,"AB 17, AB 36, AB 59"
vowel-candidate,AB 56,AB 72,,AB 36,10,,3,,"AB 13, AB 36, AB 59"
vowel-candidate,AB 72,AB 30,,AB 36,10,,2,,"AB 13, AB 36"
vowel-candidate,AB 72,AB 52,,AB 36,10,,2,,"AB 36, AB 59"
vowel-candidate,AB 72,AB 34,,AB 36,10,,1,,AB 36
vowel-candidate,AB 01,AB 69,,AB 36,10,,1,,AB 36
vowel-candidate,AB 01,AB 79,,AB 36,10,,1,,AB 36
vowel-candidate,AB 69,AB 26,,AB 36,10,,2,,"AB 36, AB 71"
vowel-candidate,AB 26,AB 79,,AB 36,10,,1,,AB 36
vowel-candidate,AB 04,AB 64,,AB 36,10,,1,,AB 36
vowel-candidate,AB 32,AB 33,,AB 32,10,,1,,AB 32
vowel-candidate,AB 77,AB 45,,AB 04,10,,2,,"AB 04, AB 30"
vowel-candidate,AB 12,AB 02,,AB 01,10,,2,,"AB 01, AB 30"
vowel-candidate,AB 47,AB 72,,AB 59,10,,2,,"AB 13, AB 59"
vowel-candidate,AB 76,AB 66,,AB 26,10,,1,,AB 26
vowel-candidate,AB 59,AB 61,,AB 26,10,,2,,"AB 26, AB 30"
vowel-candidate,AB 13,AB 61,,AB 26,10,,1,,AB 26
vowel-candidate,AB 05,AB 61,,AB 26,10,,1,,AB 26
vowel-candidate,AB 75,AB 06,,AB 26,10,,1,,AB 26
vowel-candidate,AB 75,AB 61,,AB 26,10,,1,,AB 26
vowel-candidate,AB 61,AB 37,,AB 26,10,,1,,AB 26
vowel-candidate,AB 23,AB 77,,AB 30,10,,1,,AB 30
vowel-candidate,AB 23,AB 21f,,AB 30,10,,1,,AB 30
vowel-candidate,AB 29,AB 75,,AB 73,10,,2,,"AB 73, AB 88"
consonant-candidate,AB 61,AB 12,AB 10,,9,1,,AB 10,
consonant-candidate,AB 62,AB 12,AB 10,,9,4,,"AB 03, AB 10, AB 26, AB 51",
consonant-candidate,AB 49,AB 12,AB 10,,9,6,,"AB 01, AB 03, AB 10, AB 26, AB 51",
consonant-candidate,AB 10,AB 50,AB 56,,9,3,,"AB 07, AB 56, AB 59",
consonant-candidate,AB 23,AB 50,AB 56,,9,5,,"AB 07, AB 30, AB 56, AB 62, AB 65",
consonant-candidate,AB 01,AB 36,AB 56,,9,15,,"AB 01, AB 04, AB 06, AB 08, AB 23",
consonant-candidate,AB 01,AB 52,AB 56,,9,13,,"AB 04, AB 06, AB 08, AB 12, AB 24",
consonant-candidate,AB 01,AB 34,AB 56,,9,6,,"AB 04, AB 06, AB 51, AB 56, AB 59",
consonant-candidate,AB 01,AB 92,AB 56,,9,1,,AB 56,
consonant-candidate,AB 01,AB 13,AB 56,,9,3,,"AB 23, AB 24, AB 56",
consonant-candidate,AB 36,AB 49,AB 56,,9,18,,"AB 01, AB 03, AB 04, AB 07, AB 08",
consonant-candidate,AB 36,AB 26,AB 56,,9,13,,"AB 01, AB 06, AB 07, AB 30, AB 34",
consonant-candidate,AB 52,AB 49,AB 56,,9,12,,"AB 03, AB 04, AB 07, AB 08, AB 24",
consonant-candidate,AB 52,AB 26,AB 56,,9,8,,"AB 06, AB 07, AB 32, AB 44, AB 49",
consonant-candidate,AB 49,AB 34,AB 56,,9,7,,"AB 04, AB 30, AB 32, AB 51, AB 56",
consonant-candidate,AB 49,AB 92,AB 56,,9,1,,AB 56,
consonant-candidate,AB 49,AB 13,AB 56,,9,7,,"AB 13, AB 23, AB 24, AB 30, AB 32",
consonant-candidate,AB 26,AB 34,AB 56,,9,7,,"AB 06, AB 30, AB 32, AB 51, AB 56",
consonant-candidate,AB 26,AB 92,AB 56,,9,1,,AB 56,
consonant-candidate,AB 26,AB 13,AB 56,,9,4,,"AB 13, AB 30, AB 32, AB 56",
consonant-candidate,AB 63,AB 50,AB 56,,9,4,,"AB 36, AB 43, AB 56, AB 62",
consonant-candidate,AB 50,AB 24,AB 56,,9,5,,"AB 07, AB 30, AB 36, AB 56, AB 59",
consonant-candidate,AB 50,AB 57,AB 56,,9,4,,"AB 36, AB 56, AB 59, AB 65",
consonant-candidate,AB 50,AB 29,AB 56,,9,6,,"AB 29, AB 36, AB 56, AB 59, AB 62",
consonant-candidate,AB 50,AB 54,AB 56,,9,1,,AB 56,
consonant-candidate,AB 50,AB 08,AB 56,,9,9,,"AB 07, AB 24, AB 29, AB 30, AB 36",
consonant-candidate,AB 30,AB 69,AB 02,,9,1,,AB 02,
consonant-candidate,AB 01,AB 69,AB 02,,9,2,,"AB 02, AB 36",
consonant-candidate,AB 07,AB 39,AB 07,,9,1,,AB 07,
consonant-candidate,AB 65,AB 35,AB 07,,9,3,,"AB 04, AB 07, AB 26",
consonant-candidate,AB 65,AB 51,AB 07,,9,12,,"AB 03, AB 04, AB 06, AB 07, AB 22f",
consonant-candidate,AB 65,AB 46,AB 07,,9,1,,AB 07,
consonant-candidate,AB 65,AB 121,AB 07,,9,1,,AB 07,
consonant-candidate,AB 49,AB 112,AB 07,,9,1,,AB 07,
consonant-candidate,AB 49,AB 03,AB 07,,9,16,,"AB 01, AB 04, AB 07, AB 08, AB 09",
consonant-candidate,AB 49,AB 71,AB 07,,9,4,,"AB 07, AB 26, AB 66, AB 71",
consonant-candidate,AB 49,AB 48,AB 07,,9,3,,"AB 07, AB 47, AB 62",
consonant-candidate,AB 49,AB 64,AB 07,,9,3,,"AB 07, AB 44, AB 46",
consonant-candidate,AB 112,AB 23,AB 07,,9,1,,AB 07,
consonant-candidate,AB 03,AB 23,AB 07,,9,9,,"AB 01, AB 04, AB 07, AB 26, AB 30",
consonant-candidate,AB 71,AB 23,AB 07,,9,3,,"AB 07, AB 26, AB 66",
consonant-candidate,AB 23,AB 48,AB 07,,9,2,,"AB 07, AB 62",
consonant-candidate,AB 23,AB 64,AB 07,,9,1,,AB 07,
consonant-candidate,AB 59,AB 03,AB 52,,9,8,,"AB 01, AB 08, AB 24, AB 26, AB 32",
consonant-candidate,AB 56,AB 44,AB 52,,9,8,,"AB 01, AB 23, AB 24, AB 29, AB 30",
consonant-candidate,AB 07,AB 44,AB 52,,9,7,,"AB 01, AB 22f, AB 24, AB 29, AB 45",
consonant-candidate,AB 01,AB 44,AB 52,,9,9,,"AB 01, AB 23, AB 24, AB 29, AB 45",
consonant-candidate,AB 03,AB 06,AB 52,,9,11,,"AB 01, AB 04, AB 08, AB 24, AB 26",
consonant-candidate,AB 52,AB 45,AB 06,,9,8,,"AB 04, AB 06, AB 08, AB 49, AB 54",
consonant-candidate,AB 45,AB 08,AB 06,,9,14,,"AB 01, AB 06, AB 23, AB 26, AB 29",
consonant-candidate,AB 56,AB 14,AB 24,,9,5,,"AB 01, AB 09, AB 24, AB 29, AB 36",
consonant-candidate,AB 08,AB 14,AB 24,,9,6,,"AB 01, AB 09, AB 24, AB 26, AB 29",
consonant-candidate,AB 04,AB 66,AB 24,,9,10,,"AB 03, AB 24, AB 26, AB 29, AB 34",
consonant-candidate,AB 04,AB 28,AB 24,,9,1,,AB 24,
consonant-candidate,AB 30,AB 52,AB 24,,9,6,,"AB 12, AB 22f, AB 24, AB 45, AB 49",
consonant-candidate,AB 50,AB 44,AB 24,,9,6,,"AB 24, AB 28, AB 29, AB 30, AB 59",
consonant-candidate,AB 07,AB 28,AB 24,,9,1,,AB 24,
consonant-candidate,AB 44,AB 14,AB 24,,9,3,,"AB 01, AB 24, AB 29",
consonant-candidate,AB 44,AB 13,AB 24,,9,3,,"AB 23, AB 24, AB 30",
consonant-candidate,AB 62,AB 21f,AB 23,,9,1,,AB 23,
consonant-candidate,AB 62,AB 38,AB 23,,9,2,,"AB 08, AB 23",
consonant-candidate,AB 30,AB 57,AB 23,,9,6,,"AB 12, AB 22f, AB 23, AB 49, AB 59",
consonant-candidate,AB 04,AB 45,AB 51,,9,10,,"AB 04, AB 08, AB 26, AB 29, AB 36",
consonant-candidate,AB 56,AB 90,AB 51,,9,2,,"AB 51, AB 57",
consonant-candidate,AB 12,AB 59,AB 51,,9,5,,"AB 01, AB 14, AB 26, AB 51, AB 59",
consonant-candidate,AB 36,AB 17,AB 57,,9,2,,"AB 57, AB 72",
consonant-candidate,AB 04,AB 17,AB 57,,9,2,,"AB 45, AB 57",
consonant-candidate,AB 06,AB 47,AB 57,,9,9,,"AB 01, AB 03, AB 04, AB 26, AB 29",
consonant-candidate,AB 47,AB 02,AB 65,,9,4,,"AB 01, AB 04, AB 29, AB 65",
consonant-candidate,AB 47,AB 07,AB 65,,9,4,,"AB 01, AB 04, AB 29, AB 65",
consonant-candidate,AB 47,AB 89,AB 65,,9,2,,"AB 03, AB 65",
consonant-candidate,AB 47,AB 57,AB 65,,9,4,,"AB 03, AB 04, AB 59, AB 65",
consonant-candidate,AB 47,AB 21f,AB 65,,9,1,,AB 65,
consonant-candidate,AB 47,AB 03,AB 65,,9,6,,"AB 01, AB 04, AB 09, AB 26, AB 32",
consonant-candidate,AB 03,AB 22f,AB 01,,9,6,,"AB 01, AB 04, AB 08, AB 13, AB 32",
consonant-candidate,AB 03,AB 73,AB 01,,9,3,,"AB 01, AB 30, AB 66",
consonant-candidate,AB 38,AB 29,AB 08,,9,3,,"AB 08, AB 14, AB 59",
consonant-candidate,AB 77,AB 23,AB 04,,9,3,,"AB 04, AB 30, AB 66",
consonant-candidate,AB 35,AB 29,AB 04,,9,3,,"AB 04, AB 26, AB 49",
consonant-candidate,AB 33,AB 23,AB 04,,9,1,,AB 04,
consonant-candidate,AB 33,AB 36,AB 04,,9,1,,AB 04,
consonant-candidate,AB 01,AB 31,AB 36,,9,1,,AB 36,
consonant-candidate,AB 31,AB 36,AB 36,,9,1,,AB 36,
consonant-candidate,AB 04,AB 73,AB 29,,9,4,,"AB 29, AB 30, AB 66, AB 73",
consonant-candidate,AB 51,AB 61,AB 29,,9,2,,"AB 29, AB 73",
consonant-candidate,AB 48,AB 02,AB 29,,9,1,,AB 29,
consonant-candidate,AB 48,AB 14,AB 29,,9,1,,AB 29,
consonant-candidate,AB 48,AB 86,AB 29,,9,1,,AB 29,
consonant-candidate,AB 48,AB 88,AB 29,,9,1,,AB 29,
consonant-candidate,AB 24,AB 96,AB 26,,9,1,,AB 26,
consonant-candidate,AB 96,AB 06,AB 26,,9,1,,AB 26,
consonant-candidate,AB 96,AB 59,AB 26,,9,1,,AB 26,
consonant-candidate,AB 96,AB 05,AB 26,,9,1,,AB 26,
consonant-candidate,AB 04,AB 05,AB 26,,9,2,,"AB 26, AB 66",
consonant-candidate,AB 05,AB 62,AB 26,,9,2,,"AB 26, AB 66",
consonant-candidate,AB 26,AB 98,AB 66,,9,1,,AB 66,
consonant-candidate,AB 26,AB 89,AB 66,,9,1,,AB 66,
consonant-candidate,AB 26,AB 05,AB 66,,9,1,,AB 66,
consonant-candidate,AB 26,AB 40,AB 66,,9,1,,AB 66,
consonant-candidate,AB 54,AB 66,AB 66,,9,1,,AB 66,
consonant-candidate,AB 98,AB 01,AB 66,,9,1,,AB 66,
consonant-candidate,AB 13,AB 17,AB 72,,9,1,,AB 72,
consonant-candidate,AB 61,AB 90,AB 87,,9,1,,AB 87,
vowel-candidate,AB 24,AB 65,,AB 56,9,,14,,"AB 01, AB 03, AB 04, AB 06, AB 07"
vowel-candidate,AB 24,AB 96,,AB 56,9,,2,,"AB 13, AB 56"
vowel-candidate,AB 24,AB 38,,AB 56,9,,4,,"AB 03, AB 07, AB 51, AB 56"
vowel-candidate,AB 24,AB 57,,AB 56,9,,8,,"AB 04, AB 06, AB 08, AB 36, AB 52"
vowel-candidate,AB 24,AB 06,,AB 56,9,,12,,"AB 01, AB 06, AB 07, AB 08, AB 36"
vowel-candidate,AB 24,AB 07,,AB 56,9,,12,,"AB 03, AB 04, AB 07, AB 08, AB 36"
vowel-candidate,AB 24,AB 13,,AB 56,9,,7,,"AB 03, AB 04, AB 13, AB 49, AB 51"
vowel-candidate,AB 24,AB 36,,AB 56,9,,13,,"AB 01, AB 04, AB 06, AB 07, AB 08"
vowel-candidate,AB 24,AB 34,,AB 56,9,,6,,"AB 04, AB 36, AB 49, AB 51, AB 56"
vowel-candidate,AB 24,AB 49,,AB 56,9,,13,,"AB 03, AB 04, AB 06, AB 07, AB 08"
vowel-candidate,AB 24,AB 29,,AB 56,9,,12,,"AB 01, AB 04, AB 06, AB 07, AB 08"
vowel-candidate,AB 30,AB 01,,AB 56,9,,11,,"AB 02, AB 03, AB 06, AB 08, AB 23"
vowel-candidate,AB 30,AB 08,,AB 56,9,,12,,"AB 02, AB 03, AB 04, AB 06, AB 09"
vowel-candidate,AB 30,AB 32,,AB 56,9,,9,,"AB 03, AB 06, AB 08, AB 13, AB 24"
vowel-candidate,AB 30,AB 04,,AB 56,9,,13,,"AB 02, AB 03, AB 04, AB 06, AB 09"
vowel-candidate,AB 52,AB 23,,AB 56,9,,10,,"AB 01, AB 06, AB 08, AB 30, AB 36"
vowel-candidate,AB 52,AB 47,,AB 56,9,,5,,"AB 49, AB 51, AB 56, AB 59, AB 62"
vowel-candidate,AB 65,AB 51,,AB 56,9,,10,,"AB 01, AB 03, AB 04, AB 08, AB 23"
vowel-candidate,AB 09,AB 01,,AB 56,9,,8,,"AB 03, AB 08, AB 14, AB 26, AB 47"
vowel-candidate,AB 09,AB 08,,AB 56,9,,4,,"AB 03, AB 49, AB 56, AB 62"
vowel-candidate,AB 09,AB 32,,AB 56,9,,8,,"AB 03, AB 08, AB 26, AB 47, AB 49"
vowel-candidate,AB 09,AB 04,,AB 56,9,,5,,"AB 03, AB 47, AB 49, AB 56, AB 65"
vowel-candidate,AB 96,AB 51,,AB 56,9,,1,,AB 56
vowel-candidate,AB 51,AB 57,,AB 56,9,,9,,"AB 04, AB 08, AB 24, AB 36, AB 45"
vowel-candidate,AB 51,AB 13,,AB 56,9,,7,,"AB 03, AB 04, AB 26, AB 49, AB 51"
vowel-candidate,AB 51,AB 36,,AB 56,9,,13,,"AB 01, AB 04, AB 08, AB 24, AB 26"
vowel-candidate,AB 51,AB 34,,AB 56,9,,9,,"AB 04, AB 24, AB 26, AB 29, AB 36"
vowel-candidate,AB 51,AB 49,,AB 56,9,,14,,"AB 03, AB 04, AB 08, AB 23, AB 24"
vowel-candidate,AB 51,AB 29,,AB 56,9,,9,,"AB 01, AB 04, AB 08, AB 29, AB 36"
vowel-candidate,AB 23,AB 45,,AB 56,9,,8,,"AB 01, AB 08, AB 30, AB 32, AB 44"
vowel-candidate,AB 45,AB 47,,AB 56,9,,4,,"AB 32, AB 51, AB 56, AB 62"
vowel-candidate,AB 28,AB 65,,AB 50,9,,2,,"AB 44, AB 50"
vowel-candidate,AB 43,AB 65,,AB 50,9,,3,,"AB 02, AB 30, AB 50"
vowel-candidate,AB 65,AB 59,,AB 50,9,,12,,"AB 01, AB 04, AB 06, AB 08, AB 29"
vowel-candidate,AB 24,AB 66,,AB 66,9,,12,,"AB 01, AB 03, AB 04, AB 06, AB 08"
vowel-candidate,AB 62,AB 50,,AB 08,9,,7,,"AB 01, AB 06, AB 08, AB 29, AB 45"
vowel-candidate,AB 24,AB 39,,AB 08,9,,2,,"AB 08, AB 51"
vowel-candidate,AB 24,AB 85,,AB 08,9,,3,,"AB 04, AB 08, AB 44"
vowel-candidate,AB 50,AB 03,,AB 08,9,,5,,"AB 06, AB 08, AB 49, AB 57, AB 65"
vowel-candidate,AB 50,AB 01,,AB 08,9,,6,,"AB 01, AB 06, AB 08, AB 29, AB 45"
vowel-candidate,AB 50,AB 65,,AB 08,9,,6,,"AB 01, AB 06, AB 08, AB 29, AB 49"
vowel-candidate,AB 03,AB 22f,,AB 08,9,,7,,"AB 08, AB 09, AB 44, AB 51, AB 52"
vowel-candidate,AB 26,AB 49,,AB 08,9,,17,,"AB 03, AB 04, AB 06, AB 08, AB 09"
vowel-candidate,AB 54,AB 49,,AB 08,9,,5,,"AB 08, AB 24, AB 32, AB 45, AB 52"
vowel-candidate,AB 39,AB 49,,AB 08,9,,2,,"AB 08, AB 51"
vowel-candidate,AB 85,AB 49,,AB 08,9,,3,,"AB 04, AB 08, AB 26"
vowel-candidate,AB 04,AB 63,,AB 52,9,,5,,"AB 01, AB 06, AB 09, AB 23, AB 52"
vowel-candidate,AB 04,AB 66,,AB 52,9,,19,,"AB 01, AB 02, AB 03, AB 04, AB 06"
vowel-candidate,AB 50,AB 04,,AB 06,9,,7,,"AB 01, AB 06, AB 29, AB 45, AB 49"
vowel-candidate,AB 57,AB 17,,AB 06,9,,1,,AB 06
vowel-candidate,AB 57,AB 53,,AB 06,9,,1,,AB 06
vowel-candidate,AB 73,AB 04,,AB 06,9,,7,,"AB 02, AB 04, AB 06, AB 22f, AB 24"
vowel-candidate,AB 04,AB 59,,AB 06,9,,13,,"AB 01, AB 04, AB 06, AB 22f, AB 24"
vowel-candidate,AB 02,AB 62,,AB 62,9,,3,,"AB 01, AB 62, AB 65"
vowel-candidate,AB 62,AB 71,,AB 62,9,,3,,"AB 32, AB 49, AB 62"
vowel-candidate,AB 35,AB 04,,AB 23,9,,3,,"AB 22f, AB 23, AB 47"
vowel-candidate,AB 29,AB 37,,AB 51,9,,2,,"AB 04, AB 51"
vowel-candidate,AB 07,AB 46,,AB 49,9,,2,,"AB 49, AB 64"
vowel-candidate,AB 26,AB 46,,AB 49,9,,2,,"AB 09, AB 49"
vowel-candidate,AB 03,AB 46,,AB 49,9,,3,,"AB 09, AB 44, AB 49"
vowel-candidate,AB 57,AB 87,,AB 36,9,,2,,"AB 36, AB 90"
vowel-candidate,AB 07,AB 72,,AB 36,9,,1,,AB 36
vowel-candidate,AB 56,AB 87,,AB 36,9,,3,,"AB 02, AB 29, AB 36"
vowel-candidate,AB 72,AB 44,,AB 36,9,,1,,AB 36
vowel-candidate,AB 72,AB 64,,AB 36,9,,1,,AB 36
vowel-candidate,AB 49,AB 64,,AB 36,9,,2,,"AB 26, AB 36"
vowel-candidate,AB 30,AB 87,,AB 36,9,,3,,"AB 02, AB 03, AB 36"
vowel-candidate,AB 52,AB 87,,AB 36,9,,2,,"AB 03, AB 36"
vowel-candidate,AB 36,AB 64,,AB 36,9,,2,,"AB 26, AB 36"
vowel-candidate,AB 87,AB 34,,AB 36,9,,2,,"AB 29, AB 36"
vowel-candidate,AB 69,AB 04,,AB 36,9,,1,,AB 36
vowel-candidate,AB 01,AB 33,,AB 32,9,,2,,"AB 01, AB 32"
vowel-candidate,AB 01,AB 14,,AB 32,9,,5,,"AB 12, AB 29, AB 32, AB 44, AB 59"
vowel-candidate,AB 32,AB 107,,AB 32,9,,1,,AB 32
vowel-candidate,AB 66,AB 33,,AB 32,9,,3,,"AB 01, AB 32, AB 77"
vowel-candidate,AB 65,AB 33,,AB 32,9,,2,,"AB 01, AB 32"
vowel-candidate,AB 65,AB 14,,AB 32,9,,3,,"AB 29, AB 32, AB 44"
vowel-candidate,AB 49,AB 33,,AB 32,9,,1,,AB 32
vowel-candidate,AB 24,AB 14,,AB 44,9,,2,,"AB 44, AB 59"
vowel-candidate,AB 01,AB 55,,AB 45,9,,1,,AB 45
vowel-candidate,AB 29,AB 77,,AB 04,9,,4,,"AB 02, AB 04, AB 29, AB 87"
vowel-candidate,AB 12,AB 10,,AB 01,9,,2,,"AB 01, AB 30"
vowel-candidate,AB 66,AB 05,,AB 01,9,,2,,"AB 01, AB 26"
vowel-candidate,AB 62,AB 05,,AB 01,9,,2,,"AB 01, AB 26"
vowel-candidate,AB 66,AB 75,,AB 26,9,,3,,"AB 26, AB 57, AB 73"
vowel-candidate,AB 65,AB 21f,,AB 30,9,,1,,AB 30
vowel-candidate,AB 23,AB 111,,AB 30,9,,1,,AB 30
vowel-candidate,AB 23,AB 43,,AB 30,9,,1,,AB 30
vowel-candidate,AB 96,AB 72,,AB 13,9,,1,,AB 13
vowel-candidate,AB 72,AB 13,,AB 13,9,,1,,AB 13
vowel-candidate,AB 75,AB 87,,AB 88,9,,1,,AB 88
consonant-candidate,AB 24,AB 12,AB 10,,8,6,,"AB 03, AB 10, AB 14, AB 26, AB 51",
consonant-candidate,AB 85,AB 01,AB 10,,8,2,,"AB 10, AB 36",
consonant-candidate,AB 29,AB 12,AB 10,,8,6,,"AB 01, AB 10, AB 14, AB 26, AB 51",
consonant-candidate,AB 30,AB 12,AB 10,,8,3,,"AB 10, AB 26, AB 59",
consonant-candidate,AB 75,AB 12,AB 10,,8,2,,"AB 10, AB 26",
consonant-candidate,AB 65,AB 12,AB 10,,8,4,,"AB 03, AB 10, AB 26, AB 51",
consonant-candidate,AB 01,AB 04,AB 56,,8,12,,"AB 04, AB 08, AB 24, AB 26, AB 29",
consonant-candidate,AB 01,AB 59,AB 56,,8,10,,"AB 01, AB 06, AB 08, AB 24, AB 26",
consonant-candidate,AB 01,AB 56,AB 56,,8,14,,"AB 01, AB 02, AB 04, AB 06, AB 08",
consonant-candidate,AB 01,AB 22f,AB 56,,8,7,,"AB 01, AB 04, AB 08, AB 36, AB 56",
consonant-candidate,AB 01,AB 32,AB 56,,8,15,,"AB 01, AB 04, AB 06, AB 08, AB 23",
consonant-candidate,AB 01,AB 02,AB 56,,8,9,,"AB 01, AB 04, AB 08, AB 29, AB 36",
consonant-candidate,AB 36,AB 52,AB 56,,8,12,,"AB 03, AB 04, AB 06, AB 07, AB 08",
consonant-candidate,AB 36,AB 34,AB 56,,8,7,,"AB 04, AB 06, AB 30, AB 51, AB 56",
consonant-candidate,AB 36,AB 92,AB 56,,8,1,,AB 56,
consonant-candidate,AB 36,AB 13,AB 56,,8,5,,"AB 23, AB 24, AB 30, AB 56, AB 72",
consonant-candidate,AB 52,AB 34,AB 56,,8,5,,"AB 04, AB 06, AB 32, AB 56, AB 62",
consonant-candidate,AB 52,AB 92,AB 56,,8,1,,AB 56,
consonant-candidate,AB 52,AB 13,AB 56,,8,3,,"AB 24, AB 32, AB 56",
consonant-candidate,AB 04,AB 49,AB 56,,8,16,,"AB 03, AB 04, AB 07, AB 08, AB 13",
consonant-candidate,AB 04,AB 26,AB 56,,8,12,,"AB 07, AB 13, AB 30, AB 34, AB 36",
consonant-candidate,AB 49,AB 59,AB 56,,8,12,,"AB 01, AB 08, AB 24, AB 26, AB 32",
consonant-candidate,AB 49,AB 56,AB 56,,8,18,,"AB 01, AB 04, AB 07, AB 08, AB 09",
consonant-candidate,AB 49,AB 22f,AB 56,,8,9,,"AB 01, AB 04, AB 08, AB 13, AB 32",
consonant-candidate,AB 49,AB 32,AB 56,,8,16,,"AB 01, AB 03, AB 04, AB 07, AB 08",
consonant-candidate,AB 49,AB 02,AB 56,,8,9,,"AB 01, AB 04, AB 08, AB 30, AB 36",
consonant-candidate,AB 26,AB 59,AB 56,,8,8,,"AB 01, AB 06, AB 32, AB 36, AB 49",
consonant-candidate,AB 26,AB 65,AB 56,,8,9,,"AB 06, AB 07, AB 09, AB 32, AB 36",
consonant-candidate,AB 26,AB 62,AB 56,,8,12,,"AB 06, AB 07, AB 09, AB 13, AB 30",
consonant-candidate,AB 26,AB 56,AB 56,,8,13,,"AB 01, AB 06, AB 07, AB 09, AB 13",
consonant-candidate,AB 26,AB 06,AB 56,,8,11,,"AB 01, AB 06, AB 30, AB 32, AB 36",
consonant-candidate,AB 26,AB 22f,AB 56,,8,7,,"AB 01, AB 13, AB 32, AB 36, AB 56",
consonant-candidate,AB 26,AB 02,AB 56,,8,6,,"AB 01, AB 30, AB 36, AB 44, AB 56",
consonant-candidate,AB 34,AB 92,AB 56,,8,1,,AB 56,
consonant-candidate,AB 34,AB 13,AB 56,,8,3,,"AB 30, AB 32, AB 56",
consonant-candidate,AB 92,AB 13,AB 56,,8,1,,AB 56,
consonant-candidate,AB 07,AB 112,AB 07,,8,1,,AB 07,
consonant-candidate,AB 07,AB 03,AB 07,,8,9,,"AB 01, AB 04, AB 07, AB 24, AB 38",
consonant-candidate,AB 07,AB 71,AB 07,,8,2,,"AB 07, AB 29",
consonant-candidate,AB 07,AB 48,AB 07,,8,4,,"AB 06, AB 07, AB 29, AB 62",
consonant-candidate,AB 07,AB 64,AB 07,,8,4,,"AB 06, AB 07, AB 29, AB 45",
consonant-candidate,AB 49,AB 35,AB 07,,8,6,,"AB 04, AB 07, AB 26, AB 30, AB 49",
consonant-candidate,AB 49,AB 51,AB 07,,8,18,,"AB 01, AB 03, AB 04, AB 07, AB 08",
consonant-candidate,AB 49,AB 46,AB 07,,8,6,,"AB 07, AB 08, AB 30, AB 34, AB 44",
consonant-candidate,AB 49,AB 121,AB 07,,8,1,,AB 07,
consonant-candidate,AB 39,AB 08,AB 07,,8,1,,AB 07,
consonant-candidate,AB 35,AB 23,AB 07,,8,5,,"AB 04, AB 07, AB 26, AB 30, AB 49",
consonant-candidate,AB 23,AB 51,AB 07,,8,10,,"AB 01, AB 04, AB 07, AB 22f, AB 26",
consonant-candidate,AB 23,AB 46,AB 07,,8,3,,"AB 07, AB 30, AB 49",
consonant-candidate,AB 23,AB 121,AB 07,,8,1,,AB 07,
consonant-candidate,AB 01,AB 35,AB 52,,8,3,,"AB 04, AB 26, AB 52",
consonant-candidate,AB 29,AB 45,AB 06,,8,13,,"AB 01, AB 04, AB 06, AB 08, AB 26",
consonant-candidate,AB 29,AB 48,AB 06,,8,3,,"AB 06, AB 29, AB 62",
consonant-candidate,AB 45,AB 66,AB 06,,8,10,,"AB 01, AB 06, AB 23, AB 26, AB 29",
consonant-candidate,AB 48,AB 66,AB 06,,8,2,,"AB 06, AB 29",
consonant-candidate,AB 06,AB 28,AB 24,,8,1,,AB 24,
consonant-candidate,AB 03,AB 28,AB 24,,8,1,,AB 24,
consonant-candidate,AB 66,AB 50,AB 24,,8,4,,"AB 24, AB 29, AB 59, AB 65",
consonant-candidate,AB 66,AB 14,AB 24,,8,5,,"AB 01, AB 09, AB 24, AB 26, AB 29",
consonant-candidate,AB 66,AB 13,AB 24,,8,3,,"AB 23, AB 24, AB 32",
consonant-candidate,AB 50,AB 28,AB 24,,8,1,,AB 24,
consonant-candidate,AB 65,AB 14,AB 24,,8,4,,"AB 09, AB 24, AB 26, AB 36",
consonant-candidate,AB 59,AB 28,AB 24,,8,1,,AB 24,
consonant-candidate,AB 14,AB 28,AB 24,,8,1,,AB 24,
consonant-candidate,AB 13,AB 28,AB 24,,8,1,,AB 24,
consonant-candidate,AB 62,AB 28,AB 24,,8,1,,AB 24,
consonant-candidate,AB 28,AB 36,AB 24,,8,1,,AB 24,
consonant-candidate,AB 21f,AB 08,AB 23,,8,2,,"AB 23, AB 65",
consonant-candidate,AB 08,AB 38,AB 23,,8,2,,"AB 23, AB 59",
consonant-candidate,AB 29,AB 90,AB 51,,8,2,,"AB 51, AB 87",
consonant-candidate,AB 04,AB 12,AB 51,,8,4,,"AB 03, AB 26, AB 51, AB 59",
consonant-candidate,AB 59,AB 90,AB 51,,8,2,,"AB 51, AB 57",
consonant-candidate,AB 17,AB 24,AB 57,,8,1,,AB 57,
consonant-candidate,AB 17,AB 66,AB 57,,8,1,,AB 57,
consonant-candidate,AB 17,AB 59,AB 57,,8,3,,"AB 22f, AB 57, AB 72",
consonant-candidate,AB 17,AB 52,AB 57,,8,3,,"AB 22f, AB 45, AB 57",
consonant-candidate,AB 90,AB 52,AB 57,,8,1,,AB 57,
consonant-candidate,AB 30,AB 02,AB 65,,8,4,,"AB 30, AB 43, AB 65, AB 77",
consonant-candidate,AB 30,AB 89,AB 65,,8,1,,AB 65,
consonant-candidate,AB 50,AB 89,AB 65,,8,1,,AB 65,
consonant-candidate,AB 50,AB 21f,AB 65,,8,1,,AB 65,
consonant-candidate,AB 89,AB 32,AB 65,,8,3,,"AB 03, AB 65, AB 66",
consonant-candidate,AB 89,AB 08,AB 65,,8,3,,"AB 03, AB 65, AB 66",
consonant-candidate,AB 32,AB 14,AB 01,,8,3,,"AB 01, AB 26, AB 29",
consonant-candidate,AB 32,AB 73,AB 01,,8,4,,"AB 01, AB 29, AB 44, AB 66",
consonant-candidate,AB 32,AB 12,AB 01,,8,4,,"AB 01, AB 03, AB 14, AB 26",
consonant-candidate,AB 22f,AB 45,AB 01,,8,6,,"AB 01, AB 04, AB 08, AB 36, AB 59",
consonant-candidate,AB 45,AB 14,AB 01,,8,4,,"AB 01, AB 26, AB 29, AB 36",
consonant-candidate,AB 45,AB 02,AB 01,,8,6,,"AB 01, AB 04, AB 08, AB 29, AB 36",
consonant-candidate,AB 45,AB 73,AB 01,,8,3,,"AB 01, AB 29, AB 66",
consonant-candidate,AB 62,AB 76,AB 08,,8,1,,AB 08,
consonant-candidate,AB 62,AB 77,AB 08,,8,3,,"AB 08, AB 30, AB 66",
consonant-candidate,AB 62,AB 72,AB 08,,8,2,,"AB 08, AB 66",
consonant-candidate,AB 62,AB 87,AB 08,,8,1,,AB 08,
consonant-candidate,AB 62,AB 58,AB 08,,8,1,,AB 08,
consonant-candidate,AB 62,AB 86,AB 08,,8,1,,AB 08,
consonant-candidate,AB 62,AB 09,AB 08,,8,7,,"AB 03, AB 08, AB 26, AB 30, AB 36",
consonant-candidate,AB 62,AB 78,AB 08,,8,1,,AB 08,
consonant-candidate,AB 76,AB 22f,AB 08,,8,1,,AB 08,
consonant-candidate,AB 76,AB 24,AB 08,,8,1,,AB 08,
consonant-candidate,AB 38,AB 51,AB 08,,8,1,,AB 08,
consonant-candidate,AB 75,AB 22f,AB 08,,8,1,,AB 08,
consonant-candidate,AB 77,AB 22f,AB 08,,8,5,,"AB 04, AB 08, AB 59, AB 66, AB 73",
consonant-candidate,AB 77,AB 24,AB 08,,8,7,,"AB 04, AB 08, AB 30, AB 59, AB 66",
consonant-candidate,AB 46,AB 22f,AB 08,,8,1,,AB 08,
consonant-candidate,AB 22f,AB 72,AB 08,,8,4,,"AB 08, AB 59, AB 66, AB 73",
consonant-candidate,AB 22f,AB 87,AB 08,,8,1,,AB 08,
consonant-candidate,AB 22f,AB 58,AB 08,,8,2,,"AB 08, AB 59",
consonant-candidate,AB 22f,AB 86,AB 08,,8,1,,AB 08,
consonant-candidate,AB 22f,AB 09,AB 08,,8,4,,"AB 04, AB 08, AB 36, AB 66",
consonant-candidate,AB 22f,AB 78,AB 08,,8,1,,AB 08,
consonant-candidate,AB 72,AB 24,AB 08,,8,4,,"AB 08, AB 59, AB 66, AB 73",
consonant-candidate,AB 87,AB 24,AB 08,,8,2,,"AB 08, AB 77",
consonant-candidate,AB 24,AB 58,AB 08,,8,2,,"AB 08, AB 59",
consonant-candidate,AB 24,AB 86,AB 08,,8,1,,AB 08,
consonant-candidate,AB 24,AB 09,AB 08,,8,8,,"AB 03, AB 04, AB 08, AB 26, AB 30",
consonant-candidate,AB 24,AB 78,AB 08,,8,1,,AB 08,
consonant-candidate,AB 56,AB 93,AB 45,,8,1,,AB 45,
consonant-candidate,AB 52,AB 33,AB 04,,8,1,,AB 04,
consonant-candidate,AB 35,AB 47,AB 04,,8,2,,"AB 04, AB 26",
consonant-candidate,AB 29,AB 33,AB 04,,8,1,,AB 04,
consonant-candidate,AB 47,AB 34,AB 04,,8,3,,"AB 04, AB 32, AB 59",
consonant-candidate,AB 33,AB 06,AB 04,,8,1,,AB 04,
consonant-candidate,AB 08,AB 09,AB 03,,8,7,,"AB 03, AB 22f, AB 26, AB 30, AB 36",
consonant-candidate,AB 08,AB 43,AB 03,,8,1,,AB 03,
consonant-candidate,AB 08,AB 37,AB 03,,8,2,,"AB 03, AB 36",
consonant-candidate,AB 49,AB 43,AB 03,,8,1,,AB 03,
consonant-candidate,AB 49,AB 37,AB 03,,8,2,,"AB 03, AB 36",
consonant-candidate,AB 26,AB 31,AB 36,,8,1,,AB 36,
consonant-candidate,AB 26,AB 09,AB 36,,8,4,,"AB 30, AB 36, AB 49, AB 66",
consonant-candidate,AB 01,AB 37,AB 36,,8,1,,AB 36,
consonant-candidate,AB 01,AB 68,AB 36,,8,1,,AB 36,
consonant-candidate,AB 31,AB 49,AB 36,,8,1,,AB 36,
consonant-candidate,AB 85,AB 36,AB 36,,8,1,,AB 36,
consonant-candidate,AB 36,AB 69,AB 36,,8,1,,AB 36,
consonant-candidate,AB 36,AB 68,AB 36,,8,1,,AB 36,
consonant-candidate,AB 48,AB 72,AB 29,,8,1,,AB 29,
consonant-candidate,AB 48,AB 61,AB 29,,8,1,,AB 29,
consonant-candidate,AB 48,AB 75,AB 29,,8,1,,AB 29,
consonant-candidate,AB 48,AB 47,AB 29,,8,1,,AB 29,
consonant-candidate,AB 64,AB 73,AB 29,,8,2,,"AB 29, AB 44",
consonant-candidate,AB 73,AB 86,AB 29,,8,2,,"AB 29, AB 86",
consonant-candidate,AB 73,AB 88,AB 29,,8,2,,"AB 29, AB 75",
consonant-candidate,AB 30,AB 09,AB 49,,8,4,,"AB 22f, AB 26, AB 30, AB 49",
consonant-candidate,AB 46,AB 83,AB 44,,8,1,,AB 44,
consonant-candidate,AB 26,AB 83,AB 44,,8,1,,AB 44,
consonant-candidate,AB 01,AB 83,AB 44,,8,1,,AB 44,
consonant-candidate,AB 13,AB 47,AB 32,,8,1,,AB 32,
consonant-candidate,AB 24,AB 05,AB 26,,8,2,,"AB 26, AB 66",
consonant-candidate,AB 71,AB 96,AB 26,,8,1,,AB 26,
consonant-candidate,AB 96,AB 23,AB 26,,8,1,,AB 26,
consonant-candidate,AB 96,AB 03,AB 26,,8,1,,AB 26,
consonant-candidate,AB 96,AB 32,AB 26,,8,1,,AB 26,
consonant-candidate,AB 96,AB 47,AB 26,,8,1,,AB 26,
consonant-candidate,AB 96,AB 12,AB 26,,8,1,,AB 26,
consonant-candidate,AB 96,AB 45,AB 26,,8,1,,AB 26,
consonant-candidate,AB 88,AB 49,AB 26,,8,1,,AB 26,
consonant-candidate,AB 06,AB 05,AB 26,,8,2,,"AB 26, AB 66",
consonant-candidate,AB 59,AB 05,AB 26,,8,1,,AB 26,
consonant-candidate,AB 71,AB 54,AB 66,,8,1,,AB 66,
consonant-candidate,AB 32,AB 98,AB 66,,8,1,,AB 66,
consonant-candidate,AB 32,AB 40,AB 66,,8,1,,AB 66,
consonant-candidate,AB 54,AB 73,AB 66,,8,1,,AB 66,
consonant-candidate,AB 54,AB 98,AB 66,,8,1,,AB 66,
consonant-candidate,AB 54,AB 72,AB 66,,8,1,,AB 66,
consonant-candidate,AB 54,AB 89,AB 66,,8,1,,AB 66,
consonant-candidate,AB 54,AB 44,AB 66,,8,1,,AB 66,
consonant-candidate,AB 54,AB 05,AB 66,,8,1,,AB 66,
consonant-candidate,AB 54,AB 40,AB 66,,8,1,,AB 66,
consonant-candidate,AB 24,AB 98,AB 66,,8,1,,AB 66,
consonant-candidate,AB 24,AB 40,AB 66,,8,1,,AB 66,
consonant-candidate,AB 88,AB 26,AB 75,,8,1,,AB 75,
consonant-candidate,AB 88,AB 57,AB 75,,8,1,,AB 75,
vowel-candidate,AB 61,AB 32,,AB 63,8,,3,,"AB 26, AB 32, AB 63"
vowel-candidate,AB 10,AB 87,,AB 61,8,,2,,"AB 29, AB 61"
vowel-candidate,AB 113,AB 32,,AB 10,8,,1,,AB 10
vowel-candidate,AB 32,AB 31,,AB 10,8,,1,,AB 10
vowel-candidate,AB 32,AB 51,,AB 10,8,,12,,"AB 03, AB 08, AB 10, AB 24, AB 26"
vowel-candidate,AB 32,AB 42,,AB 10,8,,1,,AB 10
vowel-candidate,AB 30,AB 56,,AB 56,8,,14,,"AB 02, AB 04, AB 06, AB 08, AB 13"
vowel-candidate,AB 30,AB 23,,AB 56,8,,9,,"AB 06, AB 08, AB 13, AB 30, AB 36"
vowel-candidate,AB 30,AB 47,,AB 56,8,,4,,"AB 13, AB 49, AB 56, AB 62"
vowel-candidate,AB 52,AB 65,,AB 56,8,,11,,"AB 01, AB 03, AB 06, AB 07, AB 08"
vowel-candidate,AB 52,AB 96,,AB 56,8,,1,,AB 56
vowel-candidate,AB 52,AB 06,,AB 56,8,,10,,"AB 01, AB 06, AB 07, AB 08, AB 36"
vowel-candidate,AB 52,AB 07,,AB 56,8,,9,,"AB 03, AB 07, AB 08, AB 35, AB 36"
vowel-candidate,AB 52,AB 13,,AB 56,8,,5,,"AB 03, AB 49, AB 51, AB 56, AB 62"
vowel-candidate,AB 52,AB 34,,AB 56,8,,5,,"AB 36, AB 49, AB 51, AB 56, AB 66"
vowel-candidate,AB 52,AB 29,,AB 56,8,,9,,"AB 01, AB 06, AB 07, AB 08, AB 36"
vowel-candidate,AB 65,AB 45,,AB 56,8,,11,,"AB 01, AB 03, AB 04, AB 07, AB 08"
vowel-candidate,AB 09,AB 56,,AB 56,8,,6,,"AB 08, AB 26, AB 49, AB 56, AB 62"
vowel-candidate,AB 09,AB 23,,AB 56,8,,6,,"AB 08, AB 49, AB 56, AB 62, AB 65"
vowel-candidate,AB 09,AB 47,,AB 56,8,,3,,"AB 49, AB 56, AB 62"
vowel-candidate,AB 01,AB 08,,AB 56,8,,13,,"AB 01, AB 02, AB 03, AB 06, AB 22f"
vowel-candidate,AB 01,AB 32,,AB 56,8,,12,,"AB 03, AB 06, AB 08, AB 22f, AB 26"
vowel-candidate,AB 01,AB 04,,AB 56,8,,15,,"AB 01, AB 02, AB 03, AB 06, AB 07"
vowel-candidate,AB 96,AB 45,,AB 56,8,,1,,AB 56
vowel-candidate,AB 08,AB 04,,AB 56,8,,17,,"AB 01, AB 02, AB 03, AB 04, AB 06"
vowel-candidate,AB 32,AB 04,,AB 56,8,,12,,"AB 03, AB 06, AB 22f, AB 24, AB 32"
vowel-candidate,AB 06,AB 45,,AB 56,8,,10,,"AB 01, AB 07, AB 08, AB 32, AB 51"
vowel-candidate,AB 07,AB 45,,AB 56,8,,11,,"AB 03, AB 04, AB 07, AB 08, AB 32"
vowel-candidate,AB 45,AB 13,,AB 56,8,,5,,"AB 03, AB 04, AB 51, AB 56, AB 62"
vowel-candidate,AB 45,AB 34,,AB 56,8,,3,,"AB 04, AB 51, AB 56"
vowel-candidate,AB 45,AB 29,,AB 56,8,,9,,"AB 01, AB 04, AB 07, AB 08, AB 32"
vowel-candidate,AB 65,AB 62,,AB 50,8,,11,,"AB 01, AB 06, AB 07, AB 08, AB 23"
vowel-candidate,AB 22f,AB 52,,AB 07,8,,6,,"AB 07, AB 08, AB 30, AB 44, AB 51"
vowel-candidate,AB 48,AB 52,,AB 07,8,,4,,"AB 01, AB 07, AB 08, AB 66"
vowel-candidate,AB 52,AB 18,,AB 07,8,,1,,AB 07
vowel-candidate,AB 64,AB 51,,AB 66,8,,3,,"AB 26, AB 36, AB 66"
vowel-candidate,AB 64,AB 66,,AB 66,8,,2,,"AB 26, AB 66"
vowel-candidate,AB 64,AB 23,,AB 66,8,,2,,"AB 36, AB 66"
vowel-candidate,AB 64,AB 09,,AB 66,8,,2,,"AB 26, AB 66"
vowel-candidate,AB 64,AB 06,,AB 66,8,,3,,"AB 26, AB 36, AB 66"
vowel-candidate,AB 64,AB 57,,AB 66,8,,2,,"AB 36, AB 66"
vowel-candidate,AB 64,AB 52,,AB 66,8,,2,,"AB 36, AB 66"
vowel-candidate,AB 64,AB 32,,AB 66,8,,2,,"AB 26, AB 66"
vowel-candidate,AB 24,AB 26,,AB 66,8,,14,,"AB 01, AB 03, AB 04, AB 06, AB 08"
vowel-candidate,AB 24,AB 54,,AB 66,8,,5,,"AB 01, AB 08, AB 52, AB 65, AB 66"
vowel-candidate,AB 66,AB 59,,AB 66,8,,15,,"AB 01, AB 04, AB 06, AB 08, AB 22f"
vowel-candidate,AB 59,AB 23,,AB 66,8,,11,,"AB 01, AB 06, AB 08, AB 30, AB 36"
vowel-candidate,AB 59,AB 09,,AB 66,8,,5,,"AB 08, AB 26, AB 47, AB 49, AB 66"
vowel-candidate,AB 59,AB 57,,AB 66,8,,9,,"AB 04, AB 06, AB 08, AB 24, AB 36"
vowel-candidate,AB 59,AB 52,,AB 66,8,,9,,"AB 01, AB 06, AB 08, AB 30, AB 36"
vowel-candidate,AB 62,AB 26,,AB 08,8,,12,,"AB 01, AB 06, AB 08, AB 23, AB 29"
vowel-candidate,AB 62,AB 54,,AB 08,8,,6,,"AB 01, AB 08, AB 32, AB 45, AB 52"
vowel-candidate,AB 62,AB 39,,AB 08,8,,2,,"AB 08, AB 51"
vowel-candidate,AB 62,AB 85,,AB 08,8,,2,,"AB 08, AB 26"
vowel-candidate,AB 23,AB 50,,AB 08,8,,7,,"AB 01, AB 06, AB 08, AB 45, AB 49"
vowel-candidate,AB 23,AB 22f,,AB 08,8,,5,,"AB 08, AB 30, AB 44, AB 57, AB 65"
vowel-candidate,AB 50,AB 59,,AB 08,8,,7,,"AB 01, AB 06, AB 08, AB 29, AB 45"
vowel-candidate,AB 66,AB 07,,AB 08,8,,13,,"AB 03, AB 04, AB 08, AB 23, AB 24"
vowel-candidate,AB 03,AB 39,,AB 08,8,,2,,"AB 08, AB 51"
vowel-candidate,AB 03,AB 56,,AB 08,8,,11,,"AB 04, AB 06, AB 08, AB 24, AB 32"
vowel-candidate,AB 03,AB 85,,AB 08,8,,3,,"AB 04, AB 08, AB 44"
vowel-candidate,AB 39,AB 01,,AB 08,8,,2,,"AB 08, AB 51"
vowel-candidate,AB 39,AB 65,,AB 08,8,,2,,"AB 08, AB 51"
vowel-candidate,AB 01,AB 85,,AB 08,8,,3,,"AB 08, AB 26, AB 44"
vowel-candidate,AB 65,AB 85,,AB 08,8,,3,,"AB 04, AB 08, AB 44"
vowel-candidate,AB 59,AB 22f,,AB 08,8,,5,,"AB 08, AB 30, AB 44, AB 57, AB 59"
vowel-candidate,AB 04,AB 44,,AB 52,8,,9,,"AB 01, AB 02, AB 06, AB 32, AB 36"
vowel-candidate,AB 04,AB 54,,AB 52,8,,6,,"AB 01, AB 24, AB 32, AB 45, AB 52"
vowel-candidate,AB 04,AB 58,,AB 52,8,,1,,AB 52
vowel-candidate,AB 04,AB 79,,AB 52,8,,2,,"AB 36, AB 52"
vowel-candidate,AB 63,AB 03,,AB 52,8,,3,,"AB 06, AB 09, AB 52"
vowel-candidate,AB 63,AB 22f,,AB 52,8,,3,,"AB 09, AB 23, AB 52"
vowel-candidate,AB 63,AB 24,,AB 52,8,,3,,"AB 01, AB 06, AB 52"
vowel-candidate,AB 63,AB 01,,AB 06,8,,3,,"AB 01, AB 06, AB 23"
vowel-candidate,AB 73,AB 03,,AB 06,8,,5,,"AB 04, AB 06, AB 24, AB 44, AB 51"
vowel-candidate,AB 73,AB 01,,AB 06,8,,6,,"AB 02, AB 06, AB 22f, AB 44, AB 51"
vowel-candidate,AB 04,AB 17,,AB 06,8,,3,,"AB 06, AB 49, AB 57"
vowel-candidate,AB 04,AB 53,,AB 06,8,,1,,AB 06
vowel-candidate,AB 26,AB 08,,AB 06,8,,15,,"AB 01, AB 03, AB 04, AB 06, AB 09"
vowel-candidate,AB 23,AB 71,,AB 62,8,,4,,"AB 32, AB 44, AB 49, AB 62"
vowel-candidate,AB 08,AB 71,,AB 62,8,,4,,"AB 03, AB 32, AB 49, AB 62"
vowel-candidate,AB 13,AB 26,,AB 62,8,,5,,"AB 03, AB 04, AB 49, AB 51, AB 62"
vowel-candidate,AB 35,AB 07,,AB 23,8,,1,,AB 23
vowel-candidate,AB 26,AB 55,,AB 24,8,,2,,"AB 24, AB 45"
vowel-candidate,AB 77,AB 66,,AB 24,8,,5,,"AB 02, AB 04, AB 24, AB 29, AB 77"
vowel-candidate,AB 77,AB 08,,AB 24,8,,6,,"AB 02, AB 04, AB 24, AB 29, AB 77"
vowel-candidate,AB 55,AB 36,,AB 24,8,,2,,"AB 24, AB 45"
vowel-candidate,AB 55,AB 49,,AB 24,8,,2,,"AB 24, AB 45"
vowel-candidate,AB 34,AB 62,,AB 51,8,,5,,"AB 26, AB 29, AB 36, AB 49, AB 51"
vowel-candidate,AB 08,AB 39,,AB 51,8,,1,,AB 51
vowel-candidate,AB 07,AB 17,,AB 49,8,,1,,AB 49
vowel-candidate,AB 65,AB 46,,AB 49,8,,2,,"AB 44, AB 49"
vowel-candidate,AB 56,AB 46,,AB 49,8,,1,,AB 49
vowel-candidate,AB 36,AB 46,,AB 49,8,,3,,"AB 09, AB 49, AB 85"
vowel-candidate,AB 07,AB 87,,AB 36,8,,2,,"AB 03, AB 36"
vowel-candidate,AB 72,AB 03,,AB 36,8,,1,,AB 36
vowel-candidate,AB 72,AB 59,,AB 36,8,,3,,"AB 36, AB 59, AB 72"
vowel-candidate,AB 72,AB 69,,AB 36,8,,1,,AB 36
vowel-candidate,AB 72,AB 29,,AB 36,8,,2,,"AB 36, AB 72"
vowel-candidate,AB 72,AB 51,,AB 36,8,,2,,"AB 36, AB 59"
vowel-candidate,AB 72,AB 79,,AB 36,8,,1,,AB 36
vowel-candidate,AB 72,AB 06,,AB 36,8,,2,,"AB 36, AB 59"
vowel-candidate,AB 72,AB 08,,AB 36,8,,3,,"AB 36, AB 59, AB 72"
vowel-candidate,AB 72,AB 24,,AB 36,8,,3,,"AB 13, AB 36, AB 59"
vowel-candidate,AB 49,AB 69,,AB 36,8,,1,,AB 36
vowel-candidate,AB 44,AB 87,,AB 36,8,,2,,"AB 02, AB 36"
vowel-candidate,AB 36,AB 69,,AB 36,8,,1,,AB 36
vowel-candidate,AB 36,AB 79,,AB 36,8,,1,,AB 36
vowel-candidate,AB 87,AB 64,,AB 36,8,,1,,AB 36
vowel-candidate,AB 01,AB 107,,AB 32,8,,1,,AB 32
vowel-candidate,AB 01,AB 61,,AB 32,8,,2,,"AB 26, AB 32"
vowel-candidate,AB 66,AB 107,,AB 32,8,,1,,AB 32
vowel-candidate,AB 66,AB 61,,AB 32,8,,2,,"AB 26, AB 32"
vowel-candidate,AB 65,AB 107,,AB 32,8,,1,,AB 32
vowel-candidate,AB 65,AB 61,,AB 32,8,,2,,"AB 30, AB 32"
vowel-candidate,AB 49,AB 107,,AB 32,8,,1,,AB 32
vowel-candidate,AB 77,AB 24,,AB 04,8,,2,,"AB 04, AB 30"
vowel-candidate,AB 63,AB 02,,AB 01,8,,1,,AB 01
vowel-candidate,AB 23,AB 12,,AB 01,8,,3,,"AB 01, AB 30, AB 57"
vowel-candidate,AB 12,AB 48,,AB 01,8,,1,,AB 01
vowel-candidate,AB 26,AB 05,,AB 01,8,,1,,AB 01
vowel-candidate,AB 36,AB 05,,AB 01,8,,2,,"AB 01, AB 26"
vowel-candidate,AB 36,AB 33,,AB 01,8,,1,,AB 01
vowel-candidate,AB 52,AB 05,,AB 01,8,,1,,AB 01
vowel-candidate,AB 52,AB 33,,AB 01,8,,1,,AB 01
vowel-candidate,AB 50,AB 14,,AB 29,8,,1,,AB 29
vowel-candidate,AB 36,AB 76,,AB 26,8,,1,,AB 26
vowel-candidate,AB 62,AB 76,,AB 26,8,,1,,AB 26
vowel-candidate,AB 76,AB 56,,AB 26,8,,1,,AB 26
vowel-candidate,AB 76,AB 32,,AB 26,8,,1,,AB 26
vowel-candidate,AB 76,AB 09,,AB 26,8,,1,,AB 26
vowel-candidate,AB 65,AB 111,,AB 30,8,,1,,AB 30
vowel-candidate,AB 02,AB 21f,,AB 30,8,,1,,AB 30
vowel-candidate,AB 08,AB 35,,AB 22f,8,,1,,AB 22f
vowel-candidate,AB 48,AB 75,,AB 73,8,,1,,AB 73
vowel-candidate,AB 75,AB 26,,AB 88,8,,1,,AB 88
vowel-candidate,AB 66,AB 94,,AB 54,8,,1,,AB 54
vowel-candidate,AB 66,AB 20,,AB 54,8,,1,,AB 54
consonant-candidate,AB 61,AB 85,AB 10,,7,1,,AB 10,
consonant-candidate,AB 61,AB 01,AB 10,,7,2,,"AB 10, AB 29",
consonant-candidate,AB 85,AB 62,AB 10,,7,2,,"AB 10, AB 36",
consonant-candidate,AB 85,AB 49,AB 10,,7,3,,"AB 10, AB 36, AB 46",
consonant-candidate,AB 62,AB 01,AB 10,,7,15,,"AB 02, AB 06, AB 08, AB 10, AB 23",
consonant-candidate,AB 01,AB 49,AB 10,,7,17,,"AB 01, AB 04, AB 08, AB 10, AB 23",
consonant-candidate,AB 10,AB 01,AB 56,,7,6,,"AB 06, AB 08, AB 51, AB 56, AB 59",
consonant-candidate,AB 10,AB 49,AB 56,,7,6,,"AB 07, AB 08, AB 32, AB 51, AB 56",
consonant-candidate,AB 10,AB 26,AB 56,,7,7,,"AB 06, AB 07, AB 32, AB 38, AB 51",
consonant-candidate,AB 23,AB 01,AB 56,,7,10,,"AB 01, AB 04, AB 12, AB 26, AB 51",
consonant-candidate,AB 23,AB 49,AB 56,,7,11,,"AB 01, AB 04, AB 07, AB 26, AB 30",
consonant-candidate,AB 23,AB 26,AB 56,,7,8,,"AB 01, AB 07, AB 30, AB 49, AB 51",
consonant-candidate,AB 01,AB 63,AB 56,,7,5,,"AB 36, AB 45, AB 52, AB 56, AB 62",
consonant-candidate,AB 01,AB 57,AB 56,,7,10,,"AB 04, AB 12, AB 23, AB 36, AB 44",
consonant-candidate,AB 01,AB 54,AB 56,,7,3,,"AB 04, AB 56, AB 66",
consonant-candidate,AB 01,AB 08,AB 56,,7,19,,"AB 01, AB 06, AB 23, AB 24, AB 26",
consonant-candidate,AB 36,AB 04,AB 56,,7,15,,"AB 03, AB 04, AB 07, AB 08, AB 24",
consonant-candidate,AB 36,AB 59,AB 56,,7,13,,"AB 01, AB 06, AB 08, AB 24, AB 26",
consonant-candidate,AB 36,AB 65,AB 56,,7,11,,"AB 03, AB 04, AB 06, AB 07, AB 23",
consonant-candidate,AB 36,AB 62,AB 56,,7,15,,"AB 03, AB 06, AB 07, AB 08, AB 23",
consonant-candidate,AB 36,AB 56,AB 56,,7,16,,"AB 01, AB 04, AB 06, AB 07, AB 08",
consonant-candidate,AB 36,AB 06,AB 56,,7,18,,"AB 01, AB 03, AB 04, AB 06, AB 08",
consonant-candidate,AB 36,AB 22f,AB 56,,7,6,,"AB 01, AB 04, AB 08, AB 36, AB 56",
consonant-candidate,AB 36,AB 32,AB 56,,7,13,,"AB 01, AB 03, AB 04, AB 06, AB 07",
consonant-candidate,AB 36,AB 02,AB 56,,7,9,,"AB 01, AB 04, AB 08, AB 29, AB 30",
consonant-candidate,AB 52,AB 04,AB 56,,7,11,,"AB 03, AB 04, AB 07, AB 08, AB 24",
consonant-candidate,AB 52,AB 59,AB 56,,7,8,,"AB 06, AB 08, AB 22f, AB 24, AB 32",
consonant-candidate,AB 52,AB 65,AB 56,,7,12,,"AB 03, AB 04, AB 06, AB 07, AB 22f",
consonant-candidate,AB 52,AB 62,AB 56,,7,11,,"AB 03, AB 06, AB 07, AB 08, AB 24",
consonant-candidate,AB 52,AB 56,AB 56,,7,11,,"AB 04, AB 06, AB 07, AB 08, AB 24",
consonant-candidate,AB 52,AB 06,AB 56,,7,14,,"AB 03, AB 04, AB 06, AB 08, AB 24",
consonant-candidate,AB 52,AB 22f,AB 56,,7,5,,"AB 04, AB 08, AB 32, AB 56, AB 66",
consonant-candidate,AB 52,AB 32,AB 56,,7,14,,"AB 03, AB 04, AB 06, AB 07, AB 08",
consonant-candidate,AB 52,AB 02,AB 56,,7,6,,"AB 04, AB 08, AB 44, AB 56, AB 65",
consonant-candidate,AB 04,AB 34,AB 56,,7,5,,"AB 04, AB 30, AB 51, AB 56, AB 59",
consonant-candidate,AB 04,AB 92,AB 56,,7,1,,AB 56,
consonant-candidate,AB 04,AB 13,AB 56,,7,4,,"AB 13, AB 24, AB 30, AB 56",
consonant-candidate,AB 49,AB 63,AB 56,,7,6,,"AB 32, AB 36, AB 49, AB 52, AB 56",
consonant-candidate,AB 49,AB 57,AB 56,,7,12,,"AB 03, AB 04, AB 17, AB 23, AB 36",
consonant-candidate,AB 49,AB 54,AB 56,,7,3,,"AB 04, AB 56, AB 66",
consonant-candidate,AB 49,AB 08,AB 56,,7,20,,"AB 01, AB 03, AB 07, AB 09, AB 23",
consonant-candidate,AB 26,AB 24,AB 56,,7,11,,"AB 06, AB 07, AB 30, AB 32, AB 34",
consonant-candidate,AB 26,AB 57,AB 56,,7,7,,"AB 36, AB 44, AB 49, AB 56, AB 59",
consonant-candidate,AB 26,AB 29,AB 56,,7,10,,"AB 01, AB 06, AB 34, AB 36, AB 49",
consonant-candidate,AB 26,AB 54,AB 56,,7,2,,"AB 56, AB 66",
consonant-candidate,AB 26,AB 08,AB 56,,7,15,,"AB 01, AB 06, AB 07, AB 09, AB 30",
consonant-candidate,AB 59,AB 34,AB 56,,7,5,,"AB 06, AB 32, AB 51, AB 56, AB 59",
consonant-candidate,AB 59,AB 92,AB 56,,7,1,,AB 56,
consonant-candidate,AB 59,AB 13,AB 56,,7,5,,"AB 24, AB 32, AB 47, AB 56, AB 72",
consonant-candidate,AB 65,AB 34,AB 56,,7,6,,"AB 04, AB 06, AB 32, AB 51, AB 56",
consonant-candidate,AB 65,AB 92,AB 56,,7,1,,AB 56,
consonant-candidate,AB 65,AB 13,AB 56,,7,4,,"AB 23, AB 24, AB 32, AB 56",
consonant-candidate,AB 62,AB 34,AB 56,,7,5,,"AB 06, AB 30, AB 51, AB 56, AB 62",
consonant-candidate,AB 62,AB 92,AB 56,,7,1,,AB 56,
consonant-candidate,AB 62,AB 13,AB 56,,7,6,,"AB 13, AB 23, AB 24, AB 30, AB 47",
consonant-candidate,AB 34,AB 56,AB 56,,7,6,,"AB 04, AB 06, AB 30, AB 32, AB 51",
consonant-candidate,AB 34,AB 06,AB 56,,7,7,,"AB 04, AB 06, AB 30, AB 32, AB 56",
consonant-candidate,AB 34,AB 22f,AB 56,,7,4,,"AB 04, AB 32, AB 56, AB 59",
consonant-candidate,AB 34,AB 32,AB 56,,7,5,,"AB 04, AB 06, AB 32, AB 56, AB 62",
consonant-candidate,AB 34,AB 02,AB 56,,7,3,,"AB 04, AB 30, AB 56",
consonant-candidate,AB 56,AB 92,AB 56,,7,1,,AB 56,
consonant-candidate,AB 56,AB 13,AB 56,,7,8,,"AB 13, AB 23, AB 24, AB 30, AB 32",
consonant-candidate,AB 06,AB 92,AB 56,,7,1,,AB 56,
consonant-candidate,AB 06,AB 13,AB 56,,7,5,,"AB 23, AB 24, AB 30, AB 32, AB 56",
consonant-candidate,AB 22f,AB 92,AB 56,,7,1,,AB 56,
consonant-candidate,AB 22f,AB 13,AB 56,,7,3,,"AB 13, AB 32, AB 56",
consonant-candidate,AB 32,AB 92,AB 56,,7,1,,AB 56,
consonant-candidate,AB 32,AB 13,AB 56,,7,4,,"AB 23, AB 32, AB 47, AB 56",
consonant-candidate,AB 02,AB 92,AB 56,,7,1,,AB 56,
consonant-candidate,AB 02,AB 13,AB 56,,7,2,,"AB 30, AB 56",
consonant-candidate,AB 30,AB 47,AB 02,,7,4,,"AB 02, AB 26, AB 59, AB 65",
consonant-candidate,AB 01,AB 47,AB 02,,7,7,,"AB 01, AB 02, AB 04, AB 26, AB 29",
consonant-candidate,AB 65,AB 69,AB 02,,7,2,,"AB 02, AB 36",
consonant-candidate,AB 50,AB 39,AB 07,,7,1,,AB 07,
consonant-candidate,AB 07,AB 35,AB 07,,7,4,,"AB 04, AB 07, AB 49, AB 52",
consonant-candidate,AB 07,AB 51,AB 07,,7,13,,"AB 01, AB 04, AB 06, AB 07, AB 22f",
consonant-candidate,AB 07,AB 46,AB 07,,7,2,,"AB 07, AB 49",
consonant-candidate,AB 07,AB 121,AB 07,,7,1,,AB 07,
consonant-candidate,AB 36,AB 39,AB 07,,7,1,,AB 07,
consonant-candidate,AB 39,AB 112,AB 07,,7,1,,AB 07,
consonant-candidate,AB 39,AB 03,AB 07,,7,1,,AB 07,
consonant-candidate,AB 39,AB 32,AB 07,,7,1,,AB 07,
consonant-candidate,AB 39,AB 71,AB 07,,7,1,,AB 07,
consonant-candidate,AB 39,AB 62,AB 07,,7,1,,AB 07,
consonant-candidate,AB 39,AB 48,AB 07,,7,1,,AB 07,
consonant-candidate,AB 39,AB 64,AB 07,,7,1,,AB 07,
consonant-candidate,AB 112,AB 08,AB 07,,7,1,,AB 07,
consonant-candidate,AB 03,AB 08,AB 07,,7,13,,"AB 01, AB 07, AB 09, AB 24, AB 26",
consonant-candidate,AB 71,AB 08,AB 07,,7,4,,"AB 07, AB 26, AB 29, AB 66",
consonant-candidate,AB 48,AB 08,AB 07,,7,4,,"AB 06, AB 07, AB 29, AB 62",
consonant-candidate,AB 64,AB 08,AB 07,,7,5,,"AB 06, AB 07, AB 29, AB 44, AB 45",
consonant-candidate,AB 32,AB 27,AB 47,,7,1,,AB 47,
consonant-candidate,AB 51,AB 63,AB 52,,7,6,,"AB 32, AB 38, AB 45, AB 49, AB 52",
consonant-candidate,AB 51,AB 66,AB 52,,7,12,,"AB 01, AB 03, AB 06, AB 24, AB 26",
consonant-candidate,AB 51,AB 44,AB 52,,7,10,,"AB 01, AB 03, AB 22f, AB 24, AB 29",
consonant-candidate,AB 36,AB 66,AB 52,,7,13,,"AB 01, AB 03, AB 06, AB 23, AB 24",
consonant-candidate,AB 36,AB 44,AB 52,,7,8,,"AB 01, AB 03, AB 23, AB 24, AB 29",
consonant-candidate,AB 52,AB 66,AB 06,,7,8,,"AB 03, AB 06, AB 24, AB 32, AB 54",
consonant-candidate,AB 45,AB 64,AB 06,,7,2,,"AB 06, AB 29",
consonant-candidate,AB 45,AB 06,AB 06,,7,14,,"AB 01, AB 04, AB 06, AB 08, AB 23",
consonant-candidate,AB 45,AB 56,AB 06,,7,11,,"AB 01, AB 04, AB 06, AB 08, AB 23",
consonant-candidate,AB 45,AB 24,AB 06,,7,12,,"AB 04, AB 06, AB 08, AB 26, AB 36",
consonant-candidate,AB 45,AB 01,AB 06,,7,14,,"AB 01, AB 04, AB 06, AB 08, AB 23",
consonant-candidate,AB 45,AB 36,AB 06,,7,13,,"AB 01, AB 04, AB 06, AB 08, AB 23",
consonant-candidate,AB 45,AB 65,AB 06,,7,10,,"AB 04, AB 06, AB 23, AB 26, AB 36",
consonant-candidate,AB 45,AB 32,AB 06,,7,11,,"AB 01, AB 04, AB 06, AB 08, AB 23",
consonant-candidate,AB 48,AB 06,AB 06,,7,3,,"AB 06, AB 29, AB 62",
consonant-candidate,AB 48,AB 01,AB 06,,7,3,,"AB 06, AB 29, AB 62",
consonant-candidate,AB 04,AB 30,AB 24,,7,8,,"AB 24, AB 26, AB 30, AB 45, AB 49",
consonant-candidate,AB 14,AB 51,AB 24,,7,4,,"AB 01, AB 24, AB 26, AB 29",
consonant-candidate,AB 14,AB 52,AB 24,,7,1,,AB 24,
consonant-candidate,AB 21f,AB 06,AB 23,,7,2,,"AB 23, AB 65",
consonant-candidate,AB 21f,AB 13,AB 23,,7,1,,AB 23,
consonant-candidate,AB 06,AB 38,AB 23,,7,3,,"AB 08, AB 23, AB 59",
consonant-candidate,AB 38,AB 13,AB 23,,7,1,,AB 23,
consonant-candidate,AB 13,AB 45,AB 23,,7,1,,AB 23,
consonant-candidate,AB 04,AB 90,AB 51,,7,2,,"AB 51, AB 57",
consonant-candidate,AB 65,AB 90,AB 51,,7,1,,AB 51,
consonant-candidate,AB 12,AB 51,AB 51,,7,4,,"AB 01, AB 03, AB 26, AB 51",
consonant-candidate,AB 12,AB 45,AB 51,,7,4,,"AB 01, AB 26, AB 51, AB 59",
consonant-candidate,AB 17,AB 63,AB 57,,7,2,,"AB 45, AB 57",
consonant-candidate,AB 17,AB 45,AB 57,,7,1,,AB 57,
consonant-candidate,AB 17,AB 47,AB 57,,7,1,,AB 57,
consonant-candidate,AB 17,AB 56,AB 57,,7,2,,"AB 45, AB 57",
consonant-candidate,AB 17,AB 08,AB 57,,7,3,,"AB 22f, AB 45, AB 57",
consonant-candidate,AB 90,AB 63,AB 57,,7,1,,AB 57,
consonant-candidate,AB 90,AB 47,AB 57,,7,1,,AB 57,
consonant-candidate,AB 49,AB 89,AB 65,,7,3,,"AB 03, AB 65, AB 66",
consonant-candidate,AB 01,AB 89,AB 65,,7,2,,"AB 65, AB 66",
consonant-candidate,AB 73,AB 06,AB 01,,7,6,,"AB 01, AB 29, AB 30, AB 44, AB 66",
consonant-candidate,AB 76,AB 29,AB 08,,7,1,,AB 08,
consonant-candidate,AB 38,AB 03,AB 08,,7,1,,AB 08,
consonant-candidate,AB 38,AB 04,AB 08,,7,2,,"AB 08, AB 59",
consonant-candidate,AB 77,AB 29,AB 08,,7,5,,"AB 04, AB 08, AB 59, AB 66, AB 77",
consonant-candidate,AB 46,AB 29,AB 08,,7,3,,"AB 08, AB 34, AB 49",
consonant-candidate,AB 29,AB 72,AB 08,,7,4,,"AB 08, AB 29, AB 59, AB 66",
consonant-candidate,AB 29,AB 87,AB 08,,7,4,,"AB 08, AB 29, AB 77, AB 87",
consonant-candidate,AB 29,AB 58,AB 08,,7,2,,"AB 08, AB 59",
consonant-candidate,AB 29,AB 86,AB 08,,7,2,,"AB 08, AB 29",
consonant-candidate,AB 29,AB 09,AB 08,,7,6,,"AB 04, AB 08, AB 26, AB 36, AB 49",
consonant-candidate,AB 29,AB 78,AB 08,,7,1,,AB 08,
consonant-candidate,AB 65,AB 17,AB 45,,7,2,,"AB 22f, AB 45",
consonant-candidate,AB 01,AB 17,AB 45,,7,1,,AB 45,
consonant-candidate,AB 17,AB 30,AB 45,,7,2,,"AB 22f, AB 45",
consonant-candidate,AB 04,AB 93,AB 45,,7,1,,AB 45,
consonant-candidate,AB 45,AB 35,AB 04,,7,3,,"AB 04, AB 26, AB 49",
consonant-candidate,AB 02,AB 35,AB 04,,7,2,,"AB 04, AB 30",
consonant-candidate,AB 77,AB 47,AB 04,,7,2,,"AB 04, AB 59",
consonant-candidate,AB 09,AB 47,AB 04,,7,3,,"AB 03, AB 04, AB 26",
consonant-candidate,AB 04,AB 33,AB 04,,7,1,,AB 04,
consonant-candidate,AB 54,AB 47,AB 04,,7,1,,AB 04,
consonant-candidate,AB 47,AB 33,AB 04,,7,1,,AB 04,
consonant-candidate,AB 12,AB 52,AB 03,,7,1,,AB 03,
consonant-candidate,AB 12,AB 57,AB 03,,7,2,,"AB 03, AB 59",
consonant-candidate,AB 52,AB 43,AB 03,,7,1,,AB 03,
consonant-candidate,AB 52,AB 37,AB 03,,7,1,,AB 03,
consonant-candidate,AB 57,AB 43,AB 03,,7,1,,AB 03,
consonant-candidate,AB 57,AB 37,AB 03,,7,2,,"AB 03, AB 36",
consonant-candidate,AB 06,AB 43,AB 03,,7,1,,AB 03,
consonant-candidate,AB 06,AB 37,AB 03,,7,2,,"AB 03, AB 36",
consonant-candidate,AB 26,AB 85,AB 36,,7,2,,"AB 36, AB 85",
consonant-candidate,AB 26,AB 37,AB 36,,7,1,,AB 36,
consonant-candidate,AB 26,AB 69,AB 36,,7,1,,AB 36,
consonant-candidate,AB 26,AB 68,AB 36,,7,1,,AB 36,
consonant-candidate,AB 22f,AB 31,AB 36,,7,1,,AB 36,
consonant-candidate,AB 31,AB 24,AB 36,,7,1,,AB 36,
consonant-candidate,AB 69,AB 49,AB 36,,7,1,,AB 36,
consonant-candidate,AB 49,AB 68,AB 36,,7,1,,AB 36,
consonant-candidate,AB 04,AB 88,AB 29,,7,2,,"AB 26, AB 29",
consonant-candidate,AB 44,AB 86,AB 29,,7,1,,AB 29,
consonant-candidate,AB 44,AB 88,AB 29,,7,1,,AB 29,
consonant-candidate,AB 72,AB 73,AB 29,,7,3,,"AB 29, AB 66, AB 73",
consonant-candidate,AB 73,AB 61,AB 29,,7,2,,"AB 29, AB 73",
consonant-candidate,AB 73,AB 75,AB 29,,7,1,,AB 29,
consonant-candidate,AB 73,AB 50,AB 29,,7,2,,"AB 29, AB 30",
consonant-candidate,AB 73,AB 71,AB 29,,7,2,,"AB 29, AB 66",
consonant-candidate,AB 45,AB 88,AB 29,,7,2,,"AB 26, AB 29",
consonant-candidate,AB 07,AB 86,AB 29,,7,1,,AB 29,
consonant-candidate,AB 07,AB 88,AB 29,,7,1,,AB 29,
consonant-candidate,AB 29,AB 88,AB 29,,7,3,,"AB 26, AB 29, AB 87",
consonant-candidate,AB 06,AB 88,AB 29,,7,2,,"AB 26, AB 29",
consonant-candidate,AB 57,AB 17,AB 22f,,7,1,,AB 22f,
consonant-candidate,AB 49,AB 83,AB 44,,7,1,,AB 44,
consonant-candidate,AB 36,AB 83,AB 44,,7,1,,AB 44,
consonant-candidate,AB 32,AB 83,AB 44,,7,1,,AB 44,
consonant-candidate,AB 66,AB 53,AB 59,,7,1,,AB 59,
consonant-candidate,AB 66,AB 77,AB 59,,7,2,,"AB 59, AB 66",
consonant-candidate,AB 66,AB 58,AB 59,,7,1,,AB 59,
consonant-candidate,AB 12,AB 50,AB 59,,7,1,,AB 59,
consonant-candidate,AB 12,AB 38,AB 59,,7,2,,"AB 14, AB 59",
consonant-candidate,AB 22f,AB 53,AB 59,,7,1,,AB 59,
consonant-candidate,AB 22f,AB 30,AB 59,,7,1,,AB 59,
consonant-candidate,AB 53,AB 08,AB 59,,7,1,,AB 59,
consonant-candidate,AB 08,AB 77,AB 59,,7,3,,"AB 30, AB 59, AB 66",
consonant-candidate,AB 08,AB 58,AB 59,,7,1,,AB 59,
consonant-candidate,AB 71,AB 59,AB 26,,7,1,,AB 26,
consonant-candidate,AB 71,AB 05,AB 26,,7,2,,"AB 26, AB 66",
consonant-candidate,AB 96,AB 35,AB 26,,7,1,,AB 26,
consonant-candidate,AB 96,AB 29,AB 26,,7,1,,AB 26,
consonant-candidate,AB 96,AB 88,AB 26,,7,1,,AB 26,
consonant-candidate,AB 96,AB 66,AB 26,,7,1,,AB 26,
consonant-candidate,AB 96,AB 30,AB 26,,7,1,,AB 26,
consonant-candidate,AB 96,AB 09,AB 26,,7,1,,AB 26,
consonant-candidate,AB 96,AB 08,AB 26,,7,1,,AB 26,
consonant-candidate,AB 96,AB 14,AB 26,,7,1,,AB 26,
consonant-candidate,AB 96,AB 75,AB 26,,7,1,,AB 26,
consonant-candidate,AB 23,AB 05,AB 26,,7,2,,"AB 26, AB 66",
consonant-candidate,AB 88,AB 62,AB 26,,7,1,,AB 26,
consonant-candidate,AB 03,AB 05,AB 26,,7,2,,"AB 26, AB 66",
consonant-candidate,AB 32,AB 05,AB 26,,7,2,,"AB 26, AB 66",
consonant-candidate,AB 47,AB 05,AB 26,,7,1,,AB 26,
consonant-candidate,AB 12,AB 05,AB 26,,7,1,,AB 26,
consonant-candidate,AB 05,AB 45,AB 26,,7,2,,"AB 26, AB 66",
consonant-candidate,AB 56,AB 55,AB 30,,7,1,,AB 30,
consonant-candidate,AB 02,AB 98,AB 66,,7,1,,AB 66,
consonant-candidate,AB 02,AB 05,AB 66,,7,1,,AB 66,
consonant-candidate,AB 02,AB 40,AB 66,,7,1,,AB 66,
consonant-candidate,AB 113,AB 29,AB 14,,7,1,,AB 14,
consonant-candidate,AB 113,AB 32,AB 14,,7,1,,AB 14,
consonant-candidate,AB 72,AB 13,AB 72,,7,1,,AB 72,
consonant-candidate,AB 02,AB 90,AB 87,,7,1,,AB 87,
consonant-candidate,AB 61,AB 03,AB 87,,7,1,,AB 87,
consonant-candidate,AB 90,AB 88,AB 87,,7,1,,AB 87,
vowel-candidate,AB 61,AB 52,,AB 63,7,,2,,"AB 30, AB 63"
vowel-candidate,AB 61,AB 45,,AB 63,7,,3,,"AB 30, AB 32, AB 63"
vowel-candidate,AB 61,AB 36,,AB 63,7,,2,,"AB 26, AB 63"
vowel-candidate,AB 52,AB 32,,AB 63,7,,9,,"AB 03, AB 06, AB 08, AB 49, AB 51"
vowel-candidate,AB 32,AB 45,,AB 63,7,,8,,"AB 03, AB 08, AB 32, AB 51, AB 52"
vowel-candidate,AB 32,AB 36,,AB 63,7,,10,,"AB 06, AB 08, AB 22f, AB 24, AB 26"
vowel-candidate,AB 29,AB 87,,AB 61,7,,7,,"AB 02, AB 14, AB 29, AB 36, AB 61"
vowel-candidate,AB 63,AB 32,,AB 10,7,,3,,"AB 06, AB 10, AB 52"
vowel-candidate,AB 113,AB 38,,AB 10,7,,1,,AB 10
vowel-candidate,AB 32,AB 08,,AB 10,7,,11,,"AB 03, AB 06, AB 10, AB 22f, AB 24"
vowel-candidate,AB 32,AB 59,,AB 10,7,,11,,"AB 06, AB 08, AB 10, AB 22f, AB 24"
vowel-candidate,AB 32,AB 07,,AB 10,7,,11,,"AB 03, AB 08, AB 10, AB 24, AB 26"
vowel-candidate,AB 38,AB 31,,AB 10,7,,1,,AB 10
vowel-candidate,AB 38,AB 51,,AB 10,7,,6,,"AB 03, AB 10, AB 26, AB 45, AB 51"
vowel-candidate,AB 38,AB 42,,AB 10,7,,1,,AB 10
vowel-candidate,AB 30,AB 65,,AB 56,7,,11,,"AB 02, AB 03, AB 04, AB 06, AB 08"
vowel-candidate,AB 30,AB 96,,AB 56,7,,2,,"AB 13, AB 56"
vowel-candidate,AB 30,AB 38,,AB 56,7,,3,,"AB 03, AB 26, AB 56"
vowel-candidate,AB 30,AB 57,,AB 56,7,,6,,"AB 04, AB 06, AB 08, AB 24, AB 36"
vowel-candidate,AB 30,AB 06,,AB 56,7,,8,,"AB 06, AB 08, AB 24, AB 26, AB 34"
vowel-candidate,AB 30,AB 07,,AB 56,7,,13,,"AB 03, AB 04, AB 08, AB 23, AB 24"
vowel-candidate,AB 30,AB 13,,AB 56,7,,7,,"AB 03, AB 04, AB 13, AB 26, AB 49"
vowel-candidate,AB 30,AB 36,,AB 56,7,,12,,"AB 02, AB 04, AB 06, AB 08, AB 09"
vowel-candidate,AB 30,AB 34,,AB 56,7,,7,,"AB 04, AB 24, AB 26, AB 36, AB 46"
vowel-candidate,AB 30,AB 49,,AB 56,7,,15,,"AB 03, AB 04, AB 06, AB 08, AB 09"
vowel-candidate,AB 30,AB 29,,AB 56,7,,9,,"AB 02, AB 04, AB 06, AB 08, AB 36"
vowel-candidate,AB 65,AB 09,,AB 56,7,,6,,"AB 03, AB 08, AB 47, AB 49, AB 56"
vowel-candidate,AB 09,AB 96,,AB 56,7,,1,,AB 56
vowel-candidate,AB 09,AB 38,,AB 56,7,,3,,"AB 03, AB 26, AB 56"
vowel-candidate,AB 09,AB 57,,AB 56,7,,4,,"AB 08, AB 47, AB 56, AB 66"
vowel-candidate,AB 09,AB 06,,AB 56,7,,6,,"AB 08, AB 26, AB 56, AB 62, AB 65"
vowel-candidate,AB 09,AB 07,,AB 56,7,,7,,"AB 03, AB 08, AB 26, AB 49, AB 56"
vowel-candidate,AB 09,AB 13,,AB 56,7,,5,,"AB 03, AB 26, AB 49, AB 56, AB 62"
vowel-candidate,AB 09,AB 36,,AB 56,7,,7,,"AB 08, AB 14, AB 26, AB 49, AB 56"
vowel-candidate,AB 09,AB 34,,AB 56,7,,4,,"AB 26, AB 49, AB 56, AB 66"
vowel-candidate,AB 09,AB 49,,AB 56,7,,6,,"AB 03, AB 08, AB 26, AB 49, AB 56"
vowel-candidate,AB 09,AB 29,,AB 56,7,,5,,"AB 08, AB 14, AB 47, AB 56, AB 66"
vowel-candidate,AB 01,AB 56,,AB 56,7,,14,,"AB 01, AB 02, AB 06, AB 07, AB 08"
vowel-candidate,AB 01,AB 23,,AB 56,7,,10,,"AB 01, AB 06, AB 08, AB 32, AB 36"
vowel-candidate,AB 01,AB 47,,AB 56,7,,5,,"AB 32, AB 49, AB 51, AB 56, AB 59"
vowel-candidate,AB 08,AB 23,,AB 56,7,,9,,"AB 01, AB 06, AB 32, AB 36, AB 38"
vowel-candidate,AB 08,AB 47,,AB 56,7,,6,,"AB 32, AB 49, AB 51, AB 56, AB 59"
vowel-candidate,AB 32,AB 23,,AB 56,7,,8,,"AB 06, AB 08, AB 13, AB 32, AB 49"
vowel-candidate,AB 32,AB 47,,AB 56,7,,6,,"AB 13, AB 32, AB 49, AB 51, AB 56"
vowel-candidate,AB 56,AB 04,,AB 56,7,,18,,"AB 01, AB 02, AB 04, AB 06, AB 07"
vowel-candidate,AB 23,AB 04,,AB 56,7,,9,,"AB 01, AB 06, AB 32, AB 36, AB 45"
vowel-candidate,AB 47,AB 04,,AB 56,7,,4,,"AB 32, AB 49, AB 51, AB 56"
vowel-candidate,AB 07,AB 22f,,AB 07,7,,6,,"AB 07, AB 08, AB 23, AB 51, AB 52"
vowel-candidate,AB 07,AB 48,,AB 07,7,,2,,"AB 07, AB 08"
vowel-candidate,AB 07,AB 18,,AB 07,7,,1,,AB 07
vowel-candidate,AB 01,AB 62,,AB 07,7,,12,,"AB 01, AB 06, AB 07, AB 08, AB 23"
vowel-candidate,AB 64,AB 65,,AB 66,7,,1,,AB 66
vowel-candidate,AB 64,AB 26,,AB 66,7,,2,,"AB 36, AB 66"
vowel-candidate,AB 64,AB 01,,AB 66,7,,3,,"AB 26, AB 36, AB 66"
vowel-candidate,AB 64,AB 34,,AB 66,7,,3,,"AB 26, AB 36, AB 66"
vowel-candidate,AB 64,AB 54,,AB 66,7,,1,,AB 66
vowel-candidate,AB 26,AB 59,,AB 66,7,,14,,"AB 01, AB 04, AB 06, AB 08, AB 12"
vowel-candidate,AB 59,AB 01,,AB 66,7,,14,,"AB 01, AB 06, AB 08, AB 12, AB 22f"
vowel-candidate,AB 59,AB 34,,AB 66,7,,7,,"AB 04, AB 24, AB 26, AB 29, AB 36"
vowel-candidate,AB 59,AB 54,,AB 66,7,,5,,"AB 01, AB 08, AB 24, AB 45, AB 66"
vowel-candidate,AB 23,AB 39,,AB 08,7,,1,,AB 08
vowel-candidate,AB 23,AB 85,,AB 08,7,,2,,"AB 08, AB 44"
vowel-candidate,AB 50,AB 66,,AB 08,7,,8,,"AB 01, AB 06, AB 08, AB 29, AB 45"
vowel-candidate,AB 50,AB 06,,AB 08,7,,6,,"AB 01, AB 06, AB 08, AB 29, AB 45"
vowel-candidate,AB 50,AB 07,,AB 08,7,,3,,"AB 08, AB 49, AB 65"
vowel-candidate,AB 66,AB 22f,,AB 08,7,,8,,"AB 08, AB 09, AB 23, AB 44, AB 51"
vowel-candidate,AB 39,AB 59,,AB 08,7,,1,,AB 08
vowel-candidate,AB 85,AB 59,,AB 08,7,,4,,"AB 04, AB 08, AB 26, AB 44"
vowel-candidate,AB 63,AB 49,,AB 52,7,,4,,"AB 06, AB 09, AB 23, AB 52"
vowel-candidate,AB 32,AB 58,,AB 52,7,,1,,AB 52
vowel-candidate,AB 32,AB 79,,AB 52,7,,1,,AB 52
vowel-candidate,AB 03,AB 58,,AB 52,7,,2,,"AB 44, AB 52"
vowel-candidate,AB 03,AB 79,,AB 52,7,,2,,"AB 36, AB 52"
vowel-candidate,AB 22f,AB 58,,AB 52,7,,2,,"AB 44, AB 52"
vowel-candidate,AB 22f,AB 79,,AB 52,7,,1,,AB 52
vowel-candidate,AB 24,AB 58,,AB 52,7,,2,,"AB 44, AB 52"
vowel-candidate,AB 24,AB 79,,AB 52,7,,2,,"AB 36, AB 52"
vowel-candidate,AB 63,AB 23,,AB 06,7,,2,,"AB 01, AB 06"
vowel-candidate,AB 63,AB 29,,AB 06,7,,2,,"AB 01, AB 06"
vowel-candidate,AB 63,AB 26,,AB 06,7,,4,,"AB 01, AB 06, AB 09, AB 23"
vowel-candidate,AB 50,AB 08,,AB 06,7,,5,,"AB 01, AB 06, AB 29, AB 45, AB 49"
vowel-candidate,AB 73,AB 23,,AB 06,7,,2,,"AB 06, AB 44"
vowel-candidate,AB 73,AB 66,,AB 06,7,,10,,"AB 02, AB 04, AB 06, AB 22f, AB 24"
vowel-candidate,AB 73,AB 26,,AB 06,7,,4,,"AB 04, AB 06, AB 24, AB 51"
vowel-candidate,AB 73,AB 08,,AB 06,7,,8,,"AB 02, AB 04, AB 06, AB 22f, AB 24"
vowel-candidate,AB 03,AB 17,,AB 06,7,,3,,"AB 06, AB 49, AB 57"
vowel-candidate,AB 03,AB 53,,AB 06,7,,1,,AB 06
vowel-candidate,AB 01,AB 17,,AB 06,7,,2,,"AB 06, AB 49"
vowel-candidate,AB 01,AB 53,,AB 06,7,,1,,AB 06
vowel-candidate,AB 10,AB 09,,AB 62,7,,3,,"AB 49, AB 62, AB 65"
vowel-candidate,AB 71,AB 26,,AB 62,7,,5,,"AB 03, AB 32, AB 49, AB 62, AB 71"
vowel-candidate,AB 47,AB 26,,AB 62,7,,5,,"AB 32, AB 49, AB 51, AB 59, AB 62"
vowel-candidate,AB 04,AB 55,,AB 24,7,,2,,"AB 24, AB 45"
vowel-candidate,AB 54,AB 55,,AB 24,7,,2,,"AB 24, AB 45"
vowel-candidate,AB 57,AB 55,,AB 24,7,,2,,"AB 24, AB 45"
vowel-candidate,AB 55,AB 59,,AB 24,7,,2,,"AB 24, AB 45"
vowel-candidate,AB 55,AB 30,,AB 24,7,,1,,AB 24
vowel-candidate,AB 55,AB 32,,AB 24,7,,1,,AB 24
vowel-candidate,AB 34,AB 22f,,AB 51,7,,1,,AB 51
vowel-candidate,AB 34,AB 39,,AB 51,7,,1,,AB 51
vowel-candidate,AB 62,AB 37,,AB 51,7,,2,,"AB 26, AB 51"
vowel-candidate,AB 73,AB 22f,,AB 51,7,,2,,"AB 44, AB 51"
vowel-candidate,AB 73,AB 39,,AB 51,7,,1,,AB 51
vowel-candidate,AB 37,AB 24,,AB 51,7,,2,,"AB 04, AB 51"
vowel-candidate,AB 65,AB 71,,AB 49,7,,4,,"AB 03, AB 32, AB 44, AB 49"
vowel-candidate,AB 51,AB 46,,AB 49,7,,1,,AB 49
vowel-candidate,AB 08,AB 46,,AB 49,7,,2,,"AB 09, AB 49"
vowel-candidate,AB 66,AB 46,,AB 49,7,,3,,"AB 09, AB 44, AB 49"
vowel-candidate,AB 09,AB 46,,AB 49,7,,1,,AB 49
vowel-candidate,AB 56,AB 64,,AB 36,7,,2,,"AB 26, AB 36"
vowel-candidate,AB 03,AB 87,,AB 36,7,,1,,AB 36
vowel-candidate,AB 30,AB 64,,AB 36,7,,2,,"AB 26, AB 36"
vowel-candidate,AB 59,AB 87,,AB 36,7,,2,,"AB 29, AB 36"
vowel-candidate,AB 87,AB 69,,AB 36,7,,1,,AB 36
vowel-candidate,AB 87,AB 51,,AB 36,7,,4,,"AB 03, AB 29, AB 36, AB 90"
vowel-candidate,AB 87,AB 79,,AB 36,7,,1,,AB 36
vowel-candidate,AB 87,AB 06,,AB 36,7,,2,,"AB 29, AB 36"
vowel-candidate,AB 87,AB 08,,AB 36,7,,5,,"AB 02, AB 03, AB 29, AB 36, AB 87"
vowel-candidate,AB 87,AB 24,,AB 36,7,,3,,"AB 03, AB 14, AB 36"
vowel-candidate,AB 62,AB 33,,AB 32,7,,2,,"AB 01, AB 32"
vowel-candidate,AB 62,AB 14,,AB 32,7,,2,,"AB 29, AB 32"
vowel-candidate,AB 03,AB 33,,AB 32,7,,1,,AB 32
vowel-candidate,AB 47,AB 33,,AB 32,7,,1,,AB 32
vowel-candidate,AB 47,AB 14,,AB 32,7,,2,,"AB 32, AB 59"
vowel-candidate,AB 29,AB 55,,AB 45,7,,1,,AB 45
vowel-candidate,AB 50,AB 55,,AB 45,7,,1,,AB 45
vowel-candidate,AB 85,AB 77,,AB 04,7,,1,,AB 04
vowel-candidate,AB 85,AB 04,,AB 04,7,,1,,AB 04
vowel-candidate,AB 77,AB 65,,AB 04,7,,4,,"AB 02, AB 04, AB 29, AB 30"
vowel-candidate,AB 77,AB 13,,AB 04,7,,1,,AB 04
vowel-candidate,AB 77,AB 37,,AB 04,7,,1,,AB 04
vowel-candidate,AB 09,AB 87,,AB 03,7,,2,,"AB 03, AB 14"
vowel-candidate,AB 65,AB 05,,AB 01,7,,1,,AB 01
vowel-candidate,AB 56,AB 05,,AB 01,7,,2,,"AB 01, AB 26"
vowel-candidate,AB 12,AB 29,,AB 01,7,,1,,AB 01
vowel-candidate,AB 12,AB 50,,AB 01,7,,2,,"AB 01, AB 57"
vowel-candidate,AB 12,AB 59,,AB 01,7,,3,,"AB 01, AB 30, AB 57"
vowel-candidate,AB 12,AB 05,,AB 01,7,,1,,AB 01
vowel-candidate,AB 12,AB 33,,AB 01,7,,1,,AB 01
vowel-candidate,AB 02,AB 05,,AB 01,7,,1,,AB 01
vowel-candidate,AB 02,AB 33,,AB 01,7,,1,,AB 01
vowel-candidate,AB 48,AB 10,,AB 01,7,,1,,AB 01
vowel-candidate,AB 50,AB 87,,AB 29,7,,1,,AB 29
vowel-candidate,AB 44,AB 76,,AB 26,7,,1,,AB 26
vowel-candidate,AB 36,AB 75,,AB 26,7,,2,,"AB 26, AB 57"
vowel-candidate,AB 62,AB 75,,AB 26,7,,1,,AB 26
vowel-candidate,AB 76,AB 30,,AB 26,7,,1,,AB 26
vowel-candidate,AB 76,AB 64,,AB 26,7,,1,,AB 26
vowel-candidate,AB 56,AB 75,,AB 26,7,,2,,"AB 26, AB 57"
vowel-candidate,AB 32,AB 05,,AB 26,7,,1,,AB 26
vowel-candidate,AB 32,AB 75,,AB 26,7,,1,,AB 26
vowel-candidate,AB 05,AB 09,,AB 26,7,,1,,AB 26
vowel-candidate,AB 75,AB 09,,AB 26,7,,1,,AB 26
vowel-candidate,AB 09,AB 37,,AB 26,7,,1,,AB 26
vowel-candidate,AB 02,AB 111,,AB 30,7,,1,,AB 30
vowel-candidate,AB 02,AB 43,,AB 30,7,,1,,AB 30
vowel-candidate,AB 24,AB 21f,,AB 30,7,,1,,AB 30
vowel-candidate,AB 45,AB 21f,,AB 30,7,,1,,AB 30
vowel-candidate,AB 77,AB 22f,,AB 30,7,,1,,AB 30
vowel-candidate,AB 22f,AB 21f,,AB 30,7,,1,,AB 30
vowel-candidate,AB 45,AB 72,,AB 17,7,,1,,AB 17
vowel-candidate,AB 22f,AB 75,,AB 57,7,,1,,AB 57
vowel-candidate,AB 22f,AB 17,,AB 57,7,,1,,AB 57
vowel-candidate,AB 03,AB 75,,AB 57,7,,1,,AB 57
vowel-candidate,AB 75,AB 12,,AB 57,7,,1,,AB 57
vowel-candidate,AB 17,AB 12,,AB 57,7,,1,,AB 57
vowel-candidate,AB 43,AB 66,,AB 02,7,,1,,AB 02
vowel-candidate,AB 75,AB 73,,AB 73,7,,1,,AB 73
vowel-candidate,AB 08,AB 92,,AB 75,7,,2,,"AB 75, AB 87"
vowel-candidate,AB 29,AB 92,,AB 75,7,,2,,"AB 75, AB 87"
vowel-candidate,AB 10,AB 92,,AB 75,7,,1,,AB 75
vowel-candidate,AB 92,AB 26,,AB 75,7,,1,,AB 75
consonant-candidate,AB 63,AB 43,AB 61,,6,1,,AB 61,
consonant-candidate,AB 63,AB 32,AB 61,,6,6,,"AB 32, AB 45, AB 49, AB 56, AB 61",
consonant-candidate,AB 61,AB 62,AB 10,,6,1,,AB 10,
consonant-candidate,AB 61,AB 49,AB 10,,6,1,,AB 10,
consonant-candidate,AB 24,AB 85,AB 10,,6,2,,"AB 10, AB 36",
consonant-candidate,AB 24,AB 01,AB 10,,6,12,,"AB 02, AB 04, AB 06, AB 08, AB 10",
consonant-candidate,AB 85,AB 29,AB 10,,6,2,,"AB 10, AB 36",
consonant-candidate,AB 85,AB 30,AB 10,,6,1,,AB 10,
consonant-candidate,AB 85,AB 75,AB 10,,6,1,,AB 10,
consonant-candidate,AB 85,AB 65,AB 10,,6,2,,"AB 10, AB 36",
consonant-candidate,AB 62,AB 49,AB 10,,6,20,,"AB 03, AB 07, AB 08, AB 09, AB 10",
consonant-candidate,AB 29,AB 01,AB 10,,6,15,,"AB 01, AB 04, AB 06, AB 08, AB 10",
consonant-candidate,AB 30,AB 01,AB 10,,6,10,,"AB 02, AB 10, AB 12, AB 23, AB 24",
consonant-candidate,AB 75,AB 01,AB 10,,6,4,,"AB 08, AB 10, AB 26, AB 29",
consonant-candidate,AB 65,AB 01,AB 10,,6,15,,"AB 02, AB 04, AB 06, AB 10, AB 23",
consonant-candidate,AB 10,AB 36,AB 56,,6,6,,"AB 06, AB 07, AB 08, AB 51, AB 56",
consonant-candidate,AB 10,AB 52,AB 56,,6,6,,"AB 06, AB 07, AB 08, AB 32, AB 56",
consonant-candidate,AB 10,AB 34,AB 56,,6,5,,"AB 06, AB 32, AB 51, AB 56, AB 59",
consonant-candidate,AB 10,AB 92,AB 56,,6,1,,AB 56,
consonant-candidate,AB 10,AB 13,AB 56,,6,2,,"AB 32, AB 56",
consonant-candidate,AB 23,AB 36,AB 56,,6,9,,"AB 01, AB 04, AB 07, AB 26, AB 30",
consonant-candidate,AB 23,AB 52,AB 56,,6,10,,"AB 04, AB 07, AB 12, AB 22f, AB 49",
consonant-candidate,AB 23,AB 34,AB 56,,6,5,,"AB 04, AB 30, AB 51, AB 56, AB 62",
consonant-candidate,AB 23,AB 92,AB 56,,6,1,,AB 56,
consonant-candidate,AB 23,AB 13,AB 56,,6,2,,"AB 30, AB 56",
consonant-candidate,AB 36,AB 63,AB 56,,6,6,,"AB 36, AB 49, AB 52, AB 56, AB 57",
consonant-candidate,AB 36,AB 24,AB 56,,6,14,,"AB 03, AB 04, AB 06, AB 07, AB 08",
consonant-candidate,AB 36,AB 57,AB 56,,6,8,,"AB 03, AB 04, AB 23, AB 36, AB 44",
consonant-candidate,AB 36,AB 29,AB 56,,6,14,,"AB 01, AB 04, AB 06, AB 08, AB 26",
consonant-candidate,AB 36,AB 54,AB 56,,6,2,,"AB 04, AB 56",
consonant-candidate,AB 36,AB 08,AB 56,,6,18,,"AB 01, AB 03, AB 06, AB 07, AB 23",
consonant-candidate,AB 52,AB 63,AB 56,,6,6,,"AB 32, AB 45, AB 49, AB 56, AB 57",
consonant-candidate,AB 52,AB 24,AB 56,,6,11,,"AB 03, AB 04, AB 06, AB 07, AB 08",
consonant-candidate,AB 52,AB 57,AB 56,,6,9,,"AB 03, AB 04, AB 12, AB 22f, AB 44",
consonant-candidate,AB 52,AB 29,AB 56,,6,8,,"AB 04, AB 06, AB 08, AB 49, AB 56",
consonant-candidate,AB 52,AB 54,AB 56,,6,3,,"AB 04, AB 56, AB 66",
consonant-candidate,AB 52,AB 08,AB 56,,6,15,,"AB 03, AB 06, AB 07, AB 22f, AB 24",
consonant-candidate,AB 04,AB 59,AB 56,,6,9,,"AB 08, AB 24, AB 26, AB 36, AB 49",
consonant-candidate,AB 04,AB 65,AB 56,,6,10,,"AB 03, AB 04, AB 07, AB 24, AB 26",
consonant-candidate,AB 04,AB 62,AB 56,,6,13,,"AB 03, AB 07, AB 08, AB 13, AB 24",
consonant-candidate,AB 04,AB 56,AB 56,,6,15,,"AB 04, AB 07, AB 08, AB 13, AB 24",
consonant-candidate,AB 04,AB 06,AB 56,,6,15,,"AB 03, AB 04, AB 08, AB 24, AB 26",
consonant-candidate,AB 04,AB 22f,AB 56,,6,8,,"AB 04, AB 08, AB 13, AB 36, AB 56",
consonant-candidate,AB 04,AB 32,AB 56,,6,11,,"AB 03, AB 04, AB 07, AB 08, AB 26",
consonant-candidate,AB 04,AB 02,AB 56,,6,10,,"AB 04, AB 08, AB 29, AB 30, AB 36",
consonant-candidate,AB 59,AB 65,AB 56,,6,8,,"AB 06, AB 22f, AB 24, AB 26, AB 32",
consonant-candidate,AB 59,AB 62,AB 56,,6,10,,"AB 06, AB 08, AB 24, AB 26, AB 36",
consonant-candidate,AB 59,AB 56,AB 56,,6,12,,"AB 01, AB 06, AB 08, AB 24, AB 32",
consonant-candidate,AB 59,AB 06,AB 56,,6,12,,"AB 01, AB 06, AB 08, AB 24, AB 26",
consonant-candidate,AB 59,AB 22f,AB 56,,6,6,,"AB 01, AB 08, AB 32, AB 36, AB 56",
consonant-candidate,AB 59,AB 32,AB 56,,6,9,,"AB 01, AB 06, AB 08, AB 14, AB 26",
consonant-candidate,AB 59,AB 02,AB 56,,6,4,,"AB 01, AB 08, AB 36, AB 56",
consonant-candidate,AB 63,AB 34,AB 56,,6,3,,"AB 32, AB 56, AB 62",
consonant-candidate,AB 63,AB 92,AB 56,,6,1,,AB 56,
consonant-candidate,AB 63,AB 13,AB 56,,6,2,,"AB 32, AB 56",
consonant-candidate,AB 65,AB 56,AB 56,,6,12,,"AB 02, AB 04, AB 06, AB 07, AB 09",
consonant-candidate,AB 65,AB 22f,AB 56,,6,5,,"AB 04, AB 32, AB 36, AB 56, AB 66",
consonant-candidate,AB 65,AB 32,AB 56,,6,12,,"AB 03, AB 04, AB 06, AB 07, AB 23",
consonant-candidate,AB 65,AB 02,AB 56,,6,4,,"AB 04, AB 36, AB 56, AB 66",
consonant-candidate,AB 62,AB 56,AB 56,,6,16,,"AB 02, AB 06, AB 07, AB 08, AB 09",
consonant-candidate,AB 62,AB 22f,AB 56,,6,5,,"AB 08, AB 13, AB 36, AB 56, AB 66",
consonant-candidate,AB 62,AB 32,AB 56,,6,14,,"AB 03, AB 06, AB 07, AB 08, AB 23",
consonant-candidate,AB 62,AB 02,AB 56,,6,6,,"AB 08, AB 30, AB 36, AB 44, AB 56",
consonant-candidate,AB 24,AB 34,AB 56,,6,7,,"AB 04, AB 06, AB 30, AB 32, AB 51",
consonant-candidate,AB 24,AB 92,AB 56,,6,1,,AB 56,
consonant-candidate,AB 24,AB 13,AB 56,,6,3,,"AB 30, AB 32, AB 56",
consonant-candidate,AB 34,AB 57,AB 56,,6,3,,"AB 04, AB 56, AB 59",
consonant-candidate,AB 34,AB 29,AB 56,,6,6,,"AB 04, AB 06, AB 51, AB 56, AB 59",
consonant-candidate,AB 34,AB 54,AB 56,,6,2,,"AB 04, AB 56",
consonant-candidate,AB 34,AB 08,AB 56,,6,7,,"AB 06, AB 30, AB 32, AB 51, AB 56",
consonant-candidate,AB 57,AB 92,AB 56,,6,1,,AB 56,
consonant-candidate,AB 57,AB 13,AB 56,,6,2,,"AB 23, AB 56",
consonant-candidate,AB 56,AB 06,AB 56,,6,15,,"AB 01, AB 04, AB 06, AB 08, AB 23",
consonant-candidate,AB 56,AB 22f,AB 56,,6,7,,"AB 01, AB 04, AB 08, AB 13, AB 32",
consonant-candidate,AB 56,AB 32,AB 56,,6,13,,"AB 01, AB 04, AB 06, AB 07, AB 08",
consonant-candidate,AB 56,AB 02,AB 56,,6,8,,"AB 01, AB 04, AB 08, AB 29, AB 30",
consonant-candidate,AB 29,AB 92,AB 56,,6,1,,AB 56,
consonant-candidate,AB 29,AB 13,AB 56,,6,1,,AB 56,
consonant-candidate,AB 06,AB 22f,AB 56,,6,9,,"AB 01, AB 04, AB 08, AB 32, AB 36",
consonant-candidate,AB 06,AB 32,AB 56,,6,15,,"AB 01, AB 03, AB 04, AB 06, AB 08",
consonant-candidate,AB 06,AB 02,AB 56,,6,11,,"AB 01, AB 04, AB 08, AB 29, AB 30",
consonant-candidate,AB 54,AB 92,AB 56,,6,1,,AB 56,
consonant-candidate,AB 54,AB 13,AB 56,,6,1,,AB 56,
consonant-candidate,AB 22f,AB 32,AB 56,,6,6,,"AB 01, AB 04, AB 08, AB 32, AB 56",
consonant-candidate,AB 22f,AB 02,AB 56,,6,7,,"AB 01, AB 04, AB 08, AB 36, AB 56",
consonant-candidate,AB 32,AB 02,AB 56,,6,8,,"AB 01, AB 04, AB 08, AB 29, AB 44",
consonant-candidate,AB 92,AB 08,AB 56,,6,1,,AB 56,
consonant-candidate,AB 08,AB 13,AB 56,,6,5,,"AB 23, AB 24, AB 30, AB 32, AB 56",
consonant-candidate,AB 62,AB 69,AB 02,,6,2,,"AB 02, AB 36",
consonant-candidate,AB 24,AB 69,AB 02,,6,2,,"AB 02, AB 36",
consonant-candidate,AB 47,AB 69,AB 02,,6,1,,AB 02,
consonant-candidate,AB 50,AB 112,AB 07,,6,1,,AB 07,
consonant-candidate,AB 50,AB 03,AB 07,,6,4,,"AB 07, AB 24, AB 30, AB 65",
consonant-candidate,AB 50,AB 71,AB 07,,6,2,,"AB 07, AB 29",
consonant-candidate,AB 50,AB 48,AB 07,,6,3,,"AB 07, AB 29, AB 62",
consonant-candidate,AB 50,AB 64,AB 07,,6,2,,"AB 07, AB 29",
consonant-candidate,AB 36,AB 112,AB 07,,6,1,,AB 07,
consonant-candidate,AB 36,AB 03,AB 07,,6,11,,"AB 01, AB 04, AB 07, AB 08, AB 24",
consonant-candidate,AB 36,AB 71,AB 07,,6,4,,"AB 07, AB 26, AB 29, AB 69",
consonant-candidate,AB 36,AB 48,AB 07,,6,4,,"AB 06, AB 07, AB 29, AB 62",
consonant-candidate,AB 36,AB 64,AB 07,,6,4,,"AB 06, AB 07, AB 29, AB 44",
consonant-candidate,AB 39,AB 35,AB 07,,6,1,,AB 07,
consonant-candidate,AB 39,AB 52,AB 07,,6,1,,AB 07,
consonant-candidate,AB 39,AB 04,AB 07,,6,1,,AB 07,
consonant-candidate,AB 39,AB 56,AB 07,,6,1,,AB 07,
consonant-candidate,AB 39,AB 10,AB 07,,6,1,,AB 07,
consonant-candidate,AB 39,AB 51,AB 07,,6,1,,AB 07,
consonant-candidate,AB 39,AB 46,AB 07,,6,1,,AB 07,
consonant-candidate,AB 39,AB 121,AB 07,,6,1,,AB 07,
consonant-candidate,AB 39,AB 26,AB 07,,6,1,,AB 07,
consonant-candidate,AB 112,AB 03,AB 07,,6,1,,AB 07,
consonant-candidate,AB 112,AB 32,AB 07,,6,1,,AB 07,
consonant-candidate,AB 112,AB 71,AB 07,,6,1,,AB 07,
consonant-candidate,AB 112,AB 62,AB 07,,6,1,,AB 07,
consonant-candidate,AB 112,AB 48,AB 07,,6,1,,AB 07,
consonant-candidate,AB 112,AB 64,AB 07,,6,1,,AB 07,
consonant-candidate,AB 03,AB 32,AB 07,,6,11,,"AB 01, AB 04, AB 07, AB 08, AB 26",
consonant-candidate,AB 03,AB 71,AB 07,,6,4,,"AB 07, AB 26, AB 66, AB 71",
consonant-candidate,AB 03,AB 62,AB 07,,6,13,,"AB 07, AB 08, AB 09, AB 13, AB 24",
consonant-candidate,AB 03,AB 48,AB 07,,6,1,,AB 07,
consonant-candidate,AB 03,AB 64,AB 07,,6,2,,"AB 07, AB 45",
consonant-candidate,AB 35,AB 08,AB 07,,6,5,,"AB 07, AB 26, AB 30, AB 49, AB 52",
consonant-candidate,AB 32,AB 71,AB 07,,6,5,,"AB 07, AB 26, AB 29, AB 66, AB 71",
consonant-candidate,AB 32,AB 48,AB 07,,6,5,,"AB 06, AB 07, AB 29, AB 47, AB 62",
consonant-candidate,AB 32,AB 64,AB 07,,6,6,,"AB 06, AB 07, AB 29, AB 33, AB 44",
consonant-candidate,AB 71,AB 62,AB 07,,6,4,,"AB 07, AB 26, AB 66, AB 71",
consonant-candidate,AB 71,AB 48,AB 07,,6,2,,"AB 07, AB 29",
consonant-candidate,AB 71,AB 64,AB 07,,6,2,,"AB 07, AB 29",
consonant-candidate,AB 62,AB 48,AB 07,,6,4,,"AB 06, AB 07, AB 47, AB 62",
consonant-candidate,AB 62,AB 64,AB 07,,6,4,,"AB 06, AB 07, AB 44, AB 45",
consonant-candidate,AB 48,AB 64,AB 07,,6,3,,"AB 06, AB 07, AB 29",
consonant-candidate,AB 51,AB 08,AB 07,,6,18,,"AB 01, AB 03, AB 06, AB 07, AB 22f",
consonant-candidate,AB 46,AB 08,AB 07,,6,4,,"AB 07, AB 30, AB 44, AB 49",
consonant-candidate,AB 121,AB 08,AB 07,,6,1,,AB 07,
consonant-candidate,AB 73,AB 01,AB 48,,6,5,,"AB 01, AB 29, AB 44, AB 48, AB 66",
consonant-candidate,AB 73,AB 08,AB 48,,6,6,,"AB 01, AB 29, AB 30, AB 44, AB 48",
consonant-candidate,AB 56,AB 27,AB 47,,6,1,,AB 47,
consonant-candidate,AB 51,AB 06,AB 52,,6,16,,"AB 01, AB 03, AB 04, AB 06, AB 08",
consonant-candidate,AB 63,AB 66,AB 52,,6,3,,"AB 32, AB 52, AB 57",
consonant-candidate,AB 63,AB 44,AB 52,,6,2,,"AB 45, AB 52",
consonant-candidate,AB 66,AB 44,AB 52,,6,9,,"AB 01, AB 03, AB 23, AB 24, AB 29",
consonant-candidate,AB 29,AB 66,AB 06,,6,9,,"AB 01, AB 06, AB 26, AB 29, AB 34",
consonant-candidate,AB 30,AB 50,AB 24,,6,5,,"AB 24, AB 30, AB 43, AB 59, AB 65",
consonant-candidate,AB 30,AB 14,AB 24,,6,2,,"AB 24, AB 26",
consonant-candidate,AB 30,AB 13,AB 24,,6,3,,"AB 23, AB 24, AB 30",
consonant-candidate,AB 45,AB 23,AB 62,,6,7,,"AB 01, AB 04, AB 26, AB 49, AB 51",
consonant-candidate,AB 21f,AB 01,AB 23,,6,2,,"AB 23, AB 65",
consonant-candidate,AB 21f,AB 38,AB 23,,6,1,,AB 23,
consonant-candidate,AB 21f,AB 66,AB 23,,6,2,,"AB 23, AB 65",
consonant-candidate,AB 21f,AB 56,AB 23,,6,2,,"AB 23, AB 65",
consonant-candidate,AB 21f,AB 45,AB 23,,6,1,,AB 23,
consonant-candidate,AB 21f,AB 32,AB 23,,6,2,,"AB 23, AB 65",
consonant-candidate,AB 01,AB 38,AB 23,,6,3,,"AB 08, AB 23, AB 59",
consonant-candidate,AB 38,AB 66,AB 23,,6,2,,"AB 23, AB 59",
consonant-candidate,AB 38,AB 56,AB 23,,6,2,,"AB 08, AB 23",
consonant-candidate,AB 38,AB 45,AB 23,,6,3,,"AB 08, AB 23, AB 59",
consonant-candidate,AB 38,AB 32,AB 23,,6,3,,"AB 08, AB 14, AB 23",
consonant-candidate,AB 01,AB 90,AB 51,,6,1,,AB 51,
consonant-candidate,AB 49,AB 90,AB 51,,6,1,,AB 51,
consonant-candidate,AB 26,AB 12,AB 51,,6,3,,"AB 01, AB 51, AB 59",
consonant-candidate,AB 66,AB 12,AB 51,,6,5,,"AB 01, AB 03, AB 26, AB 51, AB 59",
consonant-candidate,AB 12,AB 10,AB 51,,6,2,,"AB 51, AB 59",
consonant-candidate,AB 51,AB 90,AB 51,,6,1,,AB 51,
consonant-candidate,AB 45,AB 90,AB 51,,6,2,,"AB 51, AB 57",
consonant-candidate,AB 36,AB 47,AB 57,,6,7,,"AB 01, AB 03, AB 04, AB 26, AB 29",
consonant-candidate,AB 04,AB 47,AB 57,,6,7,,"AB 03, AB 04, AB 26, AB 29, AB 57",
consonant-candidate,AB 44,AB 29,AB 65,,6,6,,"AB 01, AB 14, AB 29, AB 59, AB 65",
consonant-candidate,AB 07,AB 12,AB 01,,6,1,,AB 01,
consonant-candidate,AB 56,AB 73,AB 01,,6,3,,"AB 01, AB 29, AB 30",
consonant-candidate,AB 76,AB 38,AB 08,,6,1,,AB 08,
consonant-candidate,AB 76,AB 51,AB 08,,6,1,,AB 08,
consonant-candidate,AB 76,AB 56,AB 08,,6,1,,AB 08,
consonant-candidate,AB 76,AB 49,AB 08,,6,1,,AB 08,
consonant-candidate,AB 76,AB 06,AB 08,,6,1,,AB 08,
consonant-candidate,AB 38,AB 02,AB 08,,6,1,,AB 08,
consonant-candidate,AB 38,AB 75,AB 08,,6,1,,AB 08,
consonant-candidate,AB 38,AB 10,AB 08,,6,2,,"AB 08, AB 59",
consonant-candidate,AB 38,AB 77,AB 08,,6,2,,"AB 08, AB 59",
consonant-candidate,AB 38,AB 46,AB 08,,6,1,,AB 08,
consonant-candidate,AB 38,AB 72,AB 08,,6,2,,"AB 08, AB 59",
consonant-candidate,AB 38,AB 87,AB 08,,6,1,,AB 08,
consonant-candidate,AB 38,AB 59,AB 08,,6,3,,"AB 08, AB 14, AB 59",
consonant-candidate,AB 38,AB 58,AB 08,,6,2,,"AB 08, AB 59",
consonant-candidate,AB 38,AB 86,AB 08,,6,1,,AB 08,
consonant-candidate,AB 38,AB 09,AB 08,,6,1,,AB 08,
consonant-candidate,AB 38,AB 78,AB 08,,6,1,,AB 08,
consonant-candidate,AB 75,AB 51,AB 08,,6,3,,"AB 08, AB 26, AB 29",
consonant-candidate,AB 75,AB 56,AB 08,,6,2,,"AB 08, AB 29",
consonant-candidate,AB 77,AB 51,AB 08,,6,4,,"AB 04, AB 08, AB 66, AB 73",
consonant-candidate,AB 77,AB 56,AB 08,,6,3,,"AB 04, AB 08, AB 30",
consonant-candidate,AB 77,AB 49,AB 08,,6,5,,"AB 04, AB 08, AB 30, AB 59, AB 66",
consonant-candidate,AB 77,AB 06,AB 08,,6,6,,"AB 04, AB 08, AB 30, AB 59, AB 66",
consonant-candidate,AB 51,AB 72,AB 08,,6,4,,"AB 08, AB 29, AB 66, AB 73",
consonant-candidate,AB 51,AB 87,AB 08,,6,2,,"AB 08, AB 29",
consonant-candidate,AB 51,AB 58,AB 08,,6,1,,AB 08,
consonant-candidate,AB 51,AB 86,AB 08,,6,2,,"AB 08, AB 29",
consonant-candidate,AB 51,AB 09,AB 08,,6,7,,"AB 03, AB 04, AB 08, AB 22f, AB 26",
consonant-candidate,AB 51,AB 78,AB 08,,6,1,,AB 08,
consonant-candidate,AB 56,AB 72,AB 08,,6,2,,"AB 08, AB 29",
consonant-candidate,AB 56,AB 87,AB 08,,6,2,,"AB 08, AB 29",
consonant-candidate,AB 56,AB 58,AB 08,,6,1,,AB 08,
consonant-candidate,AB 56,AB 86,AB 08,,6,2,,"AB 08, AB 29",
consonant-candidate,AB 56,AB 09,AB 08,,6,5,,"AB 04, AB 08, AB 30, AB 36, AB 49",
consonant-candidate,AB 56,AB 78,AB 08,,6,1,,AB 08,
consonant-candidate,AB 46,AB 06,AB 08,,6,4,,"AB 08, AB 30, AB 44, AB 49",
consonant-candidate,AB 49,AB 72,AB 08,,6,3,,"AB 08, AB 59, AB 66",
consonant-candidate,AB 49,AB 87,AB 08,,6,1,,AB 08,
consonant-candidate,AB 49,AB 58,AB 08,,6,2,,"AB 08, AB 59",
consonant-candidate,AB 49,AB 86,AB 08,,6,1,,AB 08,
consonant-candidate,AB 49,AB 09,AB 08,,6,9,,"AB 03, AB 04, AB 08, AB 26, AB 30",
consonant-candidate,AB 49,AB 78,AB 08,,6,1,,AB 08,
consonant-candidate,AB 72,AB 06,AB 08,,6,5,,"AB 08, AB 29, AB 59, AB 66, AB 73",
consonant-candidate,AB 87,AB 06,AB 08,,6,2,,"AB 08, AB 29",
consonant-candidate,AB 06,AB 58,AB 08,,6,2,,"AB 08, AB 59",
consonant-candidate,AB 06,AB 86,AB 08,,6,2,,"AB 08, AB 29",
consonant-candidate,AB 06,AB 78,AB 08,,6,1,,AB 08,
consonant-candidate,AB 65,AB 93,AB 45,,6,1,,AB 45,
consonant-candidate,AB 01,AB 93,AB 45,,6,1,,AB 45,
consonant-candidate,AB 51,AB 17,AB 45,,6,2,,"AB 22f, AB 45",
consonant-candidate,AB 17,AB 03,AB 45,,6,1,,AB 45,
consonant-candidate,AB 17,AB 62,AB 45,,6,1,,AB 45,
consonant-candidate,AB 17,AB 07,AB 45,,6,2,,"AB 22f, AB 45",
consonant-candidate,AB 30,AB 64,AB 45,,6,1,,AB 45,
consonant-candidate,AB 30,AB 93,AB 45,,6,1,,AB 45,
consonant-candidate,AB 45,AB 54,AB 04,,6,2,,"AB 04, AB 66",
consonant-candidate,AB 45,AB 33,AB 04,,6,1,,AB 04,
consonant-candidate,AB 02,AB 33,AB 04,,6,1,,AB 04,
consonant-candidate,AB 35,AB 34,AB 04,,6,2,,"AB 04, AB 30",
consonant-candidate,AB 33,AB 56,AB 04,,6,1,,AB 04,
consonant-candidate,AB 32,AB 37,AB 03,,6,1,,AB 03,
consonant-candidate,AB 22f,AB 85,AB 36,,6,1,,AB 36,
consonant-candidate,AB 22f,AB 37,AB 36,,6,1,,AB 36,
consonant-candidate,AB 22f,AB 69,AB 36,,6,1,,AB 36,
consonant-candidate,AB 22f,AB 68,AB 36,,6,1,,AB 36,
consonant-candidate,AB 31,AB 02,AB 36,,6,1,,AB 36,
consonant-candidate,AB 31,AB 04,AB 36,,6,1,,AB 36,
consonant-candidate,AB 31,AB 62,AB 36,,6,1,,AB 36,
consonant-candidate,AB 31,AB 63,AB 36,,6,1,,AB 36,
consonant-candidate,AB 31,AB 09,AB 36,,6,1,,AB 36,
consonant-candidate,AB 24,AB 68,AB 36,,6,1,,AB 36,
consonant-candidate,AB 24,AB 14,AB 36,,6,2,,"AB 26, AB 36",
consonant-candidate,AB 63,AB 09,AB 36,,6,2,,"AB 36, AB 49",
consonant-candidate,AB 04,AB 61,AB 29,,6,2,,"AB 29, AB 73",
consonant-candidate,AB 44,AB 72,AB 29,,6,4,,"AB 29, AB 59, AB 66, AB 73",
consonant-candidate,AB 44,AB 61,AB 29,,6,2,,"AB 29, AB 73",
consonant-candidate,AB 44,AB 75,AB 29,,6,1,,AB 29,
consonant-candidate,AB 44,AB 71,AB 29,,6,3,,"AB 29, AB 66, AB 71",
consonant-candidate,AB 72,AB 07,AB 29,,6,1,,AB 29,
consonant-candidate,AB 64,AB 02,AB 29,,6,2,,"AB 29, AB 44",
consonant-candidate,AB 64,AB 14,AB 29,,6,1,,AB 29,
consonant-candidate,AB 64,AB 86,AB 29,,6,1,,AB 29,
consonant-candidate,AB 64,AB 88,AB 29,,6,1,,AB 29,
consonant-candidate,AB 45,AB 61,AB 29,,6,1,,AB 29,
consonant-candidate,AB 45,AB 71,AB 29,,6,3,,"AB 26, AB 29, AB 66",
consonant-candidate,AB 02,AB 88,AB 29,,6,2,,"AB 29, AB 87",
consonant-candidate,AB 32,AB 88,AB 29,,6,2,,"AB 26, AB 29",
consonant-candidate,AB 61,AB 07,AB 29,,6,1,,AB 29,
consonant-candidate,AB 75,AB 07,AB 29,,6,1,,AB 29,
consonant-candidate,AB 14,AB 86,AB 29,,6,1,,AB 29,
consonant-candidate,AB 14,AB 88,AB 29,,6,3,,"AB 26, AB 29, AB 87",
consonant-candidate,AB 29,AB 71,AB 29,,6,3,,"AB 26, AB 29, AB 66",
consonant-candidate,AB 06,AB 71,AB 29,,6,3,,"AB 26, AB 29, AB 66",
consonant-candidate,AB 86,AB 88,AB 29,,6,1,,AB 29,
consonant-candidate,AB 46,AB 73,AB 44,,6,2,,"AB 30, AB 44",
consonant-candidate,AB 06,AB 83,AB 44,,6,1,,AB 44,
consonant-candidate,AB 73,AB 83,AB 44,,6,1,,AB 44,
consonant-candidate,AB 02,AB 83,AB 44,,6,1,,AB 44,
consonant-candidate,AB 62,AB 83,AB 44,,6,1,,AB 44,
consonant-candidate,AB 57,AB 83,AB 44,,6,1,,AB 44,
consonant-candidate,AB 64,AB 83,AB 44,,6,1,,AB 44,
consonant-candidate,AB 52,AB 83,AB 44,,6,1,,AB 44,
consonant-candidate,AB 83,AB 51,AB 44,,6,1,,AB 44,
consonant-candidate,AB 29,AB 53,AB 59,,6,1,,AB 59,
consonant-candidate,AB 12,AB 53,AB 59,,6,1,,AB 59,
consonant-candidate,AB 12,AB 72,AB 59,,6,1,,AB 59,
consonant-candidate,AB 12,AB 77,AB 59,,6,1,,AB 59,
consonant-candidate,AB 12,AB 58,AB 59,,6,1,,AB 59,
consonant-candidate,AB 50,AB 38,AB 59,,6,1,,AB 59,
consonant-candidate,AB 24,AB 88,AB 26,,6,1,,AB 26,
consonant-candidate,AB 71,AB 12,AB 26,,6,1,,AB 26,
consonant-candidate,AB 35,AB 05,AB 26,,6,1,,AB 26,
consonant-candidate,AB 29,AB 05,AB 26,,6,2,,"AB 26, AB 66",
consonant-candidate,AB 88,AB 59,AB 26,,6,1,,AB 26,
consonant-candidate,AB 88,AB 05,AB 26,,6,1,,AB 26,
consonant-candidate,AB 66,AB 05,AB 26,,6,2,,"AB 26, AB 66",
consonant-candidate,AB 30,AB 05,AB 26,,6,1,,AB 26,
consonant-candidate,AB 09,AB 05,AB 26,,6,2,,"AB 26, AB 66",
consonant-candidate,AB 08,AB 05,AB 26,,6,2,,"AB 26, AB 66",
consonant-candidate,AB 05,AB 14,AB 26,,6,1,,AB 26,
consonant-candidate,AB 05,AB 75,AB 26,,6,1,,AB 26,
consonant-candidate,AB 77,AB 13,AB 30,,6,1,,AB 30,
consonant-candidate,AB 13,AB 09,AB 30,,6,1,,AB 30,
consonant-candidate,AB 36,AB 55,AB 30,,6,1,,AB 30,
consonant-candidate,AB 26,AB 55,AB 30,,6,1,,AB 30,
consonant-candidate,AB 04,AB 55,AB 30,,6,2,,"AB 30, AB 73",
consonant-candidate,AB 02,AB 55,AB 30,,6,2,,"AB 30, AB 73",
consonant-candidate,AB 71,AB 57,AB 66,,6,1,,AB 66,
consonant-candidate,AB 71,AB 22f,AB 66,,6,1,,AB 66,
consonant-candidate,AB 08,AB 98,AB 66,,6,1,,AB 66,
consonant-candidate,AB 08,AB 40,AB 66,,6,1,,AB 66,
consonant-candidate,AB 98,AB 57,AB 66,,6,1,,AB 66,
consonant-candidate,AB 98,AB 06,AB 66,,6,1,,AB 66,
consonant-candidate,AB 98,AB 22f,AB 66,,6,1,,AB 66,
consonant-candidate,AB 98,AB 49,AB 66,,6,1,,AB 66,
consonant-candidate,AB 57,AB 05,AB 66,,6,1,,AB 66,
consonant-candidate,AB 57,AB 40,AB 66,,6,1,,AB 66,
consonant-candidate,AB 89,AB 22f,AB 66,,6,1,,AB 66,
consonant-candidate,AB 22f,AB 05,AB 66,,6,1,,AB 66,
consonant-candidate,AB 22f,AB 40,AB 66,,6,1,,AB 66,
consonant-candidate,AB 49,AB 40,AB 66,,6,1,,AB 66,
consonant-candidate,AB 113,AB 12,AB 14,,6,1,,AB 14,
consonant-candidate,AB 113,AB 38,AB 14,,6,1,,AB 14,
consonant-candidate,AB 113,AB 44,AB 14,,6,1,,AB 14,
consonant-candidate,AB 113,AB 59,AB 14,,6,1,,AB 14,
consonant-candidate,AB 72,AB 17,AB 72,,6,1,,AB 72,
consonant-candidate,AB 51,AB 55,AB 73,,6,1,,AB 73,
consonant-candidate,AB 22f,AB 55,AB 73,,6,1,,AB 73,
consonant-candidate,AB 90,AB 14,AB 87,,6,1,,AB 87,
consonant-candidate,AB 90,AB 87,AB 87,,6,1,,AB 87,
vowel-candidate,AB 61,AB 43,,AB 63,6,,2,,"AB 30, AB 63"
vowel-candidate,AB 61,AB 57,,AB 63,6,,1,,AB 63
vowel-candidate,AB 61,AB 56,,AB 63,6,,3,,"AB 26, AB 32, AB 63"
vowel-candidate,AB 61,AB 62,,AB 63,6,,3,,"AB 26, AB 32, AB 63"
vowel-candidate,AB 61,AB 38,,AB 63,6,,2,,"AB 26, AB 63"
vowel-candidate,AB 61,AB 49,,AB 63,6,,4,,"AB 26, AB 30, AB 32, AB 63"
vowel-candidate,AB 52,AB 45,,AB 63,6,,10,,"AB 01, AB 03, AB 07, AB 08, AB 30"
vowel-candidate,AB 52,AB 36,,AB 63,6,,10,,"AB 01, AB 06, AB 07, AB 08, AB 36"
vowel-candidate,AB 32,AB 43,,AB 63,6,,1,,AB 63
vowel-candidate,AB 32,AB 57,,AB 63,6,,9,,"AB 06, AB 08, AB 24, AB 47, AB 52"
vowel-candidate,AB 32,AB 56,,AB 63,6,,15,,"AB 06, AB 08, AB 10, AB 13, AB 22f"
vowel-candidate,AB 32,AB 62,,AB 63,6,,10,,"AB 06, AB 08, AB 26, AB 32, AB 34"
vowel-candidate,AB 32,AB 38,,AB 63,6,,6,,"AB 03, AB 10, AB 26, AB 51, AB 56"
vowel-candidate,AB 32,AB 49,,AB 63,6,,12,,"AB 03, AB 06, AB 08, AB 24, AB 26"
vowel-candidate,AB 45,AB 36,,AB 63,6,,8,,"AB 01, AB 04, AB 07, AB 08, AB 56"
vowel-candidate,AB 63,AB 38,,AB 10,6,,1,,AB 10
vowel-candidate,AB 113,AB 31,,AB 10,6,,1,,AB 10
vowel-candidate,AB 113,AB 51,,AB 10,6,,1,,AB 10
vowel-candidate,AB 113,AB 42,,AB 10,6,,1,,AB 10
vowel-candidate,AB 38,AB 08,,AB 10,6,,5,,"AB 03, AB 10, AB 45, AB 51, AB 56"
vowel-candidate,AB 38,AB 59,,AB 10,6,,3,,"AB 10, AB 26, AB 45"
vowel-candidate,AB 38,AB 07,,AB 10,6,,6,,"AB 03, AB 07, AB 10, AB 26, AB 51"
vowel-candidate,AB 31,AB 51,,AB 10,6,,1,,AB 10
vowel-candidate,AB 31,AB 42,,AB 10,6,,1,,AB 10
vowel-candidate,AB 51,AB 42,,AB 10,6,,1,,AB 10
vowel-candidate,AB 65,AB 01,,AB 56,6,,15,,"AB 01, AB 02, AB 03, AB 06, AB 07"
vowel-candidate,AB 65,AB 08,,AB 56,6,,11,,"AB 01, AB 02, AB 03, AB 04, AB 06"
vowel-candidate,AB 65,AB 32,,AB 56,6,,10,,"AB 03, AB 06, AB 08, AB 32, AB 47"
vowel-candidate,AB 65,AB 04,,AB 56,6,,15,,"AB 01, AB 02, AB 03, AB 04, AB 06"
vowel-candidate,AB 01,AB 96,,AB 56,6,,1,,AB 56
vowel-candidate,AB 01,AB 38,,AB 56,6,,6,,"AB 03, AB 07, AB 26, AB 45, AB 51"
vowel-candidate,AB 01,AB 57,,AB 56,6,,8,,"AB 06, AB 08, AB 36, AB 45, AB 47"
vowel-candidate,AB 01,AB 06,,AB 56,6,,13,,"AB 01, AB 06, AB 07, AB 08, AB 26"
vowel-candidate,AB 01,AB 07,,AB 56,6,,10,,"AB 03, AB 07, AB 08, AB 23, AB 26"
vowel-candidate,AB 01,AB 13,,AB 56,6,,6,,"AB 03, AB 22f, AB 26, AB 49, AB 51"
vowel-candidate,AB 01,AB 36,,AB 56,6,,14,,"AB 01, AB 02, AB 06, AB 07, AB 08"
vowel-candidate,AB 01,AB 34,,AB 56,6,,7,,"AB 26, AB 29, AB 36, AB 49, AB 51"
vowel-candidate,AB 01,AB 49,,AB 56,6,,14,,"AB 03, AB 06, AB 07, AB 08, AB 23"
vowel-candidate,AB 01,AB 29,,AB 56,6,,16,,"AB 01, AB 02, AB 06, AB 07, AB 08"
vowel-candidate,AB 96,AB 08,,AB 56,6,,1,,AB 56
vowel-candidate,AB 96,AB 32,,AB 56,6,,2,,"AB 13, AB 56"
vowel-candidate,AB 96,AB 04,,AB 56,6,,1,,AB 56
vowel-candidate,AB 38,AB 04,,AB 56,6,,5,,"AB 03, AB 07, AB 45, AB 51, AB 56"
vowel-candidate,AB 08,AB 57,,AB 56,6,,8,,"AB 04, AB 06, AB 24, AB 36, AB 45"
vowel-candidate,AB 08,AB 13,,AB 56,6,,7,,"AB 03, AB 04, AB 22f, AB 49, AB 51"
vowel-candidate,AB 08,AB 36,,AB 56,6,,14,,"AB 01, AB 02, AB 04, AB 06, AB 09"
vowel-candidate,AB 08,AB 34,,AB 56,6,,8,,"AB 04, AB 24, AB 29, AB 36, AB 46"
vowel-candidate,AB 08,AB 49,,AB 56,6,,16,,"AB 03, AB 04, AB 06, AB 09, AB 24"
vowel-candidate,AB 08,AB 29,,AB 56,6,,14,,"AB 01, AB 02, AB 04, AB 06, AB 29"
vowel-candidate,AB 32,AB 13,,AB 56,6,,7,,"AB 03, AB 13, AB 22f, AB 26, AB 49"
vowel-candidate,AB 32,AB 34,,AB 56,6,,6,,"AB 24, AB 26, AB 49, AB 51, AB 56"
vowel-candidate,AB 32,AB 29,,AB 56,6,,7,,"AB 06, AB 08, AB 32, AB 47, AB 51"
vowel-candidate,AB 57,AB 04,,AB 56,6,,8,,"AB 04, AB 06, AB 24, AB 36, AB 45"
vowel-candidate,AB 56,AB 23,,AB 56,6,,11,,"AB 01, AB 06, AB 08, AB 13, AB 32"
vowel-candidate,AB 56,AB 47,,AB 56,6,,6,,"AB 13, AB 32, AB 49, AB 56, AB 59"
vowel-candidate,AB 06,AB 04,,AB 56,6,,13,,"AB 01, AB 06, AB 07, AB 24, AB 29"
vowel-candidate,AB 07,AB 04,,AB 56,6,,13,,"AB 03, AB 04, AB 07, AB 23, AB 24"
vowel-candidate,AB 23,AB 47,,AB 56,6,,5,,"AB 13, AB 32, AB 49, AB 56, AB 62"
vowel-candidate,AB 13,AB 04,,AB 56,6,,6,,"AB 03, AB 04, AB 22f, AB 49, AB 51"
vowel-candidate,AB 36,AB 04,,AB 56,6,,15,,"AB 01, AB 02, AB 04, AB 06, AB 07"
vowel-candidate,AB 34,AB 04,,AB 56,6,,7,,"AB 04, AB 24, AB 29, AB 36, AB 49"
vowel-candidate,AB 49,AB 04,,AB 56,6,,17,,"AB 03, AB 04, AB 06, AB 07, AB 09"
vowel-candidate,AB 04,AB 29,,AB 56,6,,12,,"AB 01, AB 02, AB 04, AB 06, AB 07"
vowel-candidate,AB 07,AB 28,,AB 50,6,,1,,AB 50
vowel-candidate,AB 07,AB 43,,AB 50,6,,1,,AB 50
vowel-candidate,AB 28,AB 30,,AB 50,6,,2,,"AB 44, AB 50"
vowel-candidate,AB 28,AB 43,,AB 50,6,,1,,AB 50
vowel-candidate,AB 28,AB 59,,AB 50,6,,2,,"AB 44, AB 50"
vowel-candidate,AB 30,AB 43,,AB 50,6,,3,,"AB 02, AB 30, AB 50"
vowel-candidate,AB 30,AB 59,,AB 50,6,,12,,"AB 04, AB 06, AB 08, AB 24, AB 26"
vowel-candidate,AB 43,AB 59,,AB 50,6,,2,,"AB 30, AB 50"
vowel-candidate,AB 01,AB 22f,,AB 07,6,,6,,"AB 07, AB 08, AB 23, AB 44, AB 51"
vowel-candidate,AB 01,AB 48,,AB 07,6,,5,,"AB 01, AB 07, AB 08, AB 66, AB 73"
vowel-candidate,AB 01,AB 18,,AB 07,6,,1,,AB 07
vowel-candidate,AB 22f,AB 38,,AB 07,6,,2,,"AB 07, AB 51"
vowel-candidate,AB 22f,AB 29,,AB 07,6,,4,,"AB 07, AB 08, AB 44, AB 51"
vowel-candidate,AB 48,AB 38,,AB 07,6,,1,,AB 07
vowel-candidate,AB 48,AB 29,,AB 07,6,,5,,"AB 01, AB 07, AB 08, AB 66, AB 73"
vowel-candidate,AB 18,AB 38,,AB 07,6,,1,,AB 07
vowel-candidate,AB 18,AB 29,,AB 07,6,,1,,AB 07
vowel-candidate,AB 51,AB 66,,AB 66,6,,14,,"AB 01, AB 03, AB 04, AB 08, AB 23"
vowel-candidate,AB 66,AB 23,,AB 66,6,,11,,"AB 01, AB 06, AB 08, AB 32, AB 44"
vowel-candidate,AB 66,AB 09,,AB 66,6,,7,,"AB 03, AB 08, AB 26, AB 49, AB 62"
vowel-candidate,AB 66,AB 06,,AB 66,6,,13,,"AB 01, AB 06, AB 08, AB 24, AB 26"
vowel-candidate,AB 66,AB 57,,AB 66,6,,7,,"AB 04, AB 06, AB 08, AB 24, AB 45"
vowel-candidate,AB 66,AB 52,,AB 66,6,,9,,"AB 01, AB 03, AB 06, AB 08, AB 44"
vowel-candidate,AB 66,AB 32,,AB 66,6,,12,,"AB 03, AB 06, AB 08, AB 22f, AB 24"
vowel-candidate,AB 50,AB 48,,AB 08,6,,2,,"AB 01, AB 08"
vowel-candidate,AB 50,AB 22f,,AB 08,6,,3,,"AB 08, AB 57, AB 65"
vowel-candidate,AB 50,AB 32,,AB 08,6,,4,,"AB 06, AB 08, AB 49, AB 65"
vowel-candidate,AB 66,AB 39,,AB 08,6,,2,,"AB 08, AB 51"
vowel-candidate,AB 66,AB 56,,AB 08,6,,17,,"AB 01, AB 02, AB 04, AB 06, AB 08"
vowel-candidate,AB 66,AB 85,,AB 08,6,,4,,"AB 04, AB 08, AB 26, AB 44"
vowel-candidate,AB 26,AB 07,,AB 08,6,,13,,"AB 03, AB 04, AB 08, AB 23, AB 24"
vowel-candidate,AB 06,AB 39,,AB 08,6,,2,,"AB 08, AB 51"
vowel-candidate,AB 06,AB 85,,AB 08,6,,2,,"AB 08, AB 26"
vowel-candidate,AB 54,AB 07,,AB 08,6,,5,,"AB 08, AB 24, AB 32, AB 52, AB 65"
vowel-candidate,AB 39,AB 07,,AB 08,6,,2,,"AB 08, AB 51"
vowel-candidate,AB 85,AB 07,,AB 08,6,,3,,"AB 04, AB 08, AB 26"
vowel-candidate,AB 22f,AB 32,,AB 08,6,,5,,"AB 08, AB 51, AB 52, AB 59, AB 65"
vowel-candidate,AB 06,AB 58,,AB 52,6,,1,,AB 52
vowel-candidate,AB 06,AB 79,,AB 52,6,,2,,"AB 36, AB 52"
vowel-candidate,AB 63,AB 66,,AB 52,6,,6,,"AB 01, AB 06, AB 09, AB 23, AB 40"
vowel-candidate,AB 63,AB 57,,AB 52,6,,2,,"AB 06, AB 52"
vowel-candidate,AB 56,AB 58,,AB 52,6,,1,,AB 52
vowel-candidate,AB 56,AB 79,,AB 52,6,,2,,"AB 36, AB 52"
vowel-candidate,AB 49,AB 58,,AB 52,6,,1,,AB 52
vowel-candidate,AB 49,AB 79,,AB 52,6,,2,,"AB 36, AB 52"
vowel-candidate,AB 63,AB 50,,AB 06,6,,2,,"AB 01, AB 06"
vowel-candidate,AB 63,AB 73,,AB 06,6,,2,,"AB 06, AB 55"
vowel-candidate,AB 50,AB 73,,AB 06,6,,1,,AB 06
vowel-candidate,AB 73,AB 56,,AB 06,6,,5,,"AB 02, AB 04, AB 06, AB 22f, AB 24"
vowel-candidate,AB 73,AB 59,,AB 06,6,,7,,"AB 04, AB 06, AB 22f, AB 24, AB 44"
vowel-candidate,AB 73,AB 49,,AB 06,6,,4,,"AB 04, AB 06, AB 24, AB 51"
vowel-candidate,AB 23,AB 17,,AB 06,6,,3,,"AB 06, AB 49, AB 57"
vowel-candidate,AB 23,AB 53,,AB 06,6,,1,,AB 06
vowel-candidate,AB 29,AB 17,,AB 06,6,,1,,AB 06
vowel-candidate,AB 29,AB 53,,AB 06,6,,1,,AB 06
vowel-candidate,AB 17,AB 66,,AB 06,6,,3,,"AB 06, AB 49, AB 57"
vowel-candidate,AB 17,AB 26,,AB 06,6,,2,,"AB 06, AB 49"
vowel-candidate,AB 17,AB 08,,AB 06,6,,2,,"AB 06, AB 49"
vowel-candidate,AB 66,AB 53,,AB 06,6,,1,,AB 06
vowel-candidate,AB 26,AB 53,,AB 06,6,,1,,AB 06
vowel-candidate,AB 53,AB 08,,AB 06,6,,1,,AB 06
vowel-candidate,AB 10,AB 07,,AB 62,6,,4,,"AB 24, AB 49, AB 62, AB 65"
vowel-candidate,AB 10,AB 45,,AB 62,6,,4,,"AB 01, AB 30, AB 62, AB 65"
vowel-candidate,AB 10,AB 13,,AB 62,6,,2,,"AB 49, AB 62"
vowel-candidate,AB 10,AB 51,,AB 62,6,,7,,"AB 01, AB 12, AB 24, AB 29, AB 49"
vowel-candidate,AB 09,AB 71,,AB 62,6,,3,,"AB 03, AB 49, AB 62"
vowel-candidate,AB 49,AB 35,,AB 23,6,,1,,AB 23
vowel-candidate,AB 01,AB 12,,AB 23,6,,2,,"AB 01, AB 23"
vowel-candidate,AB 12,AB 26,,AB 23,6,,3,,"AB 01, AB 23, AB 30"
vowel-candidate,AB 12,AB 30,,AB 23,6,,2,,"AB 23, AB 30"
vowel-candidate,AB 35,AB 62,,AB 23,6,,1,,AB 23
vowel-candidate,AB 26,AB 77,,AB 24,6,,4,,"AB 04, AB 24, AB 29, AB 30"
vowel-candidate,AB 10,AB 55,,AB 24,6,,1,,AB 24
vowel-candidate,AB 77,AB 55,,AB 24,6,,1,,AB 24
vowel-candidate,AB 77,AB 36,,AB 24,6,,4,,"AB 02, AB 04, AB 24, AB 29"
vowel-candidate,AB 77,AB 49,,AB 24,6,,4,,"AB 04, AB 24, AB 29, AB 30"
vowel-candidate,AB 56,AB 55,,AB 24,6,,1,,AB 24
vowel-candidate,AB 55,AB 73,,AB 24,6,,1,,AB 24
vowel-candidate,AB 55,AB 06,,AB 24,6,,2,,"AB 24, AB 45"
vowel-candidate,AB 55,AB 02,,AB 24,6,,1,,AB 24
vowel-candidate,AB 55,AB 03,,AB 24,6,,1,,AB 24
vowel-candidate,AB 55,AB 34,,AB 24,6,,1,,AB 24
vowel-candidate,AB 52,AB 37,,AB 51,6,,1,,AB 51
vowel-candidate,AB 45,AB 73,,AB 51,6,,3,,"AB 04, AB 44, AB 51"
vowel-candidate,AB 32,AB 37,,AB 51,6,,2,,"AB 26, AB 51"
vowel-candidate,AB 08,AB 37,,AB 51,6,,2,,"AB 04, AB 51"
vowel-candidate,AB 04,AB 39,,AB 51,6,,1,,AB 51
vowel-candidate,AB 51,AB 37,,AB 51,6,,3,,"AB 04, AB 26, AB 51"
vowel-candidate,AB 37,AB 22f,,AB 51,6,,1,,AB 51
vowel-candidate,AB 37,AB 39,,AB 51,6,,1,,AB 51
vowel-candidate,AB 22f,AB 13,,AB 51,6,,1,,AB 51
vowel-candidate,AB 22f,AB 47,,AB 51,6,,2,,"AB 51, AB 59"
vowel-candidate,AB 39,AB 13,,AB 51,6,,1,,AB 51
vowel-candidate,AB 39,AB 47,,AB 51,6,,1,,AB 51
vowel-candidate,AB 39,AB 38,,AB 51,6,,1,,AB 51
vowel-candidate,AB 44,AB 46,,AB 49,6,,2,,"AB 49, AB 64"
vowel-candidate,AB 51,AB 17,,AB 49,6,,1,,AB 49
vowel-candidate,AB 62,AB 46,,AB 49,6,,1,,AB 49
vowel-candidate,AB 17,AB 09,,AB 49,6,,1,,AB 49
vowel-candidate,AB 10,AB 46,,AB 49,6,,2,,"AB 49, AB 85"
vowel-candidate,AB 50,AB 46,,AB 49,6,,1,,AB 49
vowel-candidate,AB 32,AB 46,,AB 49,6,,1,,AB 49
vowel-candidate,AB 57,AB 69,,AB 36,6,,1,,AB 36
vowel-candidate,AB 07,AB 64,,AB 36,6,,2,,"AB 26, AB 36"
vowel-candidate,AB 56,AB 69,,AB 36,6,,1,,AB 36
vowel-candidate,AB 30,AB 69,,AB 36,6,,1,,AB 36
vowel-candidate,AB 30,AB 79,,AB 36,6,,1,,AB 36
vowel-candidate,AB 44,AB 64,,AB 36,6,,2,,"AB 26, AB 36"
vowel-candidate,AB 52,AB 69,,AB 36,6,,1,,AB 36
vowel-candidate,AB 52,AB 79,,AB 36,6,,1,,AB 36
vowel-candidate,AB 69,AB 34,,AB 36,6,,1,,AB 36
vowel-candidate,AB 79,AB 34,,AB 36,6,,1,,AB 36
vowel-candidate,AB 32,AB 35,,AB 47,6,,2,,"AB 22f, AB 47"
vowel-candidate,AB 62,AB 107,,AB 32,6,,1,,AB 32
vowel-candidate,AB 71,AB 29,,AB 32,6,,3,,"AB 32, AB 44, AB 71"
vowel-candidate,AB 71,AB 33,,AB 32,6,,1,,AB 32
vowel-candidate,AB 71,AB 14,,AB 32,6,,2,,"AB 32, AB 44"
vowel-candidate,AB 03,AB 107,,AB 32,6,,1,,AB 32
vowel-candidate,AB 03,AB 61,,AB 32,6,,2,,"AB 32, AB 43"
vowel-candidate,AB 04,AB 33,,AB 32,6,,3,,"AB 01, AB 32, AB 77"
vowel-candidate,AB 29,AB 33,,AB 32,6,,3,,"AB 01, AB 32, AB 64"
vowel-candidate,AB 29,AB 14,,AB 32,6,,3,,"AB 29, AB 32, AB 44"
vowel-candidate,AB 44,AB 33,,AB 32,6,,3,,"AB 01, AB 32, AB 64"
vowel-candidate,AB 44,AB 14,,AB 32,6,,1,,AB 32
vowel-candidate,AB 07,AB 33,,AB 32,6,,2,,"AB 32, AB 64"
vowel-candidate,AB 26,AB 33,,AB 32,6,,2,,"AB 01, AB 32"
vowel-candidate,AB 54,AB 47,,AB 32,6,,1,,AB 32
vowel-candidate,AB 47,AB 107,,AB 32,6,,1,,AB 32
vowel-candidate,AB 47,AB 61,,AB 32,6,,1,,AB 32
vowel-candidate,AB 56,AB 33,,AB 32,6,,2,,"AB 01, AB 32"
vowel-candidate,AB 33,AB 14,,AB 32,6,,1,,AB 32
vowel-candidate,AB 33,AB 23,,AB 32,6,,2,,"AB 01, AB 32"
vowel-candidate,AB 14,AB 23,,AB 32,6,,3,,"AB 32, AB 38, AB 44"
vowel-candidate,AB 29,AB 46,,AB 44,6,,2,,"AB 44, AB 64"
vowel-candidate,AB 29,AB 58,,AB 44,6,,1,,AB 44
vowel-candidate,AB 50,AB 38,,AB 45,6,,1,,AB 45
vowel-candidate,AB 55,AB 23,,AB 45,6,,1,,AB 45
vowel-candidate,AB 57,AB 37,,AB 04,6,,1,,AB 04
vowel-candidate,AB 30,AB 37,,AB 04,6,,2,,"AB 04, AB 26"
vowel-candidate,AB 51,AB 05,,AB 01,6,,2,,"AB 01, AB 26"
vowel-candidate,AB 51,AB 33,,AB 01,6,,1,,AB 01
vowel-candidate,AB 63,AB 48,,AB 01,6,,1,,AB 01
vowel-candidate,AB 45,AB 05,,AB 01,6,,1,,AB 01
vowel-candidate,AB 44,AB 05,,AB 01,6,,2,,"AB 01, AB 26"
vowel-candidate,AB 10,AB 05,,AB 01,6,,1,,AB 01
vowel-candidate,AB 10,AB 33,,AB 01,6,,1,,AB 01
vowel-candidate,AB 44,AB 75,,AB 26,6,,3,,"AB 26, AB 57, AB 73"
vowel-candidate,AB 76,AB 51,,AB 26,6,,1,,AB 26
vowel-candidate,AB 30,AB 05,,AB 26,6,,1,,AB 26
vowel-candidate,AB 30,AB 75,,AB 26,6,,2,,"AB 26, AB 73"
vowel-candidate,AB 13,AB 64,,AB 26,6,,1,,AB 26
vowel-candidate,AB 38,AB 64,,AB 26,6,,1,,AB 26
vowel-candidate,AB 05,AB 64,,AB 26,6,,1,,AB 26
vowel-candidate,AB 75,AB 64,,AB 26,6,,1,,AB 26
vowel-candidate,AB 64,AB 37,,AB 26,6,,1,,AB 26
vowel-candidate,AB 24,AB 111,,AB 30,6,,1,,AB 30
vowel-candidate,AB 12,AB 77,,AB 30,6,,1,,AB 30
vowel-candidate,AB 12,AB 21f,,AB 30,6,,1,,AB 30
vowel-candidate,AB 45,AB 111,,AB 30,6,,1,,AB 30
vowel-candidate,AB 77,AB 21f,,AB 30,6,,1,,AB 30
vowel-candidate,AB 111,AB 22f,,AB 30,6,,1,,AB 30
vowel-candidate,AB 43,AB 22f,,AB 30,6,,1,,AB 30
vowel-candidate,AB 49,AB 21f,,AB 30,6,,1,,AB 30
vowel-candidate,AB 36,AB 35,,AB 22f,6,,1,,AB 22f
vowel-candidate,AB 04,AB 43,,AB 02,6,,1,,AB 02
vowel-candidate,AB 10,AB 85,,AB 85,6,,1,,AB 85
vowel-candidate,AB 10,AB 90,,AB 85,6,,1,,AB 85
vowel-candidate,AB 30,AB 33,,AB 77,6,,1,,AB 77
vowel-candidate,AB 30,AB 22,,AB 77,6,,1,,AB 77
vowel-candidate,AB 33,AB 22,,AB 77,6,,1,,AB 77
consonant-candidate,AB 61,AB 24,AB 10,,5,2,,"AB 10, AB 73",
consonant-candidate,AB 61,AB 29,AB 10,,5,3,,"AB 10, AB 29, AB 87",
consonant-candidate,AB 61,AB 30,AB 10,,5,1,,AB 10,
consonant-candidate,AB 61,AB 75,AB 10,,5,2,,"AB 10, AB 29",
consonant-candidate,AB 61,AB 65,AB 10,,5,1,,AB 10,
consonant-candidate,AB 24,AB 62,AB 10,,5,13,,"AB 02, AB 03, AB 06, AB 07, AB 08",
consonant-candidate,AB 24,AB 49,AB 10,,5,15,,"AB 03, AB 04, AB 07, AB 08, AB 10",
consonant-candidate,AB 62,AB 29,AB 10,,5,10,,"AB 06, AB 08, AB 10, AB 26, AB 36",
consonant-candidate,AB 62,AB 30,AB 10,,5,9,,"AB 02, AB 10, AB 23, AB 24, AB 26",
consonant-candidate,AB 62,AB 75,AB 10,,5,3,,"AB 08, AB 10, AB 26",
consonant-candidate,AB 62,AB 65,AB 10,,5,15,,"AB 02, AB 03, AB 06, AB 07, AB 09",
consonant-candidate,AB 29,AB 49,AB 10,,5,15,,"AB 01, AB 04, AB 08, AB 10, AB 26",
consonant-candidate,AB 30,AB 49,AB 10,,5,9,,"AB 10, AB 23, AB 24, AB 26, AB 30",
consonant-candidate,AB 75,AB 49,AB 10,,5,3,,"AB 08, AB 10, AB 26",
consonant-candidate,AB 65,AB 49,AB 10,,5,15,,"AB 03, AB 04, AB 07, AB 09, AB 10",
consonant-candidate,AB 10,AB 04,AB 56,,5,5,,"AB 07, AB 08, AB 51, AB 56, AB 59",
consonant-candidate,AB 10,AB 59,AB 56,,5,6,,"AB 06, AB 08, AB 32, AB 51, AB 56",
consonant-candidate,AB 10,AB 65,AB 56,,5,5,,"AB 06, AB 07, AB 32, AB 51, AB 56",
consonant-candidate,AB 10,AB 62,AB 56,,5,5,,"AB 06, AB 07, AB 08, AB 51, AB 56",
consonant-candidate,AB 10,AB 56,AB 56,,5,7,,"AB 06, AB 07, AB 08, AB 32, AB 38",
consonant-candidate,AB 10,AB 06,AB 56,,5,6,,"AB 06, AB 08, AB 32, AB 56, AB 59",
consonant-candidate,AB 10,AB 22f,AB 56,,5,4,,"AB 08, AB 32, AB 56, AB 59",
consonant-candidate,AB 10,AB 32,AB 56,,5,5,,"AB 06, AB 07, AB 08, AB 32, AB 56",
consonant-candidate,AB 10,AB 02,AB 56,,5,2,,"AB 08, AB 56",
consonant-candidate,AB 23,AB 04,AB 56,,5,9,,"AB 04, AB 07, AB 26, AB 30, AB 49",
consonant-candidate,AB 23,AB 59,AB 56,,5,6,,"AB 01, AB 22f, AB 26, AB 49, AB 51",
consonant-candidate,AB 23,AB 65,AB 56,,5,8,,"AB 04, AB 07, AB 22f, AB 26, AB 51",
consonant-candidate,AB 23,AB 62,AB 56,,5,8,,"AB 07, AB 26, AB 30, AB 49, AB 51",
consonant-candidate,AB 23,AB 56,AB 56,,5,8,,"AB 01, AB 04, AB 07, AB 30, AB 49",
consonant-candidate,AB 23,AB 06,AB 56,,5,10,,"AB 01, AB 04, AB 26, AB 30, AB 49",
consonant-candidate,AB 23,AB 22f,AB 56,,5,5,,"AB 01, AB 04, AB 35, AB 56, AB 66",
consonant-candidate,AB 23,AB 32,AB 56,,5,9,,"AB 01, AB 04, AB 07, AB 26, AB 49",
consonant-candidate,AB 23,AB 02,AB 56,,5,6,,"AB 01, AB 04, AB 30, AB 56, AB 65",
consonant-candidate,AB 04,AB 63,AB 56,,5,5,,"AB 36, AB 45, AB 49, AB 56, AB 57",
consonant-candidate,AB 04,AB 24,AB 56,,5,16,,"AB 03, AB 04, AB 07, AB 08, AB 26",
consonant-candidate,AB 04,AB 57,AB 56,,5,8,,"AB 03, AB 04, AB 36, AB 49, AB 56",
consonant-candidate,AB 04,AB 29,AB 56,,5,13,,"AB 04, AB 08, AB 26, AB 29, AB 34",
consonant-candidate,AB 04,AB 54,AB 56,,5,3,,"AB 04, AB 56, AB 66",
consonant-candidate,AB 04,AB 08,AB 56,,5,16,,"AB 03, AB 07, AB 24, AB 26, AB 29",
consonant-candidate,AB 59,AB 63,AB 56,,5,6,,"AB 32, AB 36, AB 49, AB 52, AB 56",
consonant-candidate,AB 59,AB 24,AB 56,,5,11,,"AB 06, AB 08, AB 14, AB 26, AB 32",
consonant-candidate,AB 59,AB 57,AB 56,,5,5,,"AB 22f, AB 36, AB 49, AB 56, AB 59",
consonant-candidate,AB 59,AB 29,AB 56,,5,10,,"AB 01, AB 06, AB 08, AB 14, AB 26",
consonant-candidate,AB 59,AB 54,AB 56,,5,1,,AB 56,
consonant-candidate,AB 59,AB 08,AB 56,,5,13,,"AB 01, AB 06, AB 22f, AB 24, AB 26",
consonant-candidate,AB 63,AB 65,AB 56,,5,5,,"AB 32, AB 36, AB 45, AB 56, AB 62",
consonant-candidate,AB 63,AB 62,AB 56,,5,6,,"AB 36, AB 45, AB 49, AB 52, AB 56",
consonant-candidate,AB 63,AB 56,AB 56,,5,8,,"AB 32, AB 36, AB 38, AB 45, AB 49",
consonant-candidate,AB 63,AB 06,AB 56,,5,7,,"AB 32, AB 36, AB 49, AB 52, AB 56",
consonant-candidate,AB 63,AB 22f,AB 56,,5,3,,"AB 32, AB 36, AB 56",
consonant-candidate,AB 63,AB 02,AB 56,,5,3,,"AB 36, AB 43, AB 56",
consonant-candidate,AB 65,AB 57,AB 56,,5,8,,"AB 03, AB 04, AB 22f, AB 23, AB 36",
consonant-candidate,AB 65,AB 54,AB 56,,5,3,,"AB 04, AB 56, AB 66",
consonant-candidate,AB 65,AB 08,AB 56,,5,17,,"AB 03, AB 06, AB 07, AB 09, AB 22f",
consonant-candidate,AB 62,AB 57,AB 56,,5,7,,"AB 03, AB 23, AB 36, AB 44, AB 49",
consonant-candidate,AB 62,AB 54,AB 56,,5,2,,"AB 56, AB 66",
consonant-candidate,AB 62,AB 08,AB 56,,5,17,,"AB 03, AB 06, AB 07, AB 09, AB 23",
consonant-candidate,AB 24,AB 56,AB 56,,5,13,,"AB 02, AB 04, AB 06, AB 07, AB 08",
consonant-candidate,AB 24,AB 22f,AB 56,,5,8,,"AB 04, AB 08, AB 32, AB 36, AB 56",
consonant-candidate,AB 24,AB 32,AB 56,,5,12,,"AB 03, AB 04, AB 06, AB 07, AB 08",
consonant-candidate,AB 24,AB 02,AB 56,,5,8,,"AB 04, AB 08, AB 30, AB 36, AB 56",
consonant-candidate,AB 57,AB 56,AB 56,,5,6,,"AB 04, AB 23, AB 36, AB 49, AB 56",
consonant-candidate,AB 57,AB 06,AB 56,,5,12,,"AB 03, AB 04, AB 17, AB 23, AB 36",
consonant-candidate,AB 57,AB 22f,AB 56,,5,5,,"AB 04, AB 36, AB 56, AB 59, AB 66",
consonant-candidate,AB 57,AB 32,AB 56,,5,8,,"AB 03, AB 04, AB 23, AB 44, AB 49",
consonant-candidate,AB 57,AB 02,AB 56,,5,6,,"AB 04, AB 36, AB 44, AB 56, AB 65",
consonant-candidate,AB 56,AB 29,AB 56,,5,11,,"AB 01, AB 04, AB 06, AB 08, AB 29",
consonant-candidate,AB 56,AB 54,AB 56,,5,2,,"AB 04, AB 56",
consonant-candidate,AB 56,AB 08,AB 56,,5,17,,"AB 01, AB 06, AB 07, AB 09, AB 23",
consonant-candidate,AB 29,AB 22f,AB 56,,5,7,,"AB 01, AB 04, AB 08, AB 36, AB 56",
consonant-candidate,AB 29,AB 32,AB 56,,5,12,,"AB 01, AB 04, AB 06, AB 08, AB 14",
consonant-candidate,AB 29,AB 02,AB 56,,5,10,,"AB 01, AB 04, AB 08, AB 29, AB 36",
consonant-candidate,AB 06,AB 54,AB 56,,5,3,,"AB 04, AB 56, AB 66",
consonant-candidate,AB 06,AB 08,AB 56,,5,20,,"AB 01, AB 03, AB 06, AB 23, AB 24",
consonant-candidate,AB 54,AB 22f,AB 56,,5,3,,"AB 04, AB 56, AB 66",
consonant-candidate,AB 54,AB 32,AB 56,,5,3,,"AB 04, AB 56, AB 66",
consonant-candidate,AB 54,AB 02,AB 56,,5,3,,"AB 04, AB 56, AB 66",
consonant-candidate,AB 22f,AB 08,AB 56,,5,6,,"AB 01, AB 32, AB 36, AB 56, AB 59",
consonant-candidate,AB 32,AB 08,AB 56,,5,16,,"AB 01, AB 03, AB 06, AB 07, AB 23",
consonant-candidate,AB 02,AB 08,AB 56,,5,8,,"AB 01, AB 29, AB 30, AB 36, AB 44",
consonant-candidate,AB 65,AB 47,AB 02,,5,6,,"AB 02, AB 03, AB 04, AB 09, AB 26",
consonant-candidate,AB 50,AB 35,AB 07,,5,2,,"AB 07, AB 30",
consonant-candidate,AB 50,AB 51,AB 07,,5,5,,"AB 07, AB 24, AB 29, AB 62, AB 65",
consonant-candidate,AB 50,AB 46,AB 07,,5,2,,"AB 07, AB 30",
consonant-candidate,AB 50,AB 121,AB 07,,5,1,,AB 07,
consonant-candidate,AB 36,AB 35,AB 07,,5,6,,"AB 04, AB 07, AB 26, AB 30, AB 49",
consonant-candidate,AB 36,AB 51,AB 07,,5,15,,"AB 01, AB 03, AB 04, AB 06, AB 07",
consonant-candidate,AB 36,AB 46,AB 07,,5,6,,"AB 07, AB 08, AB 30, AB 34, AB 44",
consonant-candidate,AB 36,AB 121,AB 07,,5,1,,AB 07,
consonant-candidate,AB 112,AB 35,AB 07,,5,1,,AB 07,
consonant-candidate,AB 112,AB 52,AB 07,,5,1,,AB 07,
consonant-candidate,AB 112,AB 04,AB 07,,5,1,,AB 07,
consonant-candidate,AB 112,AB 56,AB 07,,5,1,,AB 07,
consonant-candidate,AB 112,AB 10,AB 07,,5,1,,AB 07,
consonant-candidate,AB 112,AB 51,AB 07,,5,1,,AB 07,
consonant-candidate,AB 112,AB 46,AB 07,,5,1,,AB 07,
consonant-candidate,AB 112,AB 121,AB 07,,5,1,,AB 07,
consonant-candidate,AB 112,AB 26,AB 07,,5,1,,AB 07,
consonant-candidate,AB 03,AB 35,AB 07,,5,6,,"AB 04, AB 07, AB 26, AB 30, AB 49",
consonant-candidate,AB 03,AB 52,AB 07,,5,9,,"AB 04, AB 07, AB 08, AB 24, AB 32",
consonant-candidate,AB 03,AB 04,AB 07,,5,12,,"AB 04, AB 07, AB 08, AB 13, AB 24",
consonant-candidate,AB 03,AB 56,AB 07,,5,15,,"AB 01, AB 04, AB 07, AB 08, AB 09",
consonant-candidate,AB 03,AB 10,AB 07,,5,5,,"AB 07, AB 08, AB 32, AB 38, AB 51",
consonant-candidate,AB 03,AB 51,AB 07,,5,15,,"AB 01, AB 04, AB 07, AB 08, AB 13",
consonant-candidate,AB 03,AB 46,AB 07,,5,4,,"AB 07, AB 08, AB 30, AB 49",
consonant-candidate,AB 03,AB 121,AB 07,,5,1,,AB 07,
consonant-candidate,AB 03,AB 26,AB 07,,5,10,,"AB 01, AB 07, AB 09, AB 13, AB 30",
consonant-candidate,AB 35,AB 32,AB 07,,5,4,,"AB 04, AB 07, AB 26, AB 49",
consonant-candidate,AB 35,AB 71,AB 07,,5,2,,"AB 07, AB 26",
consonant-candidate,AB 35,AB 62,AB 07,,5,5,,"AB 07, AB 26, AB 30, AB 49, AB 52",
consonant-candidate,AB 35,AB 48,AB 07,,5,1,,AB 07,
consonant-candidate,AB 35,AB 64,AB 07,,5,1,,AB 07,
consonant-candidate,AB 52,AB 71,AB 07,,5,2,,"AB 07, AB 66",
consonant-candidate,AB 52,AB 48,AB 07,,5,3,,"AB 06, AB 07, AB 62",
consonant-candidate,AB 52,AB 64,AB 07,,5,4,,"AB 06, AB 07, AB 44, AB 45",
consonant-candidate,AB 04,AB 71,AB 07,,5,4,,"AB 07, AB 26, AB 29, AB 66",
consonant-candidate,AB 04,AB 48,AB 07,,5,2,,"AB 07, AB 29",
consonant-candidate,AB 04,AB 64,AB 07,,5,3,,"AB 07, AB 29, AB 45",
consonant-candidate,AB 32,AB 51,AB 07,,5,16,,"AB 01, AB 03, AB 04, AB 06, AB 07",
consonant-candidate,AB 32,AB 46,AB 07,,5,4,,"AB 07, AB 08, AB 44, AB 49",
consonant-candidate,AB 32,AB 121,AB 07,,5,1,,AB 07,
consonant-candidate,AB 71,AB 56,AB 07,,5,2,,"AB 07, AB 29",
consonant-candidate,AB 71,AB 10,AB 07,,5,1,,AB 07,
consonant-candidate,AB 71,AB 51,AB 07,,5,4,,"AB 07, AB 26, AB 29, AB 66",
consonant-candidate,AB 71,AB 46,AB 07,,5,1,,AB 07,
consonant-candidate,AB 71,AB 121,AB 07,,5,1,,AB 07,
consonant-candidate,AB 71,AB 26,AB 07,,5,2,,"AB 07, AB 66",
consonant-candidate,AB 62,AB 51,AB 07,,5,15,,"AB 03, AB 06, AB 07, AB 08, AB 13",
consonant-candidate,AB 62,AB 46,AB 07,,5,5,,"AB 07, AB 08, AB 30, AB 44, AB 49",
consonant-candidate,AB 62,AB 121,AB 07,,5,1,,AB 07,
consonant-candidate,AB 48,AB 56,AB 07,,5,4,,"AB 06, AB 07, AB 29, AB 47",
consonant-candidate,AB 48,AB 10,AB 07,,5,2,,"AB 06, AB 07",
consonant-candidate,AB 48,AB 51,AB 07,,5,5,,"AB 06, AB 07, AB 29, AB 47, AB 62",
consonant-candidate,AB 48,AB 46,AB 07,,5,1,,AB 07,
consonant-candidate,AB 48,AB 121,AB 07,,5,1,,AB 07,
consonant-candidate,AB 48,AB 26,AB 07,,5,3,,"AB 06, AB 07, AB 62",
consonant-candidate,AB 56,AB 64,AB 07,,5,4,,"AB 06, AB 07, AB 29, AB 45",
consonant-candidate,AB 10,AB 64,AB 07,,5,2,,"AB 06, AB 07",
consonant-candidate,AB 51,AB 64,AB 07,,5,5,,"AB 06, AB 07, AB 29, AB 44, AB 45",
consonant-candidate,AB 46,AB 64,AB 07,,5,2,,"AB 07, AB 44",
consonant-candidate,AB 121,AB 64,AB 07,,5,1,,AB 07,
consonant-candidate,AB 64,AB 26,AB 07,,5,3,,"AB 06, AB 07, AB 44",
consonant-candidate,AB 07,AB 73,AB 48,,5,3,,"AB 01, AB 29, AB 48",
consonant-candidate,AB 62,AB 27,AB 47,,5,1,,AB 47,
consonant-candidate,AB 49,AB 27,AB 47,,5,1,,AB 47,
consonant-candidate,AB 13,AB 27,AB 47,,5,1,,AB 47,
consonant-candidate,AB 51,AB 27,AB 47,,5,1,,AB 47,
consonant-candidate,AB 63,AB 35,AB 52,,5,2,,"AB 49, AB 52",
consonant-candidate,AB 59,AB 66,AB 52,,5,9,,"AB 01, AB 06, AB 24, AB 26, AB 32",
consonant-candidate,AB 59,AB 44,AB 52,,5,6,,"AB 01, AB 14, AB 22f, AB 24, AB 52",
consonant-candidate,AB 62,AB 44,AB 52,,5,8,,"AB 03, AB 23, AB 24, AB 30, AB 45",
consonant-candidate,AB 66,AB 06,AB 52,,5,13,,"AB 01, AB 03, AB 06, AB 23, AB 24",
consonant-candidate,AB 66,AB 49,AB 52,,5,13,,"AB 01, AB 03, AB 09, AB 23, AB 24",
consonant-candidate,AB 66,AB 35,AB 52,,5,2,,"AB 26, AB 52",
consonant-candidate,AB 06,AB 44,AB 52,,5,11,,"AB 01, AB 03, AB 23, AB 24, AB 29",
consonant-candidate,AB 44,AB 49,AB 52,,5,11,,"AB 01, AB 03, AB 23, AB 24, AB 30",
consonant-candidate,AB 44,AB 35,AB 52,,5,2,,"AB 30, AB 52",
consonant-candidate,AB 29,AB 64,AB 06,,5,2,,"AB 06, AB 29",
consonant-candidate,AB 64,AB 66,AB 06,,5,2,,"AB 06, AB 29",
consonant-candidate,AB 66,AB 32,AB 06,,5,10,,"AB 01, AB 03, AB 06, AB 23, AB 26",
consonant-candidate,AB 04,AB 14,AB 24,,5,4,,"AB 24, AB 26, AB 29, AB 36",
consonant-candidate,AB 07,AB 14,AB 24,,5,4,,"AB 01, AB 24, AB 29, AB 36",
consonant-candidate,AB 45,AB 49,AB 62,,5,12,,"AB 01, AB 04, AB 08, AB 23, AB 26",
consonant-candidate,AB 21f,AB 44,AB 23,,5,2,,"AB 23, AB 65",
consonant-candidate,AB 21f,AB 57,AB 23,,5,2,,"AB 23, AB 65",
consonant-candidate,AB 21f,AB 49,AB 23,,5,2,,"AB 23, AB 65",
consonant-candidate,AB 44,AB 38,AB 23,,5,3,,"AB 14, AB 23, AB 59",
consonant-candidate,AB 44,AB 45,AB 23,,5,5,,"AB 01, AB 23, AB 29, AB 59, AB 66",
consonant-candidate,AB 44,AB 32,AB 23,,5,9,,"AB 01, AB 03, AB 14, AB 23, AB 29",
consonant-candidate,AB 38,AB 57,AB 23,,5,2,,"AB 23, AB 59",
consonant-candidate,AB 38,AB 49,AB 23,,5,3,,"AB 08, AB 23, AB 59",
consonant-candidate,AB 66,AB 57,AB 23,,5,5,,"AB 03, AB 23, AB 59, AB 65, AB 66",
consonant-candidate,AB 45,AB 57,AB 23,,5,7,,"AB 04, AB 23, AB 36, AB 49, AB 50",
consonant-candidate,AB 23,AB 66,AB 51,,5,5,,"AB 01, AB 26, AB 51, AB 65, AB 66",
consonant-candidate,AB 23,AB 12,AB 51,,5,3,,"AB 01, AB 26, AB 51",
consonant-candidate,AB 26,AB 90,AB 51,,5,1,,AB 51,
consonant-candidate,AB 66,AB 90,AB 51,,5,2,,"AB 51, AB 57",
consonant-candidate,AB 12,AB 36,AB 51,,5,5,,"AB 01, AB 03, AB 26, AB 51, AB 59",
consonant-candidate,AB 12,AB 90,AB 51,,5,1,,AB 51,
consonant-candidate,AB 10,AB 90,AB 51,,5,1,,AB 51,
consonant-candidate,AB 62,AB 90,AB 51,,5,1,,AB 51,
consonant-candidate,AB 06,AB 55,AB 63,,5,3,,"AB 30, AB 63, AB 73",
consonant-candidate,AB 06,AB 09,AB 63,,5,9,,"AB 03, AB 04, AB 08, AB 26, AB 30",
consonant-candidate,AB 06,AB 40,AB 63,,5,2,,"AB 63, AB 66",
consonant-candidate,AB 01,AB 55,AB 63,,5,1,,AB 63,
consonant-candidate,AB 01,AB 09,AB 63,,5,6,,"AB 04, AB 08, AB 26, AB 36, AB 63",
consonant-candidate,AB 01,AB 40,AB 63,,5,2,,"AB 63, AB 66",
consonant-candidate,AB 52,AB 55,AB 63,,5,1,,AB 63,
consonant-candidate,AB 52,AB 09,AB 63,,5,7,,"AB 03, AB 04, AB 08, AB 22f, AB 49",
consonant-candidate,AB 52,AB 40,AB 63,,5,2,,"AB 63, AB 66",
consonant-candidate,AB 55,AB 23,AB 63,,5,2,,"AB 30, AB 63",
consonant-candidate,AB 09,AB 23,AB 63,,5,7,,"AB 04, AB 22f, AB 26, AB 30, AB 49",
consonant-candidate,AB 23,AB 40,AB 63,,5,2,,"AB 63, AB 66",
consonant-candidate,AB 47,AB 59,AB 57,,5,5,,"AB 01, AB 26, AB 32, AB 57, AB 59",
consonant-candidate,AB 47,AB 52,AB 57,,5,5,,"AB 03, AB 04, AB 32, AB 57, AB 65",
consonant-candidate,AB 44,AB 02,AB 65,,5,6,,"AB 01, AB 29, AB 30, AB 65, AB 66",
consonant-candidate,AB 44,AB 89,AB 65,,5,3,,"AB 03, AB 65, AB 66",
consonant-candidate,AB 02,AB 51,AB 65,,5,8,,"AB 01, AB 04, AB 08, AB 29, AB 44",
consonant-candidate,AB 89,AB 29,AB 65,,5,2,,"AB 65, AB 66",
consonant-candidate,AB 89,AB 51,AB 65,,5,3,,"AB 03, AB 65, AB 66",
consonant-candidate,AB 57,AB 51,AB 65,,5,7,,"AB 03, AB 04, AB 22f, AB 44, AB 49",
consonant-candidate,AB 29,AB 21f,AB 65,,5,1,,AB 65,
consonant-candidate,AB 51,AB 21f,AB 65,,5,1,,AB 65,
consonant-candidate,AB 22f,AB 51,AB 01,,5,7,,"AB 01, AB 04, AB 08, AB 13, AB 32",
consonant-candidate,AB 23,AB 14,AB 01,,5,2,,"AB 01, AB 26",
consonant-candidate,AB 23,AB 73,AB 01,,5,3,,"AB 01, AB 30, AB 66",
consonant-candidate,AB 29,AB 14,AB 01,,5,5,,"AB 01, AB 26, AB 29, AB 36, AB 87",
consonant-candidate,AB 29,AB 73,AB 01,,5,3,,"AB 01, AB 29, AB 66",
consonant-candidate,AB 73,AB 51,AB 01,,5,5,,"AB 01, AB 29, AB 44, AB 66, AB 73",
consonant-candidate,AB 76,AB 03,AB 08,,5,1,,AB 08,
consonant-candidate,AB 76,AB 04,AB 08,,5,1,,AB 08,
consonant-candidate,AB 75,AB 03,AB 08,,5,2,,"AB 08, AB 26",
consonant-candidate,AB 75,AB 04,AB 08,,5,3,,"AB 08, AB 26, AB 29",
consonant-candidate,AB 77,AB 03,AB 08,,5,4,,"AB 04, AB 08, AB 30, AB 66",
consonant-candidate,AB 77,AB 04,AB 08,,5,7,,"AB 04, AB 08, AB 30, AB 59, AB 66",
consonant-candidate,AB 03,AB 72,AB 08,,5,2,,"AB 08, AB 66",
consonant-candidate,AB 03,AB 87,AB 08,,5,2,,"AB 08, AB 87",
consonant-candidate,AB 03,AB 58,AB 08,,5,1,,AB 08,
consonant-candidate,AB 03,AB 86,AB 08,,5,1,,AB 08,
consonant-candidate,AB 03,AB 09,AB 08,,5,6,,"AB 04, AB 08, AB 26, AB 30, AB 49",
consonant-candidate,AB 03,AB 78,AB 08,,5,1,,AB 08,
consonant-candidate,AB 04,AB 72,AB 08,,5,5,,"AB 08, AB 29, AB 59, AB 66, AB 73",
consonant-candidate,AB 04,AB 87,AB 08,,5,3,,"AB 08, AB 29, AB 77",
consonant-candidate,AB 04,AB 58,AB 08,,5,2,,"AB 08, AB 59",
consonant-candidate,AB 04,AB 86,AB 08,,5,2,,"AB 08, AB 29",
consonant-candidate,AB 04,AB 09,AB 08,,5,8,,"AB 03, AB 04, AB 08, AB 26, AB 30",
consonant-candidate,AB 04,AB 78,AB 08,,5,1,,AB 08,
consonant-candidate,AB 44,AB 17,AB 45,,5,2,,"AB 22f, AB 45",
consonant-candidate,AB 51,AB 93,AB 45,,5,1,,AB 45,
consonant-candidate,AB 63,AB 64,AB 45,,5,1,,AB 45,
consonant-candidate,AB 63,AB 93,AB 45,,5,1,,AB 45,
consonant-candidate,AB 17,AB 32,AB 45,,5,1,,AB 45,
consonant-candidate,AB 17,AB 64,AB 45,,5,1,,AB 45,
consonant-candidate,AB 17,AB 93,AB 45,,5,1,,AB 45,
consonant-candidate,AB 03,AB 93,AB 45,,5,1,,AB 45,
consonant-candidate,AB 62,AB 93,AB 45,,5,1,,AB 45,
consonant-candidate,AB 07,AB 93,AB 45,,5,1,,AB 45,
consonant-candidate,AB 24,AB 33,AB 04,,5,1,,AB 04,
consonant-candidate,AB 77,AB 35,AB 04,,5,2,,"AB 04, AB 30",
consonant-candidate,AB 77,AB 34,AB 04,,5,3,,"AB 04, AB 30, AB 59",
consonant-candidate,AB 57,AB 35,AB 04,,5,2,,"AB 04, AB 49",
consonant-candidate,AB 32,AB 33,AB 04,,5,1,,AB 04,
consonant-candidate,AB 09,AB 35,AB 04,,5,4,,"AB 04, AB 26, AB 30, AB 49",
consonant-candidate,AB 09,AB 34,AB 04,,5,2,,"AB 04, AB 30",
consonant-candidate,AB 35,AB 54,AB 04,,5,1,,AB 04,
consonant-candidate,AB 35,AB 33,AB 04,,5,1,,AB 04,
consonant-candidate,AB 35,AB 22f,AB 04,,5,1,,AB 04,
consonant-candidate,AB 33,AB 34,AB 04,,5,1,,AB 04,
consonant-candidate,AB 89,AB 65,AB 03,,5,2,,"AB 03, AB 66",
consonant-candidate,AB 65,AB 43,AB 03,,5,1,,AB 03,
consonant-candidate,AB 65,AB 37,AB 03,,5,2,,"AB 03, AB 36",
consonant-candidate,AB 51,AB 43,AB 03,,5,1,,AB 03,
consonant-candidate,AB 51,AB 37,AB 03,,5,1,,AB 03,
consonant-candidate,AB 66,AB 46,AB 34,,5,1,,AB 34,
consonant-candidate,AB 31,AB 29,AB 36,,5,1,,AB 36,
consonant-candidate,AB 31,AB 85,AB 36,,5,1,,AB 36,
consonant-candidate,AB 31,AB 37,AB 36,,5,1,,AB 36,
consonant-candidate,AB 31,AB 59,AB 36,,5,1,,AB 36,
consonant-candidate,AB 31,AB 69,AB 36,,5,1,,AB 36,
consonant-candidate,AB 31,AB 07,AB 36,,5,1,,AB 36,
consonant-candidate,AB 31,AB 56,AB 36,,5,1,,AB 36,
consonant-candidate,AB 31,AB 57,AB 36,,5,1,,AB 36,
consonant-candidate,AB 31,AB 50,AB 36,,5,1,,AB 36,
consonant-candidate,AB 31,AB 45,AB 36,,5,1,,AB 36,
consonant-candidate,AB 31,AB 68,AB 36,,5,1,,AB 36,
consonant-candidate,AB 31,AB 14,AB 36,,5,1,,AB 36,
consonant-candidate,AB 02,AB 85,AB 36,,5,1,,AB 36,
consonant-candidate,AB 02,AB 37,AB 36,,5,1,,AB 36,
consonant-candidate,AB 02,AB 69,AB 36,,5,1,,AB 36,
consonant-candidate,AB 02,AB 68,AB 36,,5,1,,AB 36,
consonant-candidate,AB 04,AB 85,AB 36,,5,2,,"AB 36, AB 85",
consonant-candidate,AB 04,AB 69,AB 36,,5,1,,AB 36,
consonant-candidate,AB 04,AB 68,AB 36,,5,1,,AB 36,
consonant-candidate,AB 85,AB 63,AB 36,,5,1,,AB 36,
consonant-candidate,AB 85,AB 09,AB 36,,5,2,,"AB 36, AB 46",
consonant-candidate,AB 37,AB 63,AB 36,,5,1,,AB 36,
consonant-candidate,AB 69,AB 63,AB 36,,5,1,,AB 36,
consonant-candidate,AB 69,AB 09,AB 36,,5,1,,AB 36,
consonant-candidate,AB 62,AB 68,AB 36,,5,1,,AB 36,
consonant-candidate,AB 50,AB 09,AB 36,,5,2,,"AB 30, AB 36",
consonant-candidate,AB 63,AB 68,AB 36,,5,1,,AB 36,
consonant-candidate,AB 63,AB 14,AB 36,,5,1,,AB 36,
consonant-candidate,AB 09,AB 68,AB 36,,5,1,,AB 36,
consonant-candidate,AB 09,AB 14,AB 36,,5,2,,"AB 26, AB 36",
consonant-candidate,AB 72,AB 64,AB 29,,5,1,,AB 29,
consonant-candidate,AB 72,AB 14,AB 29,,5,1,,AB 29,
consonant-candidate,AB 72,AB 88,AB 29,,5,1,,AB 29,
consonant-candidate,AB 64,AB 61,AB 29,,5,1,,AB 29,
consonant-candidate,AB 64,AB 75,AB 29,,5,1,,AB 29,
consonant-candidate,AB 64,AB 47,AB 29,,5,1,,AB 29,
consonant-candidate,AB 02,AB 61,AB 29,,5,3,,"AB 29, AB 73, AB 87",
consonant-candidate,AB 02,AB 71,AB 29,,5,2,,"AB 29, AB 66",
consonant-candidate,AB 32,AB 61,AB 29,,5,1,,AB 29,
consonant-candidate,AB 61,AB 14,AB 29,,5,2,,"AB 29, AB 87",
consonant-candidate,AB 61,AB 86,AB 29,,5,1,,AB 29,
consonant-candidate,AB 61,AB 88,AB 29,,5,2,,"AB 29, AB 87",
consonant-candidate,AB 01,AB 88,AB 29,,5,2,,"AB 26, AB 29",
consonant-candidate,AB 75,AB 14,AB 29,,5,2,,"AB 26, AB 29",
consonant-candidate,AB 75,AB 88,AB 29,,5,2,,"AB 26, AB 29",
consonant-candidate,AB 14,AB 71,AB 29,,5,2,,"AB 26, AB 29",
consonant-candidate,AB 50,AB 86,AB 29,,5,1,,AB 29,
consonant-candidate,AB 50,AB 88,AB 29,,5,1,,AB 29,
consonant-candidate,AB 86,AB 71,AB 29,,5,1,,AB 29,
consonant-candidate,AB 86,AB 08,AB 29,,5,1,,AB 29,
consonant-candidate,AB 86,AB 47,AB 29,,5,1,,AB 29,
consonant-candidate,AB 88,AB 36,AB 29,,5,3,,"AB 26, AB 29, AB 87",
consonant-candidate,AB 88,AB 71,AB 29,,5,2,,"AB 26, AB 29",
consonant-candidate,AB 88,AB 08,AB 29,,5,2,,"AB 26, AB 29",
consonant-candidate,AB 88,AB 47,AB 29,,5,2,,"AB 26, AB 29",
consonant-candidate,AB 88,AB 56,AB 29,,5,1,,AB 29,
consonant-candidate,AB 09,AB 17,AB 22f,,5,1,,AB 22f,
consonant-candidate,AB 26,AB 38,AB 59,,5,1,,AB 59,
consonant-candidate,AB 47,AB 38,AB 59,,5,1,,AB 59,
consonant-candidate,AB 24,AB 53,AB 59,,5,1,,AB 59,
consonant-candidate,AB 50,AB 53,AB 59,,5,1,,AB 59,
consonant-candidate,AB 50,AB 77,AB 59,,5,2,,"AB 30, AB 59",
consonant-candidate,AB 50,AB 58,AB 59,,5,1,,AB 59,
consonant-candidate,AB 06,AB 53,AB 59,,5,1,,AB 59,
consonant-candidate,AB 57,AB 53,AB 59,,5,1,,AB 59,
consonant-candidate,AB 57,AB 72,AB 59,,5,2,,"AB 59, AB 66",
consonant-candidate,AB 57,AB 58,AB 59,,5,1,,AB 59,
consonant-candidate,AB 53,AB 38,AB 59,,5,1,,AB 59,
consonant-candidate,AB 38,AB 34,AB 59,,5,1,,AB 59,
consonant-candidate,AB 71,AB 30,AB 26,,5,1,,AB 26,
consonant-candidate,AB 71,AB 09,AB 26,,5,2,,"AB 26, AB 66",
consonant-candidate,AB 23,AB 88,AB 26,,5,1,,AB 26,
consonant-candidate,AB 23,AB 75,AB 26,,5,1,,AB 26,
consonant-candidate,AB 35,AB 12,AB 26,,5,1,,AB 26,
consonant-candidate,AB 88,AB 03,AB 26,,5,2,,"AB 26, AB 87",
consonant-candidate,AB 88,AB 12,AB 26,,5,1,,AB 26,
consonant-candidate,AB 50,AB 55,AB 30,,5,1,,AB 30,
consonant-candidate,AB 62,AB 55,AB 30,,5,1,,AB 30,
consonant-candidate,AB 46,AB 13,AB 30,,5,1,,AB 30,
consonant-candidate,AB 77,AB 73,AB 30,,5,3,,"AB 30, AB 66, AB 73",
consonant-candidate,AB 77,AB 55,AB 30,,5,2,,"AB 30, AB 73",
consonant-candidate,AB 13,AB 73,AB 30,,5,1,,AB 30,
consonant-candidate,AB 13,AB 35,AB 30,,5,1,,AB 30,
consonant-candidate,AB 13,AB 55,AB 30,,5,1,,AB 30,
consonant-candidate,AB 03,AB 55,AB 30,,5,1,,AB 30,
consonant-candidate,AB 73,AB 09,AB 30,,5,2,,"AB 30, AB 66",
consonant-candidate,AB 73,AB 24,AB 30,,5,3,,"AB 30, AB 66, AB 73",
consonant-candidate,AB 24,AB 55,AB 30,,5,2,,"AB 30, AB 73",
consonant-candidate,AB 30,AB 87,AB 77,,5,1,,AB 77,
consonant-candidate,AB 66,AB 98,AB 66,,5,1,,AB 66,
consonant-candidate,AB 66,AB 40,AB 66,,5,1,,AB 66,
consonant-candidate,AB 98,AB 52,AB 66,,5,1,,AB 66,
consonant-candidate,AB 98,AB 51,AB 66,,5,1,,AB 66,
consonant-candidate,AB 98,AB 04,AB 66,,5,1,,AB 66,
consonant-candidate,AB 98,AB 03,AB 66,,5,1,,AB 66,
consonant-candidate,AB 52,AB 05,AB 66,,5,1,,AB 66,
consonant-candidate,AB 51,AB 40,AB 66,,5,1,,AB 66,
consonant-candidate,AB 04,AB 40,AB 66,,5,1,,AB 66,
consonant-candidate,AB 03,AB 40,AB 66,,5,1,,AB 66,
consonant-candidate,AB 72,AB 55,AB 73,,5,1,,AB 73,
consonant-candidate,AB 77,AB 64,AB 33,,5,1,,AB 33,
consonant-candidate,AB 32,AB 107,AB 107,,5,1,,AB 107,
vowel-candidate,AB 52,AB 43,,AB 63,5,,2,,"AB 30, AB 63"
vowel-candidate,AB 52,AB 57,,AB 63,5,,7,,"AB 06, AB 08, AB 36, AB 56, AB 59"
vowel-candidate,AB 52,AB 56,,AB 63,5,,10,,"AB 01, AB 06, AB 07, AB 08, AB 36"
vowel-candidate,AB 52,AB 62,,AB 63,5,,9,,"AB 01, AB 06, AB 07, AB 08, AB 36"
vowel-candidate,AB 52,AB 38,,AB 63,5,,5,,"AB 03, AB 07, AB 51, AB 56, AB 63"
vowel-candidate,AB 52,AB 49,,AB 63,5,,13,,"AB 03, AB 06, AB 07, AB 08, AB 30"
vowel-candidate,AB 43,AB 45,,AB 63,5,,2,,"AB 30, AB 63"
vowel-candidate,AB 43,AB 36,,AB 63,5,,3,,"AB 02, AB 50, AB 63"
vowel-candidate,AB 45,AB 57,,AB 63,5,,6,,"AB 04, AB 08, AB 17, AB 52, AB 56"
vowel-candidate,AB 45,AB 56,,AB 63,5,,10,,"AB 01, AB 04, AB 07, AB 08, AB 32"
vowel-candidate,AB 45,AB 62,,AB 63,5,,9,,"AB 01, AB 07, AB 08, AB 32, AB 51"
vowel-candidate,AB 45,AB 38,,AB 63,5,,5,,"AB 03, AB 07, AB 51, AB 56, AB 63"
vowel-candidate,AB 45,AB 49,,AB 63,5,,11,,"AB 03, AB 04, AB 07, AB 08, AB 30"
vowel-candidate,AB 57,AB 36,,AB 63,5,,9,,"AB 04, AB 06, AB 08, AB 24, AB 36"
vowel-candidate,AB 56,AB 36,,AB 63,5,,19,,"AB 01, AB 02, AB 04, AB 06, AB 07"
vowel-candidate,AB 62,AB 36,,AB 63,5,,13,,"AB 01, AB 06, AB 07, AB 08, AB 26"
vowel-candidate,AB 38,AB 36,,AB 63,5,,5,,"AB 07, AB 26, AB 45, AB 56, AB 63"
vowel-candidate,AB 36,AB 49,,AB 63,5,,16,,"AB 04, AB 06, AB 07, AB 08, AB 09"
vowel-candidate,AB 10,AB 29,,AB 61,5,,5,,"AB 01, AB 06, AB 29, AB 61, AB 75"
vowel-candidate,AB 56,AB 113,,AB 10,5,,1,,AB 10
vowel-candidate,AB 56,AB 31,,AB 10,5,,1,,AB 10
vowel-candidate,AB 56,AB 51,,AB 10,5,,15,,"AB 01, AB 04, AB 08, AB 10, AB 23"
vowel-candidate,AB 56,AB 42,,AB 10,5,,1,,AB 10
vowel-candidate,AB 63,AB 113,,AB 10,5,,1,,AB 10
vowel-candidate,AB 63,AB 31,,AB 10,5,,1,,AB 10
vowel-candidate,AB 63,AB 51,,AB 10,5,,3,,"AB 01, AB 10, AB 23"
vowel-candidate,AB 63,AB 42,,AB 10,5,,1,,AB 10
vowel-candidate,AB 113,AB 08,,AB 10,5,,1,,AB 10
vowel-candidate,AB 113,AB 59,,AB 10,5,,1,,AB 10
vowel-candidate,AB 113,AB 07,,AB 10,5,,1,,AB 10
vowel-candidate,AB 31,AB 08,,AB 10,5,,1,,AB 10
vowel-candidate,AB 31,AB 59,,AB 10,5,,1,,AB 10
vowel-candidate,AB 31,AB 07,,AB 10,5,,1,,AB 10
vowel-candidate,AB 08,AB 51,,AB 10,5,,13,,"AB 01, AB 03, AB 04, AB 10, AB 24"
vowel-candidate,AB 08,AB 42,,AB 10,5,,1,,AB 10
vowel-candidate,AB 59,AB 51,,AB 10,5,,14,,"AB 01, AB 04, AB 08, AB 10, AB 12"
vowel-candidate,AB 59,AB 42,,AB 10,5,,1,,AB 10
vowel-candidate,AB 51,AB 07,,AB 10,5,,13,,"AB 03, AB 04, AB 08, AB 10, AB 23"
vowel-candidate,AB 07,AB 42,,AB 10,5,,1,,AB 10
vowel-candidate,AB 65,AB 56,,AB 56,5,,14,,"AB 01, AB 02, AB 04, AB 06, AB 07"
vowel-candidate,AB 65,AB 23,,AB 56,5,,11,,"AB 01, AB 06, AB 08, AB 21f, AB 30"
vowel-candidate,AB 65,AB 47,,AB 56,5,,4,,"AB 32, AB 49, AB 51, AB 56"
vowel-candidate,AB 96,AB 56,,AB 56,5,,2,,"AB 13, AB 56"
vowel-candidate,AB 96,AB 23,,AB 56,5,,2,,"AB 13, AB 56"
vowel-candidate,AB 96,AB 47,,AB 56,5,,2,,"AB 13, AB 56"
vowel-candidate,AB 38,AB 23,,AB 56,5,,2,,"AB 45, AB 56"
vowel-candidate,AB 38,AB 47,,AB 56,5,,2,,"AB 51, AB 56"
vowel-candidate,AB 57,AB 23,,AB 56,5,,6,,"AB 06, AB 08, AB 36, AB 45, AB 56"
vowel-candidate,AB 57,AB 47,,AB 56,5,,2,,"AB 56, AB 59"
vowel-candidate,AB 56,AB 13,,AB 56,5,,7,,"AB 04, AB 13, AB 22f, AB 26, AB 49"
vowel-candidate,AB 56,AB 34,,AB 56,5,,7,,"AB 04, AB 24, AB 26, AB 29, AB 36"
vowel-candidate,AB 56,AB 29,,AB 56,5,,11,,"AB 01, AB 02, AB 04, AB 06, AB 07"
vowel-candidate,AB 06,AB 23,,AB 56,5,,10,,"AB 01, AB 06, AB 08, AB 32, AB 36"
vowel-candidate,AB 06,AB 47,,AB 56,5,,6,,"AB 32, AB 48, AB 51, AB 56, AB 59"
vowel-candidate,AB 07,AB 23,,AB 56,5,,7,,"AB 08, AB 32, AB 36, AB 49, AB 56"
vowel-candidate,AB 07,AB 47,,AB 56,5,,6,,"AB 32, AB 48, AB 49, AB 51, AB 56"
vowel-candidate,AB 23,AB 13,,AB 56,5,,4,,"AB 13, AB 49, AB 56, AB 62"
vowel-candidate,AB 23,AB 36,,AB 56,5,,10,,"AB 01, AB 06, AB 08, AB 36, AB 45"
vowel-candidate,AB 23,AB 34,,AB 56,5,,4,,"AB 36, AB 49, AB 56, AB 66"
vowel-candidate,AB 23,AB 49,,AB 56,5,,10,,"AB 06, AB 08, AB 30, AB 32, AB 36"
vowel-candidate,AB 23,AB 29,,AB 56,5,,9,,"AB 01, AB 06, AB 08, AB 32, AB 36"
vowel-candidate,AB 13,AB 47,,AB 56,5,,5,,"AB 13, AB 49, AB 51, AB 56, AB 62"
vowel-candidate,AB 36,AB 47,,AB 56,5,,4,,"AB 49, AB 56, AB 59, AB 62"
vowel-candidate,AB 34,AB 47,,AB 56,5,,3,,"AB 49, AB 51, AB 56"
vowel-candidate,AB 47,AB 49,,AB 56,5,,6,,"AB 32, AB 49, AB 51, AB 56, AB 59"
vowel-candidate,AB 47,AB 29,,AB 56,5,,4,,"AB 32, AB 48, AB 51, AB 56"
vowel-candidate,AB 07,AB 62,,AB 50,5,,13,,"AB 07, AB 08, AB 23, AB 26, AB 32"
vowel-candidate,AB 28,AB 24,,AB 50,5,,2,,"AB 44, AB 50"
vowel-candidate,AB 28,AB 29,,AB 50,5,,2,,"AB 44, AB 50"
vowel-candidate,AB 28,AB 62,,AB 50,5,,1,,AB 50
vowel-candidate,AB 28,AB 36,,AB 50,5,,1,,AB 50
vowel-candidate,AB 30,AB 62,,AB 50,5,,9,,"AB 06, AB 08, AB 23, AB 26, AB 34"
vowel-candidate,AB 43,AB 24,,AB 50,5,,2,,"AB 30, AB 50"
vowel-candidate,AB 43,AB 29,,AB 50,5,,2,,"AB 02, AB 50"
vowel-candidate,AB 24,AB 59,,AB 50,5,,11,,"AB 01, AB 04, AB 06, AB 08, AB 30"
vowel-candidate,AB 29,AB 59,,AB 50,5,,12,,"AB 01, AB 04, AB 06, AB 08, AB 29"
vowel-candidate,AB 59,AB 62,,AB 50,5,,10,,"AB 01, AB 06, AB 08, AB 26, AB 29"
vowel-candidate,AB 59,AB 36,,AB 50,5,,14,,"AB 01, AB 04, AB 06, AB 08, AB 22f"
vowel-candidate,AB 22f,AB 49,,AB 07,5,,9,,"AB 07, AB 08, AB 09, AB 23, AB 30"
vowel-candidate,AB 22f,AB 24,,AB 07,5,,8,,"AB 07, AB 08, AB 30, AB 44, AB 51"
vowel-candidate,AB 22f,AB 62,,AB 07,5,,6,,"AB 07, AB 08, AB 23, AB 51, AB 52"
vowel-candidate,AB 22f,AB 45,,AB 07,5,,8,,"AB 07, AB 08, AB 17, AB 30, AB 44"
vowel-candidate,AB 48,AB 49,,AB 07,5,,2,,"AB 07, AB 08"
vowel-candidate,AB 48,AB 24,,AB 07,5,,4,,"AB 01, AB 07, AB 08, AB 66"
vowel-candidate,AB 48,AB 62,,AB 07,5,,3,,"AB 01, AB 07, AB 08"
vowel-candidate,AB 48,AB 45,,AB 07,5,,3,,"AB 01, AB 07, AB 08"
vowel-candidate,AB 18,AB 49,,AB 07,5,,1,,AB 07
vowel-candidate,AB 18,AB 24,,AB 07,5,,1,,AB 07
vowel-candidate,AB 18,AB 62,,AB 07,5,,1,,AB 07
vowel-candidate,AB 18,AB 45,,AB 07,5,,1,,AB 07
vowel-candidate,AB 62,AB 04,,AB 07,5,,13,,"AB 01, AB 06, AB 07, AB 23, AB 29"
vowel-candidate,AB 65,AB 66,,AB 66,5,,16,,"AB 01, AB 02, AB 03, AB 04, AB 06"
vowel-candidate,AB 51,AB 26,,AB 66,5,,16,,"AB 01, AB 03, AB 04, AB 08, AB 12"
vowel-candidate,AB 51,AB 54,,AB 66,5,,6,,"AB 01, AB 08, AB 24, AB 45, AB 65"
vowel-candidate,AB 66,AB 26,,AB 66,5,,18,,"AB 01, AB 03, AB 04, AB 05, AB 06"
vowel-candidate,AB 66,AB 01,,AB 66,5,,16,,"AB 01, AB 02, AB 03, AB 06, AB 08"
vowel-candidate,AB 66,AB 34,,AB 66,5,,7,,"AB 04, AB 24, AB 26, AB 29, AB 49"
vowel-candidate,AB 66,AB 54,,AB 66,5,,8,,"AB 01, AB 08, AB 24, AB 32, AB 45"
vowel-candidate,AB 26,AB 23,,AB 66,5,,11,,"AB 01, AB 06, AB 08, AB 30, AB 32"
vowel-candidate,AB 26,AB 09,,AB 66,5,,8,,"AB 03, AB 08, AB 14, AB 47, AB 49"
vowel-candidate,AB 26,AB 06,,AB 66,5,,13,,"AB 01, AB 06, AB 08, AB 24, AB 29"
vowel-candidate,AB 26,AB 57,,AB 66,5,,9,,"AB 04, AB 06, AB 08, AB 24, AB 36"
vowel-candidate,AB 26,AB 52,,AB 66,5,,12,,"AB 01, AB 03, AB 06, AB 08, AB 30"
vowel-candidate,AB 26,AB 32,,AB 66,5,,11,,"AB 03, AB 06, AB 08, AB 24, AB 32"
vowel-candidate,AB 23,AB 54,,AB 66,5,,6,,"AB 01, AB 08, AB 32, AB 45, AB 65"
vowel-candidate,AB 09,AB 54,,AB 66,5,,3,,"AB 08, AB 65, AB 66"
vowel-candidate,AB 06,AB 54,,AB 66,5,,8,,"AB 01, AB 08, AB 24, AB 32, AB 45"
vowel-candidate,AB 57,AB 54,,AB 66,5,,5,,"AB 08, AB 24, AB 45, AB 52, AB 66"
vowel-candidate,AB 52,AB 54,,AB 66,5,,3,,"AB 01, AB 08, AB 66"
vowel-candidate,AB 32,AB 54,,AB 66,5,,6,,"AB 08, AB 24, AB 32, AB 52, AB 65"
vowel-candidate,AB 50,AB 57,,AB 08,5,,3,,"AB 06, AB 08, AB 45"
vowel-candidate,AB 50,AB 26,,AB 08,5,,7,,"AB 01, AB 06, AB 08, AB 29, AB 45"
vowel-candidate,AB 50,AB 54,,AB 08,5,,4,,"AB 01, AB 08, AB 45, AB 65"
vowel-candidate,AB 50,AB 39,,AB 08,5,,1,,AB 08
vowel-candidate,AB 50,AB 29,,AB 08,5,,5,,"AB 01, AB 06, AB 08, AB 29, AB 45"
vowel-candidate,AB 50,AB 56,,AB 08,5,,7,,"AB 01, AB 06, AB 08, AB 29, AB 49"
vowel-candidate,AB 50,AB 85,,AB 08,5,,1,,AB 08
vowel-candidate,AB 57,AB 22f,,AB 08,5,,4,,"AB 08, AB 17, AB 52, AB 59"
vowel-candidate,AB 26,AB 22f,,AB 08,5,,7,,"AB 08, AB 09, AB 23, AB 30, AB 51"
vowel-candidate,AB 54,AB 22f,,AB 08,5,,3,,"AB 08, AB 52, AB 65"
vowel-candidate,AB 39,AB 48,,AB 08,5,,1,,AB 08
vowel-candidate,AB 39,AB 22f,,AB 08,5,,2,,"AB 08, AB 51"
vowel-candidate,AB 39,AB 32,,AB 08,5,,2,,"AB 08, AB 51"
vowel-candidate,AB 85,AB 48,,AB 08,5,,1,,AB 08
vowel-candidate,AB 85,AB 22f,,AB 08,5,,2,,"AB 08, AB 44"
vowel-candidate,AB 85,AB 32,,AB 08,5,,2,,"AB 08, AB 26"
vowel-candidate,AB 63,AB 62,,AB 52,5,,4,,"AB 01, AB 06, AB 23, AB 52"
vowel-candidate,AB 63,AB 44,,AB 52,5,,3,,"AB 01, AB 06, AB 52"
vowel-candidate,AB 63,AB 54,,AB 52,5,,2,,"AB 01, AB 52"
vowel-candidate,AB 63,AB 45,,AB 52,5,,2,,"AB 01, AB 52"
vowel-candidate,AB 63,AB 58,,AB 52,5,,1,,AB 52
vowel-candidate,AB 63,AB 79,,AB 52,5,,1,,AB 52
vowel-candidate,AB 63,AB 65,,AB 52,5,,4,,"AB 01, AB 06, AB 23, AB 52"
vowel-candidate,AB 66,AB 58,,AB 52,5,,2,,"AB 44, AB 52"
vowel-candidate,AB 66,AB 79,,AB 52,5,,1,,AB 52
vowel-candidate,AB 58,AB 57,,AB 52,5,,1,,AB 52
vowel-candidate,AB 57,AB 79,,AB 52,5,,2,,"AB 36, AB 52"
vowel-candidate,AB 24,AB 73,,AB 06,5,,4,,"AB 04, AB 06, AB 44, AB 51"
vowel-candidate,AB 63,AB 30,,AB 06,5,,4,,"AB 06, AB 09, AB 23, AB 55"
vowel-candidate,AB 63,AB 17,,AB 06,5,,1,,AB 06
vowel-candidate,AB 63,AB 52,,AB 06,5,,2,,"AB 01, AB 06"
vowel-candidate,AB 63,AB 53,,AB 06,5,,1,,AB 06
vowel-candidate,AB 44,AB 73,,AB 06,5,,4,,"AB 02, AB 06, AB 51, AB 73"
vowel-candidate,AB 50,AB 17,,AB 06,5,,3,,"AB 06, AB 49, AB 57"
vowel-candidate,AB 50,AB 53,,AB 06,5,,1,,AB 06
vowel-candidate,AB 73,AB 06,,AB 06,5,,3,,"AB 06, AB 24, AB 51"
vowel-candidate,AB 73,AB 30,,AB 06,5,,8,,"AB 02, AB 04, AB 06, AB 24, AB 44"
vowel-candidate,AB 73,AB 17,,AB 06,5,,1,,AB 06
vowel-candidate,AB 73,AB 52,,AB 06,5,,3,,"AB 06, AB 44, AB 51"
vowel-candidate,AB 73,AB 53,,AB 06,5,,1,,AB 06
vowel-candidate,AB 56,AB 17,,AB 06,5,,3,,"AB 06, AB 49, AB 57"
vowel-candidate,AB 56,AB 53,,AB 06,5,,1,,AB 06
vowel-candidate,AB 17,AB 59,,AB 06,5,,3,,"AB 06, AB 49, AB 57"
vowel-candidate,AB 17,AB 49,,AB 06,5,,3,,"AB 06, AB 49, AB 57"
vowel-candidate,AB 59,AB 53,,AB 06,5,,1,,AB 06
vowel-candidate,AB 53,AB 49,,AB 06,5,,1,,AB 06
vowel-candidate,AB 30,AB 71,,AB 62,5,,4,,"AB 03, AB 44, AB 49, AB 62"
vowel-candidate,AB 02,AB 10,,AB 62,5,,5,,"AB 01, AB 24, AB 30, AB 62, AB 65"
vowel-candidate,AB 10,AB 71,,AB 62,5,,2,,"AB 49, AB 62"
vowel-candidate,AB 10,AB 47,,AB 62,5,,2,,"AB 49, AB 62"
vowel-candidate,AB 49,AB 71,,AB 62,5,,4,,"AB 03, AB 32, AB 49, AB 62"
vowel-candidate,AB 44,AB 13,,AB 62,5,,4,,"AB 26, AB 49, AB 51, AB 62"
vowel-candidate,AB 56,AB 71,,AB 62,5,,3,,"AB 32, AB 49, AB 62"
vowel-candidate,AB 71,AB 07,,AB 62,5,,5,,"AB 03, AB 32, AB 49, AB 62, AB 71"
vowel-candidate,AB 71,AB 45,,AB 62,5,,4,,"AB 03, AB 32, AB 44, AB 62"
vowel-candidate,AB 71,AB 13,,AB 62,5,,3,,"AB 03, AB 49, AB 62"
vowel-candidate,AB 71,AB 51,,AB 62,5,,3,,"AB 03, AB 49, AB 62"
vowel-candidate,AB 71,AB 36,,AB 62,5,,2,,"AB 49, AB 62"
vowel-candidate,AB 01,AB 35,,AB 23,5,,3,,"AB 22f, AB 23, AB 47"
vowel-candidate,AB 51,AB 12,,AB 23,5,,2,,"AB 01, AB 23"
vowel-candidate,AB 12,AB 35,,AB 23,5,,1,,AB 23
vowel-candidate,AB 26,AB 35,,AB 23,5,,2,,"AB 23, AB 47"
vowel-candidate,AB 35,AB 30,,AB 23,5,,1,,AB 23
vowel-candidate,AB 35,AB 63,,AB 23,5,,1,,AB 23
vowel-candidate,AB 04,AB 77,,AB 24,5,,5,,"AB 02, AB 04, AB 24, AB 29, AB 77"
vowel-candidate,AB 10,AB 54,,AB 24,5,,3,,"AB 01, AB 24, AB 65"
vowel-candidate,AB 54,AB 77,,AB 24,5,,1,,AB 24
vowel-candidate,AB 54,AB 73,,AB 24,5,,1,,AB 24
vowel-candidate,AB 77,AB 57,,AB 24,5,,2,,"AB 04, AB 24"
vowel-candidate,AB 77,AB 59,,AB 24,5,,5,,"AB 04, AB 24, AB 29, AB 30, AB 77"
vowel-candidate,AB 77,AB 30,,AB 24,5,,5,,"AB 02, AB 04, AB 24, AB 30, AB 77"
vowel-candidate,AB 77,AB 32,,AB 24,5,,1,,AB 24
vowel-candidate,AB 34,AB 37,,AB 51,5,,3,,"AB 04, AB 26, AB 51"
vowel-candidate,AB 34,AB 44,,AB 51,5,,5,,"AB 26, AB 36, AB 46, AB 49, AB 51"
vowel-candidate,AB 49,AB 37,,AB 51,5,,3,,"AB 04, AB 26, AB 51"
vowel-candidate,AB 45,AB 37,,AB 51,5,,2,,"AB 04, AB 51"
vowel-candidate,AB 03,AB 37,,AB 51,5,,2,,"AB 04, AB 51"
vowel-candidate,AB 03,AB 38,,AB 51,5,,1,,AB 51
vowel-candidate,AB 73,AB 37,,AB 51,5,,2,,"AB 04, AB 51"
vowel-candidate,AB 73,AB 13,,AB 51,5,,3,,"AB 04, AB 22f, AB 51"
vowel-candidate,AB 73,AB 47,,AB 51,5,,1,,AB 51
vowel-candidate,AB 73,AB 38,,AB 51,5,,1,,AB 51
vowel-candidate,AB 37,AB 66,,AB 51,5,,3,,"AB 04, AB 26, AB 51"
vowel-candidate,AB 37,AB 65,,AB 51,5,,2,,"AB 04, AB 51"
vowel-candidate,AB 37,AB 01,,AB 51,5,,2,,"AB 26, AB 51"
vowel-candidate,AB 66,AB 38,,AB 51,5,,4,,"AB 03, AB 26, AB 45, AB 51"
vowel-candidate,AB 22f,AB 02,,AB 65,5,,2,,"AB 30, AB 65"
vowel-candidate,AB 02,AB 50,,AB 65,5,,2,,"AB 01, AB 65"
vowel-candidate,AB 34,AB 50,,AB 49,5,,2,,"AB 29, AB 49"
vowel-candidate,AB 34,AB 46,,AB 49,5,,1,,AB 49
vowel-candidate,AB 71,AB 50,,AB 49,5,,1,,AB 49
vowel-candidate,AB 71,AB 32,,AB 49,5,,3,,"AB 03, AB 32, AB 49"
vowel-candidate,AB 71,AB 46,,AB 49,5,,2,,"AB 44, AB 49"
vowel-candidate,AB 17,AB 46,,AB 49,5,,1,,AB 49
vowel-candidate,AB 04,AB 46,,AB 49,5,,2,,"AB 09, AB 49"
vowel-candidate,AB 47,AB 50,,AB 49,5,,1,,AB 49
vowel-candidate,AB 47,AB 46,,AB 49,5,,1,,AB 49
vowel-candidate,AB 59,AB 46,,AB 49,5,,2,,"AB 44, AB 49"
vowel-candidate,AB 50,AB 13,,AB 49,5,,1,,AB 49
vowel-candidate,AB 13,AB 46,,AB 49,5,,1,,AB 49
vowel-candidate,AB 01,AB 46,,AB 49,5,,2,,"AB 44, AB 49"
vowel-candidate,AB 52,AB 46,,AB 49,5,,2,,"AB 44, AB 49"
vowel-candidate,AB 46,AB 23,,AB 49,5,,2,,"AB 44, AB 49"
vowel-candidate,AB 07,AB 69,,AB 36,5,,2,,"AB 36, AB 71"
vowel-candidate,AB 44,AB 69,,AB 36,5,,1,,AB 36
vowel-candidate,AB 69,AB 64,,AB 36,5,,1,,AB 36
vowel-candidate,AB 79,AB 64,,AB 36,5,,1,,AB 36
vowel-candidate,AB 08,AB 64,,AB 36,5,,1,,AB 36
vowel-candidate,AB 71,AB 54,,AB 32,5,,1,,AB 32
vowel-candidate,AB 71,AB 107,,AB 32,5,,1,,AB 32
vowel-candidate,AB 71,AB 61,,AB 32,5,,1,,AB 32
vowel-candidate,AB 04,AB 107,,AB 32,5,,1,,AB 32
vowel-candidate,AB 04,AB 61,,AB 32,5,,1,,AB 32
vowel-candidate,AB 29,AB 107,,AB 32,5,,1,,AB 32
vowel-candidate,AB 29,AB 61,,AB 32,5,,1,,AB 32
vowel-candidate,AB 45,AB 33,,AB 32,5,,3,,"AB 01, AB 32, AB 64"
vowel-candidate,AB 45,AB 14,,AB 32,5,,2,,"AB 32, AB 44"
vowel-candidate,AB 44,AB 107,,AB 32,5,,1,,AB 32
vowel-candidate,AB 44,AB 61,,AB 32,5,,2,,"AB 26, AB 32"
vowel-candidate,AB 07,AB 107,,AB 32,5,,1,,AB 32
vowel-candidate,AB 07,AB 61,,AB 32,5,,2,,"AB 26, AB 32"
vowel-candidate,AB 26,AB 107,,AB 32,5,,1,,AB 32
vowel-candidate,AB 26,AB 61,,AB 32,5,,2,,"AB 30, AB 32"
vowel-candidate,AB 54,AB 33,,AB 32,5,,2,,"AB 01, AB 32"
vowel-candidate,AB 56,AB 107,,AB 32,5,,1,,AB 32
vowel-candidate,AB 107,AB 33,,AB 32,5,,1,,AB 32
vowel-candidate,AB 107,AB 14,,AB 32,5,,1,,AB 32
vowel-candidate,AB 107,AB 23,,AB 32,5,,1,,AB 32
vowel-candidate,AB 33,AB 06,,AB 32,5,,3,,"AB 01, AB 32, AB 64"
vowel-candidate,AB 33,AB 08,,AB 32,5,,3,,"AB 01, AB 32, AB 77"
vowel-candidate,AB 33,AB 61,,AB 32,5,,1,,AB 32
vowel-candidate,AB 14,AB 61,,AB 32,5,,1,,AB 32
vowel-candidate,AB 61,AB 23,,AB 32,5,,2,,"AB 30, AB 32"
vowel-candidate,AB 73,AB 71,,AB 44,5,,1,,AB 44
vowel-candidate,AB 73,AB 28,,AB 44,5,,1,,AB 44
vowel-candidate,AB 73,AB 85,,AB 44,5,,2,,"AB 04, AB 44"
vowel-candidate,AB 73,AB 46,,AB 44,5,,1,,AB 44
vowel-candidate,AB 73,AB 58,,AB 44,5,,1,,AB 44
vowel-candidate,AB 28,AB 52,,AB 44,5,,1,,AB 44
vowel-candidate,AB 14,AB 52,,AB 44,5,,2,,"AB 44, AB 59"
vowel-candidate,AB 52,AB 58,,AB 44,5,,1,,AB 44
vowel-candidate,AB 62,AB 55,,AB 45,5,,1,,AB 45
vowel-candidate,AB 55,AB 38,,AB 45,5,,1,,AB 45
vowel-candidate,AB 85,AB 34,,AB 04,5,,2,,"AB 04, AB 26"
vowel-candidate,AB 85,AB 08,,AB 04,5,,1,,AB 04
vowel-candidate,AB 56,AB 37,,AB 04,5,,2,,"AB 04, AB 26"
vowel-candidate,AB 36,AB 37,,AB 04,5,,2,,"AB 04, AB 26"
vowel-candidate,AB 38,AB 71,,AB 03,5,,1,,AB 03
vowel-candidate,AB 38,AB 87,,AB 03,5,,1,,AB 03
vowel-candidate,AB 45,AB 87,,AB 03,5,,1,,AB 03
vowel-candidate,AB 66,AB 87,,AB 03,5,,3,,"AB 02, AB 03, AB 29"
vowel-candidate,AB 87,AB 13,,AB 03,5,,1,,AB 03
vowel-candidate,AB 63,AB 05,,AB 01,5,,1,,AB 01
vowel-candidate,AB 63,AB 33,,AB 01,5,,1,,AB 01
vowel-candidate,AB 23,AB 05,,AB 01,5,,1,,AB 01
vowel-candidate,AB 48,AB 08,,AB 01,5,,1,,AB 01
vowel-candidate,AB 48,AB 05,,AB 01,5,,1,,AB 01
vowel-candidate,AB 48,AB 33,,AB 01,5,,1,,AB 01
vowel-candidate,AB 87,AB 14,,AB 29,5,,1,,AB 29
vowel-candidate,AB 76,AB 59,,AB 26,5,,1,,AB 26
vowel-candidate,AB 76,AB 13,,AB 26,5,,1,,AB 26
vowel-candidate,AB 76,AB 38,,AB 26,5,,1,,AB 26
vowel-candidate,AB 76,AB 05,,AB 26,5,,1,,AB 26
vowel-candidate,AB 76,AB 75,,AB 26,5,,1,,AB 26
vowel-candidate,AB 76,AB 07,,AB 26,5,,1,,AB 26
vowel-candidate,AB 76,AB 37,,AB 26,5,,1,,AB 26
vowel-candidate,AB 51,AB 75,,AB 26,5,,1,,AB 26
vowel-candidate,AB 12,AB 111,,AB 30,5,,1,,AB 30
vowel-candidate,AB 12,AB 43,,AB 30,5,,1,,AB 30
vowel-candidate,AB 77,AB 111,,AB 30,5,,1,,AB 30
vowel-candidate,AB 77,AB 43,,AB 30,5,,2,,"AB 02, AB 30"
vowel-candidate,AB 111,AB 49,,AB 30,5,,1,,AB 30
vowel-candidate,AB 111,AB 21f,,AB 30,5,,1,,AB 30
vowel-candidate,AB 43,AB 21f,,AB 30,5,,1,,AB 30
vowel-candidate,AB 10,AB 21f,,AB 30,5,,1,,AB 30
vowel-candidate,AB 26,AB 21f,,AB 30,5,,1,,AB 30
vowel-candidate,AB 21f,AB 59,,AB 30,5,,1,,AB 30
vowel-candidate,AB 50,AB 75,,AB 57,5,,1,,AB 57
vowel-candidate,AB 73,AB 35,,AB 22f,5,,1,,AB 22f
vowel-candidate,AB 13,AB 35,,AB 22f,5,,1,,AB 22f
vowel-candidate,AB 87,AB 43,,AB 02,5,,1,,AB 02
vowel-candidate,AB 43,AB 73,,AB 02,5,,1,,AB 02
vowel-candidate,AB 04,AB 22,,AB 77,5,,1,,AB 77
vowel-candidate,AB 33,AB 73,,AB 77,5,,1,,AB 77
vowel-candidate,AB 33,AB 77,,AB 77,5,,1,,AB 77
vowel-candidate,AB 73,AB 22,,AB 77,5,,1,,AB 77
vowel-candidate,AB 77,AB 22,,AB 77,5,,1,,AB 77
vowel-candidate,AB 08,AB 22,,AB 77,5,,1,,AB 77
vowel-candidate,AB 22,AB 66,,AB 77,5,,1,,AB 77
vowel-candidate,AB 22,AB 59,,AB 77,5,,1,,AB 77
vowel-candidate,AB 48,AB 73,,AB 73,5,,1,,AB 73
vowel-candidate,AB 92,AB 77,,AB 87,5,,1,,AB 87
vowel-candidate,AB 92,AB 87,,AB 87,5,,1,,AB 87
vowel-candidate,AB 29,AB 91,,AB 86,5,,1,,AB 86
consonant-candidate,AB 43,AB 32,AB 61,,4,2,,"AB 03, AB 61",
consonant-candidate,AB 24,AB 29,AB 10,,4,14,,"AB 04, AB 06, AB 08, AB 10, AB 14",
consonant-candidate,AB 24,AB 30,AB 10,,4,7,,"AB 02, AB 10, AB 26, AB 30, AB 49",
consonant-candidate,AB 24,AB 75,AB 10,,4,3,,"AB 08, AB 10, AB 26",
consonant-candidate,AB 24,AB 65,AB 10,,4,13,,"AB 02, AB 03, AB 04, AB 06, AB 07",
consonant-candidate,AB 29,AB 30,AB 10,,4,6,,"AB 10, AB 26, AB 49, AB 59, AB 65",
consonant-candidate,AB 29,AB 75,AB 10,,4,4,,"AB 08, AB 10, AB 26, AB 29",
consonant-candidate,AB 29,AB 65,AB 10,,4,10,,"AB 04, AB 06, AB 10, AB 26, AB 36",
consonant-candidate,AB 30,AB 75,AB 10,,4,2,,"AB 10, AB 26",
consonant-candidate,AB 30,AB 65,AB 10,,4,7,,"AB 02, AB 10, AB 22f, AB 23, AB 24",
consonant-candidate,AB 75,AB 65,AB 10,,4,2,,"AB 10, AB 26",
consonant-candidate,AB 10,AB 23,AB 56,,4,4,,"AB 07, AB 51, AB 56, AB 63",
consonant-candidate,AB 10,AB 63,AB 56,,4,3,,"AB 32, AB 38, AB 56",
consonant-candidate,AB 10,AB 24,AB 56,,4,7,,"AB 06, AB 07, AB 08, AB 32, AB 51",
consonant-candidate,AB 10,AB 57,AB 56,,4,2,,"AB 56, AB 59",
consonant-candidate,AB 10,AB 29,AB 56,,4,5,,"AB 06, AB 08, AB 51, AB 56, AB 59",
consonant-candidate,AB 10,AB 54,AB 56,,4,1,,AB 56,
consonant-candidate,AB 10,AB 08,AB 56,,4,6,,"AB 06, AB 07, AB 32, AB 51, AB 56",
consonant-candidate,AB 23,AB 63,AB 56,,4,3,,"AB 49, AB 56, AB 62",
consonant-candidate,AB 23,AB 24,AB 56,,4,8,,"AB 04, AB 07, AB 26, AB 30, AB 49",
consonant-candidate,AB 23,AB 57,AB 56,,4,7,,"AB 04, AB 12, AB 22f, AB 49, AB 56",
consonant-candidate,AB 23,AB 29,AB 56,,4,9,,"AB 01, AB 04, AB 26, AB 49, AB 51",
consonant-candidate,AB 23,AB 54,AB 56,,4,3,,"AB 04, AB 56, AB 66",
consonant-candidate,AB 23,AB 08,AB 56,,4,11,,"AB 01, AB 07, AB 22f, AB 26, AB 30",
consonant-candidate,AB 63,AB 24,AB 56,,4,5,,"AB 32, AB 36, AB 49, AB 56, AB 57",
consonant-candidate,AB 63,AB 57,AB 56,,4,3,,"AB 36, AB 49, AB 56",
consonant-candidate,AB 63,AB 29,AB 56,,4,4,,"AB 36, AB 49, AB 56, AB 62",
consonant-candidate,AB 63,AB 54,AB 56,,4,1,,AB 56,
consonant-candidate,AB 63,AB 08,AB 56,,4,8,,"AB 32, AB 36, AB 45, AB 49, AB 52",
consonant-candidate,AB 24,AB 57,AB 56,,4,7,,"AB 03, AB 04, AB 36, AB 49, AB 56",
consonant-candidate,AB 24,AB 54,AB 56,,4,3,,"AB 04, AB 56, AB 66",
consonant-candidate,AB 24,AB 08,AB 56,,4,14,,"AB 03, AB 06, AB 07, AB 26, AB 30",
consonant-candidate,AB 57,AB 29,AB 56,,4,8,,"AB 04, AB 36, AB 49, AB 50, AB 56",
consonant-candidate,AB 57,AB 54,AB 56,,4,3,,"AB 04, AB 56, AB 66",
consonant-candidate,AB 57,AB 08,AB 56,,4,11,,"AB 03, AB 22f, AB 23, AB 36, AB 44",
consonant-candidate,AB 29,AB 54,AB 56,,4,3,,"AB 04, AB 56, AB 66",
consonant-candidate,AB 29,AB 08,AB 56,,4,13,,"AB 01, AB 06, AB 26, AB 29, AB 36",
consonant-candidate,AB 54,AB 08,AB 56,,4,2,,"AB 56, AB 66",
consonant-candidate,AB 62,AB 47,AB 02,,4,4,,"AB 02, AB 03, AB 09, AB 26",
consonant-candidate,AB 24,AB 47,AB 02,,4,7,,"AB 02, AB 03, AB 04, AB 26, AB 32",
consonant-candidate,AB 35,AB 52,AB 07,,4,3,,"AB 04, AB 07, AB 49",
consonant-candidate,AB 35,AB 04,AB 07,,4,5,,"AB 04, AB 07, AB 26, AB 30, AB 49",
consonant-candidate,AB 35,AB 56,AB 07,,4,5,,"AB 04, AB 07, AB 30, AB 49, AB 52",
consonant-candidate,AB 35,AB 10,AB 07,,4,1,,AB 07,
consonant-candidate,AB 35,AB 51,AB 07,,4,5,,"AB 04, AB 07, AB 26, AB 49, AB 52",
consonant-candidate,AB 35,AB 46,AB 07,,4,3,,"AB 07, AB 30, AB 49",
consonant-candidate,AB 35,AB 121,AB 07,,4,1,,AB 07,
consonant-candidate,AB 35,AB 26,AB 07,,4,3,,"AB 07, AB 30, AB 49",
consonant-candidate,AB 52,AB 51,AB 07,,4,14,,"AB 03, AB 04, AB 06, AB 07, AB 08",
consonant-candidate,AB 52,AB 46,AB 07,,4,4,,"AB 07, AB 08, AB 44, AB 49",
consonant-candidate,AB 52,AB 121,AB 07,,4,1,,AB 07,
consonant-candidate,AB 04,AB 51,AB 07,,4,16,,"AB 03, AB 04, AB 07, AB 08, AB 13",
consonant-candidate,AB 04,AB 46,AB 07,,4,5,,"AB 07, AB 08, AB 30, AB 34, AB 49",
consonant-candidate,AB 04,AB 121,AB 07,,4,1,,AB 07,
consonant-candidate,AB 56,AB 51,AB 07,,4,17,,"AB 01, AB 04, AB 06, AB 07, AB 08",
consonant-candidate,AB 56,AB 46,AB 07,,4,5,,"AB 07, AB 08, AB 30, AB 34, AB 49",
consonant-candidate,AB 56,AB 121,AB 07,,4,1,,AB 07,
consonant-candidate,AB 10,AB 51,AB 07,,4,6,,"AB 06, AB 07, AB 08, AB 32, AB 38",
consonant-candidate,AB 10,AB 46,AB 07,,4,2,,"AB 07, AB 08",
consonant-candidate,AB 10,AB 121,AB 07,,4,1,,AB 07,
consonant-candidate,AB 51,AB 46,AB 07,,4,5,,"AB 07, AB 08, AB 34, AB 44, AB 49",
consonant-candidate,AB 51,AB 121,AB 07,,4,1,,AB 07,
consonant-candidate,AB 51,AB 26,AB 07,,4,13,,"AB 01, AB 06, AB 07, AB 13, AB 32",
consonant-candidate,AB 46,AB 121,AB 07,,4,1,,AB 07,
consonant-candidate,AB 46,AB 26,AB 07,,4,5,,"AB 07, AB 30, AB 34, AB 44, AB 49",
consonant-candidate,AB 121,AB 26,AB 07,,4,1,,AB 07,
consonant-candidate,AB 13,AB 51,AB 47,,4,4,,"AB 13, AB 24, AB 32, AB 47",
consonant-candidate,AB 59,AB 35,AB 52,,4,3,,"AB 26, AB 49, AB 52",
consonant-candidate,AB 06,AB 35,AB 52,,4,5,,"AB 04, AB 26, AB 30, AB 49, AB 52",
consonant-candidate,AB 64,AB 06,AB 06,,4,3,,"AB 06, AB 29, AB 44",
consonant-candidate,AB 64,AB 01,AB 06,,4,5,,"AB 06, AB 29, AB 33, AB 44, AB 45",
consonant-candidate,AB 06,AB 14,AB 24,,4,5,,"AB 01, AB 24, AB 26, AB 29, AB 36",
consonant-candidate,AB 03,AB 14,AB 24,,4,5,,"AB 01, AB 09, AB 24, AB 26, AB 87",
consonant-candidate,AB 03,AB 13,AB 24,,4,4,,"AB 13, AB 24, AB 30, AB 32",
consonant-candidate,AB 50,AB 14,AB 24,,4,3,,"AB 24, AB 29, AB 36",
consonant-candidate,AB 59,AB 14,AB 24,,4,4,,"AB 01, AB 24, AB 26, AB 36",
consonant-candidate,AB 14,AB 13,AB 24,,4,1,,AB 24,
consonant-candidate,AB 14,AB 62,AB 24,,4,4,,"AB 09, AB 24, AB 26, AB 36",
consonant-candidate,AB 14,AB 36,AB 24,,4,6,,"AB 01, AB 24, AB 26, AB 29, AB 36",
consonant-candidate,AB 48,AB 63,AB 62,,4,1,,AB 62,
consonant-candidate,AB 45,AB 63,AB 62,,4,5,,"AB 36, AB 38, AB 49, AB 57, AB 62",
consonant-candidate,AB 45,AB 50,AB 62,,4,4,,"AB 29, AB 36, AB 59, AB 62",
consonant-candidate,AB 44,AB 57,AB 23,,4,6,,"AB 03, AB 22f, AB 23, AB 59, AB 65",
consonant-candidate,AB 23,AB 90,AB 51,,4,1,,AB 51,
consonant-candidate,AB 36,AB 90,AB 51,,4,3,,"AB 51, AB 57, AB 87",
consonant-candidate,AB 10,AB 55,AB 63,,4,1,,AB 63,
consonant-candidate,AB 10,AB 09,AB 63,,4,2,,"AB 08, AB 63",
consonant-candidate,AB 10,AB 40,AB 63,,4,1,,AB 63,
consonant-candidate,AB 55,AB 09,AB 63,,4,2,,"AB 30, AB 63",
consonant-candidate,AB 55,AB 40,AB 63,,4,1,,AB 63,
consonant-candidate,AB 09,AB 40,AB 63,,4,2,,"AB 63, AB 66",
consonant-candidate,AB 63,AB 47,AB 57,,4,2,,"AB 32, AB 57",
consonant-candidate,AB 45,AB 47,AB 57,,4,6,,"AB 01, AB 04, AB 26, AB 29, AB 57",
consonant-candidate,AB 47,AB 08,AB 57,,4,9,,"AB 01, AB 03, AB 09, AB 26, AB 29",
consonant-candidate,AB 66,AB 02,AB 65,,4,4,,"AB 01, AB 29, AB 65, AB 66",
consonant-candidate,AB 66,AB 89,AB 65,,4,3,,"AB 03, AB 65, AB 66",
consonant-candidate,AB 56,AB 89,AB 65,,4,1,,AB 65,
consonant-candidate,AB 04,AB 89,AB 65,,4,3,,"AB 03, AB 65, AB 66",
consonant-candidate,AB 04,AB 21f,AB 65,,4,1,,AB 65,
consonant-candidate,AB 02,AB 89,AB 65,,4,2,,"AB 65, AB 66",
consonant-candidate,AB 02,AB 21f,AB 65,,4,1,,AB 65,
consonant-candidate,AB 02,AB 03,AB 65,,4,7,,"AB 01, AB 04, AB 08, AB 30, AB 65",
consonant-candidate,AB 07,AB 89,AB 65,,4,1,,AB 65,
consonant-candidate,AB 07,AB 21f,AB 65,,4,1,,AB 65,
consonant-candidate,AB 89,AB 57,AB 65,,4,3,,"AB 03, AB 65, AB 66",
consonant-candidate,AB 89,AB 21f,AB 65,,4,1,,AB 65,
consonant-candidate,AB 89,AB 52,AB 65,,4,3,,"AB 03, AB 65, AB 66",
consonant-candidate,AB 89,AB 03,AB 65,,4,2,,"AB 65, AB 66",
consonant-candidate,AB 57,AB 03,AB 65,,4,4,,"AB 04, AB 49, AB 65, AB 66",
consonant-candidate,AB 21f,AB 52,AB 65,,4,1,,AB 65,
consonant-candidate,AB 21f,AB 03,AB 65,,4,1,,AB 65,
consonant-candidate,AB 44,AB 22f,AB 01,,4,4,,"AB 01, AB 59, AB 66, AB 73",
consonant-candidate,AB 44,AB 73,AB 01,,4,5,,"AB 01, AB 29, AB 30, AB 66, AB 73",
consonant-candidate,AB 44,AB 12,AB 01,,4,4,,"AB 01, AB 03, AB 14, AB 59",
consonant-candidate,AB 22f,AB 14,AB 01,,4,2,,"AB 01, AB 36",
consonant-candidate,AB 22f,AB 73,AB 01,,4,3,,"AB 01, AB 66, AB 73",
consonant-candidate,AB 22f,AB 66,AB 01,,4,4,,"AB 01, AB 32, AB 59, AB 66",
consonant-candidate,AB 22f,AB 47,AB 01,,4,5,,"AB 01, AB 04, AB 32, AB 35, AB 59",
consonant-candidate,AB 22f,AB 12,AB 01,,4,2,,"AB 01, AB 59",
consonant-candidate,AB 14,AB 02,AB 01,,4,4,,"AB 01, AB 29, AB 36, AB 87",
consonant-candidate,AB 14,AB 73,AB 01,,4,2,,"AB 01, AB 29",
consonant-candidate,AB 14,AB 47,AB 01,,4,4,,"AB 01, AB 09, AB 26, AB 29",
consonant-candidate,AB 14,AB 12,AB 01,,4,2,,"AB 01, AB 26",
consonant-candidate,AB 02,AB 73,AB 01,,4,6,,"AB 01, AB 29, AB 30, AB 44, AB 66",
consonant-candidate,AB 02,AB 12,AB 01,,4,1,,AB 01,
consonant-candidate,AB 73,AB 47,AB 01,,4,2,,"AB 01, AB 29",
consonant-candidate,AB 73,AB 12,AB 01,,4,1,,AB 01,
consonant-candidate,AB 73,AB 49,AB 01,,4,4,,"AB 01, AB 30, AB 44, AB 66",
consonant-candidate,AB 47,AB 12,AB 01,,4,4,,"AB 01, AB 03, AB 26, AB 59",
consonant-candidate,AB 76,AB 02,AB 08,,4,1,,AB 08,
consonant-candidate,AB 76,AB 75,AB 08,,4,1,,AB 08,
consonant-candidate,AB 76,AB 10,AB 08,,4,1,,AB 08,
consonant-candidate,AB 76,AB 77,AB 08,,4,1,,AB 08,
consonant-candidate,AB 76,AB 46,AB 08,,4,1,,AB 08,
consonant-candidate,AB 76,AB 72,AB 08,,4,1,,AB 08,
consonant-candidate,AB 76,AB 87,AB 08,,4,1,,AB 08,
consonant-candidate,AB 76,AB 45,AB 08,,4,1,,AB 08,
consonant-candidate,AB 76,AB 36,AB 08,,4,1,,AB 08,
consonant-candidate,AB 76,AB 01,AB 08,,4,1,,AB 08,
consonant-candidate,AB 76,AB 59,AB 08,,4,1,,AB 08,
consonant-candidate,AB 76,AB 58,AB 08,,4,1,,AB 08,
consonant-candidate,AB 76,AB 32,AB 08,,4,1,,AB 08,
consonant-candidate,AB 76,AB 86,AB 08,,4,1,,AB 08,
consonant-candidate,AB 76,AB 09,AB 08,,4,1,,AB 08,
consonant-candidate,AB 76,AB 78,AB 08,,4,1,,AB 08,
consonant-candidate,AB 02,AB 75,AB 08,,4,2,,"AB 08, AB 29",
consonant-candidate,AB 02,AB 77,AB 08,,4,6,,"AB 04, AB 08, AB 30, AB 66, AB 73",
consonant-candidate,AB 02,AB 46,AB 08,,4,3,,"AB 08, AB 30, AB 44",
consonant-candidate,AB 02,AB 72,AB 08,,4,4,,"AB 08, AB 29, AB 66, AB 73",
consonant-candidate,AB 02,AB 87,AB 08,,4,4,,"AB 08, AB 29, AB 77, AB 87",
consonant-candidate,AB 02,AB 58,AB 08,,4,1,,AB 08,
consonant-candidate,AB 02,AB 86,AB 08,,4,2,,"AB 08, AB 29",
consonant-candidate,AB 02,AB 09,AB 08,,4,5,,"AB 04, AB 08, AB 30, AB 36, AB 66",
consonant-candidate,AB 02,AB 78,AB 08,,4,1,,AB 08,
consonant-candidate,AB 75,AB 10,AB 08,,4,1,,AB 08,
consonant-candidate,AB 75,AB 77,AB 08,,4,1,,AB 08,
consonant-candidate,AB 75,AB 46,AB 08,,4,1,,AB 08,
consonant-candidate,AB 75,AB 72,AB 08,,4,2,,"AB 08, AB 29",
consonant-candidate,AB 75,AB 87,AB 08,,4,3,,"AB 08, AB 29, AB 92",
consonant-candidate,AB 75,AB 45,AB 08,,4,3,,"AB 08, AB 26, AB 29",
consonant-candidate,AB 75,AB 36,AB 08,,4,3,,"AB 08, AB 26, AB 29",
consonant-candidate,AB 75,AB 59,AB 08,,4,2,,"AB 08, AB 26",
consonant-candidate,AB 75,AB 58,AB 08,,4,1,,AB 08,
consonant-candidate,AB 75,AB 32,AB 08,,4,3,,"AB 08, AB 26, AB 29",
consonant-candidate,AB 75,AB 86,AB 08,,4,2,,"AB 08, AB 29",
consonant-candidate,AB 75,AB 09,AB 08,,4,2,,"AB 08, AB 26",
consonant-candidate,AB 75,AB 78,AB 08,,4,1,,AB 08,
consonant-candidate,AB 10,AB 77,AB 08,,4,2,,"AB 08, AB 59",
consonant-candidate,AB 10,AB 72,AB 08,,4,2,,"AB 08, AB 59",
consonant-candidate,AB 10,AB 87,AB 08,,4,1,,AB 08,
consonant-candidate,AB 10,AB 58,AB 08,,4,2,,"AB 08, AB 59",
consonant-candidate,AB 10,AB 86,AB 08,,4,1,,AB 08,
consonant-candidate,AB 10,AB 78,AB 08,,4,1,,AB 08,
consonant-candidate,AB 77,AB 46,AB 08,,4,2,,"AB 08, AB 30",
consonant-candidate,AB 77,AB 72,AB 08,,4,4,,"AB 08, AB 59, AB 66, AB 73",
consonant-candidate,AB 77,AB 87,AB 08,,4,2,,"AB 08, AB 77",
consonant-candidate,AB 77,AB 45,AB 08,,4,4,,"AB 04, AB 08, AB 59, AB 66",
consonant-candidate,AB 77,AB 36,AB 08,,4,4,,"AB 04, AB 08, AB 30, AB 59",
consonant-candidate,AB 77,AB 01,AB 08,,4,5,,"AB 04, AB 08, AB 33, AB 59, AB 66",
consonant-candidate,AB 77,AB 59,AB 08,,4,2,,"AB 08, AB 59",
consonant-candidate,AB 77,AB 58,AB 08,,4,2,,"AB 08, AB 59",
consonant-candidate,AB 77,AB 32,AB 08,,4,4,,"AB 04, AB 08, AB 33, AB 66",
consonant-candidate,AB 77,AB 86,AB 08,,4,1,,AB 08,
consonant-candidate,AB 77,AB 09,AB 08,,4,4,,"AB 04, AB 08, AB 30, AB 66",
consonant-candidate,AB 77,AB 78,AB 08,,4,1,,AB 08,
consonant-candidate,AB 46,AB 72,AB 08,,4,1,,AB 08,
consonant-candidate,AB 46,AB 87,AB 08,,4,1,,AB 08,
consonant-candidate,AB 46,AB 45,AB 08,,4,2,,"AB 08, AB 49",
consonant-candidate,AB 46,AB 01,AB 08,,4,2,,"AB 08, AB 44",
consonant-candidate,AB 46,AB 59,AB 08,,4,2,,"AB 08, AB 49",
consonant-candidate,AB 46,AB 58,AB 08,,4,1,,AB 08,
consonant-candidate,AB 46,AB 86,AB 08,,4,1,,AB 08,
consonant-candidate,AB 46,AB 09,AB 08,,4,3,,"AB 08, AB 30, AB 49",
consonant-candidate,AB 46,AB 78,AB 08,,4,1,,AB 08,
consonant-candidate,AB 72,AB 87,AB 08,,4,2,,"AB 08, AB 29",
consonant-candidate,AB 72,AB 45,AB 08,,4,4,,"AB 08, AB 29, AB 59, AB 66",
consonant-candidate,AB 72,AB 36,AB 08,,4,4,,"AB 08, AB 29, AB 59, AB 72",
consonant-candidate,AB 72,AB 01,AB 08,,4,4,,"AB 08, AB 29, AB 59, AB 66",
consonant-candidate,AB 72,AB 59,AB 08,,4,3,,"AB 08, AB 59, AB 72",
consonant-candidate,AB 72,AB 58,AB 08,,4,2,,"AB 08, AB 59",
consonant-candidate,AB 72,AB 32,AB 08,,4,3,,"AB 08, AB 29, AB 66",
consonant-candidate,AB 72,AB 86,AB 08,,4,2,,"AB 08, AB 29",
consonant-candidate,AB 72,AB 09,AB 08,,4,2,,"AB 08, AB 66",
consonant-candidate,AB 72,AB 78,AB 08,,4,1,,AB 08,
consonant-candidate,AB 87,AB 45,AB 08,,4,2,,"AB 08, AB 29",
consonant-candidate,AB 87,AB 36,AB 08,,4,3,,"AB 08, AB 29, AB 87",
consonant-candidate,AB 87,AB 01,AB 08,,4,2,,"AB 08, AB 29",
consonant-candidate,AB 87,AB 59,AB 08,,4,1,,AB 08,
consonant-candidate,AB 87,AB 58,AB 08,,4,1,,AB 08,
consonant-candidate,AB 87,AB 32,AB 08,,4,2,,"AB 08, AB 29",
consonant-candidate,AB 87,AB 86,AB 08,,4,2,,"AB 08, AB 29",
consonant-candidate,AB 87,AB 09,AB 08,,4,1,,AB 08,
consonant-candidate,AB 87,AB 78,AB 08,,4,1,,AB 08,
consonant-candidate,AB 45,AB 58,AB 08,,4,2,,"AB 08, AB 59",
consonant-candidate,AB 45,AB 86,AB 08,,4,2,,"AB 08, AB 29",
consonant-candidate,AB 45,AB 09,AB 08,,4,6,,"AB 04, AB 08, AB 26, AB 36, AB 49",
consonant-candidate,AB 45,AB 78,AB 08,,4,1,,AB 08,
consonant-candidate,AB 36,AB 58,AB 08,,4,2,,"AB 08, AB 59",
consonant-candidate,AB 36,AB 86,AB 08,,4,2,,"AB 08, AB 29",
consonant-candidate,AB 36,AB 09,AB 08,,4,7,,"AB 03, AB 04, AB 08, AB 26, AB 30",
consonant-candidate,AB 36,AB 78,AB 08,,4,1,,AB 08,
consonant-candidate,AB 01,AB 58,AB 08,,4,2,,"AB 08, AB 59",
consonant-candidate,AB 01,AB 86,AB 08,,4,2,,"AB 08, AB 29",
consonant-candidate,AB 01,AB 78,AB 08,,4,1,,AB 08,
consonant-candidate,AB 59,AB 58,AB 08,,4,2,,"AB 08, AB 59",
consonant-candidate,AB 59,AB 86,AB 08,,4,1,,AB 08,
consonant-candidate,AB 59,AB 09,AB 08,,4,5,,"AB 08, AB 22f, AB 26, AB 36, AB 49",
consonant-candidate,AB 59,AB 78,AB 08,,4,1,,AB 08,
consonant-candidate,AB 58,AB 32,AB 08,,4,1,,AB 08,
consonant-candidate,AB 58,AB 86,AB 08,,4,1,,AB 08,
consonant-candidate,AB 58,AB 09,AB 08,,4,1,,AB 08,
consonant-candidate,AB 58,AB 78,AB 08,,4,1,,AB 08,
consonant-candidate,AB 32,AB 86,AB 08,,4,2,,"AB 08, AB 29",
consonant-candidate,AB 32,AB 09,AB 08,,4,6,,"AB 03, AB 04, AB 08, AB 26, AB 49",
consonant-candidate,AB 32,AB 78,AB 08,,4,1,,AB 08,
consonant-candidate,AB 86,AB 09,AB 08,,4,1,,AB 08,
consonant-candidate,AB 86,AB 78,AB 08,,4,1,,AB 08,
consonant-candidate,AB 09,AB 78,AB 08,,4,1,,AB 08,
consonant-candidate,AB 44,AB 64,AB 45,,4,3,,"AB 29, AB 45, AB 46",
consonant-candidate,AB 44,AB 93,AB 45,,4,1,,AB 45,
consonant-candidate,AB 32,AB 93,AB 45,,4,1,,AB 45,
consonant-candidate,AB 52,AB 93,AB 45,,4,1,,AB 45,
consonant-candidate,AB 64,AB 93,AB 45,,4,1,,AB 45,
consonant-candidate,AB 03,AB 54,AB 04,,4,2,,"AB 04, AB 66",
consonant-candidate,AB 03,AB 33,AB 04,,4,1,,AB 04,
consonant-candidate,AB 01,AB 33,AB 04,,4,1,,AB 04,
consonant-candidate,AB 77,AB 57,AB 04,,4,3,,"AB 04, AB 59, AB 66",
consonant-candidate,AB 77,AB 54,AB 04,,4,2,,"AB 04, AB 66",
consonant-candidate,AB 77,AB 33,AB 04,,4,1,,AB 04,
consonant-candidate,AB 77,AB 07,AB 04,,4,1,,AB 04,
consonant-candidate,AB 57,AB 09,AB 04,,4,6,,"AB 03, AB 04, AB 22f, AB 36, AB 49",
consonant-candidate,AB 57,AB 33,AB 04,,4,1,,AB 04,
consonant-candidate,AB 09,AB 54,AB 04,,4,2,,"AB 04, AB 66",
consonant-candidate,AB 09,AB 33,AB 04,,4,1,,AB 04,
consonant-candidate,AB 09,AB 07,AB 04,,4,4,,"AB 04, AB 22f, AB 36, AB 49",
consonant-candidate,AB 54,AB 51,AB 04,,4,2,,"AB 04, AB 66",
consonant-candidate,AB 54,AB 33,AB 04,,4,1,,AB 04,
consonant-candidate,AB 51,AB 33,AB 04,,4,1,,AB 04,
consonant-candidate,AB 49,AB 33,AB 04,,4,1,,AB 04,
consonant-candidate,AB 33,AB 22f,AB 04,,4,1,,AB 04,
consonant-candidate,AB 33,AB 07,AB 04,,4,1,,AB 04,
consonant-candidate,AB 04,AB 43,AB 03,,4,2,,"AB 03, AB 77",
consonant-candidate,AB 04,AB 37,AB 03,,4,2,,"AB 03, AB 36",
consonant-candidate,AB 89,AB 12,AB 03,,4,1,,AB 03,
consonant-candidate,AB 89,AB 36,AB 03,,4,1,,AB 03,
consonant-candidate,AB 89,AB 09,AB 03,,4,2,,"AB 03, AB 66",
consonant-candidate,AB 89,AB 43,AB 03,,4,1,,AB 03,
consonant-candidate,AB 89,AB 37,AB 03,,4,1,,AB 03,
consonant-candidate,AB 89,AB 24,AB 03,,4,2,,"AB 03, AB 66",
consonant-candidate,AB 12,AB 09,AB 03,,4,2,,"AB 03, AB 26",
consonant-candidate,AB 12,AB 43,AB 03,,4,1,,AB 03,
consonant-candidate,AB 12,AB 37,AB 03,,4,1,,AB 03,
consonant-candidate,AB 36,AB 43,AB 03,,4,1,,AB 03,
consonant-candidate,AB 36,AB 37,AB 03,,4,2,,"AB 03, AB 36",
consonant-candidate,AB 44,AB 09,AB 03,,4,5,,"AB 03, AB 22f, AB 30, AB 46, AB 66",
consonant-candidate,AB 44,AB 43,AB 03,,4,1,,AB 03,
consonant-candidate,AB 44,AB 37,AB 03,,4,1,,AB 03,
consonant-candidate,AB 44,AB 24,AB 03,,4,6,,"AB 03, AB 14, AB 30, AB 59, AB 66",
consonant-candidate,AB 47,AB 43,AB 03,,4,1,,AB 03,
consonant-candidate,AB 47,AB 37,AB 03,,4,1,,AB 03,
consonant-candidate,AB 09,AB 43,AB 03,,4,1,,AB 03,
consonant-candidate,AB 09,AB 37,AB 03,,4,2,,"AB 03, AB 36",
consonant-candidate,AB 43,AB 37,AB 03,,4,1,,AB 03,
consonant-candidate,AB 43,AB 24,AB 03,,4,2,,"AB 03, AB 77",
consonant-candidate,AB 37,AB 24,AB 03,,4,2,,"AB 03, AB 36",
consonant-candidate,AB 29,AB 37,AB 36,,4,1,,AB 36,
consonant-candidate,AB 29,AB 69,AB 36,,4,1,,AB 36,
consonant-candidate,AB 29,AB 68,AB 36,,4,1,,AB 36,
consonant-candidate,AB 85,AB 37,AB 36,,4,1,,AB 36,
consonant-candidate,AB 85,AB 59,AB 36,,4,1,,AB 36,
consonant-candidate,AB 85,AB 69,AB 36,,4,1,,AB 36,
consonant-candidate,AB 85,AB 07,AB 36,,4,1,,AB 36,
consonant-candidate,AB 85,AB 56,AB 36,,4,1,,AB 36,
consonant-candidate,AB 85,AB 57,AB 36,,4,1,,AB 36,
consonant-candidate,AB 85,AB 50,AB 36,,4,1,,AB 36,
consonant-candidate,AB 85,AB 45,AB 36,,4,1,,AB 36,
consonant-candidate,AB 85,AB 68,AB 36,,4,1,,AB 36,
consonant-candidate,AB 85,AB 14,AB 36,,4,1,,AB 36,
consonant-candidate,AB 37,AB 59,AB 36,,4,1,,AB 36,
consonant-candidate,AB 37,AB 69,AB 36,,4,1,,AB 36,
consonant-candidate,AB 37,AB 07,AB 36,,4,1,,AB 36,
consonant-candidate,AB 37,AB 56,AB 36,,4,1,,AB 36,
consonant-candidate,AB 37,AB 50,AB 36,,4,1,,AB 36,
consonant-candidate,AB 37,AB 45,AB 36,,4,1,,AB 36,
consonant-candidate,AB 37,AB 68,AB 36,,4,1,,AB 36,
consonant-candidate,AB 37,AB 14,AB 36,,4,1,,AB 36,
consonant-candidate,AB 59,AB 69,AB 36,,4,1,,AB 36,
consonant-candidate,AB 59,AB 68,AB 36,,4,1,,AB 36,
consonant-candidate,AB 69,AB 07,AB 36,,4,1,,AB 36,
consonant-candidate,AB 69,AB 57,AB 36,,4,1,,AB 36,
consonant-candidate,AB 69,AB 50,AB 36,,4,1,,AB 36,
consonant-candidate,AB 69,AB 45,AB 36,,4,1,,AB 36,
consonant-candidate,AB 69,AB 68,AB 36,,4,1,,AB 36,
consonant-candidate,AB 69,AB 14,AB 36,,4,1,,AB 36,
consonant-candidate,AB 07,AB 68,AB 36,,4,1,,AB 36,
consonant-candidate,AB 56,AB 68,AB 36,,4,1,,AB 36,
consonant-candidate,AB 57,AB 68,AB 36,,4,1,,AB 36,
consonant-candidate,AB 57,AB 14,AB 36,,4,1,,AB 36,
consonant-candidate,AB 50,AB 68,AB 36,,4,1,,AB 36,
consonant-candidate,AB 45,AB 68,AB 36,,4,1,,AB 36,
consonant-candidate,AB 68,AB 14,AB 36,,4,1,,AB 36,
consonant-candidate,AB 72,AB 61,AB 29,,4,2,,"AB 29, AB 73",
consonant-candidate,AB 72,AB 50,AB 29,,4,2,,"AB 29, AB 59",
consonant-candidate,AB 72,AB 71,AB 29,,4,2,,"AB 29, AB 66",
consonant-candidate,AB 72,AB 08,AB 29,,4,3,,"AB 29, AB 59, AB 66",
consonant-candidate,AB 72,AB 47,AB 29,,4,2,,"AB 29, AB 59",
consonant-candidate,AB 61,AB 50,AB 29,,4,1,,AB 29,
consonant-candidate,AB 61,AB 36,AB 29,,4,2,,"AB 29, AB 87",
consonant-candidate,AB 61,AB 71,AB 29,,4,1,,AB 29,
consonant-candidate,AB 61,AB 08,AB 29,,4,1,,AB 29,
consonant-candidate,AB 61,AB 47,AB 29,,4,1,,AB 29,
consonant-candidate,AB 61,AB 56,AB 29,,4,1,,AB 29,
consonant-candidate,AB 01,AB 71,AB 29,,4,3,,"AB 26, AB 29, AB 66",
consonant-candidate,AB 75,AB 50,AB 29,,4,1,,AB 29,
consonant-candidate,AB 75,AB 71,AB 29,,4,2,,"AB 26, AB 29",
consonant-candidate,AB 75,AB 08,AB 29,,4,2,,"AB 26, AB 29",
consonant-candidate,AB 75,AB 47,AB 29,,4,2,,"AB 26, AB 29",
consonant-candidate,AB 71,AB 47,AB 29,,4,2,,"AB 26, AB 29",
consonant-candidate,AB 23,AB 17,AB 22f,,4,1,,AB 22f,
consonant-candidate,AB 73,AB 62,AB 44,,4,3,,"AB 30, AB 44, AB 66",
consonant-candidate,AB 73,AB 57,AB 44,,4,3,,"AB 44, AB 66, AB 75",
consonant-candidate,AB 73,AB 52,AB 44,,4,2,,"AB 44, AB 66",
consonant-candidate,AB 57,AB 64,AB 44,,4,1,,AB 44,
consonant-candidate,AB 26,AB 53,AB 59,,4,1,,AB 59,
consonant-candidate,AB 26,AB 72,AB 59,,4,2,,"AB 59, AB 66",
consonant-candidate,AB 26,AB 77,AB 59,,4,3,,"AB 30, AB 59, AB 66",
consonant-candidate,AB 26,AB 58,AB 59,,4,1,,AB 59,
consonant-candidate,AB 10,AB 47,AB 59,,4,2,,"AB 32, AB 59",
consonant-candidate,AB 10,AB 53,AB 59,,4,1,,AB 59,
consonant-candidate,AB 10,AB 44,AB 59,,4,1,,AB 59,
consonant-candidate,AB 10,AB 30,AB 59,,4,1,,AB 59,
consonant-candidate,AB 47,AB 53,AB 59,,4,1,,AB 59,
consonant-candidate,AB 47,AB 58,AB 59,,4,1,,AB 59,
consonant-candidate,AB 36,AB 53,AB 59,,4,1,,AB 59,
consonant-candidate,AB 59,AB 53,AB 59,,4,1,,AB 59,
consonant-candidate,AB 01,AB 53,AB 59,,4,1,,AB 59,
consonant-candidate,AB 45,AB 53,AB 59,,4,1,,AB 59,
consonant-candidate,AB 49,AB 53,AB 59,,4,1,,AB 59,
consonant-candidate,AB 53,AB 72,AB 59,,4,1,,AB 59,
consonant-candidate,AB 53,AB 44,AB 59,,4,1,,AB 59,
consonant-candidate,AB 53,AB 34,AB 59,,4,1,,AB 59,
consonant-candidate,AB 53,AB 30,AB 59,,4,1,,AB 59,
consonant-candidate,AB 53,AB 04,AB 59,,4,1,,AB 59,
consonant-candidate,AB 53,AB 77,AB 59,,4,1,,AB 59,
consonant-candidate,AB 53,AB 58,AB 59,,4,1,,AB 59,
consonant-candidate,AB 72,AB 34,AB 59,,4,1,,AB 59,
consonant-candidate,AB 72,AB 30,AB 59,,4,1,,AB 59,
consonant-candidate,AB 44,AB 34,AB 59,,4,2,,"AB 30, AB 59",
consonant-candidate,AB 44,AB 77,AB 59,,4,4,,"AB 30, AB 59, AB 66, AB 73",
consonant-candidate,AB 44,AB 58,AB 59,,4,1,,AB 59,
consonant-candidate,AB 34,AB 30,AB 59,,4,2,,"AB 30, AB 59",
consonant-candidate,AB 34,AB 58,AB 59,,4,1,,AB 59,
consonant-candidate,AB 30,AB 77,AB 59,,4,3,,"AB 30, AB 59, AB 77",
consonant-candidate,AB 30,AB 58,AB 59,,4,1,,AB 59,
consonant-candidate,AB 35,AB 88,AB 26,,4,1,,AB 26,
consonant-candidate,AB 35,AB 14,AB 26,,4,1,,AB 26,
consonant-candidate,AB 35,AB 75,AB 26,,4,1,,AB 26,
consonant-candidate,AB 88,AB 30,AB 26,,4,1,,AB 26,
consonant-candidate,AB 88,AB 09,AB 26,,4,1,,AB 26,
consonant-candidate,AB 46,AB 44,AB 30,,4,1,,AB 30,
consonant-candidate,AB 46,AB 55,AB 30,,4,1,,AB 30,
consonant-candidate,AB 46,AB 34,AB 30,,4,1,,AB 30,
consonant-candidate,AB 73,AB 35,AB 30,,4,1,,AB 30,
consonant-candidate,AB 73,AB 55,AB 30,,4,2,,"AB 30, AB 73",
consonant-candidate,AB 73,AB 34,AB 30,,4,1,,AB 30,
consonant-candidate,AB 44,AB 55,AB 30,,4,2,,"AB 30, AB 73",
consonant-candidate,AB 35,AB 55,AB 30,,4,1,,AB 30,
consonant-candidate,AB 55,AB 34,AB 30,,4,1,,AB 30,
consonant-candidate,AB 85,AB 44,AB 85,,4,2,,"AB 46, AB 85",
consonant-candidate,AB 43,AB 77,AB 77,,4,1,,AB 77,
consonant-candidate,AB 43,AB 87,AB 77,,4,1,,AB 77,
consonant-candidate,AB 43,AB 02,AB 77,,4,1,,AB 77,
consonant-candidate,AB 45,AB 98,AB 66,,4,1,,AB 66,
consonant-candidate,AB 45,AB 89,AB 66,,4,1,,AB 66,
consonant-candidate,AB 45,AB 40,AB 66,,4,1,,AB 66,
consonant-candidate,AB 71,AB 98,AB 66,,4,1,,AB 66,
consonant-candidate,AB 71,AB 89,AB 66,,4,1,,AB 66,
consonant-candidate,AB 71,AB 40,AB 66,,4,1,,AB 66,
consonant-candidate,AB 71,AB 77,AB 66,,4,1,,AB 66,
consonant-candidate,AB 73,AB 98,AB 66,,4,1,,AB 66,
consonant-candidate,AB 73,AB 89,AB 66,,4,1,,AB 66,
consonant-candidate,AB 73,AB 65,AB 66,,4,1,,AB 66,
consonant-candidate,AB 73,AB 05,AB 66,,4,1,,AB 66,
consonant-candidate,AB 73,AB 40,AB 66,,4,1,,AB 66,
consonant-candidate,AB 98,AB 72,AB 66,,4,1,,AB 66,
consonant-candidate,AB 98,AB 89,AB 66,,4,1,,AB 66,
consonant-candidate,AB 98,AB 09,AB 66,,4,1,,AB 66,
consonant-candidate,AB 98,AB 65,AB 66,,4,1,,AB 66,
consonant-candidate,AB 98,AB 44,AB 66,,4,1,,AB 66,
consonant-candidate,AB 98,AB 05,AB 66,,4,1,,AB 66,
consonant-candidate,AB 98,AB 40,AB 66,,4,1,,AB 66,
consonant-candidate,AB 98,AB 29,AB 66,,4,1,,AB 66,
consonant-candidate,AB 98,AB 77,AB 66,,4,1,,AB 66,
consonant-candidate,AB 72,AB 89,AB 66,,4,1,,AB 66,
consonant-candidate,AB 72,AB 65,AB 66,,4,1,,AB 66,
consonant-candidate,AB 72,AB 05,AB 66,,4,1,,AB 66,
consonant-candidate,AB 72,AB 40,AB 66,,4,1,,AB 66,
consonant-candidate,AB 89,AB 05,AB 66,,4,1,,AB 66,
consonant-candidate,AB 89,AB 40,AB 66,,4,1,,AB 66,
consonant-candidate,AB 89,AB 77,AB 66,,4,1,,AB 66,
consonant-candidate,AB 65,AB 40,AB 66,,4,1,,AB 66,
consonant-candidate,AB 44,AB 05,AB 66,,4,1,,AB 66,
consonant-candidate,AB 44,AB 40,AB 66,,4,1,,AB 66,
consonant-candidate,AB 05,AB 40,AB 66,,4,1,,AB 66,
consonant-candidate,AB 05,AB 77,AB 66,,4,1,,AB 66,
consonant-candidate,AB 40,AB 29,AB 66,,4,1,,AB 66,
consonant-candidate,AB 40,AB 77,AB 66,,4,1,,AB 66,
consonant-candidate,AB 64,AB 09,AB 46,,4,1,,AB 46,
consonant-candidate,AB 26,AB 11,AB 05,,4,1,,AB 05,
consonant-candidate,AB 11,AB 01,AB 05,,4,1,,AB 05,
vowel-candidate,AB 43,AB 57,,AB 63,4,,1,,AB 63
vowel-candidate,AB 43,AB 56,,AB 63,4,,3,,"AB 02, AB 50, AB 63"
vowel-candidate,AB 43,AB 62,,AB 63,4,,2,,"AB 50, AB 63"
vowel-candidate,AB 43,AB 38,,AB 63,4,,1,,AB 63
vowel-candidate,AB 43,AB 49,,AB 63,4,,2,,"AB 30, AB 63"
vowel-candidate,AB 57,AB 56,,AB 63,4,,9,,"AB 04, AB 06, AB 08, AB 24, AB 36"
vowel-candidate,AB 57,AB 62,,AB 63,4,,6,,"AB 06, AB 08, AB 36, AB 45, AB 52"
vowel-candidate,AB 57,AB 38,,AB 63,4,,3,,"AB 45, AB 56, AB 63"
vowel-candidate,AB 57,AB 49,,AB 63,4,,10,,"AB 04, AB 06, AB 08, AB 24, AB 36"
vowel-candidate,AB 56,AB 62,,AB 63,4,,16,,"AB 01, AB 06, AB 07, AB 08, AB 23"
vowel-candidate,AB 56,AB 38,,AB 63,4,,5,,"AB 07, AB 10, AB 26, AB 56, AB 63"
vowel-candidate,AB 56,AB 49,,AB 63,4,,17,,"AB 04, AB 06, AB 07, AB 08, AB 23"
vowel-candidate,AB 62,AB 38,,AB 63,4,,5,,"AB 07, AB 26, AB 45, AB 51, AB 63"
vowel-candidate,AB 62,AB 49,,AB 63,4,,14,,"AB 06, AB 07, AB 08, AB 23, AB 26"
vowel-candidate,AB 38,AB 49,,AB 63,4,,7,,"AB 03, AB 07, AB 26, AB 45, AB 51"
vowel-candidate,AB 56,AB 63,,AB 10,4,,5,,"AB 01, AB 06, AB 10, AB 23, AB 52"
vowel-candidate,AB 56,AB 08,,AB 10,4,,15,,"AB 01, AB 02, AB 04, AB 06, AB 10"
vowel-candidate,AB 56,AB 59,,AB 10,4,,15,,"AB 01, AB 04, AB 06, AB 08, AB 10"
vowel-candidate,AB 56,AB 07,,AB 10,4,,15,,"AB 04, AB 07, AB 08, AB 10, AB 23"
vowel-candidate,AB 63,AB 08,,AB 10,4,,5,,"AB 01, AB 06, AB 09, AB 10, AB 52"
vowel-candidate,AB 63,AB 59,,AB 10,4,,3,,"AB 01, AB 06, AB 10"
vowel-candidate,AB 63,AB 07,,AB 10,4,,3,,"AB 10, AB 23, AB 52"
vowel-candidate,AB 08,AB 59,,AB 10,4,,15,,"AB 01, AB 04, AB 06, AB 10, AB 22f"
vowel-candidate,AB 08,AB 07,,AB 10,4,,12,,"AB 03, AB 04, AB 10, AB 24, AB 32"
vowel-candidate,AB 59,AB 07,,AB 10,4,,8,,"AB 04, AB 08, AB 10, AB 24, AB 26"
vowel-candidate,AB 65,AB 96,,AB 56,4,,1,,AB 56
vowel-candidate,AB 65,AB 38,,AB 56,4,,4,,"AB 03, AB 07, AB 51, AB 56"
vowel-candidate,AB 65,AB 57,,AB 56,4,,7,,"AB 04, AB 06, AB 08, AB 47, AB 52"
vowel-candidate,AB 65,AB 06,,AB 56,4,,10,,"AB 01, AB 06, AB 07, AB 08, AB 29"
vowel-candidate,AB 65,AB 07,,AB 56,4,,11,,"AB 03, AB 04, AB 07, AB 08, AB 23"
vowel-candidate,AB 65,AB 13,,AB 56,4,,5,,"AB 03, AB 04, AB 49, AB 51, AB 56"
vowel-candidate,AB 65,AB 36,,AB 56,4,,11,,"AB 01, AB 02, AB 04, AB 06, AB 07"
vowel-candidate,AB 65,AB 34,,AB 56,4,,6,,"AB 04, AB 29, AB 49, AB 51, AB 56"
vowel-candidate,AB 65,AB 49,,AB 56,4,,14,,"AB 03, AB 04, AB 06, AB 07, AB 08"
vowel-candidate,AB 65,AB 29,,AB 56,4,,14,,"AB 01, AB 02, AB 04, AB 06, AB 07"
vowel-candidate,AB 96,AB 38,,AB 56,4,,1,,AB 56
vowel-candidate,AB 96,AB 57,,AB 56,4,,1,,AB 56
vowel-candidate,AB 96,AB 06,,AB 56,4,,1,,AB 56
vowel-candidate,AB 96,AB 07,,AB 56,4,,1,,AB 56
vowel-candidate,AB 96,AB 13,,AB 56,4,,2,,"AB 13, AB 56"
vowel-candidate,AB 96,AB 36,,AB 56,4,,1,,AB 56
vowel-candidate,AB 96,AB 34,,AB 56,4,,1,,AB 56
vowel-candidate,AB 96,AB 49,,AB 56,4,,1,,AB 56
vowel-candidate,AB 96,AB 29,,AB 56,4,,1,,AB 56
vowel-candidate,AB 38,AB 13,,AB 56,4,,4,,"AB 03, AB 26, AB 51, AB 56"
vowel-candidate,AB 38,AB 34,,AB 56,4,,3,,"AB 26, AB 51, AB 56"
vowel-candidate,AB 38,AB 29,,AB 56,4,,4,,"AB 07, AB 45, AB 51, AB 56"
vowel-candidate,AB 57,AB 06,,AB 56,4,,9,,"AB 06, AB 08, AB 24, AB 36, AB 45"
vowel-candidate,AB 57,AB 07,,AB 56,4,,6,,"AB 04, AB 08, AB 24, AB 36, AB 52"
vowel-candidate,AB 57,AB 13,,AB 56,4,,2,,"AB 04, AB 56"
vowel-candidate,AB 57,AB 34,,AB 56,4,,5,,"AB 04, AB 24, AB 36, AB 56, AB 66"
vowel-candidate,AB 57,AB 29,,AB 56,4,,8,,"AB 04, AB 06, AB 08, AB 36, AB 45"
vowel-candidate,AB 06,AB 13,,AB 56,4,,4,,"AB 26, AB 51, AB 56, AB 62"
vowel-candidate,AB 06,AB 36,,AB 56,4,,13,,"AB 01, AB 06, AB 07, AB 08, AB 24"
vowel-candidate,AB 06,AB 34,,AB 56,4,,7,,"AB 24, AB 26, AB 29, AB 36, AB 51"
vowel-candidate,AB 06,AB 49,,AB 56,4,,14,,"AB 06, AB 07, AB 08, AB 24, AB 26"
vowel-candidate,AB 06,AB 29,,AB 56,4,,13,,"AB 01, AB 06, AB 07, AB 08, AB 29"
vowel-candidate,AB 07,AB 13,,AB 56,4,,7,,"AB 03, AB 04, AB 26, AB 49, AB 51"
vowel-candidate,AB 07,AB 36,,AB 56,4,,11,,"AB 04, AB 07, AB 08, AB 24, AB 26"
vowel-candidate,AB 07,AB 34,,AB 56,4,,8,,"AB 04, AB 24, AB 26, AB 36, AB 46"
vowel-candidate,AB 07,AB 49,,AB 56,4,,16,,"AB 03, AB 04, AB 07, AB 08, AB 23"
vowel-candidate,AB 07,AB 29,,AB 56,4,,11,,"AB 04, AB 07, AB 08, AB 32, AB 36"
vowel-candidate,AB 13,AB 36,,AB 56,4,,6,,"AB 04, AB 22f, AB 26, AB 49, AB 56"
vowel-candidate,AB 13,AB 34,,AB 56,4,,5,,"AB 04, AB 26, AB 49, AB 51, AB 56"
vowel-candidate,AB 13,AB 49,,AB 56,4,,7,,"AB 03, AB 04, AB 26, AB 49, AB 51"
vowel-candidate,AB 13,AB 29,,AB 56,4,,3,,"AB 04, AB 51, AB 56"
vowel-candidate,AB 36,AB 34,,AB 56,4,,7,,"AB 04, AB 24, AB 26, AB 29, AB 36"
vowel-candidate,AB 36,AB 29,,AB 56,4,,12,,"AB 01, AB 02, AB 04, AB 06, AB 07"
vowel-candidate,AB 34,AB 49,,AB 56,4,,9,,"AB 04, AB 24, AB 26, AB 29, AB 36"
vowel-candidate,AB 34,AB 29,,AB 56,4,,6,,"AB 04, AB 29, AB 36, AB 51, AB 56"
vowel-candidate,AB 49,AB 29,,AB 56,4,,10,,"AB 04, AB 06, AB 07, AB 08, AB 29"
vowel-candidate,AB 24,AB 62,,AB 50,4,,11,,"AB 01, AB 06, AB 07, AB 08, AB 36"
vowel-candidate,AB 29,AB 62,,AB 50,4,,11,,"AB 01, AB 06, AB 07, AB 08, AB 29"
vowel-candidate,AB 22f,AB 48,,AB 07,4,,2,,"AB 07, AB 08"
vowel-candidate,AB 22f,AB 18,,AB 07,4,,1,,AB 07
vowel-candidate,AB 22f,AB 65,,AB 07,4,,8,,"AB 07, AB 08, AB 23, AB 30, AB 44"
vowel-candidate,AB 22f,AB 04,,AB 07,4,,7,,"AB 07, AB 09, AB 23, AB 51, AB 52"
vowel-candidate,AB 22f,AB 36,,AB 07,4,,6,,"AB 07, AB 08, AB 09, AB 57, AB 59"
vowel-candidate,AB 48,AB 18,,AB 07,4,,1,,AB 07
vowel-candidate,AB 48,AB 65,,AB 07,4,,4,,"AB 01, AB 07, AB 08, AB 66"
vowel-candidate,AB 48,AB 04,,AB 07,4,,2,,"AB 01, AB 07"
vowel-candidate,AB 48,AB 36,,AB 07,4,,3,,"AB 01, AB 07, AB 08"
vowel-candidate,AB 18,AB 65,,AB 07,4,,1,,AB 07
vowel-candidate,AB 18,AB 04,,AB 07,4,,1,,AB 07
vowel-candidate,AB 18,AB 36,,AB 07,4,,1,,AB 07
vowel-candidate,AB 65,AB 26,,AB 66,4,,13,,"AB 01, AB 03, AB 04, AB 06, AB 08"
vowel-candidate,AB 65,AB 54,,AB 66,4,,5,,"AB 01, AB 08, AB 32, AB 52, AB 66"
vowel-candidate,AB 26,AB 01,,AB 66,4,,16,,"AB 01, AB 03, AB 06, AB 08, AB 12"
vowel-candidate,AB 26,AB 34,,AB 66,4,,7,,"AB 04, AB 24, AB 29, AB 36, AB 49"
vowel-candidate,AB 26,AB 54,,AB 66,4,,7,,"AB 01, AB 08, AB 24, AB 32, AB 45"
vowel-candidate,AB 01,AB 54,,AB 66,4,,5,,"AB 01, AB 08, AB 32, AB 45, AB 66"
vowel-candidate,AB 34,AB 54,,AB 66,4,,2,,"AB 24, AB 66"
vowel-candidate,AB 57,AB 39,,AB 08,4,,1,,AB 08
vowel-candidate,AB 57,AB 85,,AB 08,4,,2,,"AB 04, AB 08"
vowel-candidate,AB 26,AB 39,,AB 08,4,,2,,"AB 08, AB 51"
vowel-candidate,AB 26,AB 56,,AB 08,4,,13,,"AB 01, AB 04, AB 06, AB 08, AB 23"
vowel-candidate,AB 26,AB 85,,AB 08,4,,2,,"AB 04, AB 08"
vowel-candidate,AB 54,AB 39,,AB 08,4,,1,,AB 08
vowel-candidate,AB 54,AB 56,,AB 08,4,,6,,"AB 01, AB 08, AB 24, AB 32, AB 52"
vowel-candidate,AB 54,AB 85,,AB 08,4,,1,,AB 08
vowel-candidate,AB 39,AB 29,,AB 08,4,,2,,"AB 08, AB 51"
vowel-candidate,AB 39,AB 56,,AB 08,4,,1,,AB 08
vowel-candidate,AB 39,AB 85,,AB 08,4,,1,,AB 08
vowel-candidate,AB 29,AB 85,,AB 08,4,,3,,"AB 04, AB 08, AB 44"
vowel-candidate,AB 56,AB 85,,AB 08,4,,3,,"AB 04, AB 08, AB 26"
vowel-candidate,AB 62,AB 58,,AB 52,4,,1,,AB 52
vowel-candidate,AB 62,AB 79,,AB 52,4,,2,,"AB 36, AB 52"
vowel-candidate,AB 07,AB 58,,AB 52,4,,1,,AB 52
vowel-candidate,AB 07,AB 79,,AB 52,4,,2,,"AB 36, AB 52"
vowel-candidate,AB 44,AB 58,,AB 52,4,,1,,AB 52
vowel-candidate,AB 44,AB 79,,AB 52,4,,2,,"AB 36, AB 52"
vowel-candidate,AB 54,AB 58,,AB 52,4,,1,,AB 52
vowel-candidate,AB 54,AB 79,,AB 52,4,,1,,AB 52
vowel-candidate,AB 45,AB 58,,AB 52,4,,2,,"AB 44, AB 52"
vowel-candidate,AB 45,AB 79,,AB 52,4,,1,,AB 52
vowel-candidate,AB 58,AB 79,,AB 52,4,,1,,AB 52
vowel-candidate,AB 58,AB 65,,AB 52,4,,2,,"AB 44, AB 52"
vowel-candidate,AB 79,AB 65,,AB 52,4,,1,,AB 52
vowel-candidate,AB 24,AB 17,,AB 06,4,,2,,"AB 06, AB 49"
vowel-candidate,AB 24,AB 53,,AB 06,4,,1,,AB 06
vowel-candidate,AB 44,AB 17,,AB 06,4,,3,,"AB 06, AB 49, AB 57"
vowel-candidate,AB 44,AB 53,,AB 06,4,,1,,AB 06
vowel-candidate,AB 06,AB 17,,AB 06,4,,1,,AB 06
vowel-candidate,AB 06,AB 53,,AB 06,4,,1,,AB 06
vowel-candidate,AB 30,AB 17,,AB 06,4,,2,,"AB 06, AB 49"
vowel-candidate,AB 30,AB 53,,AB 06,4,,1,,AB 06
vowel-candidate,AB 17,AB 52,,AB 06,4,,2,,"AB 06, AB 49"
vowel-candidate,AB 17,AB 53,,AB 06,4,,1,,AB 06
vowel-candidate,AB 52,AB 53,,AB 06,4,,1,,AB 06
vowel-candidate,AB 52,AB 71,,AB 62,4,,4,,"AB 03, AB 44, AB 49, AB 62"
vowel-candidate,AB 02,AB 44,,AB 62,4,,2,,"AB 01, AB 62"
vowel-candidate,AB 02,AB 71,,AB 62,4,,1,,AB 62
vowel-candidate,AB 44,AB 71,,AB 62,4,,3,,"AB 32, AB 49, AB 62"
vowel-candidate,AB 44,AB 47,,AB 62,4,,4,,"AB 32, AB 49, AB 51, AB 62"
vowel-candidate,AB 71,AB 47,,AB 62,4,,3,,"AB 32, AB 49, AB 62"
vowel-candidate,AB 71,AB 24,,AB 62,4,,4,,"AB 03, AB 44, AB 49, AB 62"
vowel-candidate,AB 56,AB 35,,AB 23,4,,2,,"AB 22f, AB 23"
vowel-candidate,AB 51,AB 35,,AB 23,4,,1,,AB 23
vowel-candidate,AB 35,AB 22f,,AB 23,4,,1,,AB 23
vowel-candidate,AB 10,AB 77,,AB 24,4,,3,,"AB 24, AB 29, AB 30"
vowel-candidate,AB 10,AB 34,,AB 24,4,,3,,"AB 24, AB 29, AB 49"
vowel-candidate,AB 77,AB 56,,AB 24,4,,4,,"AB 02, AB 04, AB 24, AB 29"
vowel-candidate,AB 77,AB 73,,AB 24,4,,4,,"AB 02, AB 04, AB 24, AB 77"
vowel-candidate,AB 77,AB 06,,AB 24,4,,2,,"AB 24, AB 29"
vowel-candidate,AB 77,AB 02,,AB 24,4,,2,,"AB 24, AB 30"
vowel-candidate,AB 77,AB 03,,AB 24,4,,3,,"AB 04, AB 24, AB 43"
vowel-candidate,AB 77,AB 34,,AB 24,4,,3,,"AB 04, AB 24, AB 29"
vowel-candidate,AB 73,AB 02,,AB 24,4,,1,,AB 24
vowel-candidate,AB 73,AB 34,,AB 24,4,,3,,"AB 04, AB 24, AB 51"
vowel-candidate,AB 04,AB 37,,AB 51,4,,2,,"AB 04, AB 51"
vowel-candidate,AB 37,AB 07,,AB 51,4,,3,,"AB 04, AB 26, AB 51"
vowel-candidate,AB 37,AB 13,,AB 51,4,,3,,"AB 04, AB 26, AB 51"
vowel-candidate,AB 37,AB 47,,AB 51,4,,1,,AB 51
vowel-candidate,AB 37,AB 38,,AB 51,4,,2,,"AB 26, AB 51"
vowel-candidate,AB 37,AB 44,,AB 51,4,,2,,"AB 26, AB 51"
vowel-candidate,AB 38,AB 44,,AB 51,4,,2,,"AB 26, AB 51"
vowel-candidate,AB 22f,AB 10,,AB 65,4,,2,,"AB 30, AB 65"
vowel-candidate,AB 34,AB 71,,AB 49,4,,1,,AB 49
vowel-candidate,AB 34,AB 17,,AB 49,4,,1,,AB 49
vowel-candidate,AB 71,AB 17,,AB 49,4,,1,,AB 49
vowel-candidate,AB 71,AB 04,,AB 49,4,,3,,"AB 03, AB 32, AB 49"
vowel-candidate,AB 71,AB 59,,AB 49,4,,2,,"AB 44, AB 49"
vowel-candidate,AB 71,AB 01,,AB 49,4,,4,,"AB 03, AB 32, AB 44, AB 49"
vowel-candidate,AB 17,AB 47,,AB 49,4,,1,,AB 49
vowel-candidate,AB 17,AB 13,,AB 49,4,,1,,AB 49
vowel-candidate,AB 47,AB 59,,AB 49,4,,2,,"AB 49, AB 59"
vowel-candidate,AB 59,AB 13,,AB 49,4,,4,,"AB 04, AB 22f, AB 26, AB 49"
vowel-candidate,AB 03,AB 69,,AB 36,4,,1,,AB 36
vowel-candidate,AB 59,AB 69,,AB 36,4,,1,,AB 36
vowel-candidate,AB 59,AB 79,,AB 36,4,,1,,AB 36
vowel-candidate,AB 69,AB 29,,AB 36,4,,2,,"AB 36, AB 71"
vowel-candidate,AB 69,AB 51,,AB 36,4,,1,,AB 36
vowel-candidate,AB 69,AB 79,,AB 36,4,,1,,AB 36
vowel-candidate,AB 69,AB 06,,AB 36,4,,1,,AB 36
vowel-candidate,AB 69,AB 08,,AB 36,4,,1,,AB 36
vowel-candidate,AB 69,AB 24,,AB 36,4,,1,,AB 36
vowel-candidate,AB 29,AB 79,,AB 36,4,,1,,AB 36
vowel-candidate,AB 51,AB 79,,AB 36,4,,1,,AB 36
vowel-candidate,AB 59,AB 35,,AB 47,4,,2,,"AB 22f, AB 47"
vowel-candidate,AB 57,AB 35,,AB 47,4,,1,,AB 47
vowel-candidate,AB 03,AB 35,,AB 47,4,,1,,AB 47
vowel-candidate,AB 35,AB 09,,AB 47,4,,1,,AB 47
vowel-candidate,AB 35,AB 02,,AB 47,4,,1,,AB 47
vowel-candidate,AB 35,AB 29,,AB 47,4,,1,,AB 47
vowel-candidate,AB 45,AB 107,,AB 32,4,,1,,AB 32
vowel-candidate,AB 54,AB 107,,AB 32,4,,1,,AB 32
vowel-candidate,AB 54,AB 61,,AB 32,4,,1,,AB 32
vowel-candidate,AB 107,AB 06,,AB 32,4,,1,,AB 32
vowel-candidate,AB 107,AB 08,,AB 32,4,,1,,AB 32
vowel-candidate,AB 107,AB 61,,AB 32,4,,1,,AB 32
vowel-candidate,AB 06,AB 61,,AB 32,4,,2,,"AB 26, AB 32"
vowel-candidate,AB 08,AB 61,,AB 32,4,,1,,AB 32
vowel-candidate,AB 45,AB 28,,AB 44,4,,1,,AB 44
vowel-candidate,AB 45,AB 46,,AB 44,4,,2,,"AB 44, AB 64"
vowel-candidate,AB 01,AB 28,,AB 44,4,,1,,AB 44
vowel-candidate,AB 01,AB 58,,AB 44,4,,1,,AB 44
vowel-candidate,AB 22f,AB 71,,AB 44,4,,1,,AB 44
vowel-candidate,AB 22f,AB 28,,AB 44,4,,1,,AB 44
vowel-candidate,AB 22f,AB 14,,AB 44,4,,2,,"AB 44, AB 59"
vowel-candidate,AB 22f,AB 46,,AB 44,4,,2,,"AB 09, AB 44"
vowel-candidate,AB 23,AB 28,,AB 44,4,,1,,AB 44
vowel-candidate,AB 23,AB 58,,AB 44,4,,1,,AB 44
vowel-candidate,AB 03,AB 28,,AB 44,4,,1,,AB 44
vowel-candidate,AB 71,AB 28,,AB 44,4,,1,,AB 44
vowel-candidate,AB 71,AB 85,,AB 44,4,,1,,AB 44
vowel-candidate,AB 71,AB 58,,AB 44,4,,1,,AB 44
vowel-candidate,AB 30,AB 58,,AB 44,4,,1,,AB 44
vowel-candidate,AB 66,AB 28,,AB 44,4,,1,,AB 44
vowel-candidate,AB 28,AB 85,,AB 44,4,,1,,AB 44
vowel-candidate,AB 28,AB 14,,AB 44,4,,1,,AB 44
vowel-candidate,AB 28,AB 46,,AB 44,4,,1,,AB 44
vowel-candidate,AB 28,AB 58,,AB 44,4,,1,,AB 44
vowel-candidate,AB 85,AB 14,,AB 44,4,,1,,AB 44
vowel-candidate,AB 85,AB 46,,AB 44,4,,2,,"AB 44, AB 85"
vowel-candidate,AB 85,AB 58,,AB 44,4,,1,,AB 44
vowel-candidate,AB 14,AB 46,,AB 44,4,,1,,AB 44
vowel-candidate,AB 14,AB 58,,AB 44,4,,1,,AB 44
vowel-candidate,AB 46,AB 58,,AB 44,4,,1,,AB 44
vowel-candidate,AB 59,AB 58,,AB 44,4,,1,,AB 44
vowel-candidate,AB 38,AB 54,,AB 45,4,,1,,AB 45
vowel-candidate,AB 85,AB 13,,AB 04,4,,2,,"AB 04, AB 26"
vowel-candidate,AB 85,AB 37,,AB 04,4,,2,,"AB 04, AB 26"
vowel-candidate,AB 37,AB 59,,AB 04,4,,2,,"AB 04, AB 26"
vowel-candidate,AB 71,AB 87,,AB 03,4,,1,,AB 03
vowel-candidate,AB 87,AB 65,,AB 03,4,,3,,"AB 02, AB 03, AB 29"
vowel-candidate,AB 87,AB 32,,AB 03,4,,1,,AB 03
vowel-candidate,AB 04,AB 05,,AB 01,4,,1,,AB 01
vowel-candidate,AB 54,AB 05,,AB 01,4,,1,,AB 01
vowel-candidate,AB 29,AB 05,,AB 01,4,,1,,AB 01
vowel-candidate,AB 50,AB 05,,AB 01,4,,1,,AB 01
vowel-candidate,AB 50,AB 33,,AB 01,4,,1,,AB 01
vowel-candidate,AB 59,AB 05,,AB 01,4,,2,,"AB 01, AB 26"
vowel-candidate,AB 59,AB 33,,AB 01,4,,2,,"AB 01, AB 77"
vowel-candidate,AB 06,AB 05,,AB 01,4,,2,,"AB 01, AB 26"
vowel-candidate,AB 01,AB 05,,AB 01,4,,2,,"AB 01, AB 26"
vowel-candidate,AB 08,AB 05,,AB 01,4,,1,,AB 01
vowel-candidate,AB 05,AB 33,,AB 01,4,,1,,AB 01
vowel-candidate,AB 32,AB 72,,AB 59,4,,2,,"AB 13, AB 59"
vowel-candidate,AB 72,AB 22f,,AB 59,4,,2,,"AB 17, AB 59"
vowel-candidate,AB 72,AB 14,,AB 59,4,,1,,AB 59
vowel-candidate,AB 59,AB 75,,AB 26,4,,2,,"AB 26, AB 57"
vowel-candidate,AB 13,AB 05,,AB 26,4,,1,,AB 26
vowel-candidate,AB 13,AB 75,,AB 26,4,,1,,AB 26
vowel-candidate,AB 38,AB 05,,AB 26,4,,1,,AB 26
vowel-candidate,AB 38,AB 75,,AB 26,4,,1,,AB 26
vowel-candidate,AB 05,AB 75,,AB 26,4,,1,,AB 26
vowel-candidate,AB 05,AB 07,,AB 26,4,,1,,AB 26
vowel-candidate,AB 05,AB 37,,AB 26,4,,1,,AB 26
vowel-candidate,AB 75,AB 07,,AB 26,4,,1,,AB 26
vowel-candidate,AB 75,AB 37,,AB 26,4,,1,,AB 26
vowel-candidate,AB 111,AB 43,,AB 30,4,,1,,AB 30
vowel-candidate,AB 111,AB 10,,AB 30,4,,1,,AB 30
vowel-candidate,AB 111,AB 26,,AB 30,4,,1,,AB 30
vowel-candidate,AB 111,AB 59,,AB 30,4,,1,,AB 30
vowel-candidate,AB 43,AB 10,,AB 30,4,,1,,AB 30
vowel-candidate,AB 43,AB 26,,AB 30,4,,1,,AB 30
vowel-candidate,AB 71,AB 69,,AB 71,4,,1,,AB 71
vowel-candidate,AB 66,AB 69,,AB 71,4,,1,,AB 71
vowel-candidate,AB 04,AB 75,,AB 57,4,,1,,AB 57
vowel-candidate,AB 65,AB 75,,AB 57,4,,1,,AB 57
vowel-candidate,AB 75,AB 23,,AB 57,4,,1,,AB 57
vowel-candidate,AB 75,AB 17,,AB 57,4,,1,,AB 57
vowel-candidate,AB 08,AB 43,,AB 02,4,,1,,AB 02
vowel-candidate,AB 44,AB 43,,AB 02,4,,1,,AB 02
vowel-candidate,AB 44,AB 77,,AB 02,4,,1,,AB 02
vowel-candidate,AB 43,AB 01,,AB 02,4,,1,,AB 02
vowel-candidate,AB 36,AB 90,,AB 85,4,,1,,AB 85
vowel-candidate,AB 85,AB 90,,AB 85,4,,1,,AB 85
vowel-candidate,AB 06,AB 46,,AB 64,4,,1,,AB 64
vowel-candidate,AB 46,AB 33,,AB 64,4,,1,,AB 64
vowel-candidate,AB 72,AB 73,,AB 72,4,,1,,AB 72
vowel-candidate,AB 72,AB 66,,AB 72,4,,1,,AB 72
vowel-candidate,AB 46,AB 63,,AB 09,4,,1,,AB 09
vowel-candidate,AB 04,AB 94,,AB 54,4,,1,,AB 54
vowel-candidate,AB 04,AB 20,,AB 54,4,,1,,AB 54
vowel-candidate,AB 56,AB 94,,AB 54,4,,1,,AB 54
vowel-candidate,AB 56,AB 20,,AB 54,4,,1,,AB 54
vowel-candidate,AB 94,AB 20,,AB 54,4,,1,,AB 54
vowel-candidate,AB 91,AB 08,,AB 86,4,,1,,AB 86
vowel-candidate,AB 91,AB 86,,AB 86,4,,1,,AB 86
vowel-candidate,AB 08,AB 86,,AB 86,4,,1,,AB 86
